{"type":"Topology","objects":{"map":{"type":"GeometryCollection","geometries":[{"type":"MultiPolygon","arcs":[[[0]],[[1]],[[2]],[[3]],[[4]],[[5]],[[6]],[[7]],[[8]],[[9]],[[10]],[[11]],[[12]],[[13]],[[14]],[[15]],[[16]],[[17]],[[18]],[[19]],[[20]],[[21]],[[22]],[[23]],[[24]],[[25]],[[26]],[[27]],[[28]],[[29]],[[30]],[[31]],[[32]],[[33]],[[34]],[[35]],[[36]],[[37]],[[38]],[[39]],[[40]],[[41]],[[42]],[[43]],[[44]],[[45]],[[46]],[[47]],[[48]],[[49]],[[50]],[[51]],[[52]],[[53]],[[54]],[[55]],[[56]],[[57]],[[58]],[[59]],[[60]],[[61]],[[62]],[[63]],[[64]],[[65]],[[66]],[[67]],[[68]],[[69]],[[70]],[[71]],[[72]],[[73]],[[74]],[[75]],[[76]],[[77]],[[78]],[[79]],[[80]],[[81]],[[82]],[[83,84,85,86,87,88,89,90,91,92,93,94,95,96,97,98,99,100,101,102,103,104,105,106,107,108]],[[109]],[[110]],[[111]],[[112]],[[113]],[[114]],[[115]],[[116]],[[117]],[[118]],[[119]],[[120]],[[121]],[[122]],[[123]],[[124]],[[125]],[[126]],[[127]],[[128]],[[129],[130]],[[131]],[[132]],[[133]],[[134]],[[135]],[[136]],[[137]],[[138]]],"properties":{"id":"0","ma_tinh":"91","ten_tinh":"An Giang","sap_nhap":"An Giang, Kiên Giang","quy_mo":"102 đơn vị (14 phường , 85 xã, và 3 đặc khu: Phú Quốc, Kiên Hải, Thổ Châu)","tru_so":"Số 16C Tôn Đức Thắng, Mỹ Bình, An Giang","loai":"Tỉnh","cap":1,"stt":32,"dtich_km2":9986.95,"dan_so":4995214,"matdo_km2":500.17,"NAME_1":"An Giang","GID_1":"91"}},{"type":"Polygon","arcs":[[139,140,141,142,143,144,145,146,147,148,149,150,151,152,153,154,155,156,157,158,159,160,161,162,163,164,165,166,167,168,169,170,171,172,173,174,175,176,177,178,179,180,181,182,183,184,185,186,187,188,189,190,191,192,193,194,195,196,197,198,199,200,201,202]],"properties":{"id":"1","ma_tinh":"24","ten_tinh":"Bắc Ninh","sap_nhap":"Bắc Ninh, Bắc Giang","quy_mo":"99 đơn vị (33 phường, 66 xã)","tru_so":"Số 82 Hùng Vương, Bắc Giang, Bắc Ninh","loai":"Tỉnh","cap":1,"stt":2,"dtich_km2":4718.61,"dan_so":3619443,"matdo_km2":767.06,"NAME_1":"Bắc Ninh","GID_1":"24"}},{"type":"MultiPolygon","arcs":[[[203]],[[204]],[[205]],[[206]],[[207,208,209,210,211,212,213,-89,214,-87,215,216,-84,217]],[[218]],[[219]],[[220]],[[221]],[[222]],[[223]],[[224]],[[225]],[[226]],[[227]],[[228]],[[229]],[[230]],[[231]],[[232]],[[233]],[[234]],[[235]]],"properties":{"id":"2","ma_tinh":"96","ten_tinh":"Cà Mau","sap_nhap":"Cà Mau, Bạc Liêu","quy_mo":"64 đơn vị (9 phường, 55 xã)","tru_so":"Số 02 Hùng Vương, Tân Thành, Cà Mau","loai":"Tỉnh","cap":1,"stt":34,"dtich_km2":6310.45,"dan_so":1988464,"matdo_km2":315.11,"NAME_1":"Cà Mau","GID_1":"96"}},{"type":"Polygon","arcs":[[-211,236,237,-208,238,239,240,241,242,243,244,245,246,247,-93,248,-91,249,-213,250]],"properties":{"id":"3","ma_tinh":"92","ten_tinh":"Cần Thơ","sap_nhap":"Cần Thơ, Sóc Trăng, Hậu Giang","quy_mo":"103 đơn vị (31 phường, 72 xã)","tru_so":"Số 02 Hòa Bình, Ninh Kiều, Cần Thơ","loai":"Thành phố","cap":1,"stt":33,"dtich_km2":6360.82,"dan_so":4199788,"matdo_km2":660.26,"NAME_1":"Cần Thơ","GID_1":"92"}},{"type":"Polygon","arcs":[[251,252,253,254,255,256,257,258,259,260,261,262,263,264,265,266,267,268,269,270,271,272,273,274,275,276,277,278,279,280,281]],"properties":{"id":"4","ma_tinh":"04","ten_tinh":"Cao Bằng","sap_nhap":"không sáp nhập","quy_mo":"56 đơn vị (3 phường, 53 xã)","tru_so":"Số 11 Hoàng Đình Giong, Thục Phán, Cao Bằng","loai":"Tỉnh","cap":1,"stt":7,"dtich_km2":6700.38,"dan_so":573119,"matdo_km2":85.54,"NAME_1":"Cao Bằng","GID_1":"04"}},{"type":"MultiPolygon","arcs":[[[282,283,284,285,286,287,288,289,290,291,292,293,294,295,296,297,298,299,300,301,302,303,304,305,306,307,308,309]],[[310]],[[311]],[[312]],[[313]],[[314]],[[315]],[[316]],[[317]],[[318]],[[319]],[[320]],[[321]],[[322]],[[323]],[[324]],[[325]],[[326]],[[327]],[[328]],[[329]],[[330]],[[331]],[[332]],[[333]],[[334]],[[335]],[[336]],[[337]],[[338]],[[339]],[[340]]],"properties":{"id":"5","ma_tinh":"48","ten_tinh":"Đà Nẵng","sap_nhap":"Đà Nẵng, Quảng Nam","quy_mo":"94 đơn vị (23 phường, 70 xã và 1 đặc khu Hoàng Sa)","tru_so":"Số 24 Trần Phú, Hải Châu, Đà Nẵng","loai":"Thành phố","cap":1,"stt":21,"dtich_km2":11913.08,"dan_so":3122915,"matdo_km2":262.14,"NAME_1":"Đà Nẵng","GID_1":"48"}},{"type":"MultiPolygon","arcs":[[[341,342,343,344,345,346,347,348,349,350,351,352,353,354,355,356,357,358,359,360,361,362,363,364,365,366,367,368,369,370,371,372,373,374,375,376,377,378,379,380,381,382,383,384,385,386,387,388,389,390]],[[391]],[[392]],[[393]],[[394]],[[395]],[[396]],[[397]],[[398]],[[399]],[[400]],[[401]],[[402]],[[403]],[[404]],[[405]],[[406]],[[407]],[[408]],[[409]],[[410]],[[411]],[[412]],[[413]]],"properties":{"id":"6","ma_tinh":"66","ten_tinh":"Đắk Lắk","sap_nhap":"Đắk Lắk, Phú Yên","quy_mo":"102 đơn vị (14 phường, 88 xã)","tru_so":"Số 9 Lê Duẩn, Buôn Ma Thuột, Đắk Lắk","loai":"Tỉnh","cap":1,"stt":25,"dtich_km2":18096.37,"dan_so":3346853,"matdo_km2":184.95,"NAME_1":"Đắk Lắk","GID_1":"66"}},{"type":"Polygon","arcs":[[414,415,416,417,418,419,420,421,422,423,424,425,426,427,428,429,430,431,432,433]],"properties":{"id":"7","ma_tinh":"11","ten_tinh":"Điện Biên","sap_nhap":"không sáp nhập","quy_mo":"45 đơn vị (3 phường, 42 xã)","tru_so":"Số 851 Võ Nguyên Giáp, Mường Thanh, Điện Biên","loai":"Tỉnh","cap":1,"stt":13,"dtich_km2":9539.27,"dan_so":673091,"matdo_km2":70.56,"NAME_1":"Điện Biên","GID_1":"11"}},{"type":"Polygon","arcs":[[434,435,436,437,438,439,440,441,442,443,444,445,446,447,448,449,450,451,452,453,454,455,456,457,458,459,460,461,462,463,464,465,466,467,468,469,470,471,472,473,474,475,476,477,478,479,480,481,482,483,484,485]],"properties":{"id":"8","ma_tinh":"75","ten_tinh":"Đồng Nai","sap_nhap":"Đồng Nai, Bình Phước","quy_mo":"95 đơn vị (23 phường và 72 xã)","tru_so":"Số 2 Nguyễn Văn Trị, Biên Hòa, Đồng Nai","loai":"Tỉnh","cap":1,"stt":28,"dtich_km2":12737.36,"dan_so":4491408,"matdo_km2":352.62,"NAME_1":"Đồng Nai","GID_1":"75"}},{"type":"Polygon","arcs":[[-245,486,487,488,489,490,491,492,493,494,495,496,497,-108,498,499,-105,500,-103,501,502,-100,503,504,-97,505,-95,506,-247,507]],"properties":{"id":"9","ma_tinh":"82","ten_tinh":"Đồng Tháp","sap_nhap":"Tiền Giang, Đồng Tháp","quy_mo":"102 đơn vị (20 phường, 82 xã)","tru_so":"Số 12 30/4, Mỹ Tho, Đồng Tháp","loai":"Tỉnh","cap":1,"stt":31,"dtich_km2":5939,"dan_so":4370046,"matdo_km2":735.82,"NAME_1":"Đồng Tháp","GID_1":"82"}},{"type":"MultiPolygon","arcs":[[[-362,508,-360,509,-358,510,-356,511,-354,512,513,514,515,516,517,518,519,520,521,522,523,524,525,526,527,528,529,530,-374,531,-372,532,533,-369,534,535,-366,536,-364,537]],[[538]],[[539]],[[540]],[[541]],[[542]],[[543]],[[544]],[[545]],[[546]],[[547]],[[548]],[[549]],[[550]],[[551]],[[552]],[[553]],[[554]],[[555]],[[556]],[[557]],[[558]],[[559]],[[560]],[[561]]],"properties":{"id":"10","ma_tinh":"52","ten_tinh":"Gia Lai","sap_nhap":"Gia Lai, Bình Định","quy_mo":"135 đơn vị (25 phường, 110 xã)","tru_so":"Số 1 Trần Phú, Quy Nhơn, Gia Lai","loai":"Tỉnh","cap":1,"stt":24,"dtich_km2":21576.56,"dan_so":3583691,"matdo_km2":166.09,"NAME_1":"Gia Lai","GID_1":"52"}},{"type":"Polygon","arcs":[[562,563,564,565,566,567,568,569,570,571,572,573,574,575,576,577,578,579,580,581,582,583,584,585,-200,586,-198,587,-196,588,589,590,591,592,593,594,595,596,597,598,599,600,601,602,603,604,605,606,607,608,609,610,611,612,613,614,615,616,617,618,619]],"properties":{"id":"11","ma_tinh":"01","ten_tinh":"Hà Nội","sap_nhap":"không sáp nhập","quy_mo":"126 đơn vị (51 phường,  75 xã)","tru_so":"Số 79 Đinh Tiên Hoàng, Hoàn Kiếm, Hà Nội","loai":"Thành phố","cap":1,"stt":1,"dtich_km2":3359.77,"dan_so":8807523,"matdo_km2":2621.47,"NAME_1":"Hà Nội","GID_1":"01"}},{"type":"MultiPolygon","arcs":[[[620,621,622,623,624,625,626,627,628,629,630,631,632,633,634,635,636,637,638,639,640,641,642,643]],[[644]],[[645]],[[646]],[[647]],[[648]],[[649]],[[650]],[[651]],[[652]]],"properties":{"id":"12","ma_tinh":"42","ten_tinh":"Hà Tĩnh","sap_nhap":"không sáp nhập","quy_mo":"69 đơn vị (9 phường, 60 xã)","tru_so":"Số 1 Nguyễn Tất Thành, Thành Sen, Hà Tĩnh","loai":"Tỉnh","cap":1,"stt":18,"dtich_km2":5994.85,"dan_so":1623061,"matdo_km2":270.74,"NAME_1":"Hà Tĩnh","GID_1":"42"}},{"type":"MultiPolygon","arcs":[[[653,654,655,656,657,658,659,660,661,662,663,664,665,-150,666,-148,667,-146,668,-144,669,670,671,672,673,674,675,676,677,678,679,680,681,682,683],[684]],[[685,686]],[[686,686,686]],[[687]],[[688]],[[689]],[[690]],[[691]],[[692]],[[693]],[[694]],[[695]],[[696]],[[697]],[[698]],[[699]],[[700]],[[701]],[[702]],[[703]],[[704]],[[705]],[[706]],[[707]],[[708]],[[709]],[[710]],[[711]],[[712]],[[713]],[[714]],[[715]],[[716]],[[717]],[[718]],[[719]],[[720]],[[721]],[[722]],[[723]],[[724]],[[725]],[[726]],[[727]],[[728]],[[729]],[[730]],[[731]],[[732]],[[733]],[[734]],[[735]],[[736]],[[737]],[[738]],[[739]],[[740]],[[741]],[[742]],[[743]],[[744]],[[745]],[[746]],[[747]],[[748]],[[749]],[[750]],[[751]],[[752]],[[753]],[[754]],[[755]],[[756]],[[757]],[[758]],[[759]],[[760]],[[761]],[[762]],[[763]],[[764]],[[765]],[[766]],[[767]],[[768]],[[769]],[[770]],[[771]],[[772]],[[773]],[[774]],[[775]],[[776]],[[777]],[[778]],[[779]],[[780]],[[781]],[[782]],[[783]],[[784]],[[785]],[[786]],[[787]],[[788]],[[789]],[[790]],[[791]],[[792]],[[793]],[[794]],[[795]],[[796]],[[797]],[[798]],[[799]],[[800]],[[801]],[[802]],[[803]],[[804]],[[805]],[[806]],[[807]],[[808]],[[809]],[[810]],[[811]],[[812]],[[813]],[[814]],[[815]],[[816]],[[817]],[[818]],[[819]],[[820]],[[821]],[[822]],[[823]],[[824]],[[825]],[[826]],[[827]],[[828]],[[829]],[[830]],[[831]],[[832]],[[833]],[[834]],[[835]],[[836]],[[837]],[[838]],[[839]],[[840]],[[841]],[[842]],[[843]],[[844]],[[845]],[[846]],[[847]],[[848]],[[849]],[[850]],[[851]],[[852]],[[853]],[[854]],[[855]],[[856]]],"properties":{"id":"13","ma_tinh":"31","ten_tinh":"Hải Phòng","sap_nhap":"Hải Dương, Hải Phòng","quy_mo":"114 đơn vị (45 phường, 67 xã và 2 đặc khu: Cát Hải và Bạch Long Vĩ)","tru_so":"Số 18 Hoàng Diệu, Thủy Nguyên, Hải Phòng","loai":"Thành phố","cap":1,"stt":4,"dtich_km2":3194.73,"dan_so":4664124,"matdo_km2":1459.94,"NAME_1":"Hải Phòng","GID_1":"31"}},{"type":"MultiPolygon","arcs":[[[857,-297,858,-295,859,-293,860,-291,861,-289,862,863,864,865,866,867,868,869,870]],[[871]]],"properties":{"id":"14","ma_tinh":"46","ten_tinh":"Huế","sap_nhap":"không sáp nhập","quy_mo":"40 đơn vị (21 phường, 19 xã)","tru_so":"Số 16 Lê Lợi, Thuận Hóa, Huế","loai":"Thành phố","cap":1,"stt":20,"dtich_km2":4947.14,"dan_so":1432986,"matdo_km2":289.66,"NAME_1":"Huế","GID_1":"46"}},{"type":"MultiPolygon","arcs":[[[872,873,874,875,876,877,878,-658,879,-656,880,-654,881,-683,882,-681,883,-679,884,-677,885,886,-674,887,-672,888,-141,889,-203,890,891,-585,892,893,-582,894,895,-579,896,-577,897,898,899]],[[900]],[[901]],[[902]],[[903]],[[904]],[[905]],[[906]]],"properties":{"id":"15","ma_tinh":"33","ten_tinh":"Hưng Yên","sap_nhap":"Hưng Yên, Thái Bình","quy_mo":"104 đơn vị (11 phường, 93 xã)","tru_so":"Số 10 Chùa Chuông, Phố Hiến, Hưng Yên","loai":"Tỉnh","cap":1,"stt":5,"dtich_km2":2514.81,"dan_so":3567943,"matdo_km2":1418.77,"NAME_1":"Hưng Yên","GID_1":"33"}},{"type":"MultiPolygon","arcs":[[[-351,907,-349,908,-347,909,910,911,912,913,914,915,916,917,918]],[[919]],[[920]],[[921]],[[922]],[[923]],[[924]],[[925]],[[926]],[[927]],[[928]],[[929]],[[930]],[[931]],[[932]],[[933]],[[934]],[[935]],[[936]],[[937]],[[938]],[[939]],[[940]],[[941]],[[942]],[[943]],[[944]],[[945]],[[946]],[[947]],[[948]],[[949]],[[950]],[[951]],[[952]],[[953]],[[954]],[[955]],[[956]],[[957]],[[958]],[[959]],[[960]],[[961]],[[962]],[[963]],[[964]],[[965]],[[966]],[[967]],[[968]],[[969]],[[970]],[[971]],[[972]],[[973]],[[974]],[[975]],[[976]],[[977]],[[978]],[[979]],[[980]],[[981]],[[982]],[[983]],[[984]],[[985]],[[986]],[[987]],[[988]],[[989]],[[990]],[[991]],[[992]],[[993]],[[994]],[[995]],[[996]],[[997]],[[998]],[[999]],[[1000]],[[1001]],[[1002]],[[1003]],[[1004]],[[1005]],[[1006]],[[1007]],[[1008]],[[1009]],[[1010]],[[1011]],[[1012]],[[1013]],[[1014]],[[1015]],[[1016]],[[1017]],[[1018]],[[1019]],[[1020]],[[1021]],[[1022]],[[1023]],[[1024]],[[1025]],[[1026]],[[1027]],[[1028]],[[1029]],[[1030]],[[1031]],[[1032]],[[1033]],[[1034]],[[1035]],[[1036]],[[1037]],[[1038]],[[1039]],[[1040]],[[1041]],[[1042]],[[1043]],[[1044]],[[1045]],[[1046]],[[1047]],[[1048]],[[1049]],[[1050]],[[1051]],[[1052]],[[1053]],[[1054]],[[1055]],[[1056]],[[1057]],[[1058]],[[1059]],[[1060]],[[1061]],[[1062]],[[1063]],[[1064]],[[1065]],[[1066]],[[1067]],[[1068]],[[1069]],[[1070]],[[1071]],[[1072]],[[1073]],[[1074]],[[1075]],[[1076]],[[1077]],[[1078]],[[1079]],[[1080]],[[1081]],[[1082]],[[1083]],[[1084]],[[1085]],[[1086]],[[1087]],[[1088]],[[1089]],[[1090]],[[1091]],[[1092]],[[1093]],[[1094]],[[1095]],[[1096]],[[1097]],[[1098]],[[1099]],[[1100]],[[1101]],[[1102]],[[1103]],[[1104]],[[1105]],[[1106]],[[1107]],[[1108]],[[1109]],[[1110]],[[1111]],[[1112]],[[1113]],[[1114]],[[1115]],[[1116]],[[1117]],[[1118]],[[1119]],[[1120]],[[1121]],[[1122]],[[1123]],[[1124]],[[1125]],[[1126]],[[1127]],[[1128]],[[1129]],[[1130]],[[1131]],[[1132]],[[1133]],[[1134]],[[1135]],[[1136]],[[1137]],[[1138]],[[1139]],[[1140]],[[1141]],[[1142]],[[1143]],[[1144]],[[1145]],[[1146]],[[1147]],[[1148]],[[1149]],[[1150]],[[1151]],[[1152]],[[1153]],[[1154]],[[1155]],[[1156]],[[1157]],[[1158]],[[1159]],[[1160]],[[1161]],[[1162]],[[1163]],[[1164]],[[1165]],[[1166]],[[1167]],[[1168]],[[1169]],[[1170]],[[1171]],[[1172]],[[1173]],[[1174]],[[1175]],[[1176]],[[1177]],[[1178]],[[1179]],[[1180]],[[1181]],[[1182]],[[1183]],[[1184]],[[1185]],[[1186]],[[1187]],[[1188]],[[1189]],[[1190]],[[1191]],[[1192]],[[1193]],[[1194]],[[1195]],[[1196]],[[1197]],[[1198]],[[1199]],[[1200]],[[1201]],[[1202]],[[1203]],[[1204]],[[1205]],[[1206]],[[1207]],[[1208]],[[1209]],[[1210]],[[1211]],[[1212]],[[1213]],[[1214]],[[1215]],[[1216]],[[1217]],[[1218]],[[1219]],[[1220]],[[1221]],[[1222]],[[1223]],[[1224]],[[1225]],[[1226]],[[1227]],[[1228]],[[1229]],[[1230]],[[1231]],[[1232]],[[1233]],[[1234]],[[1235]],[[1236]],[[1237]],[[1238]],[[1239]],[[1240]],[[1241]],[[1242]],[[1243]],[[1244]],[[1245]],[[1246]],[[1247]],[[1248]],[[1249]],[[1250]],[[1251]],[[1252]],[[1253]],[[1254]],[[1255]],[[1256]],[[1257]],[[1258]],[[1259]],[[1260]],[[1261]],[[1262]],[[1263]],[[1264]],[[1265]],[[1266]],[[1267]],[[1268]],[[1269]],[[1270]],[[1271]],[[1272]],[[1273]],[[1274]],[[1275]],[[1276]],[[1277]],[[1278]],[[1279]],[[1280]],[[1281]],[[1282]],[[1283]],[[1284]],[[1285]],[[1286]],[[1287]],[[1288]],[[1289]],[[1290]],[[1291]],[[1292]],[[1293]],[[1294]],[[1295]],[[1296]],[[1297]],[[1298]],[[1299]],[[1300]],[[1301]],[[1302]],[[1303]],[[1304]],[[1305]],[[1306]],[[1307]],[[1308]],[[1309]],[[1310]]],"properties":{"id":"16","ma_tinh":"56","ten_tinh":"Khánh Hòa","sap_nhap":"Khánh Hòa, Ninh Thuận","quy_mo":"65 đơn vị (16 phường, 48 xã và 1 đặc khu Trường Sa)","tru_so":"Số 1 Trần Phú, Nha Trang, Khánh Hòa","loai":"Tỉnh","cap":1,"stt":23,"dtich_km2":8556.1,"dan_so":2243553,"matdo_km2":262.22,"NAME_1":"Khánh Hòa","GID_1":"56"}},{"type":"Polygon","arcs":[[1311,-426,1312,1313,1314,1315,1316,1317,1318,1319,1320,1321,1322,1323,1324,1325,1326,1327,-433,1328,-431,1329,-429,1330]],"properties":{"id":"17","ma_tinh":"12","ten_tinh":"Lai Châu","sap_nhap":"không sáp nhập","quy_mo":"38 đơn vị (2 phường, 36 xã)","tru_so":"Đang cập nhật","loai":"Tỉnh","cap":1,"stt":14,"dtich_km2":9068.73,"dan_so":512601,"matdo_km2":56.52,"NAME_1":"Lai Châu","GID_1":"12"}},{"type":"MultiPolygon","arcs":[[[1331,-917,1332,-915,1333,-913,1334,-911,1335,-345,1336,-343,1337,1338,-390,1339,-388,1340,-386,1341,-384,1342,-382,1343,-380,1344,-378,1345,-376,1346,-451,1347,-449,1348,-447,1349,-445,1350,1351,1352]],[[1353]],[[1354]],[[1355]],[[1356]],[[1357]],[[1358]],[[1359]],[[1360]],[[1361]],[[1362]]],"properties":{"id":"18","ma_tinh":"68","ten_tinh":"Lâm Đồng","sap_nhap":"Lâm Đồng, Đắk Nông, Bình Thuận","quy_mo":"124 đơn vị (20 phường, 103 xã và 1 đặc khu Phú Quý)","tru_so":"Số 4 Trần Hưng Đạo, Xuân Hương Đà Lạt, Lâm Đồng","loai":"Tỉnh","cap":1,"stt":26,"dtich_km2":24243.13,"dan_so":3872999,"matdo_km2":159.76,"NAME_1":"Lâm Đồng","GID_1":"68"}},{"type":"Polygon","arcs":[[1363,-176,1364,1365,-173,1366,-171,1367,1368,1369,-167,1370,-165,1371,1372,1373,1374,1375,1376,1377,1378,1379,1380,1381,1382,1383,1384,1385,1386,1387,1388,1389,-262,1390,-260,1391,-258,1392,-256,1393,1394,1395,1396,1397,1398,1399,1400,1401,-185,1402,-183,1403,1404,-180,1405,-178]],"properties":{"id":"19","ma_tinh":"20","ten_tinh":"Lạng Sơn","sap_nhap":"không sáp nhập","quy_mo":"65 đơn vị (4 phường, 61 xã)","tru_so":"Đang cập nhật","loai":"Tỉnh","cap":1,"stt":11,"dtich_km2":8309.67,"dan_so":881384,"matdo_km2":106.07,"NAME_1":"Lạng Sơn","GID_1":"20"}},{"type":"Polygon","arcs":[[1406,1407,1408,1409,1410,1411,1412,1413,1414,1415,1416,1417,1418,1419,1420,1421,1422,1423,1424,1425,1426,1427,1428,1429,1430,1431,1432,1433,1434,1435,1436,1437,1438,1439,1440,1441,1442,1443,1444,1445,1446,1447,1448,1449,-1327,1450,-1325,1451,-1323,1452,-1321,1453,-1319,1454,-1317,1455,1456,1457]],"properties":{"id":"20","ma_tinh":"15","ten_tinh":"Lào Cai","sap_nhap":"Lào Cai, Yên Bái","quy_mo":"99 đơn vị (10 phường, 89 xã)","tru_so":"Số 963 Yên Ninh, Yên Bái, Lào Cai","loai":"Tỉnh","cap":1,"stt":9,"dtich_km2":13256.61,"dan_so":1770645,"matdo_km2":133.57,"NAME_1":"Lào Cai","GID_1":"15"}},{"type":"MultiPolygon","arcs":[[[1458,-640,1459,-638,1460,-636,1461,1462,1463,1464,1465,1466,1467,1468,1469,1470,1471,1472,1473,1474,1475,1476,1477,1478,1479,1480,1481,1482,1483,1484,1485,1486,1487,1488,1489]],[[1490]],[[1491]],[[1492]],[[1493]],[[1494]]],"properties":{"id":"21","ma_tinh":"40","ten_tinh":"Nghệ An","sap_nhap":"không sáp nhập","quy_mo":"130 đơn vị (11 phường, 119 xã)","tru_so":"Số 3 Trường Thi, Trường Vinh, Nghệ An","loai":"Tỉnh","cap":1,"stt":17,"dtich_km2":16486.49,"dan_so":3831694,"matdo_km2":232.41,"NAME_1":"Nghệ An","GID_1":"40"}},{"type":"MultiPolygon","arcs":[[[1495,1496,1497,1498,1499,-877,1500,-875,1501,-873,1502,1503,1504,-575,1505,-573,1506,-571,1507,1508,1509,1510,1511,1512,1513,1514,1515,1516,1517,1518,1519,1520,1521]],[[1522]],[[1523]],[[1524]],[[1525]],[[1526]],[[1527]],[[1528]],[[1529]],[[1530]],[[1531]],[[1532]],[[1533]],[[1534]]],"properties":{"id":"22","ma_tinh":"37","ten_tinh":"Ninh Bình","sap_nhap":"Hà Nam, Ninh Bình, Nam Định","quy_mo":"129 đơn vị (32 phường, 97 xã)","tru_so":"Số 3 Lê Hồng Phong, Hoa Lư, Ninh Bình","loai":"Tỉnh","cap":1,"stt":6,"dtich_km2":3821.39,"dan_so":4412264,"matdo_km2":1154.62,"NAME_1":"Ninh Bình","GID_1":"37"}},{"type":"Polygon","arcs":[[1535,1536,1537,1538,-1517,1539,-1515,1540,1541,-1512,1542,-1510,1543,1544,-569,1545,-567,1546,-565,1547,1548,-620,1549,-618,1550,-616,1551,-614,1552,1553,1554,-610,1555,-608,1556,-606,1557,-604,1558,1559,-601,1560,-599,1561,-597,1562,-595,1563,1564,1565,1566,1567,1568,1569,1570,1571,1572,1573,1574,1575,1576,1577,1578,1579,1580,1581,-1436,1582,-1434,1583,-1432,1584,-1430,1585,1586,1587,-1426,1588,1589,1590,1591,1592,1593,1594,1595,1596,1597,1598,1599,1600,1601,1602,1603,1604,1605,1606,1607,1608]],"properties":{"id":"23","ma_tinh":"25","ten_tinh":"Phú Thọ","sap_nhap":"Vĩnh Phúc, Phú Thọ, Hòa Bình","quy_mo":"148 đơn vị (15 phường, 133 xã)","tru_so":"Đang cập nhật","loai":"Tỉnh","cap":1,"stt":12,"dtich_km2":9361.42,"dan_so":4022493,"matdo_km2":429.69,"NAME_1":"Phú Thọ","GID_1":"25"}},{"type":"MultiPolygon","arcs":[[[-522,1609,-520,1610,-518,1611,-516,1612,-287,1613,-285,1614,-283,1615,-309,1616,-307,1617,-305,1618,-303,1619,1620,-300,1621,-530,1622,-528,1623,-526,1624,-524,1625]],[[1626]],[[1627]],[[1628]],[[1629]],[[1630]],[[1631]],[[1632]],[[1633]],[[1634]],[[1635]],[[1636]],[[1637]],[[1638]]],"properties":{"id":"24","ma_tinh":"51","ten_tinh":"Quảng Ngãi","sap_nhap":"Quảng Ngãi, Kon Tum","quy_mo":"96 đơn vị (9 phường, 86 xã và 1 đặc khu Lý Sơn)","tru_so":"Số 52 Hùng Vương, Nguyễn Nghiêm, Quảng Ngãi","loai":"Tỉnh","cap":1,"stt":22,"dtich_km2":14832.53,"dan_so":2161735,"matdo_km2":145.74,"NAME_1":"Quảng Ngãi","GID_1":"51"}},{"type":"MultiPolygon","arcs":[[[1639]],[[1640]],[[1641]],[[1642]],[[1643]],[[1644]],[[1645]],[[1646]],[[1647]],[[1648]],[[1649]],[[1650]],[[1651]],[[1652]],[[1653]],[[1654]],[[1655]],[[1656]],[[1657]],[[1658]],[[1659]],[[1660]],[[1661]],[[1662]],[[-1389,1663,-1387,1664,-1385,1665,-1383,1666,-1381,1667,-1379,1668,-1377,1669,1670,1671,-1373,1672,-163,1673,-161,1674,-159,1675,-157,1676,1677,-154,1678,-152,1679,-665,1680,1681,-662,1682,-660,1683],[1684]],[[1685]],[[1686]],[[1687]],[[1688]],[[1689]],[[1690]],[[1691]],[[1692]],[[1693]],[[1694]],[[1695]],[[1696]],[[1697]],[[1698]],[[1699]],[[1700]],[[1701]],[[1702]],[[1703]],[[1704]],[[1705]],[[1706]],[[1707]],[[1708]],[[1709]],[[1710]],[[1711]],[[1712]],[[1713]],[[1714]],[[1715]],[[1716]],[[1717]],[[1718]],[[1719]],[[1720]],[[1721]],[[1722]],[[1723]],[[1724]],[[1725]],[[1726]],[[1727]],[[1728]],[[1729]],[[1730]],[[1731]],[[1732]],[[1733]],[[1734]],[[1735]],[[1736]],[[1737]],[[1738]],[[1739]],[[1740]],[[1741]],[[1742],[1743]],[[1744]],[[1745]],[[1746]],[[1747]],[[1748]],[[1749]],[[1750]],[[1751]],[[1752]],[[1753]],[[1754]],[[1755]],[[1756]],[[1757]],[[1758]],[[1759]],[[1760]],[[1761]],[[1762]],[[1763]],[[1764]],[[1765]],[[1766]],[[1767]],[[1768]],[[1769]],[[1770]],[[1771]],[[1772]],[[1773]],[[1774]],[[1775]],[[1776]],[[1777]],[[1778]],[[1779]],[[1780]],[[1781]],[[1782]],[[1783]],[[1784]],[[1785]],[[1786]],[[1787]],[[1788]],[[1789]],[[1790]],[[1791]],[[1792]],[[1793]],[[1794]],[[1795]],[[1796]],[[1797]],[[1798]],[[1799]],[[1800]],[[1801]],[[1802]],[[1803]],[[1804]],[[1805]],[[1806]],[[1807]],[[1808]],[[1809]],[[1810]],[[1811]],[[1812]],[[1813]],[[1814]],[[1815]],[[1816]],[[1817]],[[1818]],[[1819]],[[1820]],[[1821]],[[1822]],[[1823]],[[1824]],[[1825]],[[1826]],[[1827]],[[1828]],[[1829]],[[1830]],[[1831]],[[1832]],[[1833]],[[1834]],[[1835]],[[1836]],[[1837]],[[1838]],[[1839]],[[1840]],[[1841]],[[1842]],[[1843]],[[1844]],[[1845]],[[1846]],[[1847]],[[1848]],[[1849]],[[1850]],[[1851]],[[1852]],[[1853]],[[1854]],[[1855]],[[1856]],[[1857]],[[1858]],[[1859]],[[1860]],[[1861]],[[1862]],[[1863]],[[1864]],[[1865]],[[1866]],[[1867]],[[1868]],[[1869]],[[1870]],[[1871]],[[1872]],[[1873]],[[1874]],[[1875]],[[1876]],[[1877]],[[1878]],[[1879]],[[1880]],[[1881]],[[1882]],[[1883]],[[1884]],[[1885]],[[1886]],[[1887]],[[1888]],[[1889]],[[1890]],[[1891]],[[1892]],[[1893]],[[1894]],[[1895]],[[1896]],[[1897]],[[1898]],[[1899]],[[1900]],[[1901]],[[1902]],[[1903]],[[1904]],[[1905]],[[1906]],[[1907]],[[1908]],[[1909]],[[1910]],[[1911]],[[1912]],[[1913]],[[1914]],[[1915]],[[1916]],[[1917]],[[1918]],[[1919]],[[1920]],[[1921]],[[1922]],[[1923]],[[1924]],[[1925]],[[1926]],[[1927]],[[1928]],[[1929]],[[1930]],[[1931]],[[1932]],[[1933]],[[1934]],[[1935]],[[1936]],[[1937]],[[1938]],[[1939]],[[1940]],[[1941]],[[1942]],[[1943]],[[1944]],[[1945]],[[1946]],[[1947]],[[1948]],[[1949]],[[1950]],[[1951]],[[1952]],[[1953]],[[1954]],[[1955]],[[1956]],[[1957]],[[1958]],[[1959]],[[1960]],[[1961]],[[1962]],[[1963]],[[1964]],[[1965]],[[1966]],[[1967]],[[1968]],[[1969]],[[1970]],[[1971]],[[1972]],[[1973]],[[1974]],[[1975]],[[1976]],[[1977]],[[1978]],[[1979]],[[1980]],[[1981]],[[1982]],[[1983]],[[1984]],[[1985]],[[1986]],[[1987]],[[1988]],[[1989]],[[1990]],[[1991]],[[1992]],[[1993]],[[1994]],[[1995]],[[1996]],[[1997]],[[1998]],[[1999]],[[2000]],[[2001]],[[2002]],[[2003]],[[2004]],[[2005]],[[2006]],[[2007]],[[2008]],[[2009]],[[2010]],[[2011]],[[2012]],[[2013]],[[2014]],[[2015]],[[2016]],[[2017]],[[2018]],[[2019]],[[2020]],[[2021]],[[2022]],[[2023]],[[2024]],[[2025]],[[2026]],[[2027]],[[2028]],[[2029]],[[2030]],[[2031]],[[2032]],[[2033]],[[2034]],[[2035]],[[2036]],[[2037]],[[2038]],[[2039]],[[2040]],[[2041]],[[2042]],[[2043]],[[2044]],[[2045]],[[2046]],[[2047]],[[2048]],[[2049]],[[2050]],[[2051]],[[2052]],[[2053]],[[2054]],[[2055]],[[2056]],[[2057]],[[2058]],[[2059]],[[2060]],[[2061]],[[2062]],[[2063]],[[2064]],[[2065]],[[2066]],[[2067]],[[2068]],[[2069]],[[2070]],[[2071]],[[2072]],[[2073]],[[2074]],[[2075]],[[2076]],[[2077]],[[2078]],[[2079]],[[2080]],[[2081]],[[2082]],[[2083]],[[2084]],[[2085]],[[2086]],[[2087]],[[2088]],[[2089]],[[2090]],[[2091]],[[2092]],[[2093]],[[2094]],[[2095]],[[2096]],[[2097]],[[2098]],[[2099]],[[2100]],[[2101]],[[2102]],[[2103]],[[2104]],[[2105]],[[2106]],[[2107]],[[2108]],[[2109]],[[2110]],[[2111]],[[2112]],[[2113]],[[2114]],[[2115]],[[2116]],[[2117]],[[2118]],[[2119]],[[2120]],[[2121]],[[2122]],[[2123]],[[2124]],[[2125]],[[2126]],[[2127]],[[2128]],[[2129]],[[2130]],[[2131]],[[2132]],[[2133]],[[2134]],[[2135]],[[2136]],[[2137]],[[2138]],[[2139]],[[2140]],[[2141]],[[2142]],[[2143]],[[2144]],[[2145]],[[2146]],[[2147]],[[2148]],[[2149]],[[2150]],[[2151]],[[2152]],[[2153]],[[2154]],[[2155]],[[2156]],[[2157]],[[2158]],[[2159]],[[2160]],[[2161]],[[2162]],[[2163]],[[2164]],[[2165]],[[2166]],[[2167]],[[2168]],[[2169]],[[2170]],[[2171]],[[2172]],[[2173]],[[2174]],[[2175]],[[2176]],[[2177]],[[2178]],[[2179]],[[2180]],[[2181]],[[2182]],[[2183]],[[2184]],[[2185]],[[2186]],[[2187]],[[2188]],[[2189]],[[2190]],[[2191]],[[2192]],[[2193]],[[2194]],[[2195]],[[2196]],[[2197]],[[2198]],[[2199]],[[2200]],[[2201]],[[2202]],[[2203]],[[2204]],[[2205]],[[2206]],[[2207]],[[2208]],[[2209]],[[2210]],[[2211]],[[2212]],[[2213]],[[2214]],[[2215]],[[2216]],[[2217]],[[2218]],[[2219]],[[2220]],[[2221]],[[2222]],[[2223]],[[2224]],[[2225]],[[2226]],[[2227]],[[2228]],[[2229]],[[2230]],[[2231]],[[2232]],[[2233]],[[2234]],[[2235]],[[2236]],[[2237]],[[2238]],[[2239]],[[2240]],[[2241]],[[2242]],[[2243]],[[2244]],[[2245]],[[2246]],[[2247]],[[2248]],[[2249]],[[2250]],[[2251]],[[2252]],[[2253]],[[2254]],[[2255]],[[2256]],[[2257]],[[2258]],[[2259]],[[2260]],[[2261]],[[2262]],[[2263]],[[2264]],[[2265]],[[2266]],[[2267]],[[2268]],[[2269]],[[2270]],[[2271]],[[2272]],[[2273]],[[2274]],[[2275]],[[2276]],[[2277]],[[2278]],[[2279]],[[2280]],[[2281]],[[2282]],[[2283]],[[2284]],[[2285]],[[2286]],[[2287]],[[2288]],[[2289]],[[2290]],[[2291]],[[2292]],[[2293]],[[2294]],[[2295]],[[2296]],[[2297]],[[2298]],[[2299]],[[2300]],[[2301]],[[2302]],[[2303]],[[2304]],[[2305]],[[2306]],[[2307]],[[2308]],[[2309]],[[2310]],[[2311]],[[2312]],[[2313]],[[2314]],[[2315]],[[2316]],[[2317]],[[2318]],[[2319]],[[2320]],[[2321]],[[2322]],[[2323]],[[2324]],[[2325]],[[2326]],[[2327]],[[2328]],[[2329]],[[2330]],[[2331]],[[2332]],[[2333]],[[2334]],[[2335]],[[2336]],[[2337]],[[2338]],[[2339]],[[2340]],[[2341]],[[2342]],[[2343]],[[2344]],[[2345]],[[2346]],[[2347]],[[2348]],[[2349]],[[2350]],[[2351]],[[2352]],[[2353]],[[2354]],[[2355]],[[2356]],[[2357]],[[2358]],[[2359]],[[2360]],[[2361]],[[2362]],[[2363]],[[2364]],[[2365]],[[2366]],[[2367]],[[2368]],[[2369]],[[2370]],[[2371]],[[2372]],[[2373]],[[2374]],[[2375]],[[2376]],[[2377]],[[2378]],[[2379]],[[2380]],[[2381]],[[2382]],[[2383]],[[2384]],[[2385]],[[2386]],[[2387]],[[2388]],[[2389]],[[2390]],[[2391]],[[2392]],[[2393]],[[2394]],[[2395]],[[2396]],[[2397]],[[2398]],[[2399]],[[2400]],[[2401]],[[2402]],[[2403]],[[2404]],[[2405]],[[2406]],[[2407]],[[2408]],[[2409]],[[2410]],[[2411]],[[2412]],[[2413]],[[2414]],[[2415]],[[2416]],[[2417]],[[2418]],[[2419]],[[2420]],[[2421]],[[2422]],[[2423]],[[2424]],[[2425]],[[2426]],[[2427]],[[2428]],[[2429]],[[2430]],[[2431]],[[2432]],[[2433]],[[2434]],[[2435]],[[2436]],[[2437]],[[2438]],[[2439]],[[2440]],[[2441]],[[2442]],[[2443]],[[2444]],[[2445]],[[2446]],[[2447]],[[2448]],[[2449]],[[2450]],[[2451]],[[2452]],[[2453]],[[2454]],[[2455]],[[2456]],[[2457]],[[2458]],[[2459]],[[2460]],[[2461]],[[2462]],[[2463]],[[2464]],[[2465]],[[2466]],[[2467]],[[2468]],[[2469]],[[2470]],[[2471]],[[2472]],[[2473]],[[2474]],[[2475]],[[2476]],[[2477]],[[2478]],[[2479]],[[2480]],[[2481]],[[2482]],[[2483]],[[2484]],[[2485]],[[2486]],[[2487]],[[2488]],[[2489]],[[2490]],[[2491]],[[2492]],[[2493]],[[2494]],[[2495]],[[2496]],[[2497]],[[2498]],[[2499]],[[2500]],[[2501]],[[2502]],[[2503]],[[2504]],[[2505]],[[2506]],[[2507]],[[2508]],[[2509]],[[2510]],[[2511]],[[2512]],[[2513]],[[2514]],[[2515]],[[2516]],[[2517]],[[2518]],[[2519]],[[2520]],[[2521]],[[2522]],[[2523]],[[2524]],[[2525]],[[2526]],[[2527]],[[2528]],[[2529]],[[2530]],[[2531]],[[2532]],[[2533]],[[2534]],[[2535]],[[2536]],[[2537]],[[2538]],[[2539]],[[2540]],[[2541]],[[2542]],[[2543]],[[2544]],[[2545]],[[2546]],[[2547]],[[2548]],[[2549]],[[2550]],[[2551]],[[2552]],[[2553]],[[2554]],[[2555]],[[2556]],[[2557]],[[2558]],[[2559]],[[2560]],[[2561]],[[2562]],[[2563]],[[2564]],[[2565]],[[2566]],[[2567]],[[2568]],[[2569]],[[2570]],[[2571]],[[2572]],[[2573]],[[2574]],[[2575]],[[2576]],[[2577]],[[2578]],[[2579]],[[2580]],[[2581]],[[2582]],[[2583]],[[2584]],[[2585]],[[2586]],[[2587]],[[2588]],[[2589]],[[2590]],[[2591]],[[2592]],[[2593]],[[2594]],[[2595]],[[2596]],[[2597]],[[2598]],[[2599]],[[2600]],[[2601]],[[2602]],[[2603]],[[2604]],[[2605]],[[2606]],[[2607]],[[2608]],[[2609]],[[2610]],[[2611]],[[2612]],[[2613]],[[2614]],[[2615]],[[2616]],[[2617]],[[2618]],[[2619]],[[2620]],[[2621]],[[2622]],[[2623]],[[2624]],[[2625]],[[2626]],[[2627]],[[2628]],[[2629]],[[2630]],[[2631]],[[2632]],[[2633]],[[2634]],[[2635]],[[2636]],[[2637]],[[2638]],[[2639]],[[2640]],[[2641]],[[2642]],[[2643]],[[2644]],[[2645]],[[2646]],[[2647]],[[2648]],[[2649]],[[2650]],[[2651]],[[2652]],[[2653]],[[2654]],[[2655]],[[2656]],[[2657]],[[2658]],[[2659]],[[2660]],[[2661]],[[2662]],[[2663]],[[2664]],[[2665]],[[2666]],[[2667]],[[2668]],[[2669]],[[2670]],[[2671]],[[2672]],[[2673]],[[2674]],[[2675]],[[2676]],[[2677]],[[2678]],[[2679]],[[2680]],[[2681]],[[2682]],[[2683]],[[2684]],[[2685]],[[2686]],[[2687]],[[2688]],[[2689]],[[2690]],[[2691]],[[2692]],[[2693]],[[2694]],[[2695]],[[2696]],[[2697]],[[2698]],[[2699]],[[2700]],[[2701]],[[2702]],[[2703]],[[2704]],[[2705]],[[2706]],[[2707]],[[2708]],[[2709]],[[2710]],[[2711]],[[2712]],[[2713]],[[2714]],[[2715]],[[2716]],[[2717]],[[2718]],[[2719]],[[2720]],[[2721]],[[2722]],[[2723]],[[2724]],[[2725]],[[2726]],[[2727]],[[2728]],[[2729]],[[2730]],[[2731]],[[2732]],[[2733]],[[2734]],[[2735]],[[2736]],[[2737]],[[2738]],[[2739]],[[2740]],[[2741]],[[2742]],[[2743]],[[2744]],[[2745]],[[2746]],[[2747]],[[2748]],[[2749]],[[2750]],[[2751]],[[2752]],[[2753]],[[2754]],[[2755]],[[2756]],[[2757]],[[2758]],[[2759]],[[2760]],[[2761]],[[2762]],[[2763]],[[2764]],[[2765]],[[2766]],[[2767]],[[2768,2769]],[[2770]],[[2771]],[[2772]],[[2773]],[[2774]],[[2775]],[[2776]],[[2777]],[[2778]],[[2779]],[[2780]],[[2781]],[[2782]],[[2783]],[[2784]],[[2785]],[[2786]],[[2787]],[[2788]],[[2789]],[[2790]],[[2791]],[[2792]],[[2793]],[[2794]],[[2795]],[[2796]],[[2797]],[[2798]],[[2799]],[[2800]],[[2801]],[[2802]],[[2803]],[[2804]],[[2805]],[[2806]],[[2807]],[[2808]],[[2809]],[[2810]],[[2811]],[[2812]],[[2813]],[[2814]],[[2815]],[[2816]],[[2817]],[[2818]],[[2819]],[[2820]],[[2821]],[[2822]],[[2823]],[[2824]],[[2825]],[[2826]],[[2827]],[[2828]],[[2829]],[[2830]],[[2831]],[[2832]],[[2833]],[[2834]],[[2835]],[[2836]],[[2837]],[[2838]],[[2839]],[[2840]],[[2841]],[[2842]],[[2843]],[[2844]],[[2845]],[[2846]],[[2847]],[[2848]],[[2849]],[[2850]],[[2851]],[[2852]],[[2853]],[[2854]],[[2855]],[[2856]],[[2857]],[[2858]],[[2859]],[[2860]],[[2861]],[[2862]],[[2863]],[[2864]],[[2865]],[[2866]],[[2867]],[[2868]],[[2869]],[[2870]],[[2871]],[[2872]],[[2873]],[[2874]],[[2875]],[[2876]],[[2877]],[[2878]],[[2879]],[[2880]],[[2881]],[[2882]],[[2883]],[[2884]],[[2885]],[[2886]],[[2887]],[[2888]],[[2889]],[[2890]],[[2891]],[[2892]],[[2893]],[[2894]],[[2895]],[[2896]],[[2897]],[[2898]],[[2899]],[[2900]],[[2901]],[[2902]],[[2903]],[[2904]],[[2905]],[[2906]],[[2907]],[[2908]],[[2909]],[[2910]],[[2911]],[[2912]],[[2913]],[[2914]],[[2915]],[[2916]],[[2917]],[[2918]],[[2919]],[[2920]],[[2921]],[[2922]],[[2923]],[[2924]],[[2925]],[[2926]],[[2927]],[[2928]],[[2929]],[[2930]],[[2931]],[[2932]],[[2933]],[[2934]],[[2935]],[[2936]],[[2937]],[[2938]],[[2939]],[[2940]],[[2941]],[[2942]],[[2943]],[[2944]],[[2945]],[[2946]],[[2947]],[[2948]],[[2949]],[[2950]],[[2951]],[[2952]],[[2953]],[[2954]],[[2955]],[[2956]],[[2957]],[[2958]],[[2959]],[[2960]],[[2961]],[[2962]],[[2963]],[[2964]],[[2965]],[[2966]],[[2967]],[[2968]],[[2969]],[[2970]],[[2971]],[[2972]],[[2973]],[[2974]],[[2975]],[[2976]],[[2977]],[[2978]],[[2979]],[[2980]],[[2981]],[[2982]],[[2983]],[[2984]],[[2985]],[[2986]],[[2987]],[[2988]],[[2989]],[[2990]],[[2991]],[[2992]],[[2993]],[[2994]],[[2995]],[[2996]],[[2997]],[[2998]],[[2999]],[[3000]],[[3001]],[[3002]],[[3003]],[[3004]],[[3005]],[[3006]],[[3007]],[[3008]],[[3009]],[[3010]],[[3011]],[[3012]],[[3013]],[[3014]],[[3015]],[[3016]],[[3017]],[[3018]],[[3019]],[[3020]],[[3021]],[[3022]],[[3023]],[[3024]],[[3025]],[[3026]],[[3027]],[[3028]],[[3029]],[[3030]],[[3031]],[[3032]],[[3033]],[[3034]],[[3035]],[[3036]],[[3037]],[[3038]],[[3039]],[[3040]],[[3041]],[[3042]],[[3043]],[[3044]],[[3045]],[[3046]],[[3047]],[[3048]],[[3049]],[[3050]],[[3051]],[[3052]],[[3053]],[[3054]],[[3055]],[[3056]],[[3057]],[[3058]],[[3059]],[[3060]],[[3061]],[[3062]],[[3063]],[[3064]],[[3065]],[[3066]],[[3067]],[[3068]],[[3069]],[[3070]],[[3071]],[[3072]],[[3073]],[[3074]],[[3075]],[[3076]],[[3077]],[[3078]],[[3079]],[[3080]],[[3081]],[[3082]],[[3083]],[[3084]],[[3085]],[[3086]],[[3087]],[[3088]],[[3089]],[[3090]],[[3091]],[[3092]],[[3093]],[[3094]],[[3095]],[[3096]],[[3097]],[[3098]],[[3099]],[[3100]],[[3101]],[[3102]],[[3103]],[[3104]],[[3105]],[[3106]],[[3107]],[[3108]],[[3109]],[[3110]],[[3111]],[[3112]],[[3113]],[[3114]],[[3115]],[[3116]],[[3117]],[[3118]],[[3119]],[[3120]],[[3121]],[[3122]],[[3123]],[[3124]],[[3125]],[[3126]],[[3127]],[[3128]],[[3129]],[[3130]],[[3131]],[[3132]],[[3133]],[[3134]],[[3135]],[[3136]],[[3137]],[[3138]],[[3139]],[[3140]],[[3141]],[[3142]],[[3143]],[[3144]],[[3145]],[[3146]],[[3147]],[[3148]],[[3149]],[[3150]],[[3151]],[[3152]],[[3153]],[[3154]],[[3155]],[[3156]],[[3157]],[[3158]],[[3159]],[[3160]],[[3161]],[[3162]],[[3163]],[[3164]],[[3165]],[[3166]],[[3167]],[[3168]],[[3169]],[[3170]],[[3171]],[[3172]],[[3173]],[[3174]],[[3175]],[[3176]],[[3177]],[[3178]],[[3179]],[[3180]],[[3181]],[[3182]],[[3183]],[[3184]],[[3185]],[[3186]],[[3187]],[[3188]],[[3189]],[[3190]],[[3191]],[[3192]],[[3193]],[[3194]],[[3195]],[[3196]],[[3197]],[[3198]],[[3199]],[[3200]],[[3201]],[[3202]],[[3203]],[[3204]],[[3205]],[[3206]],[[3207]],[[3208]],[[3209]],[[3210]],[[3211]],[[3212]],[[3213]],[[3214]],[[3215]],[[3216]],[[3217]],[[3218]],[[3219]],[[3220]],[[3221]],[[3222]],[[3223]],[[3224]],[[3225]],[[3226]],[[3227]],[[3228]],[[3229]],[[3230]],[[3231]],[[3232]],[[3233]],[[3234]],[[3235]],[[3236]],[[3237]],[[3238]],[[3239]],[[3240]],[[3241]],[[3242]],[[3243]],[[3244]],[[3245]],[[3246]],[[3247]],[[3248]],[[3249]],[[3250]],[[3251]],[[3252]],[[3253]],[[3254]],[[3255]],[[3256]],[[3257]],[[3258]],[[3259]],[[3260]],[[3261]],[[3262]],[[3263]],[[3264]],[[3265]],[[3266]],[[3267]],[[3268]],[[3269]],[[3270]],[[3271]],[[3272]],[[3273]],[[3274]],[[3275]],[[3276]],[[3277]],[[3278]],[[3279]],[[3280]],[[3281]],[[3282]],[[3283]],[[3284]],[[3285]],[[3286]],[[3287]],[[3288]],[[3289]],[[3290]],[[3291]],[[3292]],[[3293]],[[3294]],[[3295]],[[3296]],[[3297]],[[3298]],[[3299]],[[3300]],[[3301]],[[3302]],[[3303]],[[3304]],[[3305]],[[3306]],[[3307]],[[3308]],[[3309]],[[3310]],[[3311]],[[3312]],[[3313]],[[3314]],[[3315]],[[3316]],[[3317]],[[3318]],[[3319]],[[3320]],[[3321]],[[3322]],[[3323]],[[3324]],[[3325]],[[3326]],[[3327]],[[3328]],[[3329]],[[3330]],[[3331]],[[3332]],[[3333]],[[3334]],[[3335]],[[3336]],[[3337]],[[3338]],[[3339]],[[3340]],[[3341]],[[3342]],[[3343]],[[3344]],[[3345]],[[3346]],[[3347]],[[3348]],[[3349]],[[3350]],[[3351]],[[3352]],[[3353]],[[3354]],[[3355]],[[3356]],[[3357]],[[3358]],[[3359]],[[3360]],[[3361]],[[3362]],[[3363]],[[3364]],[[3365]],[[3366]],[[3367]],[[3368]],[[3369]],[[3370]],[[3371]],[[3372]],[[3373]],[[3374]],[[3375]],[[3376]],[[3377]],[[3378]],[[3379]],[[3380]],[[3381]],[[3382]],[[3383]],[[3384]],[[3385]],[[3386]],[[3387]],[[3388]],[[3389]],[[3390]],[[3391]],[[3392]],[[3393]],[[3394]],[[3395]],[[3396]],[[3397]],[[3398]],[[3399]],[[3400]],[[3401]],[[3402]],[[3403]],[[3404]],[[3405]],[[3406]],[[3407]],[[3408]],[[3409]],[[3410]],[[3411]],[[3412]],[[3413]],[[3414]],[[3415]],[[3416]],[[3417]],[[3418]],[[3419]],[[3420]],[[3421]],[[3422]],[[3423]],[[3424]],[[3425]],[[3426]],[[3427]],[[3428]],[[3429]],[[3430]],[[3431]],[[3432]],[[3433]],[[3434]],[[3435]]],"properties":{"id":"25","ma_tinh":"22","ten_tinh":"Quảng Ninh","sap_nhap":"không sáp nhập","quy_mo":"54 đơn vị (30 phường, 22 xã và 2 đặc khu: Vân Đồn và Cô Tô)","tru_so":"Số 219 Nguyễn Văn Cừ, Hạ Long, Quảng Ninh","loai":"Tỉnh","cap":1,"stt":3,"dtich_km2":6154.84,"dan_so":1497447,"matdo_km2":243.3,"NAME_1":"Quảng Ninh","GID_1":"22"}},{"type":"MultiPolygon","arcs":[[[-866,3436,-864,3437,3438,-634,3439,-632,3440,-630,3441,-628,3442,-626,3443,-624,3444,3445,-621,3446,-643,3447,-870,3448,-868,3449]],[[3450]],[[3451]],[[3452]],[[3453]],[[3454]]],"properties":{"id":"26","ma_tinh":"44","ten_tinh":"Quảng Trị","sap_nhap":"Quảng Trị, Quảng Bình","quy_mo":"78 đơn vị (8 phường, 69 xã và 1 đặc khu Cồn Cỏ)","tru_so":"Số 6 Hùng Vương, Đồng Hới, Quảng Trị","loai":"Tỉnh","cap":1,"stt":19,"dtich_km2":12699.99,"dan_so":1870844,"matdo_km2":147.31,"NAME_1":"Quảng Trị","GID_1":"44"}},{"type":"Polygon","arcs":[[3455,3456,3457,3458,3459,3460,3461,3462,3463,3464,3465,-1600,3466,-1598,3467,-1596,3468,-1594,3469,-1592,3470,3471,-1421,3472,-1419,3473,-1417,3474,-1415,3475,3476,-1412,3477,-1410,3478,-1408,3479,3480,-1457,3481,-1315,3482,-423,3483,-421,3484,3485,3486,3487,3488,3489,3490]],"properties":{"id":"27","ma_tinh":"14","ten_tinh":"Sơn La","sap_nhap":"không sáp nhập","quy_mo":"75 đơn vị (8 phường, 67 xã)","tru_so":"Đang cập nhật","loai":"Tỉnh","cap":1,"stt":15,"dtich_km2":14108.89,"dan_so":1404587,"matdo_km2":99.55,"NAME_1":"Sơn La","GID_1":"14"}},{"type":"Polygon","arcs":[[3491,3492,3493,3494,3495,3496,3497,3498,3499,3500,3501,3502,3503,3504,3505,3506,-460,3507,-458,3508,3509,-455,3510,3511,3512,-497]],"properties":{"id":"28","ma_tinh":"80","ten_tinh":"Tây Ninh","sap_nhap":"Tây Ninh, Long An","quy_mo":"96 đơn vị (14 phường, 82 xã)","tru_so":"Số 136 Trần Hưng Đạo, Tân Ninh, Tây Ninh","loai":"Tỉnh","cap":1,"stt":27,"dtich_km2":8536.41,"dan_so":3254170,"matdo_km2":381.21,"NAME_1":"Tây Ninh","GID_1":"80"}},{"type":"Polygon","arcs":[[3513,-1568,3514,3515,-1565,3516,3517,-592,3518,3519,3520,-194,3521,-192,3522,-190,3523,-188,3524,-186,-1402,3525,-1400,3526,-1398,3527,3528,-1395,3529,-254,3530,-252,3531,3532,-280,3533,-278,3534,-276,3535,-274,3536,3537,3538,3539,3540,3541,3542,3543,3544,3545,3546,3547,3548,3549,3550,3551,-1572,3552,-1570]],"properties":{"id":"29","ma_tinh":"19","ten_tinh":"Thái Nguyên","sap_nhap":"Bắc Kạn, Thái Nguyên","quy_mo":"92 đơn vị (15 phường, 77 xã)","tru_so":"Đang cập nhật","loai":"Tỉnh","cap":1,"stt":10,"dtich_km2":8375.27,"dan_so":1799489,"matdo_km2":214.86,"NAME_1":"Thái Nguyên","GID_1":"19"}},{"type":"MultiPolygon","arcs":[[[-1473,3553,-1471,3554,-1469,3555,-1467,3556,-1465,3557,3558,3559,-1498,3560,-1496,3561,-1521,3562,-1519,3563,-1538,3564,-1536,3565,-1608,3566,-1606,3567,-1604,3568,-1602,3569,3570,3571,-3463,3572,3573,-3460,3574,-3458,3575,-3456,3576,-1489,3577,-1487,3578,-1485,3579,3580,-1482,3581,-1480,3582,-1478,3583,3584,-1475,3585]],[[3586]],[[3587]],[[3588]],[[3589]],[[3590]],[[3591]],[[3592]],[[3593]],[[3594]],[[3595]],[[3596]],[[3597]],[[3598]],[[3599]],[[3600]],[[3601]],[[3602]]],"properties":{"id":"30","ma_tinh":"38","ten_tinh":"Thanh Hóa","sap_nhap":"không sáp nhập","quy_mo":"166 đơn vị (19 phường, 147 xã)","tru_so":"Số 35 Đại lộ Lê Lợi, Hạc Thành, Thanh Hóa","loai":"Tỉnh","cap":1,"stt":16,"dtich_km2":11114.78,"dan_so":4320947,"matdo_km2":388.76,"NAME_1":"Thanh Hóa","GID_1":"38"}},{"type":"MultiPolygon","arcs":[[[3603]],[[3604]],[[3605]],[[3606]],[[3607]],[[3608]],[[3609]],[[3610]],[[3611]],[[3612]],[[3613]],[[3614]],[[3615]],[[3616]],[[-3502,3617,-3500,3618,-3498,3619,-3496,3620,3621,-3493,3622,3623,-494,3624,-1352,3625,-443,3626,-441,3627,-439,3628,-437,3629,-435,3630,-485,3631,-483,3632,-481,3633,-479,3634,-477,3635,-475,3636,3637,3638,-471,3639,3640,-468,3641,-466,3642,-464,3643,-462,3644,-3506,3645,-3504,3646]],[[3647]],[[3648]],[[3649]],[[3650]],[[3651]],[[3652]],[[3653]],[[3654]],[[3655]],[[3656]],[[3657]],[[3658]],[[3659]],[[3660]],[[3661]],[[3662]],[[3663]],[[3664]],[[3665]],[[3666]],[[3667]],[[3668]],[[3669]],[[3670]],[[3671]]],"properties":{"id":"31","ma_tinh":"79","ten_tinh":"TP. Hồ Chí Minh","sap_nhap":"Thành phố Hồ Chí Minh, Bà Rịa - Vũng Tàu, Bình Dương","quy_mo":"168 đơn vị (113 phường, 54 xã và 1 đặc khu Côn Đảo)","tru_so":"Số 86 Lê Thánh Tôn, Sài Gòn, Hồ Chí Minh","loai":"Thành phố","cap":1,"stt":29,"dtich_km2":6780.43,"dan_so":14668098,"matdo_km2":2163.3,"NAME_1":"TP. Hồ Chí Minh","GID_1":"79"}},{"type":"Polygon","arcs":[[-1447,3672,-1445,3673,3674,-1442,3675,-1440,3676,3677,-1578,3678,-1576,3679,3680,3681,-3550,3682,-3548,3683,-3546,3684,-3544,3685,-3542,3686,-3540,3687,-270,3688,3689,3690,-266,3691,-264,3692,-1449,3693]],"properties":{"id":"32","ma_tinh":"08","ten_tinh":"Tuyên Quang","sap_nhap":"Tuyên Quang, Hà Giang","quy_mo":"124 đơn vị (7 phường, 117 xã)","tru_so":"Số 160 Trần Hưng Đạo, Minh Xuân, Tuyên Quang","loai":"Tỉnh","cap":1,"stt":8,"dtich_km2":13795.52,"dan_so":1858056,"matdo_km2":134.69,"NAME_1":"Tuyên Quang","GID_1":"08"}},{"type":"MultiPolygon","arcs":[[[3694,3695,-492,3696,-490,3697,-488,3698,-243,3699,-241]],[[3700]]],"properties":{"id":"33","ma_tinh":"86","ten_tinh":"Vĩnh Long","sap_nhap":"Vĩnh Long, Bến Tre, Trà Vinh","quy_mo":"124 đơn vị (19 phường, 105 xã)","tru_so":"Số 88 Võ Văn Kiệt, Long Châu, Vĩnh Long","loai":"Tỉnh","cap":1,"stt":30,"dtich_km2":6243.18,"dan_so":4257581,"matdo_km2":681.96,"NAME_1":"Vĩnh Long","GID_1":"86"}}]}},"arcs":[[[8681,14113],[10,13],[-7,3],[-3,-16]],[[8801,14252],[-2,37],[-8,-4],[10,-33]],[[8931,14515],[-195,-3],[-90,-47],[-29,-47],[103,-7],[14,-14],[-23,-36],[12,-51],[73,-5],[71,89],[55,-26],[-13,61],[60,22],[-38,64]],[[9078,14562],[-39,-35],[78,-41],[-11,30],[18,18],[-46,28]],[[9167,14610],[-44,-38],[53,-33],[-9,71]],[[14531,16490],[18,12],[-8,15],[-13,-5],[3,-22]],[[14520,16764],[33,34],[-17,59],[-41,38],[8,-119],[-36,-4],[6,-30],[-30,-13],[5,-79],[46,-75],[44,-2],[9,12],[-27,179]],[[14438,16831],[-14,81],[-8,-19],[22,-62]],[[14493,16937],[7,48],[-15,12],[-4,-29],[12,-31]],[[14419,17007],[0,10],[-5,-5],[5,-5]],[[12454,17538],[19,22],[-14,11],[-5,-33]],[[12809,17744],[-29,-18],[9,-36],[20,54]],[[12134,18052],[-7,10],[-6,-9],[13,-1]],[[12097,18081],[3,-2],[2,3],[-5,-1]],[[12321,18096],[-13,-27],[7,1],[6,26]],[[12138,18117],[-36,5],[-24,-18],[32,-14],[15,8],[13,19]],[[12290,18123],[-51,-17],[33,-12],[18,29]],[[12311,18162],[4,-26],[29,-1],[-33,27]],[[12193,18127],[-11,50],[-40,-17],[7,-10],[44,-23]],[[12053,18150],[-2,22],[-21,-21],[23,-1]],[[12323,18229],[-27,13],[-21,-17],[21,-20],[27,24]],[[12277,18443],[-39,6],[23,-86],[-20,-32],[78,-54],[21,32],[-28,34],[10,50],[-45,50]],[[12295,18546],[-37,2],[28,-64],[52,-31],[-43,93]],[[12411,18628],[35,-39],[2,12],[-37,27]],[[12244,18587],[20,25],[-46,41],[1,-47],[25,-19]],[[13722,19893],[3,-3],[-1,13],[-2,-10]],[[13725,19907],[19,22],[-16,-4],[-3,-18]],[[12432,21168],[-37,-21],[-53,25],[-132,190],[-53,24],[-85,-5],[-84,-66],[-34,-181],[-130,-49],[-31,-122],[-90,-117],[-67,-14],[-194,60],[-96,4],[-146,42],[-29,-20],[-64,23],[2,-43],[-37,-35],[11,-25],[50,-24],[113,-333],[25,25],[70,-3],[72,-49],[39,-56],[99,17],[61,-28],[56,-57],[34,-87],[75,-59],[50,-73],[88,-231],[61,-239],[96,-435],[36,-269],[68,-41],[55,-194],[29,6],[12,36],[40,6],[68,-49],[6,28],[33,5],[85,-64],[-3,45],[-53,9],[-20,54],[-56,54],[17,53],[37,4],[-21,73],[20,46],[29,6],[2,48],[-100,60],[-9,-26],[-54,63],[48,45],[8,93],[66,72],[-41,123],[23,39],[60,37],[64,265],[37,67],[80,65],[62,178],[-44,180],[39,199],[-50,200],[20,56],[31,19],[-22,49],[6,60],[-102,112],[-38,74],[-38,4],[-70,72]],[[14195,20205],[-2,-1],[7,-4],[-5,5]],[[14251,20346],[0,4],[-24,-12],[24,8]],[[14211,20380],[-6,-2],[3,-2],[3,4]],[[14361,20381],[1,15],[-67,-15],[7,-16],[59,16]],[[14245,20423],[-27,-18],[7,-1],[20,19]],[[14423,20448],[-21,4],[-16,-46],[16,-1],[21,43]],[[14481,20448],[-18,26],[-25,-29],[6,-3],[37,6]],[[14381,20459],[0,1],[-1,0],[1,-1]],[[14414,20479],[-2,-1],[0,-3],[2,4]],[[14277,20494],[-22,3],[-11,-32],[12,5],[21,24]],[[14298,20508],[4,2],[-4,3],[0,-5]],[[14274,20533],[13,4],[1,18],[-2,-9],[-12,-13]],[[14381,20600],[-55,-19],[-32,18],[-12,-20],[51,-37],[48,58]],[[14349,20605],[4,-1],[-3,5],[-1,-4]],[[14541,16545],[14,-18],[15,3],[-29,15]],[[14735,16596],[0,-7],[2,1],[-2,6]],[[14738,16607],[-3,-2],[0,-1],[3,3]],[[14706,16684],[4,13],[-9,-6],[5,-7]],[[14809,16709],[-1,-10],[8,3],[-7,7]],[[14821,16733],[2,-11],[2,-1],[-4,12]],[[14714,16709],[39,20],[16,39],[-51,-17],[-4,-42]],[[14711,16874],[-29,4],[13,-78],[26,28],[-10,46]],[[14564,16893],[-1,-14],[16,6],[-15,8]],[[14545,17082],[-8,-39],[33,15],[-25,24]],[[15436,18473],[9,-2],[2,10],[-11,-8]],[[15246,18759],[8,12],[-2,0],[-6,-12]],[[15275,18992],[0,-1],[5,2],[-5,-1]],[[15258,19081],[0,8],[-15,-10],[15,2]],[[15504,19175],[-34,-22],[8,-5],[26,27]],[[15525,19181],[4,7],[-5,2],[1,-9]],[[15560,19277],[-31,2],[8,-62],[8,8],[15,52]],[[15473,19287],[-25,37],[-21,-63],[29,26],[17,0]],[[15622,19362],[0,3],[-4,-1],[4,-2]],[[15454,19369],[-5,-4],[2,-1],[3,5]],[[15438,19369],[2,0],[0,2],[-2,-2]],[[15623,19383],[0,-2],[3,-1],[-3,3]],[[15633,19390],[-1,3],[-2,-1],[3,-2]],[[15475,19391],[-1,10],[-8,-3],[9,-7]],[[15626,19398],[-6,12],[-2,-7],[8,-5]],[[15427,19428],[-17,-16],[29,-34],[1,34],[-13,16]],[[15409,19465],[16,-7],[5,8],[-21,-1]],[[15443,19491],[-1,10],[-11,-15],[12,5]],[[15423,19504],[-16,2],[-5,-25],[5,1],[16,22]],[[15605,19484],[-24,32],[-3,-29],[27,-3]],[[14779,19521],[4,16],[-12,-2],[8,-14]],[[15652,19533],[1,-1],[-1,1]],[[15498,19559],[-2,1],[1,-1],[1,0]],[[15493,19564],[-13,7],[-3,-5],[16,-2]],[[15612,19617],[-43,-58],[14,-18],[6,0],[23,76]],[[15505,19625],[4,3],[-5,1],[1,-4]],[[15644,19616],[11,11],[-11,16],[-4,-7],[4,-20]],[[15593,19652],[0,5],[-3,-3],[3,-2]],[[15632,19786],[-26,-18],[43,-37],[9,-60],[20,14],[-22,34],[16,26],[-40,41]],[[15607,20134],[-7,6],[2,-27],[5,21]],[[15640,20305],[-7,6],[-2,-7],[9,1]],[[17659,15793],[59,-9],[67,-79],[165,-135],[231,410],[193,-175],[112,140],[86,-66],[109,-36],[31,24],[37,94],[1699,-967],[84,-25],[19,21],[111,-64],[43,20],[72,-45],[45,-5],[-57,203],[-104,106],[-22,203],[30,88],[-13,49],[29,25],[5,66],[13,10],[29,-19],[29,22],[38,-28],[2,47],[49,40],[-22,50],[65,16],[-49,106],[9,82],[-35,10],[-69,-26],[0,47],[31,51]],[[20780,16044],[-114,73],[-59,95],[17,85]],[[20624,16297],[-16,74],[55,70]],[[20663,16441],[13,-46],[44,-11]],[[20720,16384],[-5,-46],[38,-79],[100,-23]],[[20853,16236],[34,-27],[82,81],[5,-52],[37,-29]],[[21011,16209],[-18,-39],[118,-3],[52,-24],[36,168],[77,35]],[[21276,16346],[12,24],[60,-24],[-1,55],[51,76],[-39,19],[37,32],[-91,53],[-38,-15],[-67,20],[-44,-11],[-10,20],[34,41],[-8,18],[-101,-23],[-31,47],[-87,-2],[-9,72]],[[20944,16748],[-64,78],[188,71]],[[21068,16897],[112,110],[112,33],[20,54],[69,35],[48,-11],[19,59],[-15,15],[-35,-9],[-12,63],[60,4],[-33,9],[11,31],[33,-24],[-14,34],[34,-10],[-10,34],[27,-27],[5,42],[28,-13],[-7,23],[77,35],[-22,21],[-20,122],[201,56],[389,204],[-29,25],[150,303],[-1154,977],[-44,45],[-26,120],[-234,245],[-42,-41],[-48,55],[-34,-31],[-146,135],[-328,244],[179,229],[51,44],[40,-42],[143,127],[18,46],[65,58],[34,-49],[35,30],[159,-239],[404,113],[283,101],[-95,202],[331,46],[48,35],[19,45],[61,8]],[[21985,20618],[-52,52]],[[21933,20670],[19,30],[-6,39]],[[21946,20739],[66,60],[134,51]],[[22146,20850],[-3,39]],[[22143,20889],[53,38],[-31,149],[36,-1]],[[22201,21075],[15,48],[52,31],[83,20],[-39,26],[20,24],[-6,28]],[[22326,21252],[42,30],[124,-35],[-7,59],[19,49]],[[22504,21355],[-34,195],[-98,210]],[[22372,21760],[-57,77],[-94,70],[-138,61],[-152,-29]],[[21931,21939],[-40,-51],[-235,114]],[[21656,22002],[-194,-18],[-155,115],[-140,20],[-144,270]],[[21023,22389],[-72,220],[-5,129],[94,239],[-84,57],[-272,-40],[-129,42]],[[20555,23036],[-7,53],[156,98]],[[20704,23187],[15,69],[-35,21],[-145,6],[-70,27]],[[20469,23310],[-45,74],[28,94],[-22,33],[-156,28],[-39,27],[-123,233],[-152,154],[-3,228]],[[19957,24181],[-46,1],[-153,74],[-325,-35],[-53,16],[9,34],[111,109],[-1,98],[-29,8],[-101,-43],[-97,11],[-26,-31],[-6,-89],[-62,13],[-98,-57],[-16,-28],[10,-51],[-70,-38],[21,-53],[-109,-56],[36,-146],[164,-294],[-6,-84],[30,-53],[10,-102],[79,-14],[106,-134],[39,-210],[-948,-516],[-122,-139],[-232,-387],[-207,-173],[-753,-17],[-382,115],[-317,14],[-6,-63],[-194,-9],[-53,30],[-62,5],[-55,-26],[-17,-14],[-4,-99],[-22,-38],[-157,-72],[-10,-122],[-38,-93],[-62,-57],[-98,-8],[-65,-40],[-133,-218],[-58,97],[-71,67],[-257,-50],[63,-75],[27,-66],[-61,-97],[18,-61],[-22,-55],[67,28],[43,-3],[33,46],[119,-3],[27,-28],[-36,-8],[-26,-33],[31,-25],[58,28],[-16,22],[60,-46],[199,-241],[29,-77],[-32,-46],[44,-78],[-22,-66],[25,-2],[51,84],[55,-7],[108,-85],[99,-146],[33,-100],[-18,-18],[27,-7],[5,-22],[-32,-18],[12,-21],[30,10],[11,-45],[-48,-44],[1,-28],[27,15],[10,-62],[34,-10],[-2,-34],[-44,-16],[19,-26],[34,1],[26,-50],[-10,-25],[30,6],[21,-29],[-21,-28],[31,-18],[-51,-49],[-6,-42],[46,-5],[48,36],[86,-40],[11,17],[30,-9],[35,-41],[36,6],[22,23],[-19,16],[76,117],[56,42],[29,60],[145,148],[176,106],[97,37],[189,-35],[248,-136],[194,-218],[224,-299],[-7,-24],[143,-128],[160,-16],[304,65],[239,2],[393,-370],[66,-79],[-28,-23],[28,-33],[115,-50],[18,-92],[78,-128],[-11,-38],[37,-13],[50,-73],[-16,-111],[-39,-26],[-60,-4],[-58,130],[-98,5],[-122,-53],[-225,-166],[-363,-362],[-25,16],[-61,-23],[-241,10],[-76,-38],[-24,-85],[-37,-46],[-62,-342],[-80,-174],[-98,-388],[-81,-889]],[[16395,17540],[-48,24],[-53,-13],[-72,-54],[-29,-63],[-31,4],[-18,-25],[85,-9],[73,18],[43,-34],[86,18],[42,48],[16,77],[-94,9]],[[17781,18509],[-105,-18],[-66,-39],[-11,-64],[25,-38],[32,-20],[32,24],[32,79],[46,51],[31,4],[-16,21]],[[15805,18887],[-64,-54],[48,-103],[49,11],[17,40],[-50,106]],[[15693,19352],[1,-5],[5,-1],[-6,6]],[[15727,19391],[21,16],[-8,54],[-26,-47],[13,-23]],[[16337,19460],[-1,5],[-3,0],[4,-5]],[[16363,19467],[0,1],[-5,-2],[5,1]],[[16350,19471],[0,-6],[7,1],[-7,5]],[[15756,19466],[-3,11],[-6,-4],[9,-7]],[[15735,19491],[-1,-3],[14,1],[-13,2]],[[15666,19497],[-7,12],[-4,-5],[11,-7]],[[15698,19509],[-5,4],[0,-1],[5,-3]],[[15792,19530],[-21,-4],[-7,-33],[20,-2],[8,39]],[[15675,19515],[-7,3],[0,-2],[7,-1]],[[16229,19519],[3,3],[-2,2],[-1,-5]],[[15654,19529],[-2,1],[0,-6],[2,5]],[[15796,19546],[17,-1],[-32,34],[15,-33]],[[16053,19580],[-32,2],[-9,-11],[23,-5],[18,14]],[[15919,19587],[62,-15],[9,18],[-71,-3]],[[15969,19680],[-7,-8],[7,1],[0,7]],[[15959,19686],[1,-1],[8,0],[-1,17],[-9,-5],[1,-11]],[[15960,19686],[1,1],[-1,-1]],[[15971,19702],[1,0],[-1,0]],[[15962,19705],[0,-3],[3,0],[-3,3]],[[15972,19703],[0,1],[-1,0],[1,-1]],[[16065,19736],[-17,-4],[3,-21],[7,1],[7,24]],[[15920,19736],[-4,-10],[7,-7],[-3,7],[0,10]],[[15928,19745],[-4,-3],[4,-1],[0,4]],[[15994,20097],[-2,4],[-1,-1],[3,-3]],[[16004,20103],[-9,-3],[2,-1],[7,4]],[[25551,85478],[97,30]],[[25648,85508],[19,-39],[64,3],[5,-18],[54,-19],[36,21],[9,39],[46,9],[76,-54],[46,15],[42,-24],[-5,-77]],[[26040,85364],[82,2],[30,96]],[[26152,85462],[40,12],[85,-78]],[[26277,85396],[59,11],[55,-17],[8,-16],[-43,-56],[29,-38],[131,71],[38,-10],[181,63],[-2,37],[158,-27],[13,38],[129,-59],[45,21],[16,85],[125,93],[0,122],[99,102],[-46,95],[-4,86],[-44,122],[26,89],[106,68],[46,92],[-11,62],[-75,133]],[[27316,86563],[13,67],[82,4]],[[27411,86634],[-8,-49],[53,-17],[8,-40],[56,-12]],[[27520,86516],[31,-47],[12,51]],[[27563,86520],[38,-15],[83,16],[-7,29],[63,50],[3,56],[94,11],[33,32],[38,-5],[85,33],[23,87],[41,11]],[[28057,86825],[7,43],[18,6],[70,-21]],[[28152,86853],[121,28],[71,-41],[53,25],[82,-9],[14,52]],[[28493,86908],[22,-56],[100,-39],[76,17],[71,-13]],[[28762,86817],[81,-182],[99,14],[66,-36]],[[29008,86613],[80,23],[54,-25],[18,-30],[-13,-32],[108,9],[44,-53]],[[29299,86505],[124,8]],[[29423,86513],[45,-28],[22,31]],[[29490,86516],[-21,35],[15,17]],[[29484,86568],[80,-46],[176,-20],[18,-24],[100,22],[22,-19],[41,8],[53,-46],[43,8],[23,-19],[57,15]],[[30097,86447],[69,-35],[134,4]],[[30300,86416],[30,-22],[165,-22],[64,34],[101,12]],[[30660,86418],[88,-25],[-45,78]],[[30703,86471],[6,139]],[[30709,86610],[92,-13],[82,17],[28,-11],[22,-64]],[[30933,86539],[64,-18],[76,59],[66,-26],[157,33],[68,-68],[58,-28],[47,30],[33,85],[48,14],[7,99],[43,25],[40,90],[63,7],[-8,80],[58,105],[-23,64],[-46,21],[-22,80],[78,52],[129,5],[106,35],[87,97]],[[32062,87380],[-7,60],[-68,40]],[[31987,87480],[-25,77],[-103,35],[-30,35]],[[31829,87627],[-68,28],[40,96]],[[31801,87751],[-52,158],[44,42],[-2,38]],[[31791,87989],[78,38],[-77,52]],[[31792,88079],[-34,58]],[[31758,88137],[-119,-23],[-89,-76]],[[31550,88038],[-34,11],[-22,53],[-39,9],[-80,-60],[13,48],[-23,46]],[[31365,88145],[-75,-67],[-43,15],[-116,118]],[[31131,88211],[6,51],[70,67],[-70,37],[-18,82],[-102,37],[-141,-3],[1,21],[-63,-34],[7,33],[-35,44],[7,33],[72,29],[7,49],[65,-6],[24,37],[-2,24],[-44,34],[-53,9],[0,38],[-46,78],[-98,-4],[-45,18],[-92,-23],[-94,39],[-42,76],[-183,-51],[-22,-41],[42,-52],[-24,-8],[4,-51],[-21,-23],[-81,6],[-60,19],[-4,27],[-47,39],[-113,32]],[[29936,88874],[-68,71],[27,58],[-1,63]],[[29894,89066],[-89,46],[-80,20]],[[29725,89132],[-43,34],[-93,-35],[-73,23],[-66,-37],[-66,8],[-9,22],[-55,12],[-146,-60],[-144,27],[-31,-38],[-58,-7],[-9,-32],[-24,-6],[4,-32],[-59,-42],[-25,-57]],[[28828,88912],[-63,-28],[-52,-162],[-90,-61],[-12,-29],[96,-131]],[[28707,88501],[-85,-92],[-93,-10],[-78,-208],[-63,-4],[-8,-37],[-40,-30],[-87,20],[-10,-23],[-47,-1],[-34,46],[-36,-35],[-35,14],[-66,-19],[-22,-32],[-59,-21],[22,-57],[47,-22],[3,-43],[-28,-19],[-110,0],[-52,-48],[-60,-23],[-71,36],[-37,-22],[-66,1],[-37,31],[-36,-8],[3,-18],[-38,43],[-77,41],[24,57],[-15,27],[57,67],[-30,34],[1,33],[-22,9],[-62,-24],[-37,48],[-42,-23],[12,-36],[-47,26],[-23,-22],[-47,42],[13,36],[-44,-21],[25,107],[-29,16],[29,110],[-92,18],[-35,-27],[-20,15],[-53,-30],[-52,5]],[[26918,88428],[-22,-44]],[[26896,88384],[-8,9],[-4,10],[13,10],[-27,9],[-23,48],[-185,15]],[[26662,88485],[-156,68],[-67,0],[-52,33],[19,128]],[[26406,88714],[-22,36],[23,54],[-20,69]],[[26387,88873],[13,69]],[[26400,88942],[-19,27],[22,59]],[[26403,89028],[-5,55],[104,52]],[[26502,89135],[-73,35]],[[26429,89170],[-65,89],[-30,13],[-115,-19]],[[26219,89253],[-104,-46]],[[26115,89207],[-162,36],[-17,20],[-119,-32],[-85,-89]],[[25732,89142],[-73,-11],[-51,-131],[-102,-57],[0,-50],[-21,-10],[116,-22],[18,-40],[26,-9],[-25,-33],[15,-44],[-45,-57],[-11,-63],[-23,-11],[31,-50],[-52,-109],[64,-52],[-18,-48],[-26,-7],[7,-35],[63,-45],[-39,-110],[-125,-29],[-8,-32],[39,-37],[18,-89],[-44,-69],[13,-32],[-42,-11],[-29,34],[7,29],[-79,22],[-68,-21],[-41,55],[-29,12],[-10,-17],[-82,54],[-51,97],[-23,2],[-45,-140]],[[24987,87976],[31,-66],[-26,-7]],[[24992,87903],[-11,34],[-52,-39],[-27,1]],[[24902,87899],[25,-66],[-28,-97],[-156,-7],[-41,19],[-100,-144]],[[24602,87604],[21,-14],[57,16],[-4,-26],[-69,-31],[-61,19]],[[24546,87568],[-39,-52],[45,-57],[73,-18],[-14,-94],[13,-24],[57,-25]],[[24681,87298],[64,23],[-3,-64],[96,-6],[-55,-38],[-5,-92],[107,-168],[-34,4],[-4,-22],[-80,-41],[-8,-25],[-87,7],[-16,-41],[8,-18],[36,13],[32,-58],[1,-40],[-38,-9],[26,-23],[-40,-33],[-4,-32],[35,0],[74,-59],[-23,-26],[7,-28],[-29,-13],[16,-51],[22,0],[-20,-48],[46,-83],[-13,-51],[-17,12],[-27,-20],[9,-13],[-42,-20],[18,-46],[50,11],[-12,-27],[63,-32],[36,-57],[-13,-31],[41,-45],[-3,-36],[116,49],[27,-82],[41,-35],[166,-19],[39,34]],[[25284,85919],[44,-68],[15,6],[-2,-53]],[[25341,85804],[20,16],[20,-14],[-3,-30],[40,-20]],[[25418,85756],[1,-38],[-48,-68]],[[25371,85650],[-41,-10],[18,-26],[-40,-41],[19,-15],[-11,-21]],[[25316,85537],[37,-5],[-69,-33],[12,-30],[63,-13]],[[25359,85456],[31,23],[31,-41]],[[25421,85438],[55,-14],[75,54]],[[17737,9039],[2,-36],[35,6],[20,32],[-57,-2]],[[17824,9048],[3,7],[-8,0],[5,-7]],[[17710,9176],[4,34],[-32,35],[-20,-42],[-35,-13],[1,-35],[-37,-13],[-48,-57],[40,-31],[86,29],[-10,71],[51,22]],[[17703,9249],[4,6],[-9,-2],[5,-4]],[[24154,14058],[-53,166],[42,34],[-89,372],[248,97],[36,31],[23,-4],[10,29],[-22,13],[2,37],[-29,44],[28,21],[-57,36],[-9,56],[-32,9],[5,25],[-79,-21],[28,-10],[-15,-44],[-29,-10],[-50,23],[9,-51],[-21,-40],[-36,-13],[29,-24],[-17,-17],[-40,7],[-24,29],[-45,-10],[-39,18],[-16,41],[-32,-8],[-54,64],[60,44],[-4,15],[-28,27],[-34,-16],[-29,39],[-43,-9],[-24,24],[-40,-18],[-2,-20],[-29,20],[4,-26],[-39,-3],[7,-15],[-34,-21],[-29,9],[4,-38],[-62,2],[-30,-33],[-48,4],[-43,40],[-30,-6],[18,-11],[-5,-67],[-12,-35],[-24,-3],[-108,6],[-18,37],[-33,-2],[-28,40],[-117,-30],[-35,10],[-14,45],[-73,8],[27,64],[-62,28],[6,25],[-22,20],[-61,-21],[-28,-52],[-23,34],[-66,30],[8,24],[-21,19],[-27,-30],[-52,26],[-47,-74],[-231,238],[-9,124]],[[22296,15430],[38,301],[18,17],[17,267],[-50,104],[-68,45]],[[22251,16164],[-12,32],[-92,-15]],[[22147,16181],[-4,-37],[-42,6],[-15,-34],[-50,13]],[[22036,16129],[-2,31],[-71,-3],[-27,-52],[-88,14],[13,38]],[[21861,16157],[-46,38],[-55,-62],[-38,22],[-44,-21],[-22,60],[-34,-13],[-73,37],[-8,-33],[-71,-16],[-16,55],[-33,-24],[-76,2],[5,-26],[-27,-34],[-35,14]],[[21288,16156],[-70,-29],[-45,67],[-20,-56],[-40,29],[-119,2],[17,40]],[[20853,16236],[-99,23],[-38,79],[4,46]],[[20663,16441],[-56,-74],[17,-70]],[[20624,16297],[-17,-84],[58,-95],[115,-74]],[[17659,15793],[-45,-943],[-17,-10],[-18,-233],[-13,-527],[-96,-434],[20,-48],[12,-212],[-21,-390],[-26,-144],[41,-45],[-15,-61],[-43,-51],[28,-264],[-17,-25],[-10,-293],[-21,-160],[-58,-169],[20,-39],[-56,-113],[-33,-182],[53,-129],[148,-133],[65,13],[7,-3],[7,13],[482,150],[19,-18],[-14,-46],[-89,-53],[-69,-136],[-69,-22],[-1,-39],[-107,-59],[-219,-47],[-136,-77],[-70,-157],[14,-34],[25,-3],[-22,-26],[66,-62],[-32,-27],[15,-20],[-29,15],[55,-48],[-14,15],[25,-13],[-31,-20],[20,-7],[-37,-6],[9,-13],[-36,6],[8,-29],[-43,21],[0,-41],[-80,26],[-87,-27],[-70,54],[-58,15],[-56,-11],[-67,-41],[-30,-93],[34,-167],[25,4],[5,-17],[171,-66],[383,-86],[-13,-30],[107,-49],[70,-15],[100,48],[244,27],[191,48],[269,33],[188,99],[113,-23],[69,17],[293,130],[107,14],[215,67],[151,137],[-24,83],[58,57],[27,73],[137,98],[75,95],[14,-6],[-6,20],[34,22],[20,50],[21,-3],[9,27],[30,-2],[123,69],[242,47],[127,46],[91,62],[86,116],[48,27],[60,108],[73,28],[65,56],[201,340],[17,84],[87,175],[41,37],[39,90],[-17,75],[38,52],[36,95],[-11,13],[84,84],[-2,19],[72,57],[51,-5],[144,177],[243,218],[359,188],[79,15],[-6,20],[17,-14],[200,58],[-1,42],[35,-12],[11,30],[8,-26],[131,58],[-8,43],[28,-39],[33,16],[-13,38],[22,-36],[51,30],[-8,27],[16,-32],[90,28],[18,28],[16,-10],[58,26],[-11,33],[20,-30],[90,29],[-6,37],[24,-15],[36,14],[-2,21],[15,-13],[24,11],[4,19],[18,-14],[34,30],[37,-1],[210,90],[59,1],[-2,24],[106,24],[-8,30],[18,-26],[317,173],[137,50]],[[17322,10527],[59,-25],[-15,8],[-44,17]],[[17340,10544],[20,-23],[-41,9],[69,-28],[-48,42]],[[17323,10662],[6,4],[-11,-3],[5,-1]],[[17313,10670],[-2,-1],[6,-4],[-4,5]],[[17493,11187],[0,-1],[66,13],[-66,-12]],[[17483,11191],[-60,45],[21,-26],[39,-19]],[[17629,11209],[61,32],[-118,-32],[57,0]],[[17758,11265],[-66,-24],[4,-4],[62,28]],[[17806,11277],[2,2],[-48,-14],[46,12]],[[17815,11282],[82,19],[1,6],[-2,1],[-81,-26]],[[17411,11249],[-66,69],[-14,23],[5,-14],[15,-20],[60,-58]],[[17900,11302],[7,3],[-3,4],[-4,-7]],[[17973,11330],[-66,-21],[0,-1],[47,11],[19,11]],[[15908,11855],[-71,-4],[13,-3],[58,7]],[[15620,12294],[-24,-37],[43,-38],[6,18],[-25,57]],[[17444,13639],[3,0],[2,4],[-5,-4]],[[17435,13657],[-24,6],[3,-9],[21,3]],[[21434,12666],[0,3],[-1,-1],[1,-2]],[[22147,16181],[90,16],[14,-33]],[[22251,16164],[70,-48],[50,-143],[-75,-543]],[[24154,14058],[349,131],[26,-6],[46,30],[43,-9],[16,25],[30,-11],[52,30],[79,6],[44,30],[58,-4],[31,25],[42,-6],[50,23],[30,-12],[80,37],[-9,30],[26,-33],[215,53],[11,19],[8,-11],[-4,22],[-26,11],[25,15],[9,-49],[42,22],[16,-12],[25,9],[-1,57],[11,-26],[1,-27],[48,23],[3,26],[10,-24],[84,32],[-5,33],[11,-32],[28,14],[-5,23],[16,-22],[111,44],[-5,19],[11,-23],[101,20],[26,12],[-4,30],[11,-38],[92,1],[142,41],[-8,-22],[148,97],[142,105],[74,93],[-19,61],[29,69],[-15,88],[-44,16],[11,-44],[-9,-22],[8,24],[-8,3],[-5,12],[0,3],[3,8],[-3,8],[1,12],[-106,-26],[43,55],[32,9],[50,80],[29,-2],[65,53],[-41,25],[48,-23],[65,55],[3,61],[-46,6],[54,2],[10,66],[-42,4],[45,11],[9,107],[-47,0],[148,60],[46,-106],[30,-11],[62,18],[115,77],[77,102],[60,126],[41,144],[0,54],[-24,22],[57,57]],[[27242,16143],[-344,180],[-488,420]],[[26410,16743],[-401,394],[-254,146],[-161,187],[-151,110],[-121,129],[-72,133]],[[25250,17842],[-228,211],[-260,170]],[[24762,18223],[-92,13],[-60,31],[-284,208],[-217,241],[-45,111],[-191,226],[-127,66],[-105,83],[-96,30]],[[23545,19232],[-223,164],[-278,158]],[[23044,19554],[-205,224],[-74,177]],[[22765,19955],[-103,141],[-360,312]],[[22302,20408],[-199,102]],[[22103,20510],[-118,108]],[[21068,16897],[-189,-75],[65,-74]],[[21276,16346],[-76,-35],[-19,-32],[-1,-89],[28,-59],[38,-2],[42,27]],[[21861,16157],[-10,-39],[87,-13],[23,51],[70,4],[5,-31]],[[24939,94753],[51,-35],[73,35],[38,51],[36,-2],[56,46],[36,-6],[75,29],[30,45],[82,28],[43,-13],[78,25],[28,20],[36,78],[117,-61],[36,28],[60,7],[14,-39],[-46,-32],[-14,-47],[87,-8],[55,-37],[-20,-52],[16,-31],[41,12],[-38,-46],[44,-35],[-7,-28],[124,-47],[-32,-165],[34,-65],[-66,-53],[-35,-65],[-66,-42],[-1,-26],[49,-34],[-14,-38],[18,-41],[-22,-53],[44,-29]],[[25979,94027],[-8,-45],[52,-20]],[[26023,93962],[61,22],[5,-16],[62,-2],[51,-30],[55,42],[44,-30],[-16,-34],[58,-55],[90,37]],[[26433,93896],[62,-3]],[[26495,93893],[16,79],[48,46],[-11,50],[47,36],[13,64],[63,52],[40,69],[30,18],[57,-5]],[[26798,94302],[60,43],[134,-68]],[[26992,94277],[72,3],[38,-19],[73,-126],[69,-20],[91,-82],[44,-17],[81,28],[20,-18],[-8,-44],[73,-58],[-18,-108]],[[27527,93816],[127,-104],[110,10]],[[27764,93722],[125,92],[53,-29],[46,8],[88,-70],[72,30],[99,-44],[101,11],[14,22],[122,35],[11,50],[-63,18],[73,34],[0,16],[-46,16],[70,38],[-26,30]],[[28503,93979],[90,24],[105,-44],[84,61]],[[28782,94020],[-30,30],[39,14],[7,23]],[[28798,94087],[138,5],[48,23],[26,40],[-21,44],[19,22],[-30,41],[-25,-4],[11,52],[-24,17],[20,15],[-8,26],[33,0],[27,48],[44,15],[-9,-24],[31,-16],[44,44],[-17,39],[-2,225],[60,97],[-5,82],[68,22],[21,71],[-19,70],[56,35],[-35,51],[46,89],[64,-2],[6,16],[68,-18],[11,-79],[78,-48],[11,-36],[38,-10],[144,17],[18,23],[44,-16],[57,31],[101,-42],[129,96],[19,47],[-58,44],[-36,0],[-16,32],[62,24],[34,77],[-46,44],[22,43],[48,26],[-17,35],[35,6],[33,84],[111,32],[20,63],[-45,31],[-3,37],[80,26],[0,29],[94,16],[-98,59],[6,35],[-33,43],[57,43],[-31,19],[16,23],[50,-3],[27,44],[60,14],[13,36],[-37,32],[9,12],[45,-16],[19,38],[42,-12],[104,18],[40,45],[-16,27],[14,33],[52,42],[-2,30],[39,12],[-127,105],[-78,6],[-135,-43],[-75,19],[-58,-36],[25,95],[-103,29],[-106,100],[-180,103],[-21,20],[65,18],[10,32],[-40,15],[-36,60],[-97,17],[-73,-31],[-24,10],[7,22],[-55,7],[-27,-32],[9,-71],[-91,-63],[-44,25],[-8,29],[-54,15],[22,22],[-10,29],[-61,10],[11,26],[-100,60],[-38,52],[11,34],[-20,35],[-24,4],[3,32],[-22,18],[-33,-8],[-24,28],[-36,-3],[-44,-46],[-59,-2],[-41,-36],[-34,27],[-61,5],[-27,29],[-23,-5],[-21,45],[11,41],[-83,-7],[-26,45],[-85,-11],[-37,-93],[-44,-15],[24,-32],[-31,-36],[31,-17],[-23,-7],[15,-18],[-29,-34],[-27,16],[-51,-37],[-78,53],[-15,-56],[-51,0],[3,-23],[-23,-11],[-42,49],[-41,3],[-36,-75],[-33,-9],[-34,-50],[-68,63],[-69,-23],[27,-76],[-58,-10],[-34,42],[-179,16],[-71,-31],[-3,-76],[-39,-45],[-57,-21],[-23,2],[-126,111],[-27,-40],[-71,-23],[-110,69],[-21,0],[-21,-44],[-62,9],[-39,39],[-33,-7],[-66,26],[46,30],[-87,33],[-12,28],[65,17],[14,51],[26,9],[-5,25],[-36,57],[-69,37],[-11,52],[-39,7],[7,31],[-51,12],[10,69],[-79,26],[2,37],[-28,-4],[-16,37],[-36,2],[-75,98],[-40,-14],[-63,29],[-31,-32],[-94,1],[-132,72],[-70,5],[-28,-19],[0,-22],[-66,-8],[-18,-21],[-62,34],[-54,-25],[-25,54],[-48,-16],[-26,48],[-191,-62],[-29,21],[-55,-27],[-29,26],[-135,-20],[-105,10],[-5,-68],[36,-28],[11,-47],[-23,-93],[-46,-76],[-63,-1],[-55,40],[-152,23],[-7,-66],[-107,-13],[-111,52],[-86,-44],[-130,-3],[-44,-70],[29,-46],[-61,-20],[-54,50],[16,51],[-35,37],[-81,26],[1,40],[-56,42],[5,25],[27,-7],[27,60],[-23,17],[-44,-21],[-42,10],[31,42],[-35,17],[-9,46],[-52,45],[-66,1],[-19,-43],[-81,15],[-154,194],[-138,33],[-12,24],[-60,13],[-37,-19],[-32,31],[-37,-3],[-26,41],[15,68],[-32,0],[-18,21],[16,19],[-59,24],[-32,41],[-12,-15],[19,-42],[-238,1],[-5,20],[-66,19],[-33,37],[-38,0],[-79,41],[-70,-14],[-24,-47],[-61,-33],[-104,67],[-57,-7],[-23,-40],[-78,-3],[-51,30],[-33,42],[5,24],[-40,20],[42,85],[-19,15],[12,52],[-29,18],[24,13],[-11,11],[-77,-56]],[[22344,98288],[-71,-10],[-56,15],[-22,-19],[-71,-150],[19,-47],[-80,-92],[1,-52],[-29,-58],[-44,-23],[-64,-181],[-122,-7],[-132,-54],[-48,30],[-87,-29],[-64,18],[-42,-43],[-247,-29],[-88,-65],[-6,-45],[30,-32],[-20,-41],[18,-50],[-16,-75],[-107,-38],[-85,5],[-1,-36],[-64,-74],[-101,-24],[-25,-217],[-142,5]],[[20578,96870],[-95,24],[11,-24],[-22,-71]],[[20472,96799],[48,-8],[48,-51]],[[20568,96740],[134,-1],[48,-37]],[[20750,96702],[21,10],[81,-39],[27,-73]],[[20879,96600],[191,-62]],[[21070,96538],[51,11],[23,-70],[125,-18],[58,-80],[82,-24],[37,-39],[60,-9],[-13,-25],[20,-28],[30,7],[102,-35],[31,-73],[138,-26],[-12,-35],[66,-70],[-22,-116],[43,-57],[66,-14],[77,-75],[-61,-24],[-29,-129],[33,-25],[17,-62],[47,-24],[-13,-11],[73,-79]],[[22099,95408],[38,-11],[130,-7]],[[22267,95390],[29,123],[89,22]],[[22385,95535],[52,42],[67,-1],[38,31]],[[22542,95607],[45,-18],[98,6],[-23,65],[9,32],[45,24],[76,93],[23,-21],[79,12],[84,-17],[5,35],[49,37],[-2,31],[62,55],[24,-10],[28,17],[123,-45],[31,67],[33,-52],[42,42],[58,-34],[21,43],[40,-29],[43,22],[18,69]],[[23553,96031],[31,13],[43,-72]],[[23627,95972],[77,-27],[5,-27],[-50,-47],[36,-72],[33,-29],[97,-25],[-23,-46],[-90,-84],[-67,-36],[-58,-89],[-4,-42]],[[23583,95448],[-87,-42],[8,-32],[72,-17]],[[23576,95357],[9,-41],[84,-78],[-2,-32],[-42,-26],[-8,-27],[31,-17],[5,-32],[69,-4],[30,17],[78,-72],[5,-30],[-54,-43],[19,-39],[-38,-13],[43,-13]],[[23805,94907],[-16,-26],[102,5]],[[23891,94886],[113,-165],[111,-19],[78,38],[5,-68],[50,-2],[59,32],[94,1],[70,-39],[156,-43],[-8,-17]],[[24619,94604],[40,-54],[61,15],[65,94]],[[24785,94659],[5,52],[58,39],[91,3]],[[39388,49030],[11,44],[-20,80],[26,31],[-22,36],[15,23]],[[39398,49244],[-37,51],[105,94],[98,-6],[96,-69]],[[39660,49314],[17,-52],[34,22]],[[39711,49284],[79,-70],[84,-18]],[[39874,49196],[106,23],[15,54],[-33,44],[27,95],[-46,81],[105,36],[42,40],[15,72],[-15,82],[31,18],[7,30],[77,41],[-4,36],[31,20],[-18,15],[32,10],[11,55],[44,28],[35,64],[63,17],[10,20],[-42,46],[24,38],[-8,29],[-58,13],[-14,21],[88,68],[22,90],[-21,17],[-123,-5],[22,45],[-32,10],[-23,49],[63,16],[16,39],[66,35],[16,95],[-40,29],[98,118],[50,21],[93,-31],[41,11],[144,-25],[95,55],[91,-31],[66,12],[3,52],[22,11],[62,-24],[70,54],[32,62],[17,0],[21,-76],[155,-24],[108,18],[6,-18],[38,-8],[70,42],[19,44],[31,18],[34,6],[125,-37],[43,70],[30,-7],[96,37],[50,-13],[129,66],[50,-21],[30,32],[30,-19],[30,7],[12,45],[173,25],[83,69],[52,-12],[33,17],[30,-17],[15,24],[64,-37],[32,32],[21,2],[4,-16],[120,17],[18,21],[58,-14],[57,10],[134,159]],[[43250,51439],[-276,252],[1,72],[28,38],[-62,148],[-37,22],[-58,-31],[-27,47],[26,94],[32,10],[-24,36],[-35,21],[6,-51],[-99,-68],[-150,46],[-98,53],[-280,283],[-319,389],[-688,1013],[-81,154],[-54,222],[5,96],[-62,25],[-43,-19],[0,84],[-432,272],[-119,111],[-128,171],[-237,465],[-21,117],[15,102],[32,67],[37,29],[30,3],[25,-43],[40,23],[43,-8],[40,40],[57,10],[73,-60],[25,16],[11,85],[59,26],[116,7],[-96,141],[-48,23],[-24,-17],[-16,-103],[-33,-12],[-115,84],[-27,6],[-57,-29],[-26,11],[-90,113],[-60,12],[-55,-39],[-61,4],[9,-42],[-22,-44],[-44,-28],[-8,-39],[-45,-10],[54,-164],[-28,-13],[-18,15],[-12,-30],[-39,-15],[-3,-44],[-35,-46],[-80,-3],[-159,55],[-134,91],[-84,93],[2,26],[17,3],[-74,35],[14,10],[-17,90],[24,16],[64,-9],[20,22],[-16,78],[27,40],[82,-16],[-16,39],[20,26],[-9,53],[21,58],[115,20],[37,39],[101,-4],[3,62]],[[39680,56366],[-114,-24],[-42,-27],[-92,30],[-9,-36],[-79,-8],[-151,-106],[-61,3],[-71,31],[-51,-42],[-187,24],[-32,-30],[-149,75],[-141,15],[-62,68],[-114,55],[-122,-122],[-89,-31],[-173,50],[-106,104]],[[37835,56395],[-49,0],[-69,-56]],[[37717,56339],[-37,6],[-12,-36],[-83,-21],[13,-47],[-65,-37],[57,-79],[-8,-57],[-107,-46],[12,-35],[-19,-52],[17,-22],[-38,-73],[12,-53],[-192,-148],[-35,-74],[21,-47]],[[37253,55518],[-60,-102],[-47,-1]],[[37146,55415],[-133,91],[-44,-35],[-50,28],[8,-42],[-34,-53],[-55,-11],[-28,-37],[-121,-25],[-80,-53],[10,-72],[-23,-65]],[[36596,55141],[-129,-81],[-183,27]],[[36284,55087],[-30,76],[-55,42],[-88,4],[-120,72],[-73,6],[-8,40],[40,65],[-42,89],[-157,-47],[-157,-4],[-122,-67],[-6,-18],[53,-64],[-13,-35],[13,-21]],[[35519,55225],[-92,-68],[-139,35]],[[35288,55192],[-81,-2]],[[35207,55190],[-109,140],[-63,10],[-15,-32]],[[35020,55308],[-72,-15],[-50,-60],[-9,-48],[-53,-60],[-35,-85],[-50,-6],[26,-50],[-96,-155],[-38,-123],[9,-37],[-56,-24],[-27,-85],[-41,-16],[-17,-53],[-33,-11],[-18,-32],[-75,-10],[-15,-34],[-91,68],[-44,-10],[-16,-28],[-89,14],[-99,-37],[-31,14],[-85,-34],[-24,-69],[-61,-44],[-29,20],[-56,-22],[-45,-48],[-48,23],[-31,-16],[-7,-46],[-81,-16],[-60,-61],[-97,30],[-10,-35],[-70,-13],[-7,-36],[-63,-18],[120,-136],[-21,-23],[27,-105],[-71,-40],[-12,-100],[-38,-21],[14,-110],[62,25],[169,11],[37,-39],[-31,-39],[-1,-40],[19,-21],[88,-5],[-3,-59],[40,-28],[34,2],[-31,-31],[35,-33],[-29,-51],[22,-37],[-60,-70],[-20,-73],[5,-25],[85,-13],[-22,-49],[18,-67],[97,-60],[161,20],[118,-26],[57,-49],[-10,-65],[44,-9],[34,-64],[-73,-93],[16,-21],[39,5],[11,-27],[46,21],[34,-13],[-2,-136],[66,-102],[49,-229],[70,15],[43,-21],[56,11],[12,-17],[35,23],[5,-28],[42,18],[49,-21],[15,11],[-9,48],[53,23],[101,0],[47,-35],[61,6],[72,-49],[7,-27],[-32,-30],[4,-22],[96,8],[34,-22],[103,-14],[27,-54],[-13,-24],[43,-19],[-1,-66],[33,-25],[-30,-90],[-23,-14],[-5,-55],[82,-66],[101,1],[96,-67],[85,20],[104,93],[66,11],[24,40],[49,-24],[65,2],[20,-19]],[[35936,51536],[48,18]],[[35984,51554],[44,-11],[29,-59]],[[36057,51484],[78,-50],[39,-57],[-5,-94]],[[36169,51283],[30,-45]],[[36199,51238],[-6,-70],[38,-52],[52,-9]],[[36283,51107],[15,-57],[82,-60],[8,-44],[98,-88],[151,26],[-20,-26],[15,-43],[-20,-45],[21,-109],[-22,-15],[34,-41],[21,-121],[25,-24],[-16,-25],[-19,7],[8,-24],[80,-4],[56,41],[106,-35],[17,-46],[41,-26],[52,1],[133,-45],[68,27],[70,-47],[49,-8],[228,19],[51,-80],[64,-20],[64,67],[77,12],[21,31],[89,-13],[59,-117],[74,-24],[13,-70],[205,-52],[30,-43],[87,-17],[35,-88],[-42,-84],[25,-58],[-60,-49],[-27,-91],[-61,-61],[-22,-99],[-102,-37]],[[38144,49402],[-70,-64],[63,-58],[-19,-37]],[[38118,49243],[101,-152],[71,-11]],[[38290,49080],[45,-66],[90,17]],[[38425,49031],[33,-31],[56,33],[35,-24],[165,-38],[7,-35],[77,-88],[109,-18],[28,-18],[21,-53],[48,-30],[95,-7],[123,59],[38,-12],[32,18],[34,-18],[51,12]],[[39377,48781],[86,72],[-26,112],[-49,65]],[[39779,56441],[-43,22],[-27,-79],[57,-12],[13,69]],[[40964,54326],[5,8],[-8,4],[3,-12]],[[41504,54691],[-14,-5],[39,-7],[-25,12]],[[41524,54751],[22,-38],[37,67],[-32,1],[-27,-30]],[[41139,54923],[6,6],[-4,-2],[-2,-4]],[[41162,54935],[13,-14],[6,2],[-4,8],[-15,4]],[[41304,54916],[33,-24],[32,65],[-22,14],[-43,-55]],[[43020,51805],[-4,7],[-2,-11],[6,4]],[[42909,52054],[-1,-13],[31,9],[-30,4]],[[42903,52092],[-6,-6],[9,-5],[-3,11]],[[42929,53952],[43,-5],[8,15],[-35,26],[-16,-36]],[[41964,54506],[-15,32],[13,31],[-66,-43],[4,-20],[64,0]],[[41757,54882],[-7,51],[-38,31],[-71,-31],[-19,-36],[-44,-7],[19,-27],[18,6],[21,-44],[28,26],[47,2],[-8,-15],[27,-5],[13,-43],[-8,-36],[131,-71],[44,-61],[38,3],[-23,47],[23,39],[-26,44],[11,72],[-176,55]],[[67877,55160],[319,104],[181,155],[156,94],[9,42],[-39,26],[-145,0],[-447,-133],[-172,-23],[-168,-63],[-37,-31],[-19,-82],[33,-60],[42,-32],[152,-18],[135,21]],[[61719,56258],[58,-44],[172,-20],[255,113],[122,98],[232,33],[22,36],[-82,2],[-186,-43],[-82,-33],[-118,-98],[-173,-45],[-68,38],[-60,-2],[20,117],[-42,39],[-64,-105],[-6,-86]],[[63057,56412],[168,64],[152,152],[-25,130],[-107,103],[-194,20],[-198,-31],[-152,-4],[-92,17],[-223,-25],[-148,-70],[-438,-292],[37,-26],[52,22],[224,162],[202,90],[144,99],[272,-40],[204,20],[191,-12],[62,-34],[44,-62],[-18,-130],[-108,-85],[-80,-26],[-102,-21],[-90,25],[-37,-21],[117,-48],[143,23]],[[69089,57106],[-70,-5],[-5,-40],[136,-58],[105,9],[6,34],[-19,19],[-153,41]],[[67637,57481],[-91,-12],[-145,-199],[-117,-90],[-453,-204],[-50,-56],[6,-48],[54,-29],[108,-14],[292,36],[301,56],[256,88],[65,96],[0,138],[-72,117],[-101,98],[-53,23]],[[64504,57065],[282,91],[297,-53],[82,52],[-1,60],[-116,60],[-211,50],[-258,-25],[-83,-23],[-146,-95],[-82,-116],[21,-21],[215,20]],[[68308,57381],[-9,25],[-45,11],[-117,-29],[-75,-147],[19,-89],[93,-2],[80,99],[54,132]],[[68881,57652],[-79,48],[-123,16],[-30,-28],[29,-63],[73,-42],[115,10],[26,14],[-11,45]],[[61990,58165],[-19,103],[-45,14],[-48,-67],[34,-86],[-52,-40],[-53,-102],[19,-125],[50,-48],[92,-23],[214,16],[16,25],[-13,37],[-114,75],[-95,134],[14,87]],[[62589,58622],[-23,8],[-127,-25],[-192,-112],[-132,-33],[-59,-50],[-72,6],[-26,-26],[3,-38],[81,-61],[71,3],[55,29],[107,-38],[41,38],[-11,99],[136,25],[52,-14],[40,-41],[-46,-101],[99,-86],[-3,-120],[45,-6],[107,74],[55,-12],[14,-61],[-16,-108],[62,-56],[3,-80],[58,-7],[145,83],[152,217],[5,89],[-99,147],[-189,108],[-133,12],[-118,92],[-62,-25],[-23,70]],[[68269,58310],[-157,-13],[-47,-50],[27,-13],[173,19],[30,22],[-26,35]],[[69396,59318],[-103,-27],[-53,-46],[-8,-35],[65,-26],[17,-41],[65,-32],[47,-206],[101,-67],[20,-93],[78,-35],[5,-312],[-41,-81],[-146,-66],[-96,-111],[-84,-209],[-111,-193],[2,-44],[36,-21],[83,18],[76,45],[176,182],[138,266],[64,219],[-10,352],[-84,138],[-27,156],[-159,176],[-2,77],[-49,16]],[[62779,58691],[-102,15],[-45,-14],[-13,-26],[212,-153],[19,28],[-27,99],[-44,51]],[[68832,58721],[-117,-17],[-40,-48],[179,38],[-22,27]],[[65984,59852],[1,-65],[32,-51],[113,-30],[53,15],[4,70],[-56,31],[-49,70],[-114,62],[-22,-33],[38,-69]],[[66884,60308],[-139,-12],[-64,-49],[-9,-65],[61,-102],[105,6],[51,-24],[-1,-58],[51,-10],[64,-49],[24,-63],[24,-11],[54,68],[10,226],[-38,74],[-193,69]],[[66451,61161],[-74,6],[-103,45],[-108,1],[-256,-90],[-57,-103],[92,-47],[37,-43],[92,12],[82,38],[109,-11],[113,27],[126,-90],[58,12],[88,-22],[-12,-55],[79,-15],[30,-49],[-12,-171],[47,-27],[97,10],[13,76],[63,-6],[38,22],[-3,29],[-83,53],[-85,135],[-172,97],[-199,166]],[[61239,61580],[379,153],[113,14],[29,29],[-12,34],[-62,54],[-175,39],[-147,-19],[-263,-89],[-65,-72],[22,-62],[92,-69],[89,-12]],[[38812,32399],[88,-73],[52,-83]],[[38952,32243],[13,-82],[70,-87],[92,-67],[17,-95],[42,-54],[219,78],[84,51],[16,-49],[31,-13],[-4,-41],[32,35],[29,-5],[21,-61],[31,-11],[-2,19],[33,8],[72,-39],[75,80],[28,-33],[-3,-32],[21,-7],[29,66],[14,-35],[51,-7]],[[39963,31862],[18,-94],[37,49]],[[40018,31817],[50,23],[-38,38],[26,56],[53,26],[-6,47],[86,30],[29,56],[88,-17],[42,-53],[97,96],[63,9],[4,28],[59,37],[62,-14],[-2,34],[-45,11],[18,76],[40,-17],[7,22],[28,-8],[62,45],[91,-8],[111,-77],[43,16],[122,0],[95,48],[15,45],[65,-53],[-20,43],[22,9],[4,26],[21,0],[-16,33],[10,54],[22,-28],[30,3],[52,58],[-9,-43],[20,0],[41,46],[-6,83],[21,-7],[22,-48],[25,40],[-6,35],[58,-4],[-21,32],[18,28],[15,-28],[43,3],[50,-81],[-5,-45],[78,-46],[65,23],[68,-11],[45,25],[11,21],[-25,23],[41,44],[51,-34],[15,23],[38,-22],[46,-1],[28,21],[12,-36],[21,12],[4,-21],[31,4],[-3,-20],[66,16],[-26,-36],[68,-34],[86,30],[-7,11],[63,-1],[33,45],[36,-12],[71,32],[69,-5],[112,36]],[[42771,32609],[124,146]],[[42895,32755],[-55,153],[30,67],[40,31]],[[42910,33006],[12,48],[-10,35],[-33,11]],[[42879,33100],[15,64],[-45,13],[-36,58],[35,36],[10,48],[-26,0],[-41,41],[23,57],[65,47],[25,61],[82,70]],[[42986,33595],[6,68],[100,70]],[[43092,33733],[156,-59],[61,37],[15,104],[28,21],[60,-18],[25,35],[70,12],[108,-54],[18,-33],[-14,-32],[23,-29],[82,20],[54,-33],[-1,-23],[98,-37],[17,-37],[65,-4],[18,-29],[92,-29],[43,3],[-17,16],[14,64],[29,14],[28,68],[-107,63],[-12,29],[80,66],[8,47],[27,-2],[-35,72],[48,79],[84,69],[3,65],[25,23],[-27,22],[11,37],[-24,10],[8,27],[54,13],[122,109],[-86,130],[-64,21],[78,85],[77,-5],[107,61],[31,-6],[-22,77],[118,166],[149,-32],[70,54],[-19,77],[148,94],[34,-3],[34,22],[-29,38],[67,47],[89,3],[3,56],[111,7],[23,-17],[54,58],[58,-52],[65,-7],[43,46],[-13,66],[70,35],[3,27],[32,-3],[-14,19],[31,34],[-5,23],[39,27],[4,54],[55,0],[46,-70],[61,-37],[33,3],[18,40],[-13,26],[41,47],[21,81],[29,12],[45,72],[156,12],[35,20],[30,-17],[46,8],[48,-18],[33,-66],[54,-20],[164,122],[14,30],[99,-31],[89,-2],[105,53],[52,-14],[49,28],[2,-29],[34,-20],[6,22],[37,11],[22,52],[69,-13],[55,57],[81,16],[26,56],[148,-160]],[[47505,35912],[33,53],[48,17],[17,29],[-12,48],[131,36],[2,2],[-7,8],[-10,2],[-3,12],[75,28],[52,-7],[1,-65],[-88,-78],[-27,-52],[54,-4],[65,59],[94,17],[-10,113],[49,16],[-33,44],[30,56],[-31,-7],[-16,17],[30,85],[-73,17],[-101,132],[15,53],[-156,136],[-218,253],[-265,423],[-203,261],[-51,101],[-21,99],[12,99],[48,89],[33,2],[-52,46],[-34,134],[35,46],[60,27],[-33,56],[6,73],[87,27],[-53,137],[-114,118],[-52,124],[14,103],[20,16],[66,-11],[-3,30],[-50,63],[37,34],[-14,49],[-120,13],[-41,-9],[5,-24],[-32,-21],[-40,5],[-70,64],[-28,122],[-63,29],[-78,-27],[-47,32],[22,27],[15,-16],[39,6],[22,88],[-75,25],[-1,15],[42,13],[11,37],[35,-14],[37,24],[-8,20],[-70,10],[-28,81],[26,59],[-13,21],[61,77],[-5,34],[-25,13],[30,38],[13,-11],[25,24],[23,-15],[-21,38],[14,5],[20,-4],[3,15],[4,-1],[0,6],[5,1],[-4,-2],[4,-4],[-12,-18],[44,-58],[101,-15],[66,-92],[31,-17],[20,13],[53,-49],[-12,-54],[-35,-7],[-10,15],[-45,-82],[-76,1],[-44,-42],[57,-43],[-15,-22],[19,-30],[30,22],[97,-11],[3,20],[24,-2],[20,-26],[-13,-25],[36,-24],[6,44],[35,2],[-13,23],[55,-17],[-5,151],[64,38],[-28,44],[7,48],[38,36],[27,-21],[26,13],[-23,56],[-31,14],[-24,-58],[-83,1],[-88,104],[-31,110],[49,64],[40,-34],[-7,60],[12,17],[-46,44],[-8,-3],[-44,17],[-15,21],[-35,2],[-22,82],[26,66],[64,23],[-2,42],[58,2],[-66,54],[1,-21],[-35,-6],[-84,38],[-101,86],[-88,108],[-104,191],[29,27],[-12,36],[30,4],[-20,77],[26,32],[-41,40],[-61,25],[-39,-15]],[[46352,40993],[-27,10],[-32,78]],[[46293,41081],[-25,11],[-57,-9],[-53,-63],[-88,-2],[-42,-42],[-44,13],[5,-58],[-38,-83],[19,-50],[-9,-79],[-52,-22],[-118,80],[-29,9],[-17,-24],[-6,-38],[54,-70],[-5,-19],[-49,-9],[-24,-26],[19,-65],[-32,-60],[27,-57],[-39,19],[-73,-25],[-29,-57],[-48,-12],[-28,-30],[-205,13],[-18,-47],[-37,-14],[-24,-68],[-45,-18]],[[45183,40179],[-30,-82],[-69,-9]],[[45084,40088],[-10,-27],[-34,13],[-34,-30],[-53,-1],[-68,36],[-48,-16],[-43,15],[-16,-15],[-181,6],[-55,34],[-27,-5]],[[44515,40098],[-79,57],[-88,6],[-23,-25]],[[44325,40136],[-57,19],[-19,-27],[-160,-11],[-2,39],[-58,40],[-45,123],[-45,-24],[-112,4],[-35,48],[-23,-11],[-27,37],[-191,4],[-31,-54],[-39,10],[-42,-52],[-129,27],[-6,-69],[-55,11],[3,-32],[-48,-71],[16,-17],[-11,-50],[-37,-32],[0,-24],[-85,-8],[-9,-103],[-28,-13],[-1,-34],[-38,-45],[80,-74],[-11,-62],[89,0],[54,-36],[56,-5],[54,41],[36,-26],[20,31],[116,24],[10,-15],[64,14],[23,34],[13,-10],[4,-47],[-22,-12],[-16,-54],[41,-8],[2,-31],[24,-1],[39,-65],[-6,-179],[18,-81],[-23,-17],[14,-145],[25,-41],[-12,-18],[108,-82],[42,-74],[55,-41],[4,-35],[104,-169],[35,-25],[42,10],[26,-37],[-25,-130],[16,-89],[-38,-130],[-54,-10],[-16,-32],[-28,-6],[13,-43],[-27,-42],[49,-59],[-42,-18],[6,-62],[-27,12],[-8,-39],[-37,-34],[25,-36],[-34,-18],[-43,22],[-24,-9],[-24,-64],[-63,35],[-60,-81],[-7,36],[-43,3],[-8,-66],[-32,37],[-30,-36],[-62,33],[3,-55],[-104,-26],[-6,-52],[45,-12],[11,-25],[-59,-21],[-62,-143],[39,-358],[-280,-92],[-137,-6]],[[42946,36969],[-76,-112],[-39,-13]],[[42831,36844],[-34,35]],[[42797,36879],[-46,8],[-38,-24],[-29,11],[-53,61]],[[42631,36935],[-118,-21],[-58,16],[-24,-16],[-55,71],[-39,-7],[-55,70],[-91,-8],[-61,-53],[-245,90],[-112,-8],[-21,26],[18,17],[-16,35],[36,90],[30,15],[-26,29],[12,24],[-28,-2],[-36,51],[-58,26],[-7,18],[18,8],[-42,41],[-47,18],[27,29],[-11,31],[-117,61],[-61,-4],[-44,52],[19,51],[49,7],[14,29],[-36,6],[11,40],[-30,22],[17,65],[-177,107],[-88,110],[-12,81],[-23,12],[-12,49],[40,34],[-32,38],[4,31],[22,12],[-72,46],[-17,62],[-19,14],[-46,-30],[-66,8],[-75,63],[-28,2],[14,48],[-33,157],[21,7],[-67,75],[-44,4],[-14,83],[-52,23],[12,36],[-67,-7],[-107,47],[-54,-17],[-118,56],[-39,-9],[-56,70],[-109,63],[-38,-23],[-100,-3],[-32,35],[-12,-17],[-55,-5],[-47,15],[-47,-27]],[[39799,39104],[-25,52],[-42,-21]],[[39732,39135],[-61,44],[-101,18]],[[39570,39197],[-28,49],[-62,18],[-14,37],[-75,-5],[-60,54],[-31,-9]],[[39300,39341],[-46,26],[-31,-13]],[[39223,39354],[-88,45],[-36,-32],[-78,-23],[-31,10]],[[38990,39354],[-60,-58],[-6,29],[-17,-3],[-25,-28],[-28,62],[-30,-19],[-3,17]],[[38821,39354],[-44,-11],[-1,22],[-23,8],[-53,-69],[-30,-10],[-33,21],[-17,-43],[-42,-3],[-33,-50],[-51,-7],[-30,-29],[-80,58],[-27,-12],[-67,25],[-19,-15],[8,-38],[-47,-16],[-102,-5],[-59,30],[-4,-32],[-35,-2],[-7,-39],[-71,16],[-57,55],[-60,17],[-83,3],[-96,-23],[-7,23],[-65,34],[-161,-27],[-80,66],[-126,-49],[-119,9],[-26,-37],[13,-41],[-50,4],[-40,-38],[-115,-37],[-23,-28],[-13,45],[-72,-16],[-22,-38],[-80,25],[-45,-7],[-60,21],[-20,27]],[[36547,39141],[-49,-26],[-46,29],[-58,-21],[-30,-56]],[[36364,39067],[-28,12],[-65,-38],[-25,-48]],[[36246,38993],[-52,4],[-53,-45],[-34,-3]],[[36107,38949],[-6,-102],[-57,19]],[[36044,38866],[-8,-41],[-55,-7],[-9,-39],[-87,-16],[-10,-25],[-52,-21]],[[35823,38717],[-768,-1647],[15,-41],[24,4],[-6,-28],[-22,-4],[-1,-126],[48,-20],[-12,-76],[50,-60],[-111,-34],[17,-33],[-32,-67],[18,-23],[-24,-10],[5,-32],[53,-34],[-4,-37],[24,-4],[-23,-39],[64,-48],[-50,-42],[17,-31],[-40,-41],[7,-21],[29,-7],[13,-92],[40,-41],[43,-8],[2,-77],[62,-15],[38,-88],[95,-33],[30,-78],[34,10],[-2,-25],[25,-13],[-14,-67],[31,-9],[21,-55]],[[35519,35625],[101,15],[98,-16],[65,44],[47,-45],[172,54],[49,-48],[128,15],[100,-34],[18,10],[-2,-19],[52,-15],[244,-22],[51,-27],[84,23],[23,-25]],[[36749,35535],[210,-15],[152,11]],[[37111,35531],[35,24],[-9,16],[29,-9],[-3,28],[46,0],[39,75],[52,1]],[[37300,35666],[95,62],[61,-32],[54,-60]],[[37510,35636],[-69,-105],[23,-52],[-7,-53],[30,-38],[49,-31],[104,18],[56,-10],[89,-40]],[[37785,35325],[39,-56],[-15,-39],[-69,-36]],[[37740,35194],[-23,-72],[110,-119],[-47,-108],[54,-63],[9,-39],[-69,-48],[27,-27],[57,13],[23,-17],[-11,-61],[26,-38],[-15,-59],[53,-16],[2,-102],[39,-17],[-15,-86],[-158,-46],[-100,-64],[-9,-32],[28,-31],[-53,-42],[1,-49],[42,-7],[103,-80],[32,23],[155,-13],[124,-50],[108,-65],[39,-74],[72,-17],[-3,-41],[44,-1],[28,-58],[-42,-39],[3,-25],[-25,-13]],[[38349,33611],[-47,-108],[-122,-59]],[[38180,33444],[-78,32],[-61,-7],[-56,-58],[-45,3],[21,-21]],[[37961,33393],[-13,-25],[-57,23],[12,-65],[-38,11],[-11,-17],[33,-17],[34,7],[5,-16],[-83,-38],[-13,-42],[29,-45],[57,-12]],[[37916,33157],[-33,-19],[-3,-27],[19,-11],[25,15],[49,-87],[-25,-81],[23,-25]],[[37971,32922],[-1,-47],[68,-48]],[[38038,32827],[-4,-46],[59,-54],[124,-51],[12,-81],[162,48],[41,-52]],[[38432,32591],[70,43],[29,-78]],[[38531,32556],[137,-10],[-14,-36],[24,-88]],[[38678,32422],[84,-31],[50,8]],[[46391,39277],[-5,-7],[6,-4],[-1,11]],[[46577,39273],[-7,10],[-33,-21],[5,-2],[35,13]],[[46522,39825],[1,-4],[4,0],[-5,4]],[[46531,39826],[-3,1],[0,-5],[3,4]],[[47529,35803],[-1,2],[-2,-1],[3,-1]],[[47535,35857],[-6,-51],[26,25],[-20,26]],[[47856,36692],[-2,3],[-5,-3],[7,0]],[[47860,36692],[0,1],[-2,0],[2,-1]],[[47833,36704],[-1,-2],[1,-1],[0,3]],[[47836,36708],[-2,1],[0,-1],[2,0]],[[47078,37882],[4,7],[-16,3],[12,-10]],[[46995,37962],[-13,-25],[29,-17],[5,3],[-21,39]],[[47068,38414],[-7,4],[0,-3],[7,-1]],[[47137,38626],[-24,-16],[12,-61],[73,1],[6,39],[-25,-8],[-42,45]],[[46804,39184],[-11,-10],[6,-3],[5,13]],[[46785,39381],[1,-1],[1,0],[-2,1]],[[46592,39595],[33,12],[-4,29],[-8,-3],[-21,-38]],[[46745,39633],[17,9],[-15,27],[-11,-10],[9,-26]],[[46818,39671],[4,-2],[4,6],[-8,-4]],[[46675,39709],[1,10],[-5,-6],[4,-4]],[[46942,39950],[-5,2],[1,-6],[4,4]],[[46888,40066],[2,4],[-3,0],[1,-4]],[[46845,40382],[-1,10],[-3,-7],[4,-3]],[[7036,84834],[96,-2],[28,-49],[49,-16],[73,22]],[[7282,84789],[50,-5],[37,30]],[[7369,84814],[-12,19],[-18,16],[-25,-12],[-26,4]],[[7288,84841],[2,1],[9,2],[13,0],[56,33],[75,-34]],[[7443,84843],[14,31],[41,19],[9,20]],[[7507,84913],[-91,107],[2,74]],[[7418,85094],[71,57],[37,-17],[43,15],[-19,61],[24,41],[-17,24],[11,39],[-39,105],[-55,32],[12,13],[-27,-4],[-9,30],[35,6],[12,38],[-25,16],[57,18],[0,21],[-20,5],[22,21],[-35,9],[14,8],[-26,15],[9,32],[-67,56],[9,40],[-23,10],[31,40],[-21,20],[37,-12],[3,35],[28,9],[16,43],[-44,95],[34,7],[-12,19],[33,21],[-23,12],[15,12],[66,-42],[65,3],[28,-22],[17,24],[117,-30],[99,-56],[61,-60],[48,-2],[75,-35],[3,-25],[53,-10],[41,23],[108,-1],[105,24],[-18,85],[-55,45],[-2,72],[-55,65],[23,80],[-23,87],[-51,59],[119,108],[61,-43],[68,55],[23,179],[-38,50],[14,161],[-50,120],[30,2],[51,64],[-5,59],[22,65],[-68,149],[-58,20],[-43,49],[-117,-17],[-107,73],[-78,15],[-1,93],[62,5],[59,80],[-3,44],[-101,27],[-69,-3],[-27,113],[-81,55],[-40,-1],[-3,51],[-54,42],[44,20],[41,69],[113,-34],[47,34],[47,-11],[28,14],[-10,38],[136,-9],[47,33],[26,64],[30,-95],[-11,-45],[188,21],[40,27],[14,16],[-25,38],[74,83],[-28,71],[8,65],[-44,33],[30,99],[64,62],[-21,38],[32,7],[42,-19],[24,22],[73,3],[27,41],[105,47],[86,-10],[31,61],[-18,129],[91,25],[-25,103],[25,30],[33,-7],[1,67],[62,12],[7,37],[33,26],[-1,47],[39,35],[-62,40],[-3,39],[-39,2],[9,20],[-21,0],[-2,21],[103,56],[15,71],[107,97],[52,10],[61,-64],[33,47],[-94,135],[14,18],[-56,76],[-40,104],[11,15],[-76,55],[-23,86],[-111,81],[2,21],[68,22],[-9,35],[17,23],[-41,23],[-2,27],[-69,80],[38,54],[-40,55],[-51,17],[8,46],[-43,75],[-2,43],[-73,34],[-20,37],[-103,10],[19,27],[-45,27],[14,35],[-40,43],[23,43]],[[8814,90958],[-51,23],[5,56]],[[8768,91037],[70,-41],[35,2],[40,-39],[37,42],[86,16],[-36,71],[-119,144],[73,44]],[[8954,91276],[-62,79],[-65,46],[-108,36],[-100,105]],[[8619,91542],[-14,98],[88,65]],[[8693,91705],[0,20],[-102,148],[-56,18],[-71,-14],[-41,74],[-47,36]],[[8376,91987],[-14,76],[-44,64],[-65,199],[-62,73]],[[8191,92399],[-22,81],[-46,13],[-188,-27],[-149,4],[-154,-164]],[[7632,92306],[-11,-73]],[[7621,92233],[-85,-8],[-52,-34],[-13,-112]],[[7471,92079],[-72,-91],[125,-150],[-13,-45],[-34,-17],[-275,68],[-108,81],[-90,39],[-136,2],[-130,59],[-46,-31],[-82,-3],[-22,-41],[-22,1],[-79,41],[-73,127],[-128,40],[-45,-155],[-38,-37],[35,-19],[-2,-57],[-117,-3],[-84,36],[-33,-10],[-21,-50],[-69,-29],[-44,-5],[-110,53],[-120,-37],[-30,11],[-33,-51],[7,-46],[-23,-10],[-9,-37],[-37,-14],[-39,31],[-60,-7],[-26,18],[-28,27],[24,28],[-27,47],[-42,39],[-49,13],[-18,49],[-96,12],[-9,52],[53,60],[-28,101],[-50,30],[7,-104],[-124,-27],[-61,-66],[-46,-9],[-73,36],[-71,-18],[-35,-107],[-25,0],[-28,37],[-234,0],[-62,51],[-218,81],[1,43],[32,36],[-34,4],[-58,99],[-38,-9],[-40,53],[-77,40],[-31,83],[14,39],[-28,105],[69,56],[12,126],[31,52],[-23,11],[-12,47],[-52,37],[-10,36],[-68,37],[5,19],[-88,3],[-6,16],[-33,-19],[-55,44],[-66,7],[9,12],[-105,87],[-105,-57],[120,-53],[52,-48],[-3,-41],[52,-65],[20,-61],[-19,-72],[-45,-27],[-12,-68],[-72,-90],[-105,49],[-94,-8],[-37,19],[-19,63],[-45,0],[-43,60],[-32,10],[-16,142],[34,31],[-11,46],[-76,32],[-15,-11],[-174,136],[-100,2],[-62,-105],[-67,-10],[-68,24],[-129,88],[-34,109],[-77,91],[-31,5],[-14,55],[-102,97],[-4,47],[-118,90],[7,47],[-53,65],[-52,35],[-34,-4],[-67,31],[-30,94],[-78,13],[-36,55],[-36,30],[-31,-6],[-33,40],[-6,25],[33,24],[-8,35],[46,-18],[-9,90],[-46,40]],[[1613,94213],[20,127],[-70,58]],[[1563,94398],[-76,9],[-31,24],[-31,-8],[-11,88],[-79,12],[7,89],[-27,3],[10,10],[-55,92],[33,35]],[[1303,94752],[-22,-5],[-58,39],[-32,55],[-24,3],[13,23],[-35,-3],[-113,-85],[-6,-42],[-48,-50],[9,-32],[-41,-48],[-54,-13],[-31,-83],[16,-37],[-13,-20],[-68,-8],[-19,-78],[-87,-18],[-1,-30],[54,-50],[76,-146],[-39,-67],[-123,48],[-33,37],[-109,-17],[-68,38],[-34,-26],[-136,45],[-73,-13],[-31,-26],[-72,11],[-7,-26],[-29,-7],[5,-47],[-70,-99],[29,-25],[0,-39],[70,-33],[23,-44],[39,-9],[18,-28],[-56,-56],[16,-46],[79,-94],[57,15],[68,-33],[-52,-62],[-51,-27],[-23,-45],[5,-58],[84,-12],[100,-70],[35,-1],[5,-21],[140,-21],[3,-44],[-24,-13],[26,-34],[-11,-31],[51,-26],[15,-31],[-30,-35],[17,-59],[115,-24],[12,11],[16,-19],[31,21],[38,-6],[-8,-68],[46,-31],[-14,-45],[22,-45],[26,13],[89,-10],[39,-27],[30,13],[7,28],[81,-30],[87,-92],[5,-132],[79,-18],[81,22],[160,-105],[3,-121],[78,-24],[76,15],[90,-73],[85,4],[-6,-26],[45,-79],[-19,-48],[54,-44],[-5,-31],[-31,-6],[6,-24],[78,-10],[44,-42],[82,-23],[0,-26],[76,-96],[56,-18],[12,-30],[31,22],[21,-26],[42,22],[68,-42],[11,-40],[-88,-58],[-94,4],[-32,-45],[3,-82],[68,-54],[61,-84],[39,-31],[47,5],[89,-39],[179,-106],[17,-26],[95,-23],[30,-37],[189,-53],[55,-116],[-52,-113],[-25,-3],[9,-27],[20,-27],[102,-21],[-10,-21],[38,-28],[75,-13],[6,-27],[-27,-39],[59,-135],[-18,-112],[74,-50],[18,-46],[-14,-64],[-72,-110],[-6,-171],[-19,-16],[38,-26],[10,-52],[52,-58],[2,-62],[42,-87],[-30,-34],[32,-18],[38,-72],[17,-43],[-12,-16],[72,-3],[24,20],[-8,21],[37,17],[32,-18],[74,20],[37,-14],[111,8],[18,-25],[39,-1],[61,34],[34,55],[53,10],[36,37],[11,48],[107,101],[81,8],[30,57],[52,14],[-15,32],[36,44],[34,-5],[46,28],[-44,159],[3,96],[-39,82],[38,46],[-66,159],[44,41],[0,50],[115,40],[57,1],[53,-25],[15,-111],[25,-23],[-19,-58],[10,-53],[24,-26],[-37,-54],[33,-37],[-25,-84],[42,-25],[-7,-63],[-38,-50],[-4,-40],[30,-56],[-16,-58],[88,-48],[12,-29],[37,-14],[1,-23],[57,63],[76,10],[32,28],[30,-10],[104,47],[88,-3],[119,25],[10,30],[87,80],[34,-10],[-11,-51],[29,-11],[72,-88],[5,-86],[-71,-59],[13,-45],[63,-28],[-30,-100],[9,-41],[-43,-21],[21,-20],[-25,-17],[9,-49],[37,5],[-17,-27],[20,-19],[-28,-6],[27,-42],[-12,-14],[33,-26],[-21,-25],[15,-17],[-28,-10],[-1,-44],[42,-24],[4,-103],[-45,-17],[-34,-65],[-66,-31],[-70,-82],[16,-45],[-121,-83],[-6,-34],[-66,-17],[5,-43],[-31,-3],[-62,-42],[3,-29],[-36,-7],[11,-54],[-21,-41],[-30,-8],[0,-50],[-30,-15],[-84,17],[-30,-15],[36,-39],[-40,-41],[4,-85],[-53,-21],[8,-43],[-61,-59],[29,-29],[51,5],[121,68],[0,-21],[30,-13],[6,25],[54,19],[2,44],[55,62],[99,22],[34,-16],[-57,-72],[-15,11],[-52,-90],[-38,-100],[8,-51],[-61,-42],[-17,-47],[-74,-34],[18,-71],[-26,-42],[29,-14],[-37,-30],[21,-25],[-49,-147],[71,-90],[-17,-74],[-86,-34],[-45,19],[-122,-28],[-44,11],[-21,-59],[-41,15],[-24,-61],[-29,7],[-14,-36],[-113,-37],[10,-20],[-60,-29],[50,-42],[-24,-33],[60,12],[20,-48],[124,9],[47,44],[32,-11],[25,31],[23,-13],[14,13],[43,-29],[138,-38],[71,-84],[60,-18],[-28,-67],[24,-89],[-52,-85],[39,-60],[-8,-24],[-29,-7],[-7,-53],[97,-30],[29,-33],[40,41],[61,-21],[4,-35],[77,-75],[-58,-58],[-1,-31],[137,-80],[42,-115],[-44,-84],[86,-90],[27,10],[149,-51],[81,35],[76,-42],[60,2],[-5,-44],[44,-30],[-11,-50],[35,-12],[73,-126],[22,-3],[-6,-55],[22,-42],[61,-40],[5,-68],[29,-4],[26,-54],[32,-2],[12,-92],[-18,-71],[65,-58],[72,-1],[20,-55],[-13,-41],[33,-6],[16,-34],[-18,-12],[-1,-59],[50,-27],[63,81],[155,-35],[72,22],[36,59],[44,-37],[62,-13],[27,-39],[29,-3],[39,29],[17,-28],[70,-3],[39,-32]],[[30573,23325],[-34,-64],[-203,-95],[-119,-169],[6,-88],[33,-57],[101,-97],[222,-120],[49,-107]],[[30628,22528],[67,-67],[76,-8]],[[30771,22453],[50,68],[49,8],[57,-18],[82,67],[65,0],[18,-47],[122,-97],[50,-97],[65,10],[41,-40],[88,-38],[128,-20],[91,-67],[60,-21],[23,59],[-8,45],[30,25],[0,29],[107,31],[5,19],[-72,70],[20,59],[47,19],[59,-34],[-16,70],[205,84],[340,-33],[35,69],[128,60],[24,56],[58,16],[39,149],[-5,110],[31,-22],[-1,34],[20,3],[-50,14],[-4,76],[104,-5]],[[32856,23164],[230,169],[113,15],[0,-100]],[[33199,23248],[97,-6],[65,44],[85,-28],[-1,-21],[370,-7],[-7,-28],[31,-7],[-16,-24],[24,-102],[-16,-1],[-14,-57],[30,-36],[-36,-55],[51,-60]],[[33862,22860],[-54,-55],[122,-99],[90,52]],[[34020,22758],[81,-12],[53,19],[4,113],[-23,57],[46,39],[31,93],[47,31],[22,-10],[-4,16],[58,42],[21,60],[41,34],[15,-7],[15,44],[23,2],[22,36],[64,36],[56,-24],[47,102]],[[34639,23429],[62,30],[10,36],[48,36],[61,-10]],[[34820,23521],[25,-71],[93,15],[87,-154],[71,-6]],[[35096,23305],[237,65]],[[35333,23370],[192,125],[82,93],[26,122],[-35,96],[-83,113],[3,417],[-116,250],[-42,0],[-35,91],[-49,15],[-27,38],[-8,-13],[-31,17]],[[35210,24734],[-46,67],[-49,11]],[[35115,24812],[-116,-52],[-45,-1],[-60,57],[-56,4],[-46,26],[-12,44],[-28,16],[-73,21],[-11,-14],[-23,28],[-42,2],[9,26],[-62,3],[-2,24],[-40,-18],[-21,35],[-55,7],[37,24],[108,-17],[59,79],[-20,74],[61,39],[-8,28],[49,12],[31,-31],[73,167],[-60,81],[-55,25],[-11,51],[52,12],[15,62],[28,-17],[57,31],[-22,48],[49,49],[-12,53],[36,24],[31,-13],[-18,30],[27,20],[-6,37],[53,-13],[-37,67],[32,8],[10,-28],[28,36],[-40,32],[66,41],[-36,30],[52,25],[53,-30],[-36,28],[43,24],[-25,44],[7,39],[23,1],[17,-43],[34,12],[7,38],[34,7],[16,42],[14,-23],[36,22],[-6,125],[-34,75],[29,34],[7,56],[-41,61],[9,26],[106,68],[3,53],[52,100],[5,100],[-24,-47],[-37,-23],[-69,90],[-52,29],[-22,59],[-79,-10],[6,44],[-27,6],[3,24],[-71,9],[-15,26],[19,160],[-86,54],[-121,-35],[-22,9],[-6,-46],[23,-8],[-16,-17],[-63,-3],[21,53],[-33,23],[-76,-41],[0,92],[101,43],[33,67],[77,30],[-7,56],[32,29],[33,-10],[2,17],[-68,67],[-40,12],[-14,62],[-79,50],[2,40],[-58,-26],[-21,41],[-58,-50],[-55,46],[-15,59],[-53,10],[-23,-19],[-77,-4],[-7,-33],[-74,-34],[-44,15],[57,40],[-6,49],[25,63],[-43,92],[-29,0],[30,-40],[-11,-15],[-71,41],[43,33],[-35,39],[33,36],[-35,53],[-22,-12],[-7,-125],[-59,-37],[-10,-59],[-54,7],[-34,57],[-138,-2],[-65,103],[26,6],[28,-22],[14,21],[-79,39],[-18,41],[62,85],[-40,48],[24,68],[-114,83],[-96,28],[-24,33],[29,53],[-47,45],[1,23],[77,121],[47,30],[-42,38],[36,36],[16,171],[67,19],[29,59],[96,8],[65,51],[64,-7],[115,28],[25,59],[42,-8],[13,30],[57,30],[84,12],[23,-34],[21,6],[39,54],[-26,23],[12,25],[-29,25],[3,37],[27,37],[26,-21],[51,48],[-29,44],[4,35],[53,47],[6,47],[25,-15],[-16,21],[22,39],[54,38],[-8,68],[-23,27],[-89,10],[-22,27],[-32,128],[-43,30],[-58,141],[-100,53],[-20,35],[-50,5],[-43,31],[26,4],[-32,42],[21,2],[12,29],[-31,13],[-3,61],[-27,2]],[[34124,30576],[6,14],[18,9]],[[34148,30599],[-138,179],[-37,16],[-3,29],[-68,20],[-41,-15],[-26,29],[-14,-14],[-48,7],[13,38],[-33,17],[4,18]],[[33757,30923],[-18,-16],[6,-20]],[[33745,30887],[-39,16],[-26,-34],[-10,31],[-17,-27],[-33,24],[-15,-23],[-49,43],[-58,3],[-18,31],[-45,-2],[20,52],[-22,29],[-12,-33],[-27,18],[-17,-52],[-17,0],[19,98],[-19,91],[17,12],[-30,152],[36,25],[-16,52],[55,90],[-69,8],[-25,55],[-26,11],[45,49],[-40,362],[-111,622]],[[33196,32590],[-20,16],[-84,-22],[5,-22],[-38,-4],[-14,-44],[-23,15],[-24,-30],[-54,-18],[-55,8],[-50,-18],[6,-60],[-48,-14],[22,-31],[-32,-3],[10,-52],[-30,6],[-11,-16],[18,-14],[-31,-8],[15,-15],[-25,-26],[29,-5],[-13,-44],[-33,-2],[-22,-33],[-24,20],[-15,-33],[-21,15],[1,-30],[-23,4],[-14,-23],[-18,11],[11,11],[-18,-2],[-27,-57],[-35,-12],[2,-38],[-35,-21],[9,-45],[-19,1],[-17,-62],[-43,4],[10,29],[-42,-12],[-39,24],[-8,-52],[-27,-15],[70,-47],[-9,-44],[-30,10],[-72,-39],[-26,21],[-21,-24],[19,-16],[-26,-41],[-21,5],[19,-38],[-33,0],[-15,-29],[14,-19],[-21,1],[-9,-21],[-50,1],[-56,-36],[-9,-30],[-31,39],[-22,-18],[10,-28],[-28,-13],[-11,25],[-44,-39],[-33,1],[21,-20],[42,-1],[-38,-27],[-34,12],[0,-25],[43,-13],[-68,-4],[27,-16],[-15,-31],[-37,7],[-192,-73],[-4,-29],[-100,-30],[-29,-42],[-57,9],[-106,-43],[-92,44],[-58,-18],[-79,49],[-102,4],[-21,-26],[-36,4],[-35,-29],[-52,49],[-59,-14],[-38,18],[-46,58],[-68,-5],[-16,-25],[-31,10],[-18,-16],[-42,34],[-38,-7],[-45,-36],[2,-22],[-43,3],[10,-21],[-20,-24],[25,-17],[-55,-27],[2,-19],[-16,7],[-27,-66],[16,-12],[-57,-21],[4,-40],[-32,-10],[15,-21],[-21,1],[-12,-33],[-23,4],[12,-21],[-42,1],[3,-35],[26,-15],[-20,4],[1,-30],[-26,-15],[1,-9],[15,-2],[-7,-22],[-14,14],[-31,-28],[23,-18],[-15,-12],[28,-14],[-14,-18],[18,-31],[-21,-8],[-17,18],[-7,-23],[-14,13],[-17,-13],[-2,18],[-37,-14],[-14,-38],[-29,3],[3,-46],[-9,26],[-37,0],[-9,-22],[-35,4],[-25,-25],[-27,24],[-28,-34],[-76,3],[-45,48],[6,35],[-24,9],[-21,-18],[-33,44],[-67,32],[-41,-61],[69,-85],[-24,6],[-6,-20],[-31,21],[-17,-17],[-41,34],[11,39],[-29,-9],[-5,-35],[-18,5],[-2,-52],[-31,9],[5,62],[-13,-8],[-11,19],[-634,-33],[-2,47],[-77,27],[-53,-2],[-14,-28],[-111,-47],[-55,29],[-93,0],[-27,63],[-65,36],[-56,-25],[-33,9],[-59,-55],[15,-25],[-13,-9],[-100,-1],[-38,18],[367,-654],[-31,-1],[-14,-29],[-44,30],[-24,-14],[-27,12],[-3,-46],[-38,-10],[-11,-35],[24,-52],[-25,-24],[69,-81],[-98,-109],[4,-50],[-117,-156],[17,-25],[-32,-20],[22,-16],[-3,-37],[17,0],[-7,-26],[34,-72],[-11,-19],[36,-37],[22,-71],[25,-10],[-8,-27],[34,-27],[-5,-33],[101,-85],[-3,-110],[-24,-50]],[[28233,28755],[39,-39],[-14,-26]],[[28258,28690],[44,-24],[-9,-31]],[[28293,28635],[41,-33],[-19,-34],[27,-5],[3,-37],[-20,-20],[35,-27],[2,-32],[52,-2],[-7,-18],[37,-3],[2,-24]],[[28446,28400],[31,-14],[-26,-45]],[[28451,28341],[52,-101],[-30,-9],[29,-48],[-52,-62]],[[28450,28121],[0,-33],[-13,7]],[[28437,28095],[1,-55],[-39,13]],[[28399,28053],[-62,-42],[-23,19],[-53,-17],[-68,28],[-99,-71],[11,-132],[-41,-39]],[[28064,27799],[-2,-70]],[[28062,27729],[74,33],[277,-33],[81,24],[165,-104],[68,-15]],[[28727,27634],[102,-74],[53,18]],[[28882,27578],[53,85],[25,-77],[86,-96],[-51,-67],[-42,-35],[-68,-19],[-46,-60],[40,-87],[1,-54],[-22,-61],[-36,-33]],[[28822,27074],[50,-30],[41,-59],[60,-20],[101,56],[95,10]],[[29169,27031],[46,34],[93,7],[26,-152],[102,-22],[124,7]],[[29560,26905],[128,-38],[29,26],[22,106]],[[29739,26999],[-21,41],[22,17],[-38,98],[86,-34]],[[29788,27121],[71,45],[46,-41]],[[29905,27125],[31,20],[1,39]],[[29937,27184],[62,52],[11,52],[38,4],[3,50],[97,10],[1,42],[94,56],[-39,109]],[[30204,27559],[26,54],[137,37]],[[30367,27650],[103,56],[40,-3],[41,-56],[7,-69],[32,-59]],[[30590,27519],[-17,-56],[-142,-141],[-92,-13]],[[30339,27309],[-7,-136],[129,-18],[-4,-93],[6,-18],[28,0],[0,-21],[43,19],[76,-41],[41,8],[46,42],[11,-21],[50,0],[45,-34],[102,-1],[11,-82],[-27,-3],[10,-49],[31,-21],[-25,-20],[31,-10],[12,-26],[-52,-66],[11,-90],[61,2],[-8,-24],[65,-21],[-34,83],[17,39],[78,75],[117,10]],[[31203,26792],[31,68],[52,20],[37,-23]],[[31323,26857],[129,26],[32,-13],[-7,-37]],[[31477,26833],[46,-62],[8,-88],[-104,-87],[23,-36],[0,-40],[-16,-1],[26,-20],[-34,-38]],[[31426,26461],[-20,3],[-1,-53],[-56,-47],[23,-37],[-28,-4],[22,-21],[-5,-81],[34,-16],[-81,-13],[-4,-14],[-6,15],[-46,-9],[7,-34],[44,-2],[-34,-24],[32,-70],[-21,-35],[-89,-32],[39,-37],[-7,-59],[91,-2],[23,-36],[64,13],[44,-64],[39,-13],[-32,-51],[80,-25],[16,-66]],[[31554,25647],[70,-41],[-7,-21]],[[31617,25585],[-74,-13],[20,-33],[-24,-38],[81,-117],[-52,-15],[10,-42],[-43,-16],[-38,-50],[-12,-72],[48,-36]],[[31533,25153],[-32,-75],[-40,-14]],[[31461,25064],[-54,48],[-71,-53],[2,-55],[-66,-35],[-31,-115],[-85,33],[-142,-48],[-100,78],[-119,43],[-81,150],[-171,-32],[-17,-31],[76,-66],[13,-77],[-23,-26],[-88,-15],[-68,-35],[-70,-77],[48,-112],[94,-89],[-136,-79],[-27,36],[-61,-12],[20,-29],[-16,-32],[55,-11],[-2,-52],[55,-36],[19,8],[13,-34],[48,-11],[-21,-53],[41,10],[100,-24],[44,-103],[104,24],[44,-21],[31,-115],[50,-52],[-30,-63],[16,-49],[51,-93],[162,-180],[-13,-62],[-94,-83]],[[30961,23434],[39,-72],[-6,-59],[-43,-13]],[[30951,23290],[-61,54],[-57,7]],[[30833,23351],[-63,-31],[-53,-60],[-34,12],[15,96],[-51,15],[-74,-58]],[[23044,19554],[155,-92]],[[23199,19462],[303,427],[131,-47],[74,-90],[43,-22],[61,61],[172,-203],[94,-17],[21,-19],[197,2],[19,62],[124,-35],[24,72],[-27,15],[47,83],[-8,41],[86,-2],[39,-19],[28,36],[90,5],[42,113],[-48,95],[-72,48],[5,63],[-77,-4],[-41,57],[4,26],[-16,-7],[-31,45],[110,71],[47,-10],[162,56],[317,261],[57,28],[67,-7],[300,-201],[260,-118],[63,-6],[103,44],[235,-6],[483,206],[233,24],[185,43],[79,-8],[64,-40],[43,-3]],[[27291,20582],[439,128],[170,-28],[327,-177]],[[28227,20505],[178,1],[172,-107],[111,-43],[94,-86]],[[28782,20270],[773,-185],[338,-125]],[[29893,19960],[324,-152]],[[30217,19808],[0,77],[190,108],[-69,129],[-121,73],[0,78],[32,-14],[24,14],[137,142],[3,623],[171,10]],[[30584,21048],[-16,73],[-161,133]],[[30407,21254],[-190,231],[-56,121]],[[30161,21606],[-1,75]],[[30160,21681],[-82,-35],[-136,-107],[-181,-224],[-79,-6],[-51,29],[-26,206],[-25,26],[-57,11],[-55,-44],[-28,-101],[-37,-46],[-183,-93],[-75,9],[-21,-17],[24,-106],[-111,-35],[-29,15],[-55,-11],[-5,72],[-56,1],[-29,28],[-51,-56],[-56,80],[-67,-55],[-57,23],[-12,-33],[-24,1],[-36,-47],[-13,9],[-70,-49],[-2,-31],[-32,8],[-8,-50],[-50,13],[-31,-14],[-29,24],[-50,-36],[-10,35],[-41,-10],[6,35],[37,-22],[34,25],[-51,51],[-18,-13],[-58,23],[-7,-20],[-50,23],[-24,-34],[-50,73],[6,36],[-42,13],[20,30],[62,-6],[1,16],[51,15],[81,76],[42,-3],[-78,44],[-2,50],[-107,46],[-10,28],[-44,21],[-2,38],[-87,29],[-21,-52],[-28,8],[-22,-53],[-26,-9],[-62,28],[-58,46],[25,38],[-38,23],[20,51],[-34,30],[18,39],[-53,35],[-39,-5],[-50,39],[5,94],[-54,11],[-125,140],[-17,9],[-53,-33],[-159,131],[-529,-47],[-683,-20],[7,-323],[-1263,96],[-493,606],[-176,93],[-178,31],[-1213,1045],[109,7],[-194,366],[-449,188],[-92,179]],[[22009,24430],[-18,-1],[-5,-31],[-83,29],[-4,37],[-64,39],[-59,-2],[-85,-58],[-62,35],[-59,77],[-49,-3],[-100,-178],[6,-22],[-34,-26],[12,-24],[-58,-31],[-18,8],[1,-21],[-77,-43],[-10,-39],[-21,-5],[2,-43],[-47,5],[-28,-42],[-4,-53],[-59,-8],[4,-35],[-41,-10],[-101,-119],[-351,170],[-69,8],[-61,45],[-166,-28],[-158,47],[-108,70],[-78,3]],[[20469,23310],[68,-26],[149,-7],[37,-26],[-19,-64]],[[20704,23187],[-150,-90],[-16,-31],[17,-30]],[[21023,22389],[135,-261],[150,-29],[132,-107],[216,10]],[[21931,21939],[161,27],[208,-115],[72,-91]],[[22372,21760],[115,-267],[17,-138]],[[22326,21252],[-14,-53],[40,-24],[-85,-21],[-52,-32],[-14,-47]],[[22201,21075],[-37,-1],[34,-140],[-55,-45]],[[22146,20850],[-140,-56],[-60,-55]],[[21933,20670],[170,-160]],[[22302,20408],[359,-310],[104,-143]],[[42631,36935],[35,-50],[44,-22],[45,25],[42,-9]],[[42831,36844],[28,6],[87,119]],[[44325,40136],[25,24],[96,-8],[69,-54]],[[45084,40088],[41,-6],[44,31],[14,66]],[[46293,41081],[28,-76],[31,-12]],[[46352,40993],[41,15],[99,-65],[-5,100],[-40,19],[-32,130],[-27,15],[11,117],[-34,70],[73,109],[110,51],[57,-22],[-3,-38],[29,-19],[83,-8],[84,32],[58,-47],[32,157],[-57,145],[29,81],[61,55],[-21,55],[21,37],[-45,64],[18,21],[-20,103],[19,32],[21,-7],[-3,19],[-7,32],[-27,5],[5,53],[-15,-41],[-35,-10],[-57,24],[-62,58],[-90,123],[-70,145],[5,77],[103,42],[-30,13],[-37,84],[7,34],[28,-5],[16,28],[-67,121],[45,54],[-220,332],[-90,207],[6,108],[89,13],[45,68],[-44,4],[-68,89],[-180,317],[-4,121],[30,27],[43,-17],[29,46],[-24,85],[-104,146],[4,28],[44,29],[-25,4],[-193,240],[-200,319],[4,84],[31,39],[-80,178],[60,129],[-230,364],[-145,353],[14,73],[51,-3],[-43,22],[77,-4]],[[45500,46452],[-70,36]],[[45430,46488],[-33,42],[-45,3],[-37,72],[-40,6],[2,27],[-28,18],[16,38],[-28,33],[24,26],[-20,53],[-46,32],[20,0],[-28,42],[-51,-4],[-25,59],[-36,19],[-3,37],[-58,24],[-46,-12],[-47,36],[-106,-23],[-112,94],[-41,-31],[-32,44],[-47,8],[-18,35],[-70,11],[-4,37],[-24,-31],[-119,-41],[-13,-26],[-82,-5],[-20,-24],[-98,32],[-71,47],[-69,-24],[-8,-48],[-33,-8],[-3,29],[-50,46],[-71,-103],[-136,-50],[-165,7]],[[43529,47015],[-85,46],[-62,-68]],[[43382,46993],[33,-92],[14,-145],[-37,-72],[16,-98],[-42,-40],[-56,-8],[-48,20],[-19,-38],[-27,3],[-166,95],[-19,28],[13,24],[-40,2],[6,-48],[-30,-57],[-68,-30],[-50,31],[-33,-38],[14,-36],[-21,-19],[-93,-28],[-40,-42],[-88,-31],[28,-38],[-20,-67],[-81,26],[-5,-41],[-65,-10],[-4,-42],[-32,-26],[-54,21],[-57,67],[9,59],[-22,52],[-132,46],[-12,32],[-79,50],[-61,-4],[-24,24],[-28,-12],[-74,-58],[-18,-131],[-31,-1],[-41,-35],[-38,4],[-3,-30],[-49,4],[-54,-25],[-90,49],[-76,-7],[-56,25],[-24,-11],[-39,26],[-73,-7],[-101,32],[-15,44],[-56,22],[-16,29],[3,52],[-23,47],[-24,-1],[-55,68],[-25,-18],[-32,10],[-30,-30],[-58,22],[-56,-99],[-66,-34],[1,-50],[15,-43],[56,-31],[45,-67],[-33,-87],[92,-43],[-15,-87],[-58,-24],[-60,-81],[-28,4],[-20,-21],[-19,18],[-29,-9],[-35,-72],[-77,-83],[-1,-37],[-48,-41],[-7,-74],[-72,-59],[-30,-57],[-60,-21],[-45,-76],[31,-49],[1,-45],[-144,-33],[-66,6],[-83,21],[-51,43],[-76,-49],[-19,15],[-56,-5],[-79,-28],[-36,-75],[-33,14],[4,-23],[-42,4],[-21,-31],[-128,-3],[-61,-32],[-27,-55],[-31,-2],[17,-27],[-47,-9],[-34,35],[40,14],[9,28],[-65,0],[0,-20],[-30,-11]],[[39287,45100],[-131,50],[-42,-61]],[[39114,45089],[25,-45],[-51,-15],[-1,-36],[-170,-31],[5,-27],[58,-29],[0,-49],[-47,-9],[3,-21],[-51,-22],[-46,-176],[-52,-54],[10,-20]],[[38797,44555],[-133,72],[-34,-20]],[[38630,44607],[-9,-40],[-59,-65],[3,-28],[-31,-23],[-23,7],[-10,-53],[-46,-7],[-54,33],[-117,-1],[-136,-106],[-41,21],[-37,71],[-41,-20]],[[38029,44396],[-74,7],[-106,129]],[[37849,44532],[-72,8],[-67,66],[-45,-13],[-46,12],[-26,56],[-24,-44],[-34,8],[-46,-22],[-52,15],[-89,-52],[9,-72],[-23,-124],[-13,-19],[-42,8],[-15,-36],[-34,-17],[-26,-66],[-69,-6],[-51,43],[-68,10],[-30,26],[-38,-59],[-30,18],[-19,-24],[-49,-11],[-2,-58],[-20,-10],[-202,76],[-195,6]],[[36431,44251],[-76,35],[-28,-88]],[[36327,44198],[-35,-35],[-7,-81],[-126,-136],[11,-95],[36,-72],[-24,-36],[-25,-172],[-51,-12],[-11,-20],[61,-81],[-44,-57],[-5,-54],[-113,-78],[-117,62],[-20,-66],[-69,-44],[-10,-98],[-89,-45],[-77,-18],[-146,39],[-34,-19],[-30,-62]],[[35402,43018],[-120,-3],[-14,-42],[23,-137],[-91,9]],[[35200,42845],[-60,-78]],[[35140,42767],[-220,-110],[8,-107]],[[34928,42550],[-48,-25]],[[34880,42525],[-34,-54],[103,-9],[-25,-71],[7,-109],[-87,-75],[-21,-49],[124,-97],[-45,-98],[-73,-71],[41,-66],[-66,-127],[145,-106],[81,-9],[309,-192],[118,-320],[109,-170],[35,-272],[294,-551],[89,-1025],[-161,-337]],[[36044,38866],[61,-16],[2,99]],[[36246,38993],[29,50],[64,36],[25,-12]],[[36364,39067],[45,65],[55,13],[37,-30],[46,26]],[[38821,39354],[4,-17],[28,20],[27,-63],[40,32],[9,-30],[61,58]],[[38990,39354],[39,-8],[108,53],[86,-45]],[[39300,39341],[51,3],[-1,-20],[20,4],[22,-32],[64,10],[25,-42],[63,-19],[26,-48]],[[39732,39135],[36,16],[31,-47]],[[47292,40636],[-26,-5],[-46,90],[-44,0],[-3,-44],[66,-94],[53,2],[39,-44],[3,51],[-42,44]],[[46527,40932],[7,-9],[0,4],[-7,5]],[[46584,40994],[2,-7],[1,4],[-3,3]],[[46582,40999],[-2,2],[0,-1],[2,-1]],[[46614,41028],[-12,-28],[32,-13],[3,10],[-23,31]],[[46572,41011],[-2,2],[1,-2],[1,0]],[[46519,41025],[2,-16],[20,3],[-22,13]],[[46544,41082],[-2,1],[-1,-2],[3,1]],[[46900,41518],[32,-25],[1,17],[-33,8]],[[46899,41550],[2,-17],[5,6],[-7,11]],[[46867,41663],[3,0],[-2,5],[-1,-5]],[[46939,42213],[8,-13],[10,14],[-18,-1]],[[46953,42238],[11,-13],[2,6],[-13,7]],[[46885,42303],[-3,9],[-1,-1],[4,-8]],[[46884,42310],[3,3],[-2,1],[-1,-4]],[[47239,42324],[6,-14],[5,4],[-11,10]],[[47257,42330],[-4,-2],[9,-3],[-5,5]],[[47267,42339],[0,-6],[1,-5],[-1,11]],[[47042,42360],[-2,-25],[10,5],[-8,20]],[[46889,43789],[-15,-9],[52,0],[-37,9]],[[46267,44357],[12,-10],[6,6],[-18,4]],[[46334,44444],[-4,-1],[5,-8],[-1,9]],[[46334,44479],[-14,-8],[2,-9],[12,17]],[[46252,45136],[-6,4],[0,-3],[6,-1]],[[23065,83777],[137,-159],[-23,-30],[4,-41]],[[23183,83547],[-74,-26],[38,-90]],[[23147,83431],[22,-3],[-4,35],[18,-12],[17,-36],[-21,-15],[17,-46],[-14,-41],[51,-46],[-37,-51],[-52,-3],[-15,22],[-47,-27],[21,-28],[-3,-42],[134,-5],[33,38],[29,-14]],[[23296,83157],[29,12],[27,-47],[-9,-68]],[[23343,83054],[29,-26],[70,-10],[54,52],[36,-35]],[[23532,83035],[68,-4],[30,-47]],[[23630,82984],[103,-75]],[[23733,82909],[37,-84]],[[23770,82825],[88,-3],[94,30],[47,177],[29,-9],[22,44],[-38,33],[61,53],[-22,69],[147,109],[-95,78],[23,22],[109,-29],[114,-89]],[[24349,83310],[147,-11],[112,51]],[[24608,83350],[-3,104],[63,-25],[-1,23]],[[24667,83452],[175,69],[85,3],[-5,-145]],[[24922,83379],[90,-34],[-1,48],[55,36],[73,7],[7,49],[75,65],[31,-18],[-16,-18],[34,-2],[-37,66],[41,19],[-15,31],[49,38]],[[25308,83666],[-193,-22],[-63,151],[25,53]],[[25077,83848],[-5,245],[-41,30]],[[25031,84123],[-227,50],[-52,65],[-37,96],[1,141]],[[24716,84475],[38,43]],[[24754,84518],[97,53],[12,81],[-68,74]],[[24795,84726],[-173,78],[-34,38],[141,124],[-3,25],[-40,28]],[[24686,85019],[42,67],[-77,59]],[[24651,85145],[65,161]],[[24716,85306],[74,13],[102,-47]],[[24892,85272],[107,1],[52,-29],[4,55],[-22,21],[25,55],[-23,25],[70,4],[-4,44],[38,16],[51,-17],[40,26]],[[25230,85473],[54,-8],[11,47],[47,5],[8,24],[-34,-4]],[[25371,85650],[30,37],[17,69]],[[25341,85804],[4,51],[-50,32],[-11,32]],[[24681,87298],[-60,29],[-7,128],[-201,5],[-25,58]],[[24388,87518],[-31,4],[-16,26],[19,19],[-42,21],[16,19]],[[24334,87607],[-20,31],[42,68]],[[24356,87706],[-11,44],[-110,9],[-39,-27],[-113,61],[-24,-15]],[[24059,87778],[-76,30],[-72,-46],[-29,-45]],[[23882,87717],[2,-93]],[[23884,87624],[-20,-8],[15,-67],[-60,-35],[-149,-253],[-68,-15],[-7,-34],[-38,-4],[-23,-70]],[[23534,87138],[-49,-16],[27,-19],[-32,-21]],[[23480,87082],[-7,-86],[38,-19],[-28,-38],[62,-4]],[[23545,86935],[19,-37],[-32,-1]],[[23532,86897],[14,-15],[-64,-51],[-18,17],[-16,-26],[-26,8],[-38,-29],[-74,0],[-2,-38],[-102,102],[35,27],[-43,0],[-34,-47],[-32,21],[22,34],[-39,-17],[-11,38],[-43,-28],[-54,20],[-31,-9],[-21,-17],[5,-40],[64,0],[27,-25],[-6,-18],[-87,-28],[-58,12],[21,-62],[-68,22],[-47,-30],[-43,9],[7,-30],[42,-13],[-8,-33],[51,-62],[-6,-25],[-27,0],[16,-61],[-15,18],[-322,-57],[-2,-18],[-27,-6]],[[22472,86440],[-278,-31],[-274,47],[-124,91]],[[21796,86547],[-9,140],[-32,44]],[[21755,86731],[-19,107],[-80,112]],[[21656,86950],[-46,227],[-124,84]],[[21486,87261],[-187,62],[-195,-126],[-34,29],[-30,-119],[6,-152],[-92,-213],[29,-19],[-41,-35],[-79,14],[-149,-77],[-70,-114],[-44,-1],[4,-65],[140,-162]],[[20744,86283],[84,-140],[-21,-111]],[[20807,86032],[-86,-106]],[[20721,85926],[-68,-140],[27,-114],[49,-68]],[[20729,85604],[75,-55],[37,30]],[[20841,85579],[-12,10],[57,24],[16,-11],[-31,-36]],[[20871,85566],[-1,-47],[140,33],[37,-42],[145,48],[78,57],[-6,-28],[34,-30],[12,-72],[62,-31],[88,3]],[[21460,85457],[33,-97],[41,-2],[95,-109],[14,-49],[100,-53],[123,9]],[[21866,85156],[79,-93],[78,-16]],[[22023,85047],[56,-47],[75,-8],[20,-18]],[[22174,84974],[85,54],[50,-29],[40,26],[57,-16],[68,19],[-2,14],[60,-9],[-2,-23],[32,-13],[-37,-12],[1,-35],[-126,-32],[-15,-11],[16,-15],[-26,1],[48,-43],[-55,-74],[8,-16],[-23,-3],[9,-21],[35,6],[28,-46],[62,-25],[16,-31],[65,-40],[15,-48],[-15,-28],[18,1]],[[22586,84525],[-84,-137],[-87,1]],[[22415,84389],[-19,-62]],[[22396,84327],[-54,-20],[32,-19],[55,21],[72,-10]],[[22501,84299],[52,24],[4,34],[26,19],[2,65],[44,-5],[20,19],[-7,50],[41,-23],[46,0],[52,-46],[123,54],[-8,-38],[46,-12],[-8,-42],[-72,-20],[6,-23],[-34,-14],[41,-6],[16,-80],[-26,-43],[35,11],[49,-17]],[[22949,84206],[16,23],[18,-32],[15,-224]],[[22998,83973],[44,-80],[61,-36],[-38,-80]],[[23581,67468],[68,-20]],[[23649,67448],[40,-43],[89,-21]],[[23778,67384],[56,-38],[65,49]],[[23899,67395],[142,5],[-15,34],[58,39],[81,-39],[42,58],[-49,37],[-98,33]],[[24060,67562],[90,64],[310,31]],[[24460,67657],[56,87],[84,45],[98,-8],[53,-49]],[[24751,67732],[92,52],[118,-141]],[[24961,67643],[1,-47],[84,7],[32,-27],[45,43],[70,12],[46,-39],[14,-40],[137,-101],[32,-58],[51,-15],[74,29],[62,-8],[1,-31],[25,-7],[119,-151],[-60,-60],[-22,-62],[-74,-63],[13,-37],[-25,-73]],[[25586,66915],[200,-81],[271,-30],[89,-46]],[[26146,66758],[44,8],[15,-18]],[[26205,66748],[209,-26],[116,55],[68,-43]],[[26598,66734],[48,55],[101,26],[87,-16],[31,20],[147,-101],[36,38],[76,-26],[12,22],[24,-1],[6,41],[-38,43],[43,59],[58,15],[10,51],[49,56],[122,0],[32,104]],[[27442,67120],[79,72],[56,-18]],[[27577,67174],[77,13],[171,-52],[87,-4],[59,-54],[51,11],[37,-31],[86,19],[55,-23],[2,-104],[37,-14],[97,39],[94,-16],[106,45],[100,-5]],[[28636,66998],[-46,26],[-65,1],[-76,120],[4,32],[-40,2],[-110,130],[-48,114],[-21,1],[-29,50],[50,23],[-15,49],[-35,8],[49,27],[-82,-34],[-21,38],[10,22],[-18,-8],[-31,26],[41,19],[-105,147],[16,35],[-18,39],[94,119],[-83,-7],[-15,29],[-48,-20],[-48,-66],[21,-26],[-11,-47],[-117,1],[-61,23],[-1,21],[-28,-17],[-76,26],[-20,-20],[-57,69],[-314,246],[-340,352],[-55,16],[-57,-8],[-148,116],[-23,-11],[-157,121],[-161,86],[-252,-7],[4,-36],[-57,19],[-11,43],[-93,37],[-259,200],[-295,297],[-331,381],[-157,247],[-3,20],[29,23],[-9,17],[-72,-67],[-38,-92],[-41,86],[-328,403],[-29,11],[-1,32],[-226,344],[-125,253],[-93,282],[-101,413],[-34,84],[-35,37],[-22,-16],[30,3],[20,-38],[-107,17]],[[23705,71861],[-81,-47]],[[23624,71814],[-31,-54],[103,-248]],[[23696,71512],[64,-96],[6,-59],[-38,-36],[-54,-18],[-166,28],[-84,-37],[-74,-191],[-95,-50]],[[23255,71053],[-4,-183],[-21,-56],[-41,-53],[-80,-23]],[[23109,70738],[-92,22],[-228,-71],[-12,69],[-93,-24],[-24,14],[-39,-30],[-27,4],[-37,-86],[-72,-1],[-30,20],[-102,-28],[-42,-31],[-67,55],[-34,-1],[-28,91],[-55,50],[0,76],[-109,88],[-142,16],[-35,-40],[-84,-7],[-164,-58],[-39,-57],[-45,14],[-21,-14],[-15,22],[-58,-39],[-21,14],[-50,-20],[-10,-22],[-134,-8],[-109,17],[-36,30],[-105,25],[-55,70],[-165,32],[-62,90],[-50,-14],[-39,25],[-132,-36],[-98,-57]],[[20349,70938],[-85,-67],[-14,-47],[-25,-12],[-65,61]],[[20160,70873],[-141,24],[-38,-13],[-205,83],[-27,-41],[-35,-5],[-45,-51],[-25,4],[-33,-42],[27,-44],[-20,-10],[-11,-71],[41,-51],[-70,-31],[1,-49],[-89,-59],[-4,-68],[29,-32],[-58,-65],[-7,-54],[21,-39],[-16,-18],[21,-12],[-43,-94],[11,-64],[-27,-32],[24,-30],[-31,-50],[43,-77],[55,-11],[13,-81],[61,-25],[67,27],[-15,-69],[61,-28],[-12,-19],[33,-71],[82,-13],[54,34],[87,-35],[-40,-96],[48,-62],[29,-86],[-37,-131],[60,-41],[97,-23],[61,-69],[88,0],[78,-42],[98,-161],[-9,-65],[95,6],[41,-37],[30,42],[37,-12],[5,-24],[72,1],[-25,-60],[28,-58],[72,186],[117,-10],[19,-74],[-55,-146],[18,-115],[-39,-54],[61,-54],[56,-2],[-11,-55],[104,11],[101,-141],[60,-2],[0,32],[47,27],[56,-66],[76,2],[38,-38],[37,73],[-6,44],[42,65],[39,0],[33,-25],[50,14],[49,77],[2,31],[-31,12],[5,17],[60,4],[14,-17],[35,19],[137,-56],[72,41],[10,-33],[-45,-84],[15,-40],[32,-1],[34,73],[21,-2],[72,-234],[-61,-56],[21,-33],[-22,-10],[2,-30],[50,-56],[15,31],[53,11],[92,-75],[26,-54],[4,-137],[99,-14],[88,36],[15,-12],[37,-88],[-27,-18],[4,-20],[49,-8],[11,-83],[23,-31],[-41,-100],[29,-42],[-18,-36],[83,-31],[11,-34],[20,-7],[38,44],[57,15],[57,-73],[74,-49],[477,4],[59,72]],[[23417,67268],[48,22]],[[23465,67290],[-14,75],[63,77],[67,26]],[[28329,67861],[-5,31],[-75,-41],[80,10]],[[28490,67953],[-6,-2],[3,-2],[3,4]],[[28493,67956],[-1,-6],[7,3],[-6,3]],[[26240,68871],[-1,-2],[2,0],[-1,2]],[[26303,68874],[-2,6],[0,-1],[2,-5]],[[26047,68954],[-4,-2],[17,-13],[-13,15]],[[26080,68954],[-3,-8],[10,0],[-7,8]],[[26397,69117],[6,0],[-6,0]],[[26372,69124],[-4,12],[-5,-7],[9,-5]],[[28271,83273],[-31,-114]],[[28240,83159],[99,-36],[45,-99],[66,9]],[[28450,83033],[73,105],[132,-25],[38,-62],[69,3],[68,36],[7,79],[33,30],[81,-1],[65,-42],[108,45],[51,57],[49,18]],[[29224,83276],[79,-78],[56,-10]],[[29359,83188],[96,16]],[[29455,83204],[202,-93],[36,8],[9,33],[-50,71],[51,-70],[3,-29],[16,-1],[46,36],[-19,47],[21,-16],[65,34],[-62,60],[9,4],[58,-54],[-33,70],[1,0],[19,-22],[15,-32],[13,-3],[14,32],[22,2],[-47,50],[46,-45],[26,28],[-69,66],[67,-28],[3,-11],[26,29],[-29,102],[-27,33],[-14,-9],[12,11],[-19,26],[-25,-7],[42,37],[105,-55],[66,-7],[48,18],[61,76],[62,38],[-23,54],[40,-49],[37,4],[26,56],[21,-6],[-7,44],[34,-51],[-44,-19],[-3,-41],[-53,4],[2,-64],[60,-38],[63,12],[51,31],[-19,52],[22,22],[3,-23],[44,-13],[-34,-7],[2,-27],[20,8],[46,-72],[26,17],[20,-12],[-30,-13],[6,-19],[31,-13],[34,12],[-43,67],[-47,-1],[11,67],[-47,36],[67,133],[-34,-13],[16,21],[-77,50],[-3,42],[-50,48],[-27,116],[-53,46],[-54,3],[0,17],[80,45],[28,-4],[4,22],[15,-3],[-8,35],[167,9],[1,-46],[80,-11],[6,128],[88,2],[26,32],[91,-40],[12,-58],[67,-57],[124,2],[-1,52],[56,-9],[91,31],[5,-41],[26,-5],[36,34],[-51,61],[-23,-14],[-35,18],[11,40],[-89,17],[-8,36],[-94,77],[-58,0]],[[30906,84467],[-19,-37],[-33,-8],[3,-37],[-89,-46],[-74,94],[-201,12],[-182,101],[-63,103],[-24,96],[115,199]],[[30339,84944],[-4,277],[-24,121],[-97,87],[-72,25],[-111,-7],[-110,17]],[[29921,85464],[-357,120],[-45,-4],[-50,-40],[-84,-2],[-92,55],[-42,93],[-191,128],[-46,-25],[-49,19],[-43,-21],[-64,11],[-77,-42],[-50,17],[-11,-29],[-25,15],[-24,-12],[24,45],[-20,9],[4,30],[-91,-21],[-115,71],[-69,8],[-122,-28],[-15,29],[-46,1],[-7,32],[-38,28],[66,94],[-77,71],[22,25]],[[28187,86141],[-8,38],[97,1],[14,14],[14,-24],[77,16]],[[28381,86186],[82,75],[-16,18]],[[28447,86279],[17,23],[-5,47],[-34,-1],[3,27],[26,65],[36,34],[-14,43],[21,45],[46,27],[-16,85],[48,22],[-23,53]],[[28552,86749],[27,76],[-76,37],[-10,46]],[[28152,86853],[-84,17],[-11,-45]],[[27563,86520],[-13,-52],[-30,48]],[[27411,86634],[-79,0],[-16,-71]],[[26277,85396],[-87,78],[-38,-12]],[[26152,85462],[-30,-95],[71,-52]],[[26193,85315],[-30,-34],[10,-56],[68,-12],[31,13],[4,-25],[53,-30],[-55,-40],[10,-67],[-25,-29],[11,-27],[32,-5],[3,-39],[-67,-22],[-18,-40],[-39,-21],[15,-59]],[[26196,84822],[57,-32],[-36,-184],[-33,-49]],[[26184,84557],[-70,-15],[20,-15],[1,-44],[-33,-32],[7,-25]],[[26109,84426],[34,2],[59,-51],[-9,-65],[-46,-19],[71,-55]],[[26218,84238],[40,-76],[59,-34],[57,31]],[[26374,84159],[41,-49],[25,0],[-9,-28],[44,-54],[75,16],[70,-83],[78,-11],[23,-107],[-45,-17],[81,-77],[24,-75],[105,-56],[33,-57],[59,9],[74,-22],[-9,21],[-84,12],[-37,32],[15,25],[75,32],[81,-69],[86,11],[-36,56]],[[27143,83668],[15,45],[57,-28]],[[27215,83685],[-5,-62]],[[27210,83623],[53,-40],[232,130]],[[27495,83713],[30,-7],[38,-50],[81,-4],[86,53],[67,10]],[[27797,83715],[137,104],[24,-3]],[[27958,83816],[10,-37],[54,-33],[-7,-23],[-25,-4],[11,-36],[-87,-111],[48,-13]],[[27962,83559],[116,-102],[88,-48],[105,-136]],[[30482,83608],[10,-17],[-11,-19],[-9,14],[10,22]],[[26121,85366],[-1,0],[1,0]],[[26121,85366],[0,0]],[[30620,83442],[26,-9],[7,15],[-33,-6]],[[31892,83796],[21,-11],[3,2],[-2,5],[-22,4]],[[31870,83843],[3,-1],[2,6],[-5,-5]],[[31559,84698],[-33,29],[2,-66],[-60,-15],[10,-24],[38,6],[13,-35],[-9,-35],[-24,-24],[12,-17],[-11,-60],[-26,-16],[-59,-6],[-34,-26],[-60,-6],[-46,-37],[57,-80],[-33,-33],[240,-39],[64,-103],[34,7],[0,-27],[24,-7],[-13,-22],[36,-16],[8,-50],[-32,-4],[-15,19],[-21,-11],[50,-22],[1,-24],[67,-13],[-22,-10],[23,-23],[18,15],[7,-52],[12,18],[20,-14],[-16,37],[23,5],[33,-103],[6,0],[10,19],[-32,49],[23,12],[-27,31],[33,27],[38,-6],[15,-32],[50,19],[24,-35],[-25,11],[-36,-19],[52,-17],[89,-105],[17,0],[4,26],[-31,42],[62,-22],[11,-35],[39,18],[18,-30],[-44,-31],[17,-19],[17,19],[26,-5],[-2,23],[44,0],[2,127],[-34,31],[-43,-16],[28,40],[-11,-31],[26,8],[7,24],[63,-18],[-7,-15],[27,-24],[-33,-7],[46,0],[14,16],[-16,22],[11,11],[-185,80],[-67,84],[-6,86],[29,-18],[-12,-27],[53,-26],[-45,11],[18,-34],[20,0],[0,-33],[23,10],[-13,-16],[15,-18],[7,24],[15,-23],[18,25],[38,1],[-25,31],[4,-25],[-44,29],[-23,-20],[-11,24],[62,6],[-17,28],[21,-25],[34,5],[30,39],[2,-22],[34,9],[-29,-24],[11,-11],[57,27],[-25,12],[33,-5],[-15,18],[-53,-13],[1,18],[-56,-28],[2,41],[106,-16],[14,16],[-43,50],[-44,-4],[28,6],[-19,19],[17,11],[-76,80],[13,11],[-30,24],[16,17],[20,-5],[-2,-36],[16,-2],[0,21],[27,-12],[0,-48],[23,-20],[-15,-5],[54,-84],[15,18],[-3,-27],[38,-50],[-12,19],[21,-4],[-3,27],[-30,18],[46,-19],[9,23],[2,-31],[-19,-4],[22,-12],[-19,-6],[13,-23],[33,13],[23,-22],[-8,23],[24,-14],[7,23],[26,-22],[5,14],[-44,34],[16,16],[-20,3],[0,42],[-14,-10],[-62,24],[8,17],[-23,1],[-17,28],[15,8],[22,-32],[46,24],[6,-16],[-22,-5],[18,-10],[-17,-4],[56,-23],[3,-22],[18,26],[11,-21],[29,14],[14,-52],[5,68],[-21,37],[-20,19],[-14,-20],[22,10],[-4,-30],[-13,17],[-23,-19],[4,37],[6,5],[14,-4],[-37,22],[-25,-19],[-12,60],[-71,10],[1,11],[18,6],[-34,-1],[-3,18],[-31,-17],[10,-11],[-27,-33],[10,-23],[-38,13],[30,26],[-18,24],[-23,7],[15,-27],[-36,-4],[-11,22],[28,14],[-37,-6],[26,27],[-30,17],[28,7],[-2,18],[-40,-10],[1,-18],[-31,-18],[1,59],[-25,-28],[8,-38],[31,-16],[18,23],[3,-15],[-54,-28],[34,-34],[-33,7],[-40,82],[21,20],[16,108],[-41,7],[-8,33],[-17,-8],[6,35],[-18,15],[-23,-14],[-23,17],[-2,-16],[-20,16],[-1,-37],[-12,36],[-30,-3],[14,-19],[-30,19],[-28,-14],[-22,11],[38,-41],[-36,2],[-1,-22],[34,-26],[-17,-11],[35,-36],[-37,11],[-29,69],[-30,-45],[20,67],[-65,35],[-27,-11],[40,-26],[-51,21],[-23,-9],[10,-37],[-17,-28],[-31,-2],[29,57],[-9,20],[-42,-50],[-29,31],[-73,-6],[10,-31],[-15,-13],[-1,46],[-25,-5],[-8,20],[13,94]],[[31406,84522],[-31,30],[-41,-16],[-91,-121],[7,-26],[27,-12],[43,34],[71,12],[-31,84],[34,-73],[27,17],[42,-10],[31,23],[-11,55],[-41,15],[-36,-12]],[[31481,84529],[14,2],[-18,25],[4,-27]],[[31449,84574],[-26,1],[36,-41],[-10,40]],[[31514,84560],[-15,7],[1,-9],[14,2]],[[31470,84570],[17,-15],[0,2],[-17,13]],[[31465,84566],[-2,5],[2,-5]],[[31505,84574],[1,0],[1,0],[-2,0]],[[31502,84578],[-2,6],[-2,-6],[4,0]],[[31514,84594],[2,0],[-1,2],[-1,-2]],[[31502,84591],[-7,13],[-2,-10],[9,-3]],[[31514,84613],[-5,-6],[3,0],[2,6]],[[31491,84612],[3,3],[-4,2],[1,-5]],[[31873,84614],[-28,15],[2,-8],[26,-7]],[[31585,84634],[-27,13],[-3,-39],[26,-3],[4,29]],[[31732,84638],[30,7],[0,7],[-30,-14]],[[31435,84641],[8,27],[-11,-3],[3,-24]],[[31574,84725],[41,-50],[-13,1],[9,-27],[-28,-9],[21,-26],[22,-7],[19,30],[11,-20],[34,15],[-15,20],[14,31],[-27,-17],[0,23],[-46,-4],[4,23],[-46,17]],[[31575,84664],[-6,24],[-1,-40],[7,16]],[[31516,84667],[-4,8],[-3,-3],[7,-5]],[[31713,84666],[-8,15],[-4,-1],[12,-14]],[[31469,84693],[-16,-15],[29,-21],[-13,36]],[[31494,84702],[-16,-26],[16,0],[0,26]],[[31483,84718],[-1,3],[-2,1],[3,-4]],[[31516,84718],[-14,13],[-2,-3],[16,-10]],[[31499,84734],[2,-2],[2,4],[-4,-2]],[[32148,83592],[0,-2],[5,2],[-5,0]],[[32137,83608],[-3,-1],[10,-4],[-7,5]],[[32131,83671],[13,-8],[-2,3],[-11,5]],[[32147,83686],[-8,-2],[13,-5],[-5,7]],[[32079,83706],[6,-19],[41,-26],[-10,20],[-37,25]],[[31995,83679],[-3,13],[-10,-6],[13,-7]],[[32026,83691],[-3,-1],[4,-4],[-1,5]],[[32111,83687],[7,0],[-2,4],[-5,-4]],[[32104,83693],[3,1],[-1,1],[-2,-2]],[[32023,83706],[-7,4],[11,-18],[-4,14]],[[32151,83713],[-4,1],[0,-8],[4,7]],[[32129,83716],[2,-2],[1,3],[-3,-1]],[[32196,83710],[-16,16],[0,-9],[16,-7]],[[31986,83740],[-30,-5],[10,-30],[40,-7],[-20,42]],[[31960,83750],[-11,-5],[3,-2],[8,7]],[[32221,83747],[3,0],[1,4],[-4,-4]],[[32037,83769],[-15,-6],[19,-9],[-4,15]],[[31914,83780],[11,-23],[19,-1],[-30,24]],[[32093,83806],[-6,8],[0,-1],[6,-7]],[[31968,83853],[-30,-16],[65,-55],[0,27],[-35,44]],[[32254,83864],[-7,8],[-2,-3],[9,-5]],[[32253,83881],[2,1],[-5,5],[3,-6]],[[32231,83899],[-1,0],[5,-9],[-4,9]],[[32245,83895],[2,-1],[2,2],[-4,-1]],[[32233,83913],[-3,-11],[32,0],[-29,11]],[[32233,83919],[4,1],[-3,4],[-1,-5]],[[32242,83973],[-1,-2],[2,-1],[-1,3]],[[32235,83979],[-7,-3],[4,-1],[3,4]],[[32217,84009],[-17,-5],[12,-27],[42,7],[-44,15],[7,10]],[[32169,83993],[-5,5],[-3,-3],[8,-2]],[[32193,84001],[3,0],[-1,1],[-2,-1]],[[32190,84002],[3,1],[-1,0],[-2,-1]],[[32187,84004],[0,4],[-16,-4],[16,0]],[[32198,84011],[-10,11],[-6,-1],[-2,-8],[18,-2]],[[32210,84026],[7,-13],[26,14],[-33,-1]],[[32184,84039],[-8,-11],[24,3],[-16,8]],[[32250,84035],[-2,0],[1,-2],[1,2]],[[32225,84047],[4,-2],[1,3],[-5,-1]],[[32216,84078],[1,-5],[5,2],[-6,3]],[[32226,84089],[1,6],[-3,1],[2,-7]],[[32254,84101],[4,4],[-15,6],[11,-10]],[[32252,84316],[-8,17],[-5,-8],[13,-9]],[[32228,84326],[1,0],[0,2],[-1,-2]],[[32226,84330],[-1,3],[-4,-2],[5,-1]],[[32254,84415],[-4,11],[-7,-1],[11,-10]],[[32179,84440],[-6,-3],[14,-12],[-8,15]],[[32228,84481],[-2,1],[1,-4],[1,3]],[[32185,84494],[-11,22],[-6,2],[2,-32],[15,8]],[[32300,83617],[3,0],[-6,7],[3,-7]],[[32287,83617],[4,14],[-3,-1],[-1,-13]],[[32325,83651],[1,-3],[7,0],[-8,3]],[[32331,83671],[-6,-15],[24,5],[-18,10]],[[32323,83668],[6,2],[-3,3],[-3,-5]],[[32256,83689],[9,3],[-1,1],[-8,-4]],[[32286,83697],[1,-4],[6,-2],[-7,6]],[[32271,83740],[-9,-22],[28,-7],[-19,29]],[[32319,83758],[5,10],[-10,-3],[5,-7]],[[32281,83771],[-16,6],[-6,11],[3,-33],[19,16]],[[32270,83789],[4,0],[-1,4],[-3,-4]],[[32254,83796],[-2,-3],[6,-3],[-4,6]],[[32306,83801],[-10,6],[-1,-13],[11,7]],[[32298,83822],[-8,15],[-2,-1],[10,-14]],[[32287,83860],[-14,-20],[-15,13],[-6,-45],[36,-3],[-9,35],[13,15],[-5,5]],[[32298,83853],[-7,-9],[3,-1],[4,10]],[[32349,83896],[-16,12],[23,-24],[-7,12]],[[32323,83915],[-15,-1],[10,-8],[5,9]],[[32325,83999],[-20,-12],[11,-23],[30,-10],[14,19],[0,-33],[29,-5],[-22,8],[14,20],[-26,25],[-23,-13],[-7,24]],[[32255,83980],[-5,-8],[6,-3],[-1,11]],[[32262,83981],[5,2],[-1,4],[-4,-6]],[[32265,83988],[-9,6],[0,-6],[9,0]],[[32332,83987],[7,3],[-5,4],[-2,-7]],[[32238,84014],[64,-25],[-30,20],[37,3],[-71,2]],[[32327,84012],[-1,0],[9,-1],[-8,1]],[[32349,84022],[-6,-1],[3,-4],[3,5]],[[32313,84023],[1,0],[-2,3],[1,-3]],[[32316,84025],[14,-3],[-2,9],[-12,-6]],[[32350,84033],[-10,1],[20,-13],[-10,12]],[[32263,84035],[-2,-1],[13,-2],[-11,3]],[[32299,84044],[2,-1],[-2,7],[0,-6]],[[32327,84042],[6,-11],[4,13],[43,12],[-11,4],[-42,-18]],[[32267,84051],[6,1],[-5,5],[-1,-6]],[[32246,84099],[29,-37],[6,6],[-35,31]],[[32314,84078],[-9,17],[-15,4],[-5,-26],[29,5]],[[32333,84102],[-17,-19],[26,-14],[-12,10],[3,23]],[[32340,84099],[6,-10],[11,-3],[0,3],[-17,10]],[[32345,84104],[-4,7],[-2,-1],[6,-6]],[[32319,84369],[3,1],[-3,3],[0,-4]],[[32304,84380],[2,-1],[1,2],[-3,-1]],[[32302,84381],[1,0],[-1,3],[0,-3]],[[32314,84395],[-8,5],[-7,-11],[15,6]],[[32336,84411],[-22,9],[-42,-14],[12,-19],[43,25],[8,-6],[1,5]],[[32272,84441],[-8,-1],[3,-18],[5,19]],[[32289,84429],[3,3],[-7,2],[4,-5]],[[32296,84434],[5,1],[-1,1],[-4,-2]],[[32278,84444],[-4,-1],[4,-6],[0,7]],[[32257,84447],[-2,5],[-1,0],[3,-5]],[[36537,80170],[75,1],[35,-22],[59,111],[-4,26],[-11,0],[-154,-116]],[[32834,83114],[-5,24],[-23,-8],[28,-16]],[[32964,83133],[-16,12],[-7,-25],[10,-5],[13,18]],[[33181,83145],[-17,-14],[58,-15],[-5,6],[-36,23]],[[33225,83127],[5,3],[-4,5],[-1,-8]],[[33233,83133],[0,-4],[4,1],[-4,3]],[[32699,83145],[-4,-15],[8,-1],[-4,16]],[[32775,83138],[3,17],[-45,2],[29,-3],[13,-16]],[[32739,83165],[12,2],[-4,6],[-8,-8]],[[32741,83185],[-13,4],[-3,-16],[16,12]],[[32878,83206],[-19,0],[0,-31],[38,-17],[9,24],[-30,0],[28,13],[-34,-11],[8,22]],[[32725,83189],[1,15],[-2,0],[1,-15]],[[32899,83199],[5,8],[-9,2],[4,-10]],[[32706,83342],[12,0],[1,7],[-13,-7]],[[32705,83355],[0,-4],[4,-1],[-4,5]],[[32377,83779],[-19,17],[26,-35],[-7,18]],[[32428,83796],[3,-1],[-2,4],[-1,-3]],[[32385,83811],[1,-5],[4,5],[-5,0]],[[32381,83823],[-12,15],[-23,-18],[33,-31],[-15,32],[17,2]],[[32406,83824],[8,2],[-2,3],[-6,-5]],[[32387,83838],[10,13],[-24,17],[-7,-8],[21,-22]],[[32382,83925],[29,-5],[-4,11],[-25,-6]],[[32363,83992],[3,5],[-4,2],[1,-7]],[[32425,83993],[2,6],[-4,0],[2,-6]],[[32374,84013],[-21,-4],[27,-10],[-6,14]],[[32363,84048],[52,-58],[5,24],[-57,34]],[[32481,84041],[6,2],[-5,6],[-1,-8]],[[32365,84107],[30,-39],[-5,-22],[31,-19],[50,26],[-2,13],[-24,-21],[-14,8],[32,26],[-14,16],[-17,-1],[5,-20],[-20,12],[6,-27],[-39,25],[26,-6],[-4,17],[-41,12]],[[32541,84074],[-8,10],[-1,-19],[9,9]],[[32508,84085],[-32,0],[10,-32],[11,7],[11,25]],[[32468,84071],[2,0],[-7,4],[5,-4]],[[32474,84087],[2,1],[-11,0],[9,-1]],[[32491,84097],[6,3],[-6,5],[0,-8]],[[32482,84113],[-1,-10],[6,3],[-5,7]],[[32351,84114],[9,-5],[-9,5]],[[32511,84147],[-7,6],[-4,-8],[11,2]],[[32530,84162],[-5,9],[-4,-4],[9,-5]],[[32543,84175],[-9,13],[-5,0],[-3,-13],[17,0]],[[32508,84203],[-9,-8],[35,-4],[-26,12]],[[32562,84205],[1,0],[-1,0]],[[32479,84211],[-12,3],[6,-4],[6,1]],[[32447,84226],[1,2],[-10,4],[9,-6]],[[32529,84294],[4,-1],[-1,2],[-3,-1]],[[32499,84336],[1,-17],[31,-14],[-14,18],[-18,13]],[[32443,84360],[-3,4],[0,-3],[3,-1]],[[35020,55308],[29,34],[82,-42],[34,-74],[42,-36]],[[35288,55192],[161,-31],[70,64]],[[36284,55087],[185,-27],[127,81]],[[37146,55415],[49,2],[58,101]],[[37717,56339],[68,56],[50,0]],[[39680,56366],[-81,36],[-8,-18],[-82,-22],[-134,74],[-43,-47],[-39,6],[-12,21],[-63,-7],[-37,-26],[-168,99],[-14,-20],[-332,475],[-20,50],[28,20],[-50,123],[-35,-1],[-36,48],[-28,-1],[-17,-30],[35,-46],[0,-73],[-85,-28],[-231,32],[-116,112],[-5,41],[-19,-8],[-38,25],[-46,-18],[-119,60],[-106,83],[-44,0],[-753,610],[-453,326],[-551,310],[-38,-2],[2,-21],[-28,-12],[-36,49],[19,11],[-186,89],[-297,187],[-1020,727],[-128,-53]],[[34266,59547],[-89,-143],[-30,-9],[49,-31],[-3,-28],[-53,-11],[-87,-77],[-23,-54],[-62,-32],[43,-23],[-80,-24],[69,-74],[1,-45],[-23,-1],[-22,69],[-99,-80],[30,-32],[25,30]],[[33912,58982],[4,-12],[-38,-79]],[[33878,58891],[69,-32],[52,-73],[-25,-19],[64,-37],[-67,-3],[15,-73],[-24,-16],[-67,-27],[-73,44],[-96,-68],[-67,-17],[-36,-42],[-133,69],[-41,66],[-36,-34],[-71,-18],[-145,-3],[-24,24],[-122,-14],[-37,-24],[-58,14],[-82,-34],[-19,12],[-87,-20],[-83,-37],[-33,-31],[-11,-53],[-130,5],[-63,-13],[-32,-30],[-68,4],[-15,-24]],[[32333,58387],[-87,21],[7,-54]],[[32253,58354],[-45,-77],[27,-41],[53,-42],[79,-10],[15,-36],[87,8],[22,-80],[48,24],[90,-44],[66,-75],[39,-117],[-40,-43],[60,-36],[-6,-21],[62,-13],[9,-19],[-30,-38],[7,-50],[-29,-22],[19,-24],[-17,-39]],[[32769,57559],[79,-101],[-41,-21]],[[32807,57437],[-49,21],[-73,-44],[-32,23],[-76,-2],[-108,111],[-4,-35],[-25,36],[-78,-22],[-115,68],[-34,-69],[19,-22],[-5,-73],[-85,-26],[-60,-81],[-12,-52],[33,-11],[12,-45],[66,2],[13,-21],[56,11],[8,-96]],[[32258,57110],[117,-66],[2,-54],[46,-7],[388,-252],[62,-82],[-21,-22],[-3,-68],[-27,-23],[41,-39],[-71,-105],[24,-29],[6,-118],[45,-45],[27,-88],[68,-11],[37,-52],[120,-80],[87,10],[111,-53],[8,26],[119,37],[71,-73],[56,6],[34,-102],[27,-27],[77,21],[157,-231],[35,-13],[31,-49],[52,-3],[52,-92],[33,3],[50,41],[78,9],[47,-16],[79,79],[71,-69],[67,-3],[30,94],[37,39],[79,-35],[67,1],[24,27],[55,0],[20,44],[43,-12],[54,-93],[-80,-68],[-20,-48],[7,-91],[45,-12],[28,-47],[51,-20],[72,57],[47,2]],[[34398,59605],[-5,-4],[2,0],[3,4]],[[25918,83131],[167,14],[44,-70],[8,-142],[24,-57],[168,-63],[63,-46],[71,-208],[-6,-140],[30,-79],[46,-35],[115,0],[72,-23],[46,-67],[-15,-80],[-91,-143],[38,-73],[121,-62],[181,3],[139,-37],[26,-57],[-9,-57]],[[27156,81709],[-181,-131],[-28,-45],[-1,-76],[46,-67],[69,-14]],[[27061,81376],[94,40],[247,177],[87,83],[32,6],[103,-145],[94,-46],[119,-12],[62,-29],[65,-51]],[[27964,81399],[138,-169],[73,-49],[92,-28],[119,1],[89,37]],[[28475,81191],[77,74],[91,3]],[[28643,81268],[109,43],[245,-237],[70,-51]],[[29067,81023],[32,4],[69,-123],[39,22],[125,417],[5,43],[-34,-8],[37,13],[5,29],[-27,13],[27,38],[-2,74],[-39,-24],[-33,0],[36,6],[37,38],[-35,139],[-38,47],[-77,25],[-78,-6],[11,4],[67,5],[-25,85],[44,22],[-38,32],[28,50],[32,0],[-44,-44],[25,-39],[-3,-4],[-39,-17],[11,-49],[83,105],[79,158],[-20,50],[-64,23],[52,-78],[-46,40],[-25,-3],[7,-38],[-2,-27],[18,-2],[7,-13],[-24,-60],[17,69],[-61,8],[30,3],[3,37],[-25,0],[45,38],[-44,60],[-30,-9],[25,13],[23,1],[-9,38],[-29,19],[5,27],[26,10],[-12,17],[11,1],[2,-7],[7,1],[-2,17],[-18,10],[0,-19],[-5,21],[-3,32],[-20,-4],[-45,58],[-28,-4],[-9,28],[6,-12],[4,-14],[26,4],[19,-11],[38,16],[11,-8],[0,22],[-89,92],[-43,0],[-4,12],[44,0],[4,23],[-56,3],[3,31],[5,-1],[-2,-26],[44,3],[26,57],[-53,10],[47,-5],[-19,21],[39,18],[-9,20],[-53,-19],[52,22],[-50,84],[58,-19],[41,76],[17,-6],[58,52],[10,36],[-20,16],[-20,-13],[8,7],[12,7],[38,-14],[-21,39],[92,-49],[103,59],[15,36],[23,-5],[97,63],[2,35],[-152,107]],[[29359,83188],[-66,14],[-69,74]],[[28450,83033],[-70,-8],[-38,95],[-102,39]],[[28271,83273],[-99,129],[-210,157]],[[27958,83816],[-37,3],[-124,-104]],[[27495,83713],[-229,-131],[-56,41]],[[27215,83685],[-60,27],[-12,-44]],[[26374,84159],[-48,-30],[-37,9],[-67,70],[-4,30]],[[26218,84238],[-71,54],[45,19],[17,44],[-62,71],[-38,0]],[[26184,84557],[31,45],[14,122],[24,32],[-1,36],[-56,30]],[[26193,85315],[-67,51],[-86,-2]],[[25648,85508],[-26,1],[-8,-20],[-63,-11]],[[25421,85438],[-33,41],[-29,-23]],[[25359,85456],[-39,0],[-2,18],[-88,-1]],[[24892,85272],[-49,34],[-91,13],[-36,-13]],[[24716,85306],[-43,-95],[-22,-66]],[[24686,85019],[44,-49],[-130,-101],[-11,-35],[206,-108]],[[24795,84726],[72,-97],[-27,-70],[-86,-41]],[[24716,84475],[-9,-115],[87,-180],[237,-57]],[[25077,83848],[-26,-51],[60,-150],[234,18],[99,-42],[87,-134]],[[25531,83489],[-31,-178],[25,-86]],[[25525,83225],[170,-152],[82,-18],[141,76]],[[29246,82043],[-2,39],[0,-18],[2,-21]],[[29213,82277],[-13,-5],[19,-10],[-6,15]],[[29233,82281],[1,14],[-7,-2],[6,-12]],[[29221,82360],[-13,-4],[5,-32],[13,2],[-5,34]],[[29200,82373],[-6,4],[-6,-3],[-12,1],[12,-20],[33,6],[-21,12]],[[29215,82371],[-22,44],[-4,-4],[3,-3],[-5,-9],[-17,-14],[45,-14]],[[29190,82409],[-38,-9],[17,-12],[21,21]],[[43092,33733],[-88,-58],[-18,-80]],[[42879,33100],[31,-10],[12,-27],[-12,-57]],[[42895,32755],[-38,-34],[65,-9]],[[42922,32712],[5,-30]],[[42927,32682],[61,-10],[53,-63],[-28,-12]],[[43013,32597],[-14,-56],[5,-85],[23,-30],[-20,-29],[24,-59],[-41,-54],[23,-60],[98,-61],[27,-46],[-79,-170],[64,-52],[4,-53],[30,-18],[25,-52],[-55,-48],[-92,12],[-17,-31],[-68,-23],[21,-37],[-23,-66]],[[42948,31579],[-48,5],[-37,-42],[-44,-3],[0,-20],[50,-18]],[[42869,31501],[119,-109],[6,-28],[28,-6],[-10,-44],[40,-41],[-11,-42],[33,-54],[-2,-34],[-60,-100],[-63,-5],[-14,-66],[-38,-25],[-38,-87],[37,-119],[-155,-181],[-12,-65],[33,-25],[5,-50],[-36,-72],[25,-77],[-71,-127],[18,-36],[-38,-145],[20,-104],[-85,-95],[-50,-11],[-46,15],[13,-76],[-53,-87],[79,-53],[154,-19],[62,-29],[25,6],[23,-24],[-3,-45],[-55,-90],[25,-88],[149,-93],[77,-205],[-58,-9],[-60,-130],[-74,-74],[-85,29],[-38,-30],[-173,-55],[-23,-29],[-188,-9],[-63,-47],[-67,-9],[-82,19],[-19,-44],[-41,-19]],[[42029,28558],[-10,-189],[98,-119]],[[42117,28250],[35,-13],[69,-142],[402,-32],[100,-278],[130,-191],[225,-71],[77,46],[242,7],[-30,-359],[172,-106],[11,-34],[386,-68],[11,-69],[66,-53],[65,-32],[30,19],[42,-3]],[[44150,26871],[-4,-90],[-23,-31]],[[44123,26750],[-40,-7],[49,-4],[16,24],[66,5],[101,-84],[106,-55],[8,-42],[34,18],[54,-22],[35,27],[138,24],[186,116],[42,89],[42,-7],[9,30],[87,20],[39,43],[0,33],[-60,29],[-25,63],[-15,170],[42,30],[14,50],[-11,81],[-26,32],[34,64],[12,103],[-24,142],[8,130],[28,73],[77,57],[48,82],[-39,9],[-35,64],[5,68],[29,49],[75,41],[64,0],[17,-33],[75,-11],[176,36],[208,-89],[30,-61],[16,23],[-22,24],[7,33],[36,21],[-7,14],[14,-14],[2,5],[-5,13],[30,8],[75,207],[61,41],[41,-18],[51,165],[-6,89],[25,83],[32,-1],[48,38],[-8,49],[37,19],[-5,26],[22,3],[13,37],[34,12],[-23,24],[3,52],[-32,9],[-23,27],[11,-6],[14,-18],[10,-2],[-3,27],[17,4],[45,-72],[51,34],[47,-21],[81,66],[-16,123],[-36,-15],[-32,12],[47,51],[-57,-8],[-47,26],[18,34],[-17,42],[-162,107],[-11,113],[15,28],[48,-7],[-23,23],[-31,-9],[-34,19],[-3,82],[21,6],[-37,19],[-11,55],[39,52],[-23,27],[81,95],[-8,22],[-29,5],[-67,-76],[-34,5],[8,-28],[-31,-25],[2,-23],[-43,17],[-5,-77],[-70,-121],[-29,1],[-9,-18],[-37,11],[-11,-19],[-118,89],[15,21],[-37,59],[-4,61],[-20,1],[24,1],[12,31],[-17,4],[9,51],[-27,10],[53,-1],[20,46],[-15,37],[26,7],[36,104],[-14,36],[83,-1],[-4,-19],[28,-22],[-19,-27],[21,6],[18,-24],[17,3],[-2,21],[13,-13],[23,17],[-32,21],[41,39],[56,-25],[14,27],[-48,17],[21,8],[0,30],[22,-22],[15,30],[17,-4],[-4,24],[74,49],[-18,21],[13,17],[56,13],[-36,15],[0,20],[20,-5],[-21,14],[39,23],[-16,15],[17,5],[-2,28],[50,34],[-15,27],[41,56],[5,-14],[-4,37],[40,-7],[-15,48],[-45,12],[-10,26],[43,116],[-25,63],[-161,96],[-31,44],[18,35],[-11,65],[30,24],[15,1],[-14,101],[-153,111],[64,95],[77,-9],[45,-37],[-35,-51],[-32,-7],[42,-59],[43,-254],[11,31],[19,-5],[29,-67],[52,-16],[36,-138],[-6,-116],[18,-54],[26,-8],[-2,-53],[-16,0],[21,-9],[11,-119],[-11,-26],[-58,-19],[63,-38],[13,-41],[-13,-64],[-57,-3],[40,-67],[-46,-40],[19,-90],[-30,-87],[85,12],[39,-28],[47,11],[0,-35],[1,35],[34,-2],[42,-29],[-3,-34],[62,-37],[-16,-42],[13,-24],[20,18],[-9,28],[39,33],[24,2],[18,-28],[59,7],[-5,19],[63,72],[-19,35],[-36,-4],[19,36],[-24,-6],[-31,30],[18,20],[-46,42],[-26,134],[49,70],[55,-5],[-5,11],[17,48],[37,-1],[14,61],[-37,-24],[-38,12],[-16,26],[17,13],[-14,0],[-1,95],[-39,-2],[-14,23],[-70,23],[-159,191],[-158,284],[-55,195],[12,153],[66,4],[33,29],[16,90],[62,19],[-19,82],[-150,73],[20,8],[-21,16],[29,17],[18,-11],[21,25],[8,54],[-30,36],[72,45],[18,37],[-22,21],[11,25],[-74,54],[-49,94],[-7,117],[18,52],[47,24],[-27,85],[32,58],[46,14],[40,-10],[-39,11],[32,12],[20,-6],[-5,-17],[20,20],[75,-3],[-10,17],[52,49],[-54,14],[-88,85],[-58,13],[-22,49],[-48,26],[13,43],[-33,29],[2,45],[-22,28],[19,39],[-10,88],[27,48],[-18,58],[-38,-7],[-51,44],[-44,-10],[-35,30],[-8,-35],[-53,16],[-31,42],[11,46],[-59,34],[-1,25],[81,33],[18,43],[28,13],[-7,19],[47,37],[-1,24],[99,-56],[42,-48],[60,-10],[119,-103],[0,-28],[70,-28],[11,-40],[36,-1],[15,-55],[122,-122],[-25,-25],[5,-58],[74,-33],[32,11],[28,-54],[73,-25],[52,56],[8,151],[39,52],[45,-2],[35,-63],[51,-27],[18,30],[-32,41],[36,25],[39,-6],[18,28],[13,48],[-31,49],[-45,-10],[-70,70],[-79,-13],[-33,13],[-24,40],[-30,-13],[-29,28],[-29,99],[29,34],[-17,43],[39,37],[-3,45],[30,21],[-16,39],[-61,57],[-28,4],[-28,-23],[-126,105],[-123,37],[-9,67],[-46,86],[-2,67],[40,166],[55,8],[-8,72],[-59,7],[-17,38],[-58,-43],[-18,-57],[-31,-6],[-28,-43],[-95,8],[-12,33],[59,113],[-27,60],[23,18],[12,56],[-28,32],[-37,-6],[-34,54],[24,59],[28,34],[27,-4],[8,34],[52,-19],[21,14],[10,30],[-39,48],[2,38],[97,110],[17,47],[98,55],[86,-1],[16,41],[37,15],[-9,29],[40,16],[58,80],[28,0],[-9,19],[24,-12],[57,61],[8,41],[45,19],[23,43],[28,16],[6,-20],[34,33],[66,-1],[18,28],[-6,42],[20,6],[7,92],[33,25],[109,12],[-11,-16],[30,-60],[-12,-148],[34,-45],[16,-74],[122,-183],[-87,-43],[29,-66],[-32,-32],[-48,-9],[-11,42],[-26,-13],[-61,-164],[-98,-16],[28,-9],[33,-60],[43,57],[38,10],[27,-60],[50,-13],[-11,-25],[24,-26],[25,28],[-22,40],[39,26],[-29,51],[13,39],[39,12],[38,-28],[87,-6],[10,20],[-25,36],[28,44],[47,-91],[27,6],[35,-115],[-17,-66],[-26,-9],[28,-6],[-3,-31],[-50,6],[-3,-19],[-28,9],[-44,-23],[34,-54],[14,-81],[39,4],[29,-36],[20,19],[26,-13],[3,-81],[-19,-23],[17,-7],[5,-47],[32,3],[31,-25],[18,15],[29,-82],[52,36],[0,71],[-33,34],[21,21],[-18,35],[-41,10],[-1,30],[41,28],[-14,38],[22,13],[-6,53],[-21,6],[27,43],[-18,18],[4,34],[29,52],[96,15],[18,-19],[32,3],[-28,30],[19,38],[-42,56],[-69,-27],[-18,48],[-31,-22],[-59,0],[-105,148],[45,69],[-54,-25],[-40,13],[-161,254],[-123,308],[-4,99],[45,25],[-55,18],[-4,26],[55,89],[72,-3],[77,38]],[[45093,26965],[-3,2],[-2,-4],[5,2]],[[45809,28182],[8,6],[-4,1],[-4,-7]],[[45809,28201],[1,-1],[4,4],[-5,-3]],[[45893,28260],[34,-30],[-13,25],[-21,5]],[[45917,28254],[1,0],[-2,4],[1,-4]],[[46115,28666],[-8,-16],[9,1],[-1,15]],[[46078,29937],[3,4],[-7,2],[4,-6]],[[46131,31207],[-16,-3],[-16,-13],[17,-18],[1,-86],[31,9],[-17,111]],[[46439,29401],[-22,-1],[9,-11],[13,12]],[[46375,29493],[-28,-13],[30,-57],[38,-17],[3,69],[-30,-3],[-13,21]],[[46326,29524],[-7,-2],[4,-8],[3,10]],[[46289,29672],[-7,14],[-8,-6],[15,-8]],[[46604,29776],[-2,4],[-7,-9],[9,5]],[[46149,29812],[4,0],[-3,4],[-1,-4]],[[46530,29812],[-61,19],[-57,62],[-4,-27],[28,-12],[-2,-61],[71,-44],[26,8],[3,35],[69,-8],[10,31],[-38,25],[13,44],[-39,-3],[6,-51],[-25,-18]],[[46717,30179],[3,6],[-7,-2],[4,-4]],[[46728,30187],[1,4],[-7,-5],[6,1]],[[46721,30188],[-1,3],[-2,-1],[3,-2]],[[46758,30378],[-5,-1],[1,-3],[4,4]],[[46727,30385],[2,-1],[0,3],[-2,-2]],[[46768,30418],[-1,3],[-6,-3],[7,0]],[[46782,30422],[-4,0],[-1,-3],[5,3]],[[47063,30820],[17,-7],[-4,25],[-13,-18]],[[47093,30988],[-8,-3],[4,-11],[4,14]],[[47088,30995],[0,-2],[10,2],[-10,0]],[[47107,31073],[-13,0],[-27,-43],[22,-32],[17,7],[-21,48],[22,20]],[[47114,31071],[-4,0],[2,-1],[2,1]],[[47106,31092],[-9,0],[2,-14],[7,14]],[[47049,31785],[-5,6],[-1,-1],[6,-5]],[[46993,31822],[-81,10],[-6,-23],[41,-24],[44,15],[31,-26],[20,14],[-49,34]],[[47015,31825],[4,7],[-6,2],[2,-9]],[[46585,31874],[-40,13],[-48,-17],[113,-48],[-25,52]],[[46777,31892],[-33,4],[-10,-40],[29,-10],[14,46]],[[47223,31948],[0,-3],[2,1],[-2,2]],[[46447,31989],[-29,2],[-26,-45],[48,-43],[6,28],[51,42],[-51,2],[1,14]],[[47204,31953],[15,-5],[1,5],[-16,0]],[[47204,31952],[-4,4],[-2,-3],[6,-1]],[[47194,31953],[2,-1],[1,2],[-3,-1]],[[47181,31961],[1,-1],[-1,2],[0,-1]],[[47164,31974],[8,-8],[-1,4],[-7,4]],[[46754,32187],[-52,42],[-21,-2],[-20,-101],[-25,2],[-20,33],[-50,-7],[0,44],[-41,8],[-30,-1],[-26,-47],[59,-8],[-10,-50],[32,-33],[103,-62],[74,-13],[29,-62],[70,-40],[70,9],[-37,40],[0,40],[82,72],[1,-42],[-38,-28],[10,-21],[79,-14],[86,26],[6,-14],[-57,-22],[54,-23],[17,39],[61,19],[-28,40],[-23,1],[-2,53],[23,10],[3,38],[-19,26],[-51,-3],[-16,39],[-16,-4],[-24,-71],[-36,-14],[-19,58],[-26,-5],[-21,53],[-151,-5]],[[47341,32455],[-37,-4],[12,-30],[24,3],[1,31]],[[47388,32478],[3,-5],[3,2],[-6,3]],[[47394,32500],[-14,29],[-6,-21],[20,-8]],[[46556,32558],[-14,-10],[12,-9],[2,19]],[[46390,32980],[-21,15],[-31,-11],[30,-19],[22,15]],[[46398,33119],[-3,18],[-13,15],[3,-21],[13,-12]],[[46508,33194],[-58,19],[-39,-66],[97,-40],[28,45],[-28,42]],[[46435,33213],[-5,21],[-24,-11],[29,-10]],[[46289,33237],[-9,-5],[21,-7],[-12,12]],[[46392,33246],[-15,-7],[14,-15],[1,22]],[[46972,33689],[-23,-2],[11,-6],[12,8]],[[47229,33764],[3,-31],[30,-10],[8,-30],[37,19],[20,-13],[-3,27],[-31,4],[-5,23],[-31,-9],[-28,20]],[[47020,33820],[-129,-23],[-20,-55],[71,3],[25,37],[53,38]],[[47113,33795],[-13,-4],[11,-3],[2,7]],[[47051,34679],[-92,-55],[-16,-66],[38,-55],[53,-20],[4,-23],[65,35],[38,-7],[46,-38],[-4,-76],[77,-18],[31,-32],[31,3],[88,-93],[70,-2],[-3,-27],[85,-68],[33,-11],[69,34],[-8,38],[-87,61],[11,37],[-31,52],[19,44],[-82,76],[2,113],[-135,53],[-63,-37],[-58,1],[-23,40],[-31,-9],[-127,50]],[[46905,34645],[12,-10],[39,22],[-23,10],[-28,-22]],[[46962,34661],[28,-7],[4,27],[-14,2],[-18,-22]],[[46907,34680],[-30,-9],[0,-13],[21,3],[9,19]],[[46345,34712],[49,-35],[23,7],[-4,21],[-68,7]],[[47047,34685],[-4,31],[-22,-3],[26,-28]],[[47241,34755],[-51,-4],[-10,-22],[41,-39],[21,8],[-1,57]],[[46685,34894],[24,15],[-29,12],[5,-27]],[[46908,35196],[-27,-85],[-107,-102],[45,6],[75,91],[51,11],[78,68],[-115,11]],[[47046,35225],[14,-10],[16,16],[-17,10],[-13,-16]],[[47113,35281],[12,-12],[27,29],[-20,3],[-19,-20]],[[46968,35344],[-3,12],[-13,-3],[16,-9]],[[47227,35367],[3,14],[-17,-2],[14,-12]],[[74979,164],[-31,-9],[-32,-67],[17,-58],[66,-30],[77,30],[4,57],[-101,77]],[[54654,1848],[-41,14],[-43,-9],[-16,-26],[18,-42],[26,-10],[52,10],[4,63]],[[76600,2767],[-266,-68],[203,-60],[116,5],[126,68],[-33,44],[-146,11]],[[50595,2928],[1,-40],[22,-14],[101,19],[-4,49],[-27,25],[-67,-7],[-26,-32]],[[49638,3899],[-29,69],[-67,7],[-265,-109],[-138,-165],[-84,-59],[2,-99],[43,-23],[65,16],[173,146],[273,178],[27,39]],[[50812,3750],[14,-24],[71,-25],[103,-12],[59,23],[28,44],[-55,40],[-80,14],[-90,-18],[-50,-42]],[[61757,3870],[186,151],[159,-23],[96,108],[-89,-5],[-142,30],[-114,-23],[-159,45],[-39,-44],[-37,-251],[-55,-171],[89,-32],[49,23],[20,47],[-18,65],[54,80]],[[50529,3798],[102,-32],[34,30],[-53,92],[-96,103],[-92,69],[-72,27],[-421,-28],[-112,-68],[-47,-96],[41,-53],[229,14],[167,-64],[320,6]],[[76568,4184],[54,59],[-1,50],[-323,-62],[-204,-107],[104,-11],[316,45],[54,26]],[[62361,4336],[-28,-10],[60,-57],[78,41],[177,114],[62,63],[7,32],[-43,-17],[-65,23],[-41,-16],[17,-79],[-23,-30],[-39,-29],[18,55],[-14,18],[-81,-21],[-39,-25],[-8,-79],[-38,17]],[[61771,4495],[-62,75],[-51,22],[2,-130],[11,-24],[100,57]],[[62693,4684],[30,-67],[64,-1],[36,-51],[27,2],[7,28],[-32,39],[-132,50]],[[62956,4822],[58,36],[-5,40],[-23,34],[-37,7],[-14,-39],[-19,-4],[27,-20],[1,-61],[29,-20],[-51,-124],[13,-22],[28,4],[81,89],[-11,81],[-77,-1]],[[61639,4844],[85,25],[-3,32],[-60,9],[-42,-52],[20,-14]],[[62978,5067],[-1,-74],[68,8],[-9,72],[-58,-6]],[[61798,5119],[60,16],[16,24],[-40,35],[-30,-5],[-6,-70]],[[63007,5285],[-32,69],[-62,-8],[-30,-33],[-1,-41],[67,-103],[44,-3],[17,20],[-3,99]],[[61855,5421],[-53,12],[-7,-50],[50,-15],[10,53]],[[54421,5313],[31,-31],[252,50],[142,101],[76,172],[-47,19],[-109,0],[-44,-7],[-18,-23],[-48,1],[-235,-282]],[[62964,5472],[2,53],[-84,4],[-54,-104],[136,47]],[[62000,5647],[-56,24],[-32,-22],[66,-29],[22,27]],[[62920,5884],[-23,-22],[-12,-140],[17,-48],[54,-36],[19,60],[-55,186]],[[62045,5893],[-51,-48],[60,-14],[-8,-65],[241,37],[-17,34],[-31,12],[-194,44]],[[51407,5405],[293,240],[270,323],[17,144],[-46,102],[-147,196],[-162,131],[-93,102],[-86,1],[-105,-244],[-92,-113],[-108,-67],[-125,-16],[-96,10],[-30,-7],[-15,-32],[5,-37],[64,-87],[98,-68],[93,-138],[14,-162],[-26,-290],[19,-31],[86,-31],[172,74]],[[62684,6187],[66,-2],[0,-22],[71,-45],[77,52],[5,59],[-20,39],[-55,35],[-147,8],[-33,-21],[-8,-34],[44,-69]],[[62289,6144],[31,-2],[143,139],[14,18],[-12,35],[-39,-10],[-140,-161],[3,-19]],[[77220,6497],[-180,48],[-63,-16],[-42,-51],[315,-239],[46,-143],[122,22],[-3,29],[-128,109],[-57,87],[-10,154]],[[55589,6967],[-101,8],[-87,-68],[-38,-88],[0,-124],[46,-83],[134,-99],[56,17],[34,48],[77,197],[-23,99],[-98,93]],[[54542,6879],[304,24],[31,55],[-5,61],[-39,45],[-106,28],[-105,4],[-116,-24],[-54,-35],[-16,-80],[46,-55],[60,-23]],[[54999,7133],[95,5],[72,57],[2,62],[-111,-74],[-51,-11],[-7,-39]],[[64097,7409],[36,-138],[105,-46],[121,-16],[109,-1],[204,46],[69,73],[16,69],[-33,148],[-109,50],[-115,13],[-239,-14],[-83,-28],[-66,-50],[-15,-106]],[[55339,7526],[70,51],[-33,167],[-89,42],[-178,17],[-177,-54],[-409,-289],[-150,-42],[-25,-47],[46,-33],[84,-7],[212,58],[81,50],[48,75],[161,55],[106,1],[156,-50],[97,6]],[[73296,7502],[177,280],[86,336],[10,104],[-21,33],[-25,-12],[-78,-148],[17,-102],[-37,-111],[-81,-87],[-172,-111],[-87,-106],[-128,-287],[-87,-77],[-56,-94],[-131,-98],[-40,-84],[59,7],[61,40],[533,517]],[[52783,8338],[35,-32],[54,-1],[33,35],[-1,50],[-33,27],[-56,-11],[-32,-68]],[[50612,8681],[11,-43],[40,-20],[45,7],[29,40],[-17,53],[-42,22],[-38,-11],[-28,-48]],[[61043,9807],[11,-29],[69,-22],[68,11],[-29,74],[-119,-34]],[[64056,10395],[17,-15],[85,90],[-57,21],[-45,-96]],[[62506,10495],[130,62],[26,44],[-16,50],[-47,11],[-123,-59],[-160,-30],[-42,-43],[34,-35],[198,0]],[[78037,11173],[83,-3],[21,20],[-35,64],[-9,85],[-34,28],[-70,15],[-53,131],[-75,-6],[-109,58],[-148,20],[-265,-13],[-75,41],[-121,15],[-30,-9],[-74,-89],[20,-31],[239,-93],[209,-107],[106,-24],[100,-70],[227,20],[93,-52]],[[68973,11485],[13,24],[-15,19],[-332,101],[-161,10],[-90,-17],[-167,20],[-33,-35],[9,-66],[43,-59],[10,-56],[75,-31],[109,-2],[142,45],[231,10],[166,37]],[[66369,11794],[11,76],[-42,47],[-79,6],[-304,-74],[-114,-76],[-56,-99],[19,-40],[187,-47],[57,-35],[48,2],[273,240]],[[66973,12176],[-29,30],[-80,-35],[-13,-23],[57,-28],[65,56]],[[75504,12243],[148,13],[62,42],[28,51],[73,36],[41,60],[-68,2],[-128,-76],[-191,-10],[-103,-72],[-23,-85],[161,39]],[[70168,15857],[31,-21],[22,29],[-31,20],[-22,-28]],[[70507,16126],[14,-23],[23,26],[-37,-3]],[[70834,16269],[8,87],[44,20],[-39,119],[-115,-130],[-126,-212],[-76,-69],[-45,-93],[-98,-78],[-53,-93],[109,35],[112,83],[259,34],[49,67],[285,173],[107,118],[-15,23],[-55,0],[-1,-63],[-81,-58],[-40,-55],[-205,-121],[-49,-6],[-13,-61],[-54,-12],[-37,22],[-102,-8],[-33,46],[-39,-6],[45,49],[26,-38],[20,5],[15,116],[63,-75],[25,2],[39,65],[-35,41],[6,35],[59,62],[40,-24]],[[70650,16321],[5,7],[-11,2],[6,-9]],[[71585,16658],[-23,96],[-396,-179],[-104,8],[-107,-32],[-3,-54],[-60,35],[-18,-42],[35,-43],[175,29],[36,-26],[41,0],[63,-49],[-36,-32],[54,-3],[24,-20],[242,170],[77,142]],[[77747,18628],[30,-4],[8,19],[-38,0],[0,-15]],[[76887,19360],[-10,31],[-64,22],[-15,-21],[2,-155],[-76,-216],[2,-214],[-24,-129],[7,-35],[38,-27],[30,7],[38,64],[9,157],[-27,52],[32,82],[58,382]],[[75378,20010],[82,109],[-94,-30],[-56,-56],[5,-29],[63,6]],[[47394,32485],[2,0],[-4,4],[2,-4]],[[47400,33041],[-29,-12],[42,-61],[36,-14],[7,19],[-56,68]],[[47985,34236],[-12,-12],[3,-2],[9,14]],[[47860,34282],[4,3],[-6,3],[2,-6]],[[47821,34417],[-2,-10],[7,-1],[-5,11]],[[47890,34422],[13,-14],[1,7],[-14,7]],[[47837,34501],[2,2],[-3,1],[1,-3]],[[47827,34510],[3,2],[-1,3],[-2,-5]],[[47832,34558],[1,2],[-3,1],[2,-3]],[[47822,34570],[2,-4],[2,1],[-4,3]],[[47430,34703],[-4,17],[-14,-1],[6,-10],[12,-6]],[[47544,34783],[-9,-40],[65,-43],[-23,31],[32,-3],[4,16],[-69,39]],[[48021,34745],[1,-1],[1,2],[-2,-1]],[[47614,34795],[-1,1],[-3,-10],[4,9]],[[78659,3960],[112,106],[-11,26],[-209,-96],[48,-50],[60,14]],[[77279,4285],[-53,5],[-23,-20],[46,-173],[187,32],[106,-25],[16,21],[189,55],[85,115],[108,49],[-7,21],[47,65],[50,27],[46,-7],[112,97],[42,74],[193,24],[62,32],[120,127],[42,14],[65,-44],[-45,-54],[11,-40],[69,-8],[33,-39],[78,34],[-71,61],[-58,127],[-61,55],[-171,-2],[-64,-53],[-87,-37],[-73,-86],[-126,-41],[-26,-54],[-84,-73],[-73,-34],[-99,-122],[-155,-25],[-17,-94],[-69,-75],[-42,-17],[-303,88]],[[79465,4444],[88,112],[-5,35],[-136,-72],[-1,-45],[-21,18],[-18,-11],[7,-23],[45,-22],[41,8]],[[80100,4583],[75,65],[-5,123],[-48,57],[-24,-13],[16,-125],[-106,-91],[-17,-67],[-25,-1],[-100,95],[42,-17],[23,17],[-30,37],[-39,4],[-29,-20],[131,-138],[31,-83],[27,-13],[78,170]],[[78998,4919],[-169,-72],[32,-104],[96,2],[47,63],[60,29],[-66,82]],[[79458,5391],[16,92],[-27,90],[-60,-97],[-22,-103],[-41,-35],[-20,-94],[-83,-26],[-83,-73],[6,-104],[27,-43],[53,23],[13,49],[-64,49],[15,31],[15,-26],[70,-33],[79,55],[37,-14],[31,20],[-50,81],[2,65],[52,98],[34,-5]],[[80304,5268],[43,-17],[81,99],[181,118],[42,88],[-7,41],[-31,15],[-111,-137],[-138,-81],[-60,-126]],[[80629,6209],[-84,8],[-96,-21],[-109,-98],[9,-92],[-118,-58],[-96,-15],[-88,83],[-90,34],[-61,-14],[-194,-126],[-15,-90],[-182,-153],[-12,-37],[53,-12],[147,78],[96,175],[49,51],[44,-9],[36,15],[47,-35],[31,-2],[6,23],[163,-45],[133,34],[167,-9],[4,129],[56,72],[53,19],[100,-37],[56,25],[-40,73],[-65,34]],[[78527,7120],[26,-40],[63,15],[77,70],[1,32],[-79,17],[-55,-21],[-33,-73]],[[78843,10728],[71,-141],[193,125],[-76,100],[8,190],[-37,34],[-180,70],[-66,-61],[98,-155],[-11,-162]],[[78945,14877],[-36,-21],[22,-42],[45,40],[-31,23]],[[80056,16771],[2,-17],[31,6],[-7,21],[-26,-10]],[[79847,17067],[0,25],[-36,22],[-32,-40],[-8,-50],[23,6],[53,37]],[[79585,17040],[26,6],[-13,40],[-91,122],[-43,24],[-41,82],[-31,0],[-17,-62],[132,-118],[38,-86],[-22,-34],[-12,-165],[43,-26],[64,34],[39,97],[-14,32],[-51,-18],[-7,72]],[[79908,17199],[-26,-12],[16,-62],[32,27],[-22,47]],[[80000,17185],[-8,19],[-45,21],[20,-52],[33,12]],[[80005,17263],[18,-55],[22,29],[-40,26]],[[80174,17329],[-50,-5],[-9,-43],[108,16],[-49,32]],[[80256,17343],[-20,-33],[56,24],[-58,16],[22,-7]],[[80362,17467],[-57,-16],[28,-85],[92,44],[-63,57]],[[79835,17445],[-11,-6],[23,-11],[-12,17]],[[79419,17369],[42,-1],[62,98],[24,146],[-33,-15],[-45,-168],[-50,-60]],[[79968,17590],[13,-24],[17,-7],[-5,11],[-25,20]],[[79494,17639],[22,-1],[5,15],[-19,4],[-8,-18]],[[79651,17846],[69,47],[55,-22],[-6,62],[-53,9],[-23,-33],[-106,-52],[-46,-62],[-2,-136],[26,1],[17,50],[97,54],[2,39],[-30,43]],[[79828,17849],[-22,29],[-19,-21],[41,-8]],[[79833,17904],[20,11],[-26,28],[-2,-25],[8,-14]],[[79906,17983],[-44,-3],[-3,-28],[17,-14],[30,23],[-8,-30],[32,-1],[7,33],[-31,20]],[[80243,18023],[99,-70],[-3,-38],[29,21],[1,88],[-68,39],[-183,15],[-50,-24],[175,-31]],[[80036,18045],[-56,-6],[-7,-56],[53,-1],[10,63]],[[80443,18555],[30,88],[-23,48],[-46,25],[-264,0],[-53,-21],[-39,-52],[35,-93],[97,-72],[150,4],[113,73]],[[77889,18732],[7,17],[-31,16],[-32,-3],[-16,-23],[13,-18],[59,11]],[[79337,19718],[50,-120],[239,-16],[-22,38],[-186,49],[-59,57],[-22,-8]],[[79779,19706],[-17,-39],[8,-12],[24,37],[-15,14]],[[79834,19721],[3,-35],[37,17],[-4,32],[-36,-14]],[[79991,19751],[167,-39],[38,35],[-93,27],[-112,-23]],[[80208,19826],[31,-18],[13,43],[-43,3],[-1,-28]],[[80268,19862],[41,5],[-11,27],[-30,-32]],[[80458,19902],[-73,10],[-34,-30],[35,-16],[72,36]],[[80465,19989],[11,-40],[22,5],[-12,37],[-21,-2]],[[79224,19805],[49,-44],[31,5],[9,38],[-70,134],[111,178],[143,77],[32,37],[1,60],[-48,-10],[-184,-143],[-26,-93],[-105,-129],[57,-110]],[[80152,20156],[3,20],[-13,2],[10,-22]],[[80261,20292],[10,-18],[26,14],[-36,4]],[[80176,20288],[15,0],[13,23],[-14,6],[-14,-29]],[[80395,20332],[8,30],[-19,8],[-16,-35],[27,-3]],[[80321,20387],[10,10],[-16,8],[6,-18]],[[80517,20577],[7,14],[-17,3],[10,-17]],[[80201,20959],[-8,26],[-68,-8],[-111,-53],[41,-253],[-23,-39],[-164,-125],[-137,-56],[-155,-117],[2,-19],[50,5],[85,76],[221,55],[121,109],[125,56],[-77,169],[19,96],[79,78]],[[80544,20652],[3,13],[-24,-1],[21,-12]],[[80254,20986],[-23,-29],[9,-64],[76,76],[-62,17]],[[80435,20948],[74,34],[6,37],[-76,13],[-65,-22],[8,-50],[53,-12]],[[80310,22715],[9,34],[-31,17],[-15,-40],[37,-11]],[[79831,22859],[5,-24],[57,38],[28,-9],[65,49],[93,24],[88,-21],[-11,26],[86,84],[162,112],[-9,60],[-69,-1],[-52,-70],[-68,-31],[-181,-32],[-121,-105],[-73,-100]],[[78503,24315],[-16,50],[-82,80],[-103,4],[-106,-66],[-57,-96],[-67,-47],[-15,-87],[112,-61],[136,-2],[53,19],[115,81],[30,125]],[[78982,24900],[-61,16],[54,41],[-12,27],[-83,-27],[-33,-30],[4,-20],[80,-30],[51,23]],[[79512,25089],[-73,-12],[-12,-53],[-84,27],[-50,-23],[-43,16],[-32,-48],[-187,-9],[-33,-20],[-5,-27],[72,-37],[128,40],[152,0],[94,-30],[89,105],[-19,20],[3,51]],[[78998,25017],[-21,-8],[1,-18],[34,5],[-14,21]],[[79999,25062],[-29,-6],[2,-21],[39,-2],[-12,29]],[[79574,25003],[103,26],[1,31],[-33,35],[-58,-4],[-13,-88]],[[79076,25023],[20,-2],[-3,27],[26,11],[-14,22],[-31,-18],[2,-40]],[[79786,25082],[17,-36],[139,5],[19,23],[-57,21],[-118,-13]],[[79200,25082],[54,-12],[15,29],[-81,14],[-36,-17],[43,-48],[5,34]],[[79847,25122],[-17,-1],[-22,-30],[26,7],[13,24]],[[79453,25191],[-41,6],[2,-44],[40,9],[-1,29]],[[80146,25305],[-3,-42],[30,-17],[6,-36],[89,80],[-24,34],[-98,-19]],[[79885,27279],[55,37],[6,43],[41,50],[48,26],[146,10],[101,-68],[-5,20],[-62,27],[-10,42],[45,34],[35,-16],[45,-53],[-24,-10],[16,-13],[-18,-40],[12,-35],[-50,-166],[-46,-33],[-66,18],[3,-37],[-52,-10],[6,-44],[-39,-26],[-48,13],[-47,-17],[-42,16],[-18,-27],[31,6],[-9,-16],[22,-2],[47,21],[106,5],[67,75],[42,3],[55,41],[100,272],[-5,159],[-74,17],[-262,-84],[-169,-155],[-1,-66],[-54,-105],[-134,-68],[-9,-114],[101,9],[78,-14],[55,17],[-118,21],[-20,47],[8,41],[115,75],[-4,74]],[[80784,5690],[60,19],[109,89],[12,55],[-128,55],[24,-74],[-24,-54],[-171,-141],[37,-10],[81,61]],[[80573,17492],[31,15],[10,22],[-43,12],[2,-49]],[[80715,17678],[-23,-64],[15,-28],[86,3],[32,21],[-53,67],[-57,1]],[[80986,17740],[-30,32],[-18,-2],[18,-44],[30,14]],[[81325,17782],[48,4],[7,22],[-39,12],[-16,-38]],[[81126,17861],[-41,27],[-37,-26],[29,-49],[48,26],[1,22]],[[81208,17943],[29,-4],[26,22],[-44,63],[-31,-33],[20,-48]],[[80512,17909],[54,-4],[15,64],[85,35],[-2,46],[-65,3],[-119,-53],[32,-91]],[[80897,18058],[-32,-70],[22,14],[29,-20],[30,38],[-49,38]],[[81499,18039],[14,2],[-14,29],[-4,-2],[4,-29]],[[81422,18084],[3,-55],[15,0],[10,42],[-28,13]],[[80723,18113],[11,-100],[87,-4],[27,22],[6,35],[-31,24],[-100,23]],[[81629,18135],[-13,-90],[59,-9],[39,78],[-85,21]],[[81046,18123],[-2,42],[-72,19],[-45,-69],[3,-27],[66,-17],[50,52]],[[81130,18156],[-8,-27],[-64,-23],[40,-7],[53,34],[30,-13],[-64,65],[-42,-12],[55,-17]],[[81748,18162],[-36,12],[-8,-5],[26,-30],[18,23]],[[81857,18227],[5,20],[-37,10],[-62,-72],[94,42]],[[81204,18183],[12,60],[-14,30],[-29,21],[-57,-14],[4,-45],[26,-12],[-8,17],[26,-4],[13,-52],[27,-1]],[[81257,18279],[-8,0],[3,-25],[5,25]],[[81351,18286],[-41,43],[0,-13],[41,-30]],[[81438,18348],[-15,-16],[8,-6],[7,22]],[[81218,18360],[-16,-23],[37,2],[-21,21]],[[81358,18354],[17,16],[-60,25],[43,-41]],[[81612,18423],[-22,13],[25,-30],[-3,17]],[[81495,18401],[26,18],[-4,36],[-23,10],[-88,-9],[-71,-34],[33,-22],[127,1]],[[81701,18500],[-16,45],[1,-19],[15,-26]],[[81686,18555],[11,42],[-141,-86],[41,-40],[34,5],[15,37],[-14,25],[33,31],[21,-14]],[[80557,20008],[-1,26],[-31,-8],[8,-36],[24,18]],[[80723,20063],[-14,28],[-45,-19],[-61,-46],[0,-24],[31,-1],[89,62]],[[81223,20099],[14,-18],[16,11],[-17,12],[-13,-5]],[[80966,20137],[-163,-6],[-19,-19],[204,-27],[38,-22],[122,4],[-3,19],[-179,51]],[[80733,20115],[9,-6],[12,25],[-21,-19]],[[81222,20158],[21,-24],[41,11],[-31,26],[-31,-13]],[[81305,20153],[12,-38],[43,9],[60,72],[75,44],[-51,32],[-139,-119]],[[81668,20282],[-74,41],[-29,-15],[-12,-51],[27,-20],[65,4],[33,11],[-10,30]],[[81718,20274],[19,-11],[5,33],[-17,-2],[-7,-20]],[[81812,20274],[90,95],[86,44],[-86,-9],[-85,-60],[-5,-70]],[[80779,20406],[8,19],[-10,14],[-14,-15],[16,-18]],[[80880,20511],[19,9],[-10,22],[-18,-8],[9,-23]],[[80638,20579],[-7,-25],[41,15],[-5,11],[-29,-1]],[[81694,20640],[-77,-30],[146,-48],[36,16],[-4,6],[-101,56]],[[81505,20642],[-62,17],[-31,-37],[130,-67],[32,0],[-23,49],[-46,38]],[[80734,20734],[-1,26],[-20,-3],[1,-19],[20,-4]],[[81158,20712],[61,12],[14,23],[-27,48],[-66,23],[-30,45],[-59,24],[-35,-13],[-8,-59],[150,-103]],[[80945,20783],[12,42],[-47,-31],[35,-11]],[[81451,21116],[-20,-101],[-117,-180],[-8,-121],[37,-110],[63,91],[6,92],[90,201],[43,68],[78,43],[21,63],[-55,30],[-55,-11],[-83,-65]],[[80617,20969],[100,-43],[157,-33],[51,20],[-34,72],[-82,40],[-175,-10],[-83,20],[66,-66]],[[80500,22752],[-19,-44],[10,-28],[116,-12],[4,35],[-111,49]],[[80735,22802],[-23,-6],[-2,-94],[100,29],[-75,71]],[[80929,22831],[50,-20],[80,37],[-9,16],[-121,-33]],[[81111,22882],[68,-4],[69,42],[72,139],[-47,-30],[-78,-13],[-7,-82],[-77,-52]],[[81519,23201],[-29,-32],[-93,-24],[-3,-19],[168,8],[24,34],[6,74],[53,51],[6,47],[-106,153],[-54,-27],[28,-265]],[[80755,23479],[-143,-146],[-120,-59],[-32,-85],[26,-12],[77,38],[249,236],[-8,37],[-49,-9]],[[80889,22909],[64,-49],[113,47],[63,4],[54,117],[74,15],[127,104],[56,22],[21,143],[-15,86],[62,253],[74,78],[14,51],[2,239],[-28,35],[-42,1],[-16,-38],[-39,-22],[24,-52],[-7,-30],[-109,-13],[-128,-77],[-70,-109],[-148,-40],[10,-98],[-68,-27],[-21,-40],[-89,32],[-26,-7],[-4,-55],[42,-60],[-76,-46],[-8,-74],[-171,-39],[-5,-105],[-26,-23],[-85,9],[-107,-38],[-9,-81],[-52,-62],[-4,-36],[-82,-11],[-12,-24],[30,-31],[132,-26],[17,-95],[41,12],[29,54],[47,11],[80,-62],[25,0],[46,61],[62,17],[23,70],[115,9]],[[81554,23529],[18,80],[-34,-5],[-8,-85],[24,10]],[[81000,23640],[-30,9],[-41,-46],[-1,-30],[54,5],[18,62]],[[81060,23734],[8,-37],[34,14],[-18,46],[-24,-23]],[[81125,23754],[26,-24],[24,-6],[-5,21],[-45,9]],[[81210,23767],[2,91],[-29,11],[-71,-62],[98,-40]],[[81255,23860],[30,-10],[7,31],[81,29],[-27,59],[-110,-51],[19,-58]],[[81446,24059],[9,-25],[42,-19],[-10,27],[44,30],[53,-6],[22,-24],[18,-266],[-39,-72],[24,-41],[35,42],[-1,194],[38,95],[-2,65],[32,110],[-48,25],[-50,-1],[-167,-134]],[[81413,24028],[-33,-33],[52,-82],[50,30],[-69,85]],[[81833,24283],[12,42],[-69,9],[-82,-73],[14,-34],[125,56]],[[81711,26736],[56,74],[-19,25],[-60,-23],[-55,-50],[-93,-10],[-80,72],[5,36],[39,43],[148,47],[59,0],[13,53],[-208,-4],[-100,-53],[-47,-129],[42,-107],[43,-10],[68,18],[124,-28],[65,46]],[[81767,27062],[-26,-25],[13,-39],[55,-1],[2,38],[-44,27]],[[82118,27734],[-12,37],[-75,39],[-71,-1],[-76,-27],[-31,-38],[-55,-113],[-25,-155],[-20,-294],[32,-44],[54,29],[7,28],[76,344],[-19,30],[4,83],[38,30],[140,9],[33,43]],[[86747,6812],[-62,-52],[-12,-142],[57,-98],[62,-15],[74,43],[26,83],[-10,75],[-33,78],[-102,28]],[[81554,7215],[144,-15],[87,24],[95,-108],[83,-37],[17,14],[-2,48],[-44,-8],[-92,118],[-97,11],[-4,22],[106,15],[46,29],[214,13],[73,51],[162,42],[45,60],[55,-11],[10,-54],[130,-11],[308,-157],[0,-53],[-116,-110],[-126,-56],[-155,11],[-54,-14],[-81,19],[-192,-34],[-88,5],[-63,26],[-22,-11],[-22,17],[31,-65],[176,-3],[186,29],[155,-38],[113,13],[243,117],[124,93],[22,39],[-71,105],[-132,42],[-92,136],[-156,10],[-78,51],[-43,-1],[-83,39],[-69,-26],[-84,-75],[-99,-52],[-68,0],[-80,-40],[-314,-36],[-91,-47],[-68,8],[-74,-51],[-191,-3],[-66,-45],[-72,-93],[95,-18],[369,65]],[[86089,8649],[10,47],[-47,33],[-56,11],[-105,-28],[-191,37],[-140,120],[-117,-17],[-46,-33],[162,-168],[321,3],[122,-51],[87,46]],[[85989,11046],[83,19],[40,51],[4,54],[-43,81],[-136,22],[-67,-33],[-20,-85],[38,-64],[101,-45]],[[81922,11753],[-18,-157],[8,-25],[37,-8],[223,164],[47,94],[-151,0],[-146,-68]],[[89165,11621],[14,85],[-56,101],[-91,78],[-77,-10],[-13,-49],[13,-59],[90,-126],[74,-45],[46,25]],[[92619,12117],[-38,-30],[-63,-204],[9,-27],[74,-8],[70,22],[148,236],[-49,17],[-151,-6]],[[90356,14621],[-78,-48],[-85,-6],[-18,-18],[52,-25],[237,10],[100,18],[32,29],[-37,37],[-203,3]],[[87153,14999],[-69,-138],[44,-127],[33,-28],[74,-14],[101,75],[-39,64],[-8,152],[-38,127],[-29,-8],[-20,-55],[-49,-48]],[[93263,15731],[-16,41],[-39,16],[-65,-32],[11,-54],[36,-22],[61,22],[12,29]],[[91987,16223],[-2,63],[-27,11],[-61,-41],[-16,-58],[65,-21],[41,46]],[[82089,16891],[56,7],[-5,46],[-35,11],[-24,-14],[8,-50]],[[90021,17092],[8,-87],[-43,-96],[-29,-15],[-11,-108],[-45,-48],[-17,23],[36,141],[-9,68],[-30,37],[-36,-1],[21,-111],[-48,-205],[9,-132],[26,12],[26,90],[79,111],[22,109],[61,113],[23,157],[98,231],[-80,81],[-91,19],[-104,-55],[-14,-53],[-101,-162],[64,-66],[-10,-99],[18,-27],[46,-7],[-17,47],[25,40],[-1,76],[-53,57],[2,27],[123,173],[34,15],[74,-19],[47,-58],[0,-36],[-103,-242]],[[93680,17258],[-15,-9],[-6,14],[-8,-9],[27,-22],[2,26]],[[93657,17272],[13,7],[-5,4],[-8,-11]],[[93582,17299],[63,-29],[-22,17],[17,12],[-28,66],[32,-22],[41,45],[-79,-9],[14,57],[26,13],[62,-5],[-4,-42],[72,72],[32,-8],[14,19],[27,-3],[23,25],[-9,-50],[33,-5],[74,-60],[8,64],[-40,50],[-107,22],[-100,-63],[-150,-9],[-16,-21],[17,-136]],[[93810,17445],[0,-1],[5,2],[-5,-1]],[[93796,17444],[9,12],[-5,2],[-4,-14]],[[93818,17454],[7,-2],[0,3],[-7,-1]],[[93823,17476],[4,-3],[2,5],[-6,-2]],[[87593,18010],[-17,-8],[25,-52],[84,-40],[4,20],[-96,80]],[[88079,18018],[18,50],[-29,-13],[-20,74],[-58,37],[-104,14],[144,-54],[21,-28],[-7,-77],[-75,-75],[-82,-41],[-171,42],[-22,-37],[197,-36],[188,144]],[[81943,18230],[17,7],[14,58],[52,67],[-55,-42],[-28,-90]],[[81732,18640],[4,-25],[68,4],[166,-43],[-39,-50],[85,-94],[4,-51],[28,-8],[38,155],[73,136],[-41,30],[-386,-54]],[[85472,18592],[-20,47],[-48,-15],[17,-52],[51,20]],[[91804,19396],[-16,-24],[56,-47],[9,34],[-49,37]],[[86337,19728],[96,81],[40,76],[-133,-37],[-190,87],[-11,-103],[47,-77],[-1,-69],[152,42]],[[86694,20123],[76,42],[16,44],[-97,-9],[-17,-65],[22,-12]],[[82337,20685],[2,71],[118,153],[2,29],[-80,-66],[-91,-38],[-45,-100],[-95,-61],[-211,12],[-178,-20],[7,-13],[236,-4],[58,-22],[69,-88],[11,-46],[-8,-24],[-83,-52],[-4,-26],[121,37],[51,59],[82,45],[24,50],[48,33],[-34,71]],[[89111,21478],[-85,20],[-29,58],[-30,-25],[4,-20],[154,-95],[298,-23],[72,20],[25,209],[38,68],[10,232],[-76,12],[-168,-54],[-139,39],[-64,-2],[-54,-38],[-19,-53],[-155,-209],[27,-50],[41,-24],[77,122],[2,43],[78,3],[-42,74],[29,31],[6,-50],[41,-25],[71,52],[136,-19],[-8,-29],[46,-29],[-67,-148],[3,-35],[129,-13],[-143,-97],[-57,9],[-23,-16],[-128,62]],[[89925,22567],[-16,4],[-53,-62],[-25,70],[-31,6],[-26,60],[12,40],[19,-25],[1,52],[-45,51],[-90,14],[-15,-23],[40,-125],[-24,-103],[26,-72],[-32,-65],[49,-128],[52,36],[158,270]],[[90054,22665],[-53,-48],[-45,-11],[-18,-34],[99,38],[17,55]],[[92013,23086],[-75,-20],[-17,-80],[31,-175],[-42,-167],[0,-221],[-18,-71],[14,-32],[41,-8],[73,11],[53,34],[149,198],[-17,44],[-31,13],[-153,204],[-8,270]],[[92226,22728],[24,-3],[-7,18],[-17,-15]],[[92363,23128],[-55,45],[-12,-9],[-7,-39],[58,-15],[16,18]],[[90036,23331],[-23,43],[0,63],[-43,52],[-103,62],[-100,143],[-114,-118],[-16,-69],[-53,-83],[38,-166],[-10,-84],[-64,-86],[37,-53],[0,-76],[73,-168],[133,29],[-44,132],[-45,5],[0,16],[57,20],[-10,33],[-117,29],[31,48],[-23,127],[12,30],[31,-31],[12,20],[-18,43],[49,-32],[12,21],[-86,114],[59,22],[-10,49],[55,-47],[73,16],[98,-84],[-14,-21],[-39,30],[33,-63],[57,99],[-23,32],[37,15],[14,-25],[-18,-80],[11,-28],[36,-11],[-9,-71],[-84,-8],[-2,-49],[86,-152],[55,35],[-12,-26],[39,-52],[-24,-95],[-41,-47],[74,-58],[-38,-95],[42,35],[96,169],[-41,54],[-91,283],[-37,53],[2,56]],[[92058,23198],[-38,-82],[53,-30],[22,57],[-10,40],[29,22],[-13,72],[69,90],[-25,76],[88,94],[-11,67],[-70,-76],[-59,-119],[-35,-211]],[[92528,23360],[26,10],[-47,60],[-19,-15],[40,-55]],[[92662,23491],[-29,92],[-60,11],[-50,-36],[10,-47],[114,-39],[15,19]],[[91453,23500],[24,2],[12,35],[-29,59],[-22,-11],[15,-85]],[[92734,23547],[160,74],[198,-3],[60,47],[-52,46],[-221,-7],[-111,18],[-65,-81],[31,-94]],[[92270,23631],[56,-18],[33,149],[-69,-54],[-20,-77]],[[93170,23760],[37,-45],[8,41],[-45,4]],[[92491,23793],[7,36],[-52,57],[-37,10],[-18,-58],[100,-45]],[[93348,24133],[-28,-5],[-41,-57],[25,-147],[112,-58],[54,111],[-11,94],[-111,62]],[[83896,24141],[-23,29],[-107,-151],[-58,-24],[-126,-100],[-113,-23],[-22,-24],[40,-10],[141,59],[27,-14],[123,7],[39,36],[79,215]],[[92442,23975],[41,-13],[35,28],[-44,86],[-42,-56],[10,-45]],[[90277,24042],[36,-37],[40,33],[-36,37],[-40,-33]],[[93516,24173],[97,-143],[88,-60],[137,71],[51,79],[-42,38],[-65,-22],[-266,37]],[[93633,24468],[29,10],[7,29],[-28,22],[-37,-1],[-15,-42],[44,-18]],[[81964,24416],[28,-11],[152,90],[-47,11],[-6,20],[25,129],[-53,4],[-53,-79],[-50,-117],[4,-47]],[[82557,24769],[60,15],[7,40],[-70,-23],[3,-32]],[[84417,25158],[58,37],[-2,49],[-35,-2],[-38,-32],[17,-52]],[[82261,24946],[24,-68],[-73,-62],[-6,-31],[48,-27],[-1,-27],[24,-15],[71,9],[300,206],[142,151],[105,170],[90,-1],[45,67],[51,230],[-24,115],[-137,47],[-62,-10],[-125,-63],[-71,-63],[-74,37],[-86,12],[-11,-55],[37,-111],[-68,-155],[-32,-29],[-45,-8],[-181,-5],[-92,-106],[-127,-78],[-92,-88],[-75,-146],[76,-107],[50,-4],[51,32],[82,115],[93,57],[93,11]],[[91277,25438],[45,-113],[97,-106],[29,-74],[24,-23],[57,12],[15,107],[-42,70],[-37,224],[-58,163],[-97,188],[-174,166],[-56,9],[-4,-57],[141,-197],[60,-369]],[[92420,27085],[3,94],[-38,20],[-49,-18],[-37,-44],[-32,-208],[0,-270],[-69,-157],[-116,-113],[-18,-56],[22,-34],[34,-15],[39,12],[108,105],[153,684]],[[91127,26633],[106,27],[-12,99],[127,160],[3,69],[-29,-9],[-139,-173],[-52,-106],[-4,-67]],[[82029,27191],[-10,24],[-95,-41],[-61,-70],[10,-16],[46,2],[110,101]],[[91363,27173],[-15,-107],[32,-47],[50,4],[24,22],[-36,85],[71,187],[-27,10],[-99,-154]],[[92325,27683],[101,32],[13,27],[-27,52],[-31,14],[-225,-149],[72,347],[-27,24],[-42,3],[-29,-13],[-258,-361],[-9,-61],[25,-18],[48,9],[67,71],[105,220],[29,17],[13,-82],[-355,-1316],[-20,-87],[17,-51],[31,10],[30,91],[256,989],[216,232]],[[92994,27160],[9,-67],[39,-6],[43,23],[104,261],[104,130],[7,40],[-41,56],[-101,-71],[-164,-366]],[[82269,27367],[45,63],[-1,31],[-21,-1],[-56,-67],[-2,-21],[35,-5]],[[82301,27530],[28,0],[33,42],[3,28],[-35,41],[-88,53],[-114,-12],[-1,-47],[66,-23],[108,-82]],[[93345,27706],[72,27],[58,78],[85,211],[-16,120],[-57,72],[-13,-60],[14,-40],[-100,-166],[14,-50],[-115,-150],[58,-42]],[[92351,28311],[1,26],[-31,24],[-52,-33],[-51,-73],[-70,-155],[156,-4],[-28,97],[75,118]],[[92699,28885],[-79,-214],[-232,-288],[-9,-35],[26,-51],[68,-39],[105,-11],[6,39],[-32,87],[17,106],[147,191],[87,25],[57,-8],[30,-189],[24,1],[36,53],[37,204],[-107,388],[-90,23],[-32,-27],[-59,-255]],[[95172,12946],[-51,-3],[-24,-31],[26,-109],[136,-50],[46,28],[9,28],[-15,44],[-127,93]],[[96980,15403],[-35,16],[-77,-69],[19,-44],[29,-14],[48,31],[16,80]],[[94733,16904],[77,-37],[-8,17],[-69,20]],[[94589,16936],[-20,-11],[33,-14],[-13,25]],[[93794,17139],[184,-222],[85,-36],[67,18],[77,125],[86,35],[79,-9],[118,-47],[55,-50],[104,13],[122,-53],[58,23],[-60,112],[-71,24],[-71,52],[-226,-14],[-185,30],[-7,-69],[-60,-103],[-115,-59],[3,21],[-89,50],[-2,36],[-61,33],[-15,51],[15,32],[-66,10],[-14,32],[-105,47],[0,-32],[94,-50]],[[94236,17208],[-48,32],[-31,-36],[41,-38],[41,14],[-3,28]],[[94122,17231],[27,-14],[19,29],[-27,15],[-19,-30]],[[94080,17270],[25,11],[-31,22],[6,-33]],[[94028,17318],[39,7],[-22,19],[-17,-26]],[[94023,17335],[-3,33],[-29,13],[2,-26],[30,-20]],[[93913,17414],[-18,15],[-49,11],[3,-4],[64,-22]],[[93851,17453],[-2,6],[-10,-5],[12,-1]],[[93838,17461],[10,2],[-2,4],[-8,-6]],[[93845,17471],[5,2],[-1,3],[-4,-5]],[[94406,21340],[-6,-35],[14,-5],[14,27],[-22,13]],[[94436,21414],[-9,-23],[83,-13],[0,15],[-74,21]],[[94461,21461],[31,-15],[13,0],[-13,27],[-31,-12]],[[94972,21543],[25,-115],[-53,-61],[0,-100],[-230,-159],[-5,-59],[15,-16],[91,15],[242,122],[129,38],[175,-32],[73,29],[88,130],[75,209],[125,189],[4,164],[-49,114],[-95,49],[-338,-32],[-101,-96],[-136,-196],[-35,-193]],[[94866,20640],[284,52],[146,-51],[120,7],[164,70],[339,98],[162,131],[79,90],[81,175],[164,273],[122,34],[75,92],[112,79],[336,176],[61,112],[-10,46],[-42,44],[-78,10],[-168,-64],[-206,61],[-69,37],[-41,74],[-140,109],[-109,157],[37,188],[30,40],[58,25],[4,23],[-18,28],[-103,36],[-23,64],[-54,-14],[-97,-93],[-121,-71],[-49,-57],[-253,-103],[-146,-80],[-25,-45],[17,-16],[78,35],[93,12],[289,122],[99,-12],[60,-74],[56,-120],[370,-306],[130,-165],[24,-66],[-8,-37],[-139,-61],[-114,-94],[-128,-54],[-131,-246],[-19,-102],[-178,-215],[-166,-68],[-59,-88],[-155,-21],[-170,-62],[-301,1],[-189,-23],[-130,35],[-105,-90],[-201,-52],[-103,-78],[-41,-13],[-55,16],[-126,114],[-10,49],[42,108],[104,110],[-11,100],[59,64],[47,147],[-58,29],[-80,-22],[-56,-27],[-168,-167],[-72,-117],[14,-166],[-16,-52],[-82,-93],[-8,-78],[48,-112],[149,-78],[72,10],[144,76],[148,-11],[228,139],[186,66]],[[94510,21654],[69,-16],[31,59],[-12,44],[-47,37],[-41,-5],[-33,-61],[33,-58]],[[94574,21833],[43,-15],[54,58],[-40,41],[-57,-84]],[[94688,21946],[19,-3],[5,-39],[17,4],[31,27],[-47,24],[28,34],[32,-6],[12,19],[-45,25],[-52,-85]],[[94835,22089],[89,-18],[-9,53],[-26,16],[-54,-51]],[[94940,22172],[24,-4],[18,-18],[-11,31],[-31,-9]],[[97416,22204],[-12,17],[-20,-16],[32,-1]],[[95035,22212],[70,5],[-10,19],[-60,-24]],[[95176,22238],[-21,18],[-11,-5],[11,-18],[21,5]],[[95262,22286],[-19,-8],[-12,-29],[29,9],[2,28]],[[95331,22360],[3,-14],[23,-5],[5,23],[-31,-4]],[[98488,23206],[-137,-38],[-48,-97],[8,-236],[-26,-217],[70,-272],[76,-68],[194,-99],[80,26],[51,139],[-40,169],[74,128],[194,72],[280,58],[186,-4],[107,-92],[42,-278],[46,-104],[90,-40],[152,30],[96,109],[16,479],[-68,148],[-124,64],[-251,-26],[-192,55],[-576,-13],[-143,166],[-71,6],[-86,-65]],[[95437,23457],[-91,6],[-18,-81],[83,30],[26,45]],[[95215,23421],[-46,59],[-152,75],[-29,95],[-28,8],[-22,-15],[-21,-170],[94,-103],[72,-35],[96,-4],[89,22],[14,24],[-24,33],[-43,11]],[[96513,23533],[20,41],[-26,23],[-40,-9],[-35,-41],[32,-34],[49,20]],[[95457,23604],[-21,-2],[34,-33],[-13,35]],[[96063,23672],[-70,-74],[212,24],[-20,33],[-122,17]],[[95553,23603],[25,14],[4,35],[-46,6],[17,-55]],[[95901,23626],[13,32],[-37,23],[-63,-60],[40,-24],[47,29]],[[96311,23683],[19,41],[-41,21],[-1,-47],[23,-15]],[[95011,23691],[42,18],[-44,30],[-31,-37],[33,-11]],[[95072,23732],[20,30],[-37,47],[-47,-47],[64,-30]],[[96499,23818],[22,-32],[28,-4],[22,14],[1,40],[-8,11],[-18,-30],[-32,15],[-15,-14]],[[95618,23806],[17,-7],[48,43],[-39,5],[-26,-41]],[[96383,23840],[35,-47],[27,-7],[-23,68],[-31,13],[-8,-27]],[[95145,23882],[-67,35],[-8,-79],[49,-30],[26,74]],[[95744,23875],[47,-7],[11,34],[-35,25],[-23,-52]],[[96601,23931],[26,59],[-48,20],[-33,-49],[23,-35],[32,5]],[[95052,24024],[3,-71],[90,-26],[19,18],[-14,54],[-42,22],[21,34],[-27,12],[-50,-43]],[[95775,24046],[-32,-6],[15,-34],[29,15],[-12,25]],[[95133,24074],[85,-6],[22,19],[-7,31],[-33,10],[-70,-37],[3,-17]],[[96749,24162],[-11,-17],[43,-21],[-1,24],[-31,14]],[[93977,24161],[-65,10],[28,-60],[48,31],[-11,19]],[[95296,24150],[13,-18],[22,6],[9,29],[-13,10],[-31,-27]],[[96104,24150],[13,22],[-27,19],[-8,-34],[22,-7]],[[94030,24153],[41,31],[7,34],[-65,-12],[17,-53]],[[96909,24148],[17,21],[-7,51],[-85,19],[-3,-25],[67,-18],[11,-48]],[[96861,24336],[-34,31],[-74,-2],[-58,-61],[16,-21],[66,-15],[74,24],[10,44]],[[96352,24517],[77,-5],[50,19],[21,22],[0,53],[-37,29],[-85,-10],[-52,-55],[26,-53]],[[97146,24628],[0,-70],[42,-17],[87,43],[19,44],[-42,43],[-74,-4],[-32,-39]],[[96822,24558],[60,34],[21,53],[-13,24],[-60,5],[-61,-29],[-3,-61],[56,-26]],[[99167,24672],[133,56],[163,217],[55,271],[-58,256],[-96,117],[-82,15],[-129,-47],[-178,-127],[-95,-112],[0,-70],[93,-321],[90,-225],[104,-30]],[[97523,25192],[34,44],[-2,39],[-45,148],[-63,30],[-64,-15],[-15,-33],[56,-186],[47,-35],[52,8]],[[8191,92399],[72,-94],[113,-318]],[[8693,91705],[-83,-57],[-8,-49],[17,-57]],[[8619,91542],[114,-113],[145,-63],[24,57],[46,15],[34,46]],[[8982,91484],[-14,42],[17,52],[-21,25],[38,18],[55,69],[126,36],[57,-45],[55,3],[237,-72],[58,9],[64,-83],[119,-62],[74,33],[43,-8],[-3,-53],[42,-22],[20,-50],[-15,-39],[41,-94],[157,-62],[7,-51],[-49,-72],[139,-83],[17,-33],[-10,-104],[66,11],[10,-40],[40,4],[-6,-55],[-82,-92],[-21,-77],[-64,-32],[-12,-43],[15,-37],[93,-19],[30,-55],[47,-13],[10,-26],[96,23],[135,-7],[-40,-121],[8,-58],[157,1],[1,-36],[30,-37],[-10,-24],[47,4],[52,-42],[-14,-28],[36,-8],[45,-88],[37,24],[84,-36],[34,13],[16,41],[28,-38],[-31,-49],[35,-79],[-4,-64],[27,-28],[49,10],[31,-71],[47,11],[75,-43],[49,5],[17,134],[15,-24]],[[11414,89749],[135,-62],[80,13],[36,39],[-12,34],[-60,46]],[[11593,89819],[38,44],[-11,59],[99,63],[50,-31],[27,31],[68,-19],[-11,99],[26,-20],[26,22],[33,-9],[17,89],[-57,54],[-15,47],[-33,14]],[[11850,90262],[-4,78],[-40,22]],[[11806,90362],[1,28]],[[11807,90390],[-66,24],[11,28],[-121,63],[14,56]],[[11645,90561],[-196,159],[-20,161],[18,63],[-25,27],[35,63],[104,30],[76,62],[48,-10],[23,-42],[28,2],[18,-27],[39,-10],[130,108],[-6,61],[51,71],[105,59],[-72,56],[-44,82],[-73,61],[62,85],[-83,78],[20,29],[9,109],[-37,103],[-87,98],[39,143]],[[11807,92182],[-50,86],[18,45],[-15,85],[-142,17]],[[11618,92415],[-55,70],[-54,15],[-13,43],[-56,56],[-134,26],[-18,27],[46,36],[5,63],[-105,41],[-39,88],[-56,28],[2,99],[-92,113],[-27,76],[-247,187],[-52,-8],[-54,47],[-63,13],[73,79],[-23,43],[89,41],[-26,36],[14,26],[-93,43],[12,143],[-16,46],[-70,80],[-39,17],[-3,26],[-120,57],[-45,-23],[-56,5],[-19,-26],[-71,-20],[-32,17],[-135,-34],[-196,6],[-135,-49],[-144,85],[-3,92],[-97,22],[2,45],[-54,13],[-16,45],[-40,7],[-19,60],[-84,38]],[[9260,94355],[-6,50],[68,79]],[[9322,94484],[69,33],[45,52],[32,51],[-9,35]],[[9459,94655],[60,80],[-77,37]],[[9442,94772],[-25,84],[-89,135],[42,62],[-161,64],[-101,-27],[-13,65]],[[9095,95155],[-125,35],[-43,28],[16,34],[-128,53],[-20,56],[-50,21],[-2,46],[-78,45],[-4,44],[-55,26],[-6,61],[29,64],[-58,41],[3,17],[-75,25],[-54,61],[12,52],[-45,34],[28,44],[-22,53],[86,46],[-4,76],[-60,38],[-67,10],[-35,26],[10,21],[-38,50],[-135,26],[-118,105],[-248,44],[-46,32],[-54,-21],[-12,-49],[15,-117],[-45,-15],[-22,-91],[-49,-27],[-11,-42],[-100,-88],[-3,-46],[27,-53],[-10,-87],[-40,-54],[14,-78],[-86,-63],[-123,-9],[-83,-74],[-46,-12],[-31,-67],[-123,-11],[-83,31],[-72,-40],[-4,-81],[-56,-3],[-116,-221],[25,-63],[138,-140],[-3,-18],[-148,-81],[-18,-30],[-40,18],[-82,-5],[-30,-59],[-70,-38],[-34,-48],[-44,-14],[-84,7],[-36,-28],[-65,-2],[-45,-96],[-33,-26],[24,-40],[-29,-53],[58,-40],[7,-105],[-65,-31],[-88,30],[-21,-34],[-124,-3],[-27,-24],[-74,56],[-31,1],[-36,60],[-74,8],[-15,-15],[-24,15],[9,54],[-37,21],[-3,29],[-157,-10],[-54,44],[-33,-20],[-94,23],[-47,-12],[-34,39],[-14,105],[-74,17],[-16,84],[-124,74],[51,46],[-26,37],[-36,2],[-61,49],[31,62],[-76,42],[10,42],[37,27],[-11,38],[-91,48],[2,42],[-124,19],[-16,47],[-110,50],[-54,-32],[-190,26],[-38,57],[37,48],[-90,27],[-61,-4],[-71,68],[7,26],[-21,32],[-124,-1],[-55,64],[-96,21],[-14,77],[-123,60],[-218,-86],[-31,47],[-132,78],[-160,138],[-48,-6],[-75,-57],[-18,-99],[-103,-15],[-25,112],[-93,65],[-22,45],[11,34],[-58,19],[-41,52],[-107,57],[-61,66],[-83,12],[-93,-10],[-24,-55],[-44,6],[-79,-29],[-15,-44],[-34,-24],[8,-50],[-17,-23],[41,-64],[-82,-41],[-57,-149],[-72,-55],[-62,-12],[-17,-27],[-32,-8],[-88,41],[-65,-39],[-11,-23],[30,-77],[62,-63],[28,-71],[105,-25],[13,-33],[-98,-20],[-208,-242],[-160,-19],[-12,-44],[60,-65],[1,-36],[-131,-45],[-93,-10],[0,-47],[19,-14],[-12,-22],[20,1],[73,-86],[42,-7]],[[1563,94398],[70,-59],[-20,-126]],[[7471,92079],[8,104],[49,40],[93,10]],[[7632,92306],[44,33],[39,73],[79,60],[371,13],[26,-86]],[[44123,26750],[25,41],[2,80]],[[42117,28250],[-98,120],[10,188]],[[42869,31501],[-53,25],[4,15],[46,3],[32,39],[50,-4]],[[43013,32597],[28,11],[-36,48],[-57,34],[-21,-8]],[[42922,32712],[-48,7],[-56,-67],[-31,-5],[-16,-38]],[[40018,31817],[-35,-49],[-20,94]],[[38952,32243],[-63,97],[-77,59]],[[38812,32399],[-79,-4],[-55,27]],[[38531,32556],[-30,78],[-69,-43]],[[38038,32827],[-71,53],[4,42]],[[37916,33157],[-59,13],[-30,56],[21,34],[66,22],[14,22],[-44,-1],[-29,27],[45,-7],[-10,66],[59,-21],[12,25]],[[38180,33444],[123,60],[46,107]],[[37740,35194],[78,47],[-3,49],[-30,35]],[[37510,35636],[-106,93],[-104,-63]],[[37111,35531],[-146,-11],[-216,15]],[[35519,35625],[18,-46],[-19,-7],[-6,-42],[21,-33],[-24,-74],[5,-94],[33,-2],[-7,-60],[28,-50],[-54,-72],[-1,-34],[21,-41],[41,-22],[10,-50],[30,-5],[18,-63],[29,-9],[-36,-18],[-7,-43],[-33,-10],[-6,-74],[29,-34],[-31,-13],[-2,-31],[21,-17],[4,-85],[39,-19],[-8,-21],[49,-38],[-28,-21],[34,-73],[-32,-38],[12,-31],[-22,-26],[2,-42],[66,-100],[-94,-99],[13,-44],[-62,-32],[-36,-45],[-1,-37],[45,-28],[-15,-31],[19,5],[23,-53],[48,-20],[-34,-107],[-66,-39],[12,-33],[-18,-57],[24,-16],[-88,-121],[-6,-60],[-22,-32],[-42,-15],[-15,-34],[28,-42],[-8,-59],[62,-94],[-64,-36],[20,-75],[-26,-63],[-42,11],[-22,-42],[-37,5],[-7,-36],[-43,0],[-59,-64],[-292,-114],[-6,-57],[-54,-44],[-93,-10],[-3,-82],[-34,-41],[24,-52],[-51,-70],[5,-46],[-86,11],[-35,-44],[-38,68],[-90,35],[13,31],[-79,61],[-5,47],[21,32],[-41,28],[3,41],[-37,-5],[-19,68],[-84,85],[-83,42],[-23,46],[-51,-48],[-71,-1],[-54,-28],[-41,6],[-20,72],[-47,-38],[-101,-11],[-6,-22],[-116,14],[-42,-64],[-37,4],[-42,-22],[-2,-19],[-43,-7],[-6,-25],[-18,5],[4,-15],[-64,-36],[-43,-3],[-14,18],[-5,-18],[-12,27],[-64,-15],[-8,18],[-14,-26]],[[33745,30887],[12,36]],[[34148,30599],[-24,-23]],[[35115,24812],[50,-11],[45,-67]],[[35333,23370],[-66,-28],[-112,-13]],[[35155,23329],[-20,-61],[40,-29],[-12,-64],[39,-17],[24,-49],[67,-21],[14,-47],[46,-16],[60,-93],[-5,-46],[20,-23],[-54,-98],[41,-39],[40,-126],[115,-196],[-4,-20],[-27,-3],[16,-60],[40,-32],[-28,-89],[17,-106]],[[35584,22094],[61,48],[16,-14],[250,127],[283,91],[135,97],[171,42],[118,-3],[161,50],[107,59],[19,-11],[39,35],[-4,-33],[131,175],[132,125],[105,49],[79,-11],[187,84],[19,4],[-34,-17],[163,41],[107,-4],[274,-79],[59,-49],[88,36],[112,-40],[98,197],[41,24],[75,357],[91,259],[147,281],[1,1],[1,-5],[-10,-18],[128,182],[131,61],[35,-2],[-16,-39],[102,79],[76,32],[208,-15],[87,40],[88,1],[131,83],[121,29],[158,-25],[158,-51],[36,-37],[0,-123],[91,-7],[22,152],[68,102],[82,23],[41,-17],[21,-38],[36,1],[19,22],[47,244],[42,99],[65,78],[81,53],[51,10],[45,-23],[128,13],[30,-39],[70,84],[67,43],[75,2],[84,-45],[105,49],[28,143],[91,219],[81,150],[95,109],[74,34],[21,-11],[81,38],[108,12],[66,74],[89,47],[159,3],[43,-45],[70,71],[146,36],[132,-12],[173,-54],[35,-28],[7,-80],[29,6],[25,61],[116,60],[18,132],[85,146],[-2,65],[42,93],[3,95],[29,57],[97,40],[35,-5],[31,110],[32,35],[43,12],[41,-84],[71,-1],[16,18],[-10,50],[41,5],[-12,56],[80,-11],[69,23],[44,52],[46,15],[73,-12],[63,13]],[[40372,24178],[-6,-6],[5,-4],[1,10]],[[45506,18496],[3,-27],[8,-7],[-4,9],[-7,25]],[[45291,18609],[3,4],[-10,-1],[7,-3]],[[44286,18987],[-2,0],[1,-15],[1,15]],[[44752,21587],[-6,-5],[6,-4],[0,9]],[[44705,21603],[32,-7],[21,55],[-35,12],[-18,-60]],[[44684,21975],[-17,-15],[-25,39],[-52,9],[-86,-2],[-54,-44],[27,-39],[34,-168],[12,12],[36,-29],[-43,8],[21,-16],[23,1],[3,7],[69,-41],[62,4],[54,39],[-1,42],[-37,10],[-31,51],[4,46],[-22,29],[23,57]],[[44690,22015],[-11,-18],[15,6],[-4,12]],[[44682,22026],[3,-2],[0,1],[-3,1]],[[44659,22037],[-16,-8],[13,0],[3,8]],[[28707,88501],[-33,65],[-61,59],[9,35],[88,58],[37,93],[-1,51],[82,50]],[[29725,89132],[169,-66]],[[29894,89066],[-24,-124],[66,-68]],[[31131,88211],[133,-130],[37,3],[64,61]],[[31550,88038],[91,77],[117,22]],[[31758,88137],[25,-19],[9,-39]],[[31792,88079],[77,-53],[-78,-37]],[[31801,87751],[-40,-97],[68,-27]],[[31987,87480],[55,-34],[144,26]],[[32186,87472],[-5,17],[73,89]],[[32254,87578],[104,-8],[45,53]],[[32403,87623],[61,21],[17,94]],[[32481,87738],[33,18],[61,-5]],[[32575,87751],[101,-42],[108,2],[-10,-18],[26,-13]],[[32800,87680],[80,25],[66,-33]],[[32946,87672],[114,75],[44,1],[8,21],[69,-2],[37,50],[46,12],[125,-94],[32,-58]],[[33421,87677],[78,15],[48,78],[-18,26]],[[33529,87796],[31,26],[22,76],[-48,24],[-1,78],[-27,37],[-32,4],[-5,38],[-40,27],[26,57],[-32,22],[-14,77],[25,35],[-17,45],[41,64],[-60,76],[-7,37],[19,20],[-33,50],[3,28],[-20,17],[-54,-13],[-8,42],[-34,33],[-35,-4]],[[33229,88692],[-43,68],[98,66],[38,-11]],[[33322,88815],[49,20]],[[33371,88835],[87,-37],[16,57]],[[33474,88855],[76,40],[118,-7],[41,37],[-2,48],[41,27],[36,72]],[[33784,89072],[89,15],[27,-35]],[[33900,89052],[57,25],[38,-11]],[[33995,89066],[18,-28],[67,3]],[[34080,89041],[45,46]],[[34125,89087],[76,-4],[18,40],[-33,29],[26,33],[-44,114],[44,20],[19,35],[-34,86],[13,54],[-29,22],[4,24],[-77,35],[25,33],[-29,40],[-43,0],[-19,65],[-73,46],[-29,51],[19,63],[-56,3],[-3,26],[-36,3],[-44,71],[-34,1],[-57,-35],[1,-27],[-53,13],[-101,-29],[-9,-26],[-27,-1],[-31,-46],[-26,-5],[-17,-74],[-170,20],[-164,83],[18,29],[-7,38],[-33,14],[-49,73],[-70,12],[-15,21],[-54,-12],[-26,43],[-131,30],[-35,35],[-8,47],[-51,0],[-94,109],[-72,1],[-26,29],[-44,8],[-47,55],[-260,19],[-116,42],[-49,48],[-63,4],[-28,33],[0,82],[87,101],[56,12],[97,84],[84,24],[62,68],[-21,88],[-22,15],[10,26],[-56,77],[-69,16],[-41,45],[-45,-3],[-12,44],[-114,11],[-41,-15],[-60,44],[-77,-151],[-122,-47],[-49,33],[-10,43],[-147,-2],[0,63],[-55,78],[20,51],[-51,78],[-84,-24],[-152,63],[-35,-12],[-92,23],[-94,-25],[-45,27],[-46,-14],[0,-43],[-137,-8],[-50,23],[-1,34],[-29,-15],[-26,77],[-52,-15],[-23,81],[-39,4],[-88,53],[-188,-35],[6,-45],[-56,-46],[-11,-67],[-45,-41],[-42,-16],[-39,16],[3,-28],[-61,-60],[-52,23],[25,55],[-76,74],[-5,95],[114,87],[21,47],[38,15],[-19,79],[-59,34],[17,38],[-15,22],[61,69],[-10,120],[42,27],[11,39],[-21,34],[-96,57],[6,31],[-27,36],[14,69],[-40,30],[48,29],[10,66],[56,8],[4,27],[-21,25],[-62,-10],[-101,50],[3,32],[-59,65],[31,7],[38,52],[-12,57],[54,-14],[50,13],[30,31],[1,51],[22,5],[-62,89],[15,32],[-24,19],[-17,106],[-31,31],[46,77],[-92,47],[-38,-12],[-29,15],[10,65],[-17,20],[17,45],[-60,62],[-13,67],[18,33],[-74,34],[-87,0],[-97,-41],[-51,46],[-63,-19],[-86,37],[-52,-24],[-28,34],[-46,-22],[-83,43],[20,27],[2,68],[18,14],[29,-10],[20,27],[55,14],[35,37],[-25,33],[29,31],[-6,40],[-82,49],[-70,115],[-174,-17]],[[28782,94020],[-89,-62],[-97,44],[-93,-23]],[[27764,93722],[-96,-14],[-70,35],[-17,38],[-54,35]],[[26992,94277],[-135,69],[-59,-44]],[[26495,93893],[45,-67],[115,-47]],[[26655,93779],[10,-39]],[[26665,93740],[45,-24],[19,-45],[-4,-24],[-71,-55]],[[26654,93592],[-49,-89],[-5,-81],[70,-114]],[[26670,93308],[76,-12],[9,-38],[71,-21],[70,-74],[12,-67],[-35,-54],[7,-55],[-35,-102],[-82,-44],[-26,-43],[14,-34],[-13,-27],[82,-116],[-50,-50],[-60,-17],[-20,-43],[-112,-101],[-37,5],[-22,-59],[-47,-33],[27,-18],[6,-51],[-36,-9],[-26,-34],[-28,16],[-25,-14],[-1,-27],[-39,-28],[-32,-120],[-96,1],[-18,27],[-111,-4],[-56,-78],[-43,22],[-2,-15],[-50,-17],[20,-155],[-47,-71],[7,-24],[77,-53],[21,-48],[-11,-94],[-17,-3],[46,-28],[-12,-24],[18,-67],[-17,-88],[-92,-24],[-6,-34],[7,-19],[30,15],[48,-8],[7,-25],[-92,-58],[60,-33],[24,7],[13,-27],[62,-34],[44,3],[21,-46],[-32,-39],[29,-27],[-29,-44],[-80,-25],[-13,-23],[21,-64],[-16,-29],[9,-35],[-31,-53],[7,-68],[45,-38],[-24,-18],[-53,0],[8,-54],[-46,-10],[2,-27],[-38,-35],[18,-43],[63,-58],[-11,-67],[36,-32],[-1,-32],[174,18],[76,-143],[33,3],[37,-39],[34,1],[20,-34],[32,4],[60,-54],[79,5],[14,-43],[75,-11],[66,-43],[34,31],[39,-3],[11,-22],[30,-3],[18,-55],[-36,-114],[-44,-52],[-29,-108],[-107,-62],[-9,-53]],[[26624,89438],[-76,-40],[4,-69]],[[26552,89329],[33,-19],[-22,-36]],[[26563,89274],[18,-49],[-62,-44]],[[26519,89181],[-17,-46]],[[26403,89028],[-22,-55],[19,-31]],[[26387,88873],[20,-68],[-23,-36],[22,-55]],[[26406,88714],[-22,-84],[11,-54],[45,-23],[67,0],[155,-68]],[[26896,88384],[2,1],[-1,4],[-7,5],[4,9],[24,25]],[[13176,89374],[129,-44],[30,46]],[[13335,89376],[-15,25],[139,2],[96,99],[4,38],[58,15],[136,-20],[77,9],[19,-10],[-5,-24],[36,-15],[178,-9],[-24,-18],[5,-31],[29,3],[22,29],[83,-34],[65,20],[156,-20],[9,-68],[-60,-28],[-81,-111],[-58,-28],[-26,-41],[-121,-46],[72,-173],[-69,-18],[-73,-109],[35,-80],[74,-81],[-7,-55],[16,-29],[-13,-50],[-54,-61],[10,-31],[-21,-15],[-6,-76],[38,-56],[53,-34],[33,1],[13,-31],[-28,-81],[29,-10],[5,-26],[106,-31],[14,-53],[60,-69],[76,7],[-5,35],[33,27],[49,-31],[59,-79],[61,-18],[63,-55],[87,19],[94,-28],[67,-73],[-2,-91]],[[14926,87658],[63,-38],[118,15]],[[15107,87635],[86,-27]],[[15193,87608],[102,1],[111,125]],[[15406,87734],[77,22],[59,73],[2,42]],[[15544,87871],[89,102],[83,9],[122,-32],[70,25]],[[15908,87975],[60,-26],[26,66],[50,21],[109,-43]],[[16153,87993],[35,-72],[203,-122],[75,-4]],[[16466,87795],[143,-49],[58,11],[23,46],[5,98]],[[16695,87901],[49,-4],[32,39],[53,-42],[95,6]],[[16924,87900],[58,35],[4,-139],[62,-89]],[[17048,87707],[28,-7]],[[17076,87700],[4,-91],[57,0]],[[17137,87609],[12,-45],[65,-6]],[[17214,87558],[-4,-82],[63,-29],[110,55]],[[17383,87502],[61,-26],[25,17],[39,-6],[86,46]],[[17594,87533],[46,-20],[51,11],[37,29]],[[17728,87553],[-17,49],[64,2]],[[17775,87604],[-7,76]],[[17768,87680],[32,6],[37,-3]],[[17837,87683],[29,-68],[83,-67],[110,4]],[[18059,87552],[20,55],[-112,126]],[[17967,87733],[8,41],[-20,25],[18,16],[-15,21],[28,20],[55,-5],[51,104],[33,27]],[[18125,87982],[-12,89],[39,25],[0,79],[-98,143]],[[18054,88318],[-25,53],[7,36],[-65,101],[-15,50],[19,85],[-41,73],[-70,49],[-4,35],[29,42],[110,15],[68,42],[-17,38],[12,35],[-33,77],[1,89],[-39,46],[37,-23],[51,15],[32,-15],[-17,102],[28,42],[79,47],[94,15],[28,56],[75,22],[35,33],[116,-85],[-17,26],[23,18],[-4,23],[94,34],[-48,59],[131,42],[4,53],[128,-4],[0,55],[24,-3]],[[18884,89696],[3,-21]],[[18887,89675],[44,53]],[[18931,89728],[52,-24],[38,-46],[86,-28],[23,29]],[[19130,89659],[79,-59],[76,18]],[[19285,89618],[49,-11],[-3,-19],[42,10]],[[19373,89598],[13,54],[-28,37]],[[19358,89689],[3,29],[-65,21],[32,62],[-51,61],[-48,-3],[-16,31]],[[19213,89890],[18,44]],[[19231,89934],[-131,73],[83,24]],[[19183,90031],[19,18],[-14,31],[26,-12],[27,25],[23,59],[-60,41],[-5,24],[60,32],[51,122]],[[19310,90371],[78,25],[-75,100]],[[19313,90496],[-75,12],[-68,65],[-57,106]],[[19113,90679],[-44,3],[-49,41],[-23,51],[11,56],[-36,51],[-84,4],[-65,37],[1,58],[50,60],[5,42],[-32,24],[9,43],[-65,12],[-83,-53],[-49,17],[-19,29],[7,45],[40,53],[10,72],[-15,47],[45,97],[-15,26],[-44,10],[-7,49],[44,76],[-27,37],[38,134],[-49,17],[-118,-29],[-31,-57],[-36,-15],[-49,42],[-57,1],[-38,52],[8,46],[-44,41],[-45,19],[-65,-19],[-37,40],[-65,-9],[-52,49],[-82,1],[-54,45],[-14,72],[-46,31],[2,96]],[[17844,92223],[-38,101],[28,81],[-62,91]],[[17772,92496],[10,79]],[[17782,92575],[-34,33],[-10,57],[-124,-45]],[[17614,92620],[-84,50],[7,-43],[-77,-44],[-44,-9],[-68,27],[-64,-23],[-18,30],[-78,-25],[-11,-23],[-61,61],[26,16],[-19,31],[-89,-1],[-48,74],[-67,7],[-27,101],[62,58],[-2,51],[29,0],[-30,30],[-7,45],[-29,3],[-10,71],[-48,24],[-55,-4],[-11,18],[-133,-13],[-50,16],[-43,74],[-60,-22],[-70,45],[-55,-25],[-85,66],[-76,-4],[-53,37],[-154,-174],[2,-76],[-51,0],[-35,-48],[-140,-10],[-47,215],[54,39],[52,1],[57,80],[64,37],[-2,76],[-34,23],[-4,38],[-56,28],[58,73],[52,21],[-8,24],[-78,36],[-98,-11],[-41,42],[46,67],[-27,39],[16,20],[-177,61],[-114,84],[-68,-4],[-46,51],[1,40],[-154,27],[-117,153],[-4,58],[157,145],[-9,33],[-122,47],[-49,48],[-2,57],[-38,40],[-111,28],[-47,38],[56,112],[-15,49],[21,91],[55,22],[116,-2],[15,-23],[91,15],[-25,67],[7,79],[-29,44],[-109,-6],[-28,40],[-36,7],[2,81],[18,16],[-19,7],[11,89],[-38,2],[-43,-81],[-53,-20],[-47,5],[56,96],[-62,72],[-28,152]],[[14808,95679],[-103,-7],[-142,-43],[-65,15],[-135,91],[45,82],[1,77],[-21,37],[-115,57],[-124,-10],[-140,67],[-70,2],[-4,75],[-73,76],[-20,69],[77,185],[-2,72],[30,38],[-23,83],[-51,27],[-25,1],[-33,-32],[-63,27],[-3,-18],[-133,-74],[-33,17],[-118,-31],[-46,-34],[-45,32],[-50,-37],[-73,12],[-18,-39],[-44,-4],[-7,-25],[-133,-37],[-17,41],[-61,10],[-45,-11],[-38,-52],[-41,-17],[-58,-69],[-40,-113],[-63,-24],[1,-23],[-86,-31],[-127,-138],[-47,-63],[-28,-144],[-44,-42],[5,-37],[43,-34],[27,1],[3,-17],[-48,-94],[-10,-131],[-23,-39],[13,-60],[-32,-31],[13,-32],[-37,-53],[-9,-69],[-35,-15],[-2,-86],[-57,-18],[73,-64],[-43,-19],[31,-70],[-20,-17],[24,-21],[-42,0],[-25,-32],[48,-96],[-44,-38],[-98,17],[-70,-73],[-45,-7],[-28,30],[-31,-36],[-74,40],[-51,79],[-86,16],[-34,69],[-52,-35],[-29,9],[1,58],[-156,149],[-30,7],[-26,-40],[-37,11],[-89,116],[-98,59],[-51,70],[-104,67],[-88,153],[-46,29],[-70,93],[-73,46],[-96,129],[-113,-16],[-18,45],[-68,46],[10,52],[-86,80],[-154,124],[-112,44],[-37,73],[-73,27],[-48,117],[-98,40],[-32,-12],[8,23],[-18,6],[-3,-32],[-29,-10],[21,-26],[-46,6],[1,24],[-83,-36],[14,-67],[-78,-65],[8,-46],[-24,3],[-14,-45],[-36,3],[-14,-47],[-33,-12],[4,-29],[-55,-17],[-21,-29],[11,-24],[-47,-7],[4,-30],[-36,-52],[-39,-18],[-8,-45],[30,-115],[70,-54],[10,-40],[-56,-135],[-124,-32],[-44,-148],[-96,-107]],[[9442,94772],[77,-32],[-60,-85]],[[9322,94484],[-69,-80],[7,-49]],[[11618,92415],[147,-24],[9,-90],[-21,-14],[54,-105]],[[11645,90561],[-12,-58],[122,-64],[-11,-28],[63,-21]],[[11806,90362],[52,-47],[-8,-53]],[[11593,89819],[62,-49],[7,-51],[102,-54],[-12,-128]],[[11752,89537],[147,-2],[37,55],[71,-44],[9,21],[56,20],[19,-27],[84,4],[34,-12],[11,-43],[51,32],[76,-11],[3,20],[140,-85],[202,-50],[51,-44],[37,-4],[53,31],[96,-5]],[[12929,89393],[192,52],[55,-71]],[[20160,70873],[62,-61],[127,126]],[[23109,70738],[74,20],[67,102],[5,193]],[[23696,71512],[-103,241],[31,61]],[[23705,71861],[-18,11],[27,38],[-168,154],[-74,104],[-19,46],[17,14],[-24,-1],[-13,29],[18,54],[-33,66],[33,13],[-27,47],[7,-19],[-39,-17],[-23,31],[-30,6],[-14,49],[-40,6],[-24,58],[-44,19],[-32,-15],[-37,41],[-39,-8],[-20,26],[11,12],[-36,20],[-27,-27],[-27,7],[-23,10],[6,24],[-91,37],[-52,164],[-8,-19],[-7,16],[11,11],[-49,141],[-6,163],[-23,30],[34,226],[50,153],[85,148],[67,88],[81,65],[69,34],[7,-19],[60,-22],[21,-47],[27,-11],[34,33],[20,-11],[12,30],[60,36],[176,46],[-49,67],[-15,150],[30,170],[-16,-3],[4,127],[40,180],[76,70],[38,-3],[19,20],[-1,-46],[55,17],[32,35],[30,163],[53,87],[58,10],[-13,-19],[26,-7],[46,24],[30,-10],[-26,31],[18,47]],[[24006,75061],[-21,75],[-8,12]],[[23977,75148],[-128,-26],[-48,-33]],[[23801,75089],[-48,5],[-73,88],[-25,-32],[-22,5],[-43,80],[3,47]],[[23593,75282],[-200,-129],[-18,17],[-51,-2],[-85,-24]],[[23239,75144],[-80,93],[7,41],[-80,-53]],[[23086,75225],[22,159],[-81,16]],[[23027,75400],[-15,62],[-68,1],[-23,79],[-42,-3]],[[22879,75539],[-47,94],[-42,3],[-68,-82]],[[22722,75554],[-56,18]],[[22666,75572],[-64,-6],[-61,73],[8,51]],[[22549,75690],[-101,73],[-37,71],[-116,119],[-55,108],[19,18]],[[22259,76079],[-90,56],[-161,-8]],[[22008,76127],[-47,-37],[-4,-29],[-65,-23],[-93,56],[-148,-99],[-69,88],[-106,3]],[[21476,76086],[-10,20],[-51,-11]],[[21415,76095],[-42,-47],[-74,31],[-21,27],[18,47]],[[21296,76153],[-51,62],[-3,45],[-110,89],[32,24],[-18,32],[18,10],[-14,58]],[[21150,76473],[-103,114],[-79,-1]],[[20968,76586],[-12,-44],[-30,17],[-25,-42],[10,-18],[-26,-5],[-29,-48],[4,-33],[-106,-68]],[[20754,76345],[-2,-56],[-42,-6]],[[20710,76283],[-8,-24],[-22,8],[9,-30]],[[20689,76237],[-24,-3],[-11,-30],[-29,99]],[[20625,76303],[-78,4],[16,73],[-56,25],[22,68]],[[20529,76473],[-47,60],[45,107]],[[20527,76640],[-18,54],[76,74],[-33,102]],[[20552,76870],[-33,21],[56,42],[1,38],[-17,23],[-67,12],[20,22],[-36,35],[6,48],[-38,30],[0,59],[-22,4],[-75,104],[-33,-3],[-36,-74],[-50,29],[-31,-3],[-61,46],[-16,35],[-199,116],[-71,-8],[-32,21],[-18,18],[11,79],[-29,1],[-49,51],[55,51],[4,40],[-45,4],[-145,124],[21,77],[-26,23],[34,32],[-16,52],[-32,25],[14,48],[-32,93],[32,40],[-18,55],[22,25],[-11,36],[93,51],[22,120],[203,-6],[54,50],[0,31],[-37,39],[5,29],[-34,20],[-4,81],[-48,35]],[[19844,78791],[-13,89],[-85,46]],[[19746,78926],[-53,-17],[-67,18],[-13,-14],[-69,28],[-35,42],[-41,-3],[-49,32],[-28,-9],[-53,23],[-90,-28],[-214,-24],[10,32],[-34,31],[-41,-14],[-6,24],[-58,12],[-67,49],[-83,-8],[-29,28],[5,34],[-146,89],[-78,-10],[-21,88],[-24,21],[-89,-26],[-107,1],[-34,8]],[[18232,79333],[-22,44],[-63,-57],[-3,-66],[-104,-120],[-47,-31],[-152,-42],[-110,-92],[-35,-84],[57,-30],[-36,-31],[-27,-125],[58,-93],[-32,-54],[-69,-25],[-7,-27],[104,-61],[-14,-39],[-42,-22],[-32,-50],[-10,-69],[28,-39],[-18,-68],[-61,-62],[-159,2],[-26,26],[-96,-36],[-53,-53],[-83,2],[32,-73],[-65,-42],[-10,-48],[-113,-3],[-58,47],[-44,-10],[-149,-111],[-29,-70],[-71,-14],[-51,-75],[-100,-47],[55,-118],[-40,-13],[4,-33],[-38,-17],[3,-79],[-94,-28],[47,-114],[-32,-42],[6,-22],[-49,-26],[-46,4],[-34,33],[-70,1],[-45,37],[-55,-10],[-15,-19],[-119,-4],[-69,-48],[-18,-44],[-66,-21],[-87,56],[-52,-44],[-80,6],[-69,49],[-60,8],[-8,54],[-43,28],[-48,108],[-96,9],[-46,-35],[-47,-2],[-124,56],[28,43],[-12,40],[-128,-2],[-39,67],[17,47],[-27,14],[26,39],[-51,44],[-75,-10],[-14,-13],[13,-21],[-42,-15],[-63,19],[-36,-23],[-94,2],[-45,-30],[-86,-2],[-37,-26],[-29,-60],[-121,-58],[-10,33],[24,72],[-111,77],[-118,-20],[-102,14],[-57,46],[-58,-5],[-118,28],[-172,-28],[-64,-64],[-39,16],[-88,-10],[-31,-34],[-14,28],[-68,26],[-47,-65],[6,-92],[-31,-29],[-123,-36],[-19,15],[-150,-13],[-97,29],[-146,103],[18,-39],[-25,-63],[-81,-82],[78,-94],[-55,-80],[11,-70],[67,-42],[7,-36],[85,-112],[62,-16],[75,-54],[-19,-88],[32,-129],[-15,-45],[-26,-13],[130,-130],[-38,-17],[-19,-54],[-45,-14],[-59,25],[-41,-20],[-48,-55],[5,-81],[-30,-2],[-44,-50],[-66,-32],[71,-16],[-32,-211],[-107,16],[-25,47],[-128,-69],[-53,8],[-58,-83],[-140,18],[-27,-36],[-87,-7],[-19,-37],[-43,-10],[-60,-49],[31,-43],[-34,-65],[-24,-2],[0,-40],[-145,-86],[-70,-7],[-25,-49],[-47,-26],[-91,5],[-71,-30],[-56,-48],[2,-74],[76,-35],[33,38],[49,16],[116,-44],[-6,-29],[45,-69],[226,-188],[90,-54],[149,-45],[20,-44],[30,-12],[56,31],[244,54],[76,-19],[74,44],[84,-83],[64,-22],[63,-105],[66,66],[116,-122],[41,10],[78,-32],[214,-10],[86,-103],[38,-118],[163,-39],[8,-43],[-46,-39],[2,-66],[-40,-47],[8,-22],[128,-47],[40,16],[64,-26],[139,59],[125,-17],[33,-32],[38,6],[27,-106],[32,-38],[48,-5],[221,-104],[102,18],[112,-85],[103,-17],[29,-31],[-23,-81],[82,-51],[88,-91],[-26,-56],[58,-9],[35,-46],[61,-26],[16,-45],[35,-3],[54,37],[72,-22],[25,70],[50,38],[28,-17],[54,7],[54,-35],[0,-32],[51,-68],[49,-8],[65,30],[86,-67],[14,-120],[76,-82],[28,-4],[72,-150],[37,-24],[10,-63],[63,16],[127,-64],[49,4],[77,-36],[13,-15],[-18,-35],[57,-59],[131,-30],[17,-35],[71,-40],[-1,-43],[52,-50],[89,-13],[54,32],[48,-27],[58,27],[-2,-64],[32,-16],[10,-59],[105,-17],[13,-87],[86,-4],[42,-30],[171,43],[29,-70],[68,-49],[278,18],[98,-66],[42,41],[41,-3],[22,35],[127,-18],[36,23],[72,-5],[28,26],[44,-43],[28,15],[19,-41],[76,-36],[3,-67],[-22,-27],[47,-119],[169,27],[94,-25],[47,35],[58,-47],[73,32],[8,-17],[70,52],[-36,-75],[25,-28],[71,-18],[26,29],[28,-48],[81,26],[55,-33],[-43,-51],[-12,-53],[107,10],[34,-27],[75,30],[52,-25],[87,-8],[60,63],[51,-14],[72,21],[26,-52],[52,-28],[-42,-25],[3,-49],[-35,-6],[35,-48],[46,-22],[38,12],[61,-55],[40,-74],[103,0],[41,-70],[37,12],[13,-21],[14,-34],[-50,-53],[-3,-43],[28,-27],[-42,-110],[190,-18]],[[25206,72047],[8,-6],[0,6],[-8,0]],[[25195,72050],[2,0],[0,3],[-2,-3]],[[25065,72046],[-8,35],[-82,54],[44,-74],[46,-15]],[[23830,72144],[-9,-32],[-45,-6],[12,-28],[68,31],[-26,35]],[[23549,74270],[3,5],[-12,-6],[9,1]],[[24828,79942],[195,-153],[222,20],[131,-22],[29,-34],[36,-5]],[[25441,79748],[317,48],[27,-23],[-94,-267],[-51,-78],[-47,-30],[-88,-8]],[[25505,79390],[-49,-57]],[[25456,79333],[-3,-187],[26,16],[89,-110],[27,-72],[138,-102],[37,9],[1,30],[94,60],[41,-52],[23,26],[15,-22],[26,35],[-7,27],[43,12],[-5,-75],[-99,-122],[32,-13],[-5,-13],[-56,-40],[8,-54],[92,31],[110,97],[166,195],[16,54],[44,15],[-27,-15],[17,-11],[137,147],[24,72],[63,86],[2,65],[87,-2],[642,652],[97,125],[175,144],[137,144],[147,74],[31,42],[97,18],[36,28],[123,6],[58,33],[20,-68],[128,10],[146,-50],[224,4],[-17,-6],[18,-8],[100,38],[2,11],[-8,15],[5,-3],[3,-7],[4,-20],[26,37],[15,-26],[161,14],[135,91],[12,82],[-46,120],[27,12],[-59,77],[16,14]],[[29067,81023],[-310,286],[-114,-41]],[[28475,81191],[-70,-32],[-79,-12],[-96,14],[-106,49],[-160,189]],[[27061,81376],[-76,18],[-43,77],[9,73],[205,165]],[[25918,83131],[-127,-76],[-77,10],[-72,42],[-117,118]],[[25525,83225],[-21,45],[27,219]],[[25531,83489],[-61,106],[-43,38],[-119,33]],[[24922,83379],[17,118],[-25,38],[-152,-38],[-95,-45]],[[24608,83350],[-110,-51],[-149,11]],[[23770,82825],[32,-94]],[[23802,82731],[85,-90],[34,-108],[22,-33]],[[23943,82500],[38,14]],[[23981,82514],[16,-16],[18,-72]],[[24015,82426],[27,-3],[-4,22],[69,20],[6,-75],[23,-30],[128,-65],[55,2],[8,-279],[29,-37],[-106,-37],[-85,36],[2,24],[-29,-3],[34,-68],[-44,-2],[-28,44],[-68,19],[-48,46],[-48,63],[-10,48],[-34,-8],[9,-32],[-49,-71],[-42,-7],[-6,35],[-126,3],[-20,-14],[10,-59],[40,-82],[-44,-16],[-3,-39],[25,-42],[-17,-5],[8,-65],[37,-56],[-27,-45],[7,-26],[-69,-1],[-4,92],[-106,22],[21,78],[-89,53],[-93,28],[-128,-6],[-6,-27],[20,-23],[43,1],[28,-32],[-40,-36],[90,-44],[-10,-63],[50,-49],[-17,-34],[131,-138],[-45,-54],[-128,-25],[9,-16]],[[23351,81348],[-122,-103],[-68,3]],[[23161,81248],[-34,21],[-33,44],[-108,71]],[[22986,81384],[-43,66],[-112,62]],[[22831,81512],[-25,-25],[-150,114],[-116,36],[-67,-61]],[[22473,81576],[-50,-12],[-135,23]],[[22288,81587],[13,-57]],[[22301,81530],[38,-32],[-19,-72],[45,-45],[16,12],[41,-16],[1,-63],[48,12],[52,-41],[98,14],[40,-13],[76,-91],[-9,-25],[68,-65],[201,-53],[116,-103],[9,-49],[50,-4],[29,-75],[78,-28],[15,-34],[-23,-23],[297,-165],[29,-42],[-17,-12],[223,-50],[21,-29],[111,-10],[96,-77],[151,-45],[26,-50],[126,-28],[123,-97]],[[24457,80131],[136,-19],[105,-83]],[[24698,80029],[37,7]],[[24735,80036],[56,-28],[37,-66]],[[25739,78614],[5,0],[0,8],[-5,-8]],[[25714,78589],[63,22],[18,40],[-13,32],[-20,-55],[-18,-17],[-27,-3],[0,-13],[-41,29],[38,-35]],[[25505,79126],[-21,-14],[33,-29],[13,12],[-25,31]],[[25473,79112],[18,28],[-16,-8],[-12,10],[10,-30]],[[25493,79139],[-8,-18],[3,0],[5,18]],[[25482,79143],[-10,11],[-8,-9],[18,-2]],[[25483,79148],[-7,8],[-1,-3],[8,-5]],[[25909,78923],[-5,0],[-34,44],[-96,-52],[1,-28],[-47,-29],[25,1],[9,-33],[51,11],[121,91],[-4,20],[-21,-25]],[[26579,79408],[-11,-45],[44,25],[-33,20]],[[28770,80591],[111,-31],[28,6],[18,17],[-26,-13],[-131,21]],[[29067,80646],[1,12],[-136,-87],[135,75]],[[29076,80660],[1,-15],[14,2],[-15,13]],[[29190,80742],[1,59],[-42,24],[28,-86],[-72,-86],[50,29],[35,60]],[[19248,82905],[111,-73],[19,33],[46,8],[30,-53],[135,-53],[59,-69],[81,-5],[20,-32],[41,-16],[-4,-76],[60,-47],[51,8],[36,30],[47,-26],[79,8],[56,-19],[67,-62]],[[20182,82461],[52,-6],[6,-43],[62,-21]],[[20302,82391],[32,-35],[-28,-74],[134,-57],[9,-61],[33,-7],[-60,-127],[93,-34],[28,17],[38,-49],[67,-35],[52,-1],[16,20],[134,-101],[122,-44],[21,-38],[133,-6],[33,-33],[41,1],[54,-36],[141,-35],[97,28],[44,47],[36,4],[176,-66],[105,3],[161,-88],[48,-9],[92,2],[21,55]],[[22175,81632],[37,19],[62,-26],[14,-38]],[[22473,81576],[70,61],[126,-42],[142,-110],[20,27]],[[22986,81384],[175,-136]],[[23161,81248],[84,4],[106,96]],[[24015,82426],[-17,71],[-17,17]],[[23943,82500],[-57,143],[-84,88]],[[23802,82731],[-69,178]],[[23630,82984],[-23,42],[-75,9]],[[23343,83054],[8,69],[-34,48],[-21,-14]],[[23147,83431],[-38,92],[74,24]],[[23183,83547],[17,90],[-48,32],[-87,108]],[[22998,83973],[-17,230],[-18,27],[-14,-24]],[[22501,84299],[-154,-1],[49,29]],[[22415,84389],[81,-4],[32,27],[14,63],[44,50]],[[22174,84974],[-24,19],[-57,0],[-70,54]],[[22023,85047],[-79,17],[-78,92]],[[21866,85156],[-111,-14],[-111,57],[-58,112],[-52,48],[-42,2],[-32,96]],[[20871,85566],[31,40],[-72,-16],[11,-11]],[[20729,85604],[-47,64],[-29,112],[68,146]],[[20807,86032],[22,103],[-85,148]],[[21486,87261],[97,-54],[52,-93],[21,-164]],[[21656,86950],[99,-161],[0,-58]],[[21796,86547],[153,-104],[277,-32],[246,29]],[[23532,86897],[33,2],[-20,36]],[[23480,87082],[32,20],[-26,23],[48,13]],[[23884,87624],[-6,24],[-64,12]],[[23814,87660],[-15,58],[-87,45],[40,70],[-19,71]],[[23733,87904],[-88,90],[-134,-41]],[[23511,87953],[-46,27],[15,117]],[[23480,88097],[-73,-17],[-63,65],[-36,-14],[-71,22]],[[23237,88153],[-79,95],[-59,14]],[[23099,88262],[-95,-16],[-52,78],[-84,53],[25,85],[-112,39],[-42,39],[0,41],[-31,27]],[[22708,88608],[-18,72],[-44,28]],[[22646,88708],[-91,11],[2,28]],[[22557,88747],[-104,81],[-63,101],[-37,23],[-67,1]],[[22286,88953],[-16,-15],[-67,-90]],[[22203,88848],[-63,-138],[-56,18],[-44,-57],[-51,-15]],[[21989,88656],[-28,21],[-7,-50],[-26,-15],[-37,1],[-56,36],[-49,-45],[-51,15],[-17,-47],[-107,-6],[-67,-28],[-39,-49],[-30,62],[-42,31],[-146,-7],[-22,49],[-101,33],[-83,-38],[-99,0],[-44,-61],[13,-29],[-65,6],[-74,50],[-106,-29],[-37,48],[10,95],[-15,26],[-52,31],[-127,26],[42,90],[-87,57],[-81,88],[-29,81],[48,31],[-6,46],[-23,33],[-93,10],[-52,66],[-3,15],[87,81],[-15,88],[-88,0],[-43,23],[-47,-10],[-104,62],[2,32],[-71,20],[-28,46],[-87,9],[-55,-50],[5,42],[-38,27]],[[19719,89669],[-4,47],[-36,7],[-11,-18],[-60,-8]],[[19608,89697],[-62,48],[-102,11],[-47,69]],[[19397,89825],[-61,12],[-40,-6]],[[19296,89831],[36,-37],[-36,-54],[63,-19],[-1,-32]],[[19358,89689],[28,-35],[-13,-56]],[[19373,89598],[-24,-12],[-64,32]],[[19130,89659],[-22,-29],[-53,16],[-124,82]],[[18887,89675],[-5,10],[2,11]],[[18054,88318],[96,-132],[6,-77],[-44,-45],[13,-82]],[[17967,87733],[49,-67],[8,12],[26,-21],[30,-55],[-21,-50]],[[18059,87552],[-98,-10],[-73,46],[-51,95]],[[17837,87683],[-69,-3]],[[17775,87604],[-63,-2],[16,-49]],[[17728,87553],[-34,-27],[-52,-13],[-48,20]],[[17594,87533],[-85,-41],[20,-60]],[[17529,87432],[44,-34],[127,-45],[-14,-184],[17,-40],[-19,-55],[65,-43],[-16,-43],[51,-101],[-46,2],[-29,-52],[55,-15],[81,-80],[-45,-140],[-49,-43],[61,-37],[-54,-123],[26,-35],[100,-16],[5,-31],[55,-34],[112,-28],[7,-34],[88,-35],[1,-44],[-36,9],[-198,-86],[-34,-40],[15,-46],[-36,-54],[-74,22]],[[17789,85947],[-26,-16],[90,-270],[103,-63],[55,-81],[14,-70],[52,-97]],[[18077,85350],[150,-107],[102,-182],[85,-45],[60,-66],[68,-16]],[[18542,84934],[27,-26],[28,-104]],[[18597,84804],[75,-84],[7,-60],[55,-69],[-24,-60],[63,-9]],[[18773,84522],[-60,-182],[35,-4]],[[18748,84336],[64,-58]],[[18812,84278],[27,11],[53,-16],[50,-46],[-21,-97]],[[18921,84130],[24,-39],[-82,34],[-33,-7],[-58,-51],[4,-35],[-41,11],[-45,-22],[-26,-48],[153,-83],[-1,-47],[36,-42],[-33,-19],[-171,10],[-29,-18],[-185,113],[-36,8],[-13,-28],[-90,73],[-52,-5],[-12,-25],[-30,29],[-70,5],[-173,106],[-77,-9],[-15,26],[-30,-4],[-29,-96],[-147,11],[1,-127],[58,-19],[-44,-90],[64,-81],[-88,-33],[29,-41],[8,-63],[-29,-126],[62,-53]],[[17721,83345],[48,71]],[[17769,83416],[87,-13],[82,16],[54,43]],[[17992,83462],[80,-6],[123,-60]],[[18195,83396],[62,-62],[118,-33]],[[18375,83301],[92,-91],[2,-48]],[[18469,83162],[-23,-27],[53,-105],[29,-21],[-49,1]],[[18479,83010],[-10,-99],[158,-51]],[[18627,82860],[33,27],[92,-14],[121,-85],[131,9],[26,-23],[44,25]],[[19074,82799],[17,57],[157,49]],[[38630,44607],[35,21],[132,-73]],[[39114,45089],[43,61],[130,-50]],[[43382,46993],[61,68],[86,-46]],[[45430,46488],[67,-31],[-68,146],[12,23],[-21,59],[25,15],[-35,67],[12,21],[-34,113],[19,77],[88,15],[15,24],[-8,49],[-54,84],[23,57],[-412,589],[-96,186],[-16,11],[-9,-14],[-3,16],[12,9],[-233,429],[-158,356],[-122,331],[-104,367],[2,103],[-44,210],[-9,389],[76,75],[50,1],[12,-29],[34,17],[-45,54],[39,13],[41,-25],[33,18],[73,134],[-17,-3],[-5,46],[-28,30],[-66,9],[-39,-27],[-94,44],[-116,115],[-111,157],[-12,-12],[-13,4],[14,-2],[0,12],[3,2],[7,-4],[0,60],[62,75],[-5,34],[27,4],[-6,18],[-85,16],[-31,28],[-8,55],[43,46],[-34,10],[-33,-46],[-62,15],[-142,162],[-14,41],[32,60],[-3,42],[-27,-3],[-36,52],[-1,33],[42,26],[-13,14],[-49,-3],[-29,-35],[-28,-1],[-77,56],[5,19],[-24,-6],[9,-64],[72,-33],[-8,-38],[-25,-27],[-25,28],[-27,-10],[0,-34],[-28,0],[-3,34],[-13,-47],[-48,2],[-5,-21],[-15,16],[-3,-27],[-23,-16],[-16,25],[-102,4],[-109,57]],[[39874,49196],[-76,15],[-87,73]],[[39660,49314],[-97,69],[-115,-2],[-88,-94],[38,-43]],[[39388,49030],[48,-62],[11,-76],[23,-30],[-93,-81]],[[38425,49031],[-88,-18],[-47,67]],[[38118,49243],[20,36],[-63,62],[69,61]],[[36283,51107],[-53,10],[-39,55],[8,66]],[[36169,51283],[13,72],[-41,74],[-84,55]],[[36057,51484],[-28,58],[-45,12]],[[35936,51536],[-60,-68],[-6,-60],[-34,-1],[-17,-30],[-63,-31],[11,-34],[73,-63],[-29,-79],[36,-121],[42,-25],[66,13],[-1,-31],[55,-49],[-9,-38],[-61,-11],[-27,-62],[14,-35],[-46,-44],[1,-103],[19,-1],[16,-47],[-9,-106],[42,-89],[49,-3],[-67,-32],[-17,8],[-5,-88],[-54,0],[-60,-48],[-52,42],[0,-38],[-77,-27],[1,-27],[34,5],[65,-50],[1,-19],[20,4],[65,-94],[36,-97],[67,-32],[-22,-17],[14,-33],[-21,-36],[-28,-17],[-68,2],[20,-43],[53,-41],[24,-85],[-36,-4],[-127,-98],[85,-130],[28,-3],[42,-93],[-39,-32],[-26,13],[-39,-14],[-75,35],[4,-32],[-49,-66],[6,-35],[-28,-8],[-290,130],[-59,-54],[-75,-13],[4,-21],[-28,-30],[-94,-52],[-35,-10],[-20,28],[-133,-30],[-33,-73],[28,-77],[42,-14],[-1,-35],[-66,3],[-8,-14],[27,-14],[15,-40],[58,-34],[-21,-80],[74,-84],[62,-4],[-6,-37],[43,-48],[63,14],[99,-18],[5,-57],[56,-62],[97,-46],[49,11],[80,-71],[18,13],[60,-13],[12,-90],[27,-14],[-8,-53],[-74,-65],[-85,-34],[-33,-64],[-130,-68],[-10,-51],[-114,-32],[10,-51],[-49,-18],[-71,-92],[28,-21],[35,12],[16,-46],[86,-39],[0,-35],[75,-94],[-27,-57],[-79,-38],[-30,-40],[16,-36],[76,17],[66,-24],[70,1],[5,-14],[-9,-50],[27,-37],[3,-63],[-71,-103],[7,-39],[28,-22],[-42,-52],[21,-70],[-44,-20],[-15,-55],[-31,-3],[24,-51],[-22,-36],[39,-19],[7,-36],[-63,-66],[-68,-9],[-18,-56],[-38,-21],[43,-52],[8,-101],[30,-4],[21,-30],[-13,-53],[-25,-9],[7,-49],[-36,-47],[12,-34],[-43,-63],[-68,-27],[37,-67],[-27,-11],[0,-42],[-32,-39],[-3,-77],[-22,-34],[30,-35],[-50,-137],[-44,-37],[-7,-141],[-47,-19],[-51,28],[-45,-21],[-44,10],[-19,83],[-58,37],[-135,-80],[-26,-76],[27,-4],[35,-114],[-114,-108],[-28,-11],[-21,14],[14,-45],[-14,-59],[-45,-30],[-13,-54],[-70,-39],[12,-63],[42,-21],[-3,-31],[52,-28],[16,-32],[-11,-56],[27,-71],[-1,-74],[-66,-92],[45,-95],[-71,-67],[-18,-80],[-29,0],[-71,-179],[-59,3],[-68,-66],[24,-59],[-60,-35],[9,-28],[-89,-101],[-53,-172],[52,-53],[33,5],[22,-33],[45,-2],[33,-43],[23,12],[123,-44],[-18,-81],[-70,8],[-29,-19],[6,-170],[-61,-50],[3,-58],[64,-35],[118,-139],[72,24],[51,-26],[45,33],[72,-1],[37,33],[27,-37],[77,28],[19,-62],[66,-47],[-17,-298],[30,-44],[34,46]],[[34928,42550],[-5,110],[217,107]],[[35200,42845],[92,-7],[-23,121],[10,54],[123,5]],[[36327,44198],[27,87],[77,-34]],[[37849,44532],[103,-117],[77,-19]],[[43484,51371],[5,-6],[5,3],[-10,3]],[[43494,51376],[-2,5],[-1,-1],[3,-4]],[[43466,51396],[6,7],[-17,-4],[11,-3]],[[45500,46452],[0,2],[-2,1],[2,-3]],[[44647,50196],[4,-12],[9,7],[-13,5]],[[44564,50510],[2,-1],[2,2],[-4,-1]],[[44549,50529],[3,0],[0,2],[-3,-2]],[[44547,50533],[3,0],[-3,2],[0,-2]],[[44540,50532],[1,0],[1,5],[-2,-5]],[[44541,50538],[-4,-2],[0,-1],[4,3]],[[44508,50557],[5,-6],[8,6],[-13,0]],[[45719,51401],[-144,-29],[21,-78],[147,-35],[99,52],[62,-9],[23,22],[-42,56],[-166,21]],[[45470,51640],[-4,-29],[59,0],[4,30],[-59,-1]],[[31248,84489],[53,107],[-20,-16],[-33,-91]],[[32213,84567],[-29,-22],[18,-9],[11,31]],[[32189,84563],[-21,-1],[4,-10],[17,11]],[[32211,84573],[0,-1],[5,-1],[-5,2]],[[32177,84589],[-2,-9],[26,5],[-24,4]],[[32210,84588],[-7,-1],[11,-7],[-4,8]],[[32127,84596],[14,-30],[34,25],[-48,5]],[[31136,84508],[52,21],[-5,59],[-40,104],[-36,11],[-79,-148],[24,-26],[84,-21]],[[32177,84635],[-17,-3],[42,-13],[-25,16]],[[32189,84632],[4,3],[-3,6],[-1,-9]],[[32082,84637],[2,0],[-3,3],[1,-3]],[[31986,84644],[2,0],[-11,6],[9,-6]],[[32080,84655],[0,-11],[5,1],[-5,10]],[[32052,84651],[7,2],[-5,1],[-2,-3]],[[31829,84640],[-8,28],[-16,-7],[24,-21]],[[32022,84667],[-14,5],[14,-28],[0,23]],[[32168,84651],[-1,14],[-7,-11],[8,-3]],[[32068,84658],[-16,13],[11,-12],[5,-1]],[[32091,84661],[1,-3],[2,1],[-3,2]],[[31960,84657],[4,0],[-2,6],[-2,-6]],[[31031,84655],[26,-19],[22,46],[-32,1],[-16,-28]],[[32076,84664],[3,-1],[1,1],[-4,0]],[[31851,84672],[-7,-2],[2,-3],[5,5]],[[32209,84667],[1,-1],[1,11],[-2,-10]],[[34080,89041],[-78,0],[-7,25]],[[33900,89052],[-28,35],[-88,-15]],[[33474,88855],[-13,-56],[-90,36]],[[33322,88815],[-27,14],[-90,-52],[-19,-26],[43,-59]],[[33529,87796],[19,-23],[-36,-69],[-91,-27]],[[32946,87672],[-64,33],[-82,-25]],[[32575,87751],[-73,0],[-21,-13]],[[32481,87738],[-11,-85],[-22,-22],[-45,-8]],[[32403,87623],[-51,-56],[-98,11]],[[32186,87472],[-133,-29],[9,-63]],[[30933,86539],[-25,68],[-199,3]],[[30703,86471],[49,-76],[-92,23]],[[30300,86416],[-135,-4],[-68,35]],[[29484,86568],[-15,-13],[21,-39]],[[29490,86516],[-17,-30],[-50,27]],[[29299,86505],[-41,53],[-111,-8],[11,36],[-50,44],[-100,-17]],[[28762,86817],[-184,10],[-26,-78]],[[28447,86279],[15,-21],[-81,-72]],[[28381,86186],[-79,-16],[-13,24],[-113,-23],[11,-30]],[[29921,85464],[269,-23],[93,-60],[43,-90],[13,-347]],[[30906,84467],[30,9],[58,-28],[-30,132],[-85,72],[90,59],[39,101],[80,75],[58,0],[35,-25],[54,44],[68,6],[15,18],[101,-4],[-27,-14],[47,9],[77,-21],[-2,58],[-24,-3],[-49,56],[-8,-24],[-42,-22],[-14,-1],[-8,3],[-6,16],[16,-17],[28,9],[-25,31],[25,-17],[2,-12],[22,12],[-10,36],[32,27],[89,-51],[10,72],[-25,34],[34,-13],[25,43],[-18,15],[114,26],[-22,-18],[-39,1],[-15,-23],[101,25],[4,18],[-21,8],[87,33],[-13,-24],[21,-20],[109,10],[123,-40],[37,-39],[156,34],[-3,12],[151,-23],[40,27],[93,-15],[86,-51],[72,-15],[92,13],[31,28],[16,-7],[-7,-48],[100,-37],[28,4],[15,40],[-85,-2],[2,26],[308,-15],[-43,27],[-4,46],[42,3],[28,90],[36,3],[93,62],[-6,46],[29,-39],[-6,33],[22,-11],[23,44],[-36,-10],[-11,12],[-15,-17],[9,26],[55,8],[3,-30],[48,-9],[-46,54],[47,-30],[11,-28],[25,-2],[-38,62],[43,2],[4,23],[9,-27],[22,6],[-29,36],[96,-19],[213,11],[-2,-37],[55,-4],[12,24],[-47,8],[41,11],[13,-17],[-12,-27],[4,0],[16,37],[98,-34],[101,7],[7,-22],[16,3],[8,33],[107,47],[31,40],[-27,20],[35,-22],[32,37],[-19,14],[38,44],[8,-17],[-1,60],[-28,42],[22,112],[-40,110],[8,15],[-1,-31],[94,-104],[-9,-89],[90,-6],[159,119],[64,6],[12,14],[-29,30],[7,15],[96,10],[-4,37],[20,19],[53,-9],[216,153],[17,35],[462,286],[226,200],[114,160],[-13,25],[-78,-8],[-100,-74],[-188,-48],[-72,0],[-38,29],[-92,151],[-308,257],[-113,27],[-43,-241],[85,-150],[-50,-25],[112,-72],[18,-73],[-37,-10],[-33,30],[-23,-13],[-46,16],[-73,-9],[-3,-24],[44,-39],[-21,-63],[-37,3],[-56,59],[-66,-20],[-18,-40],[22,-33],[28,-20],[37,26],[41,-40],[0,-25],[-103,-41],[-59,-110],[-106,-132],[-108,-60],[19,-42],[-108,-55],[84,47],[-28,38],[45,41],[57,105],[169,146],[-41,89],[11,174],[-103,11],[-66,-14],[174,104],[123,126],[69,42],[23,51],[-9,129],[-60,-18],[-8,32],[-37,-14],[-49,69],[11,39],[11,9],[26,10],[-33,29],[-23,-10],[-2,13],[26,13],[13,-12],[-24,39],[19,6],[86,-41],[52,9],[11,-16],[-21,-1],[19,-8],[30,8],[8,40],[-31,18],[4,5],[13,-3],[-14,12],[15,35],[100,-21],[-16,50],[26,9],[143,-110],[-6,18],[23,7],[-68,24],[15,9],[42,-16],[-51,40],[-15,54],[17,-46],[60,-17],[5,-31],[44,-17],[56,11],[-59,17],[-3,20],[5,-15],[46,5],[42,-23],[1,37],[-51,29],[4,19],[23,-3],[0,-21],[37,-22],[-15,29],[19,8],[-18,13],[13,6],[-43,27],[12,3],[31,-18],[-13,23],[35,-8],[4,-10],[-23,-6],[15,-25],[-3,-86],[83,-13],[-48,42],[8,11],[32,-26],[3,34],[36,-67],[85,-2],[-69,45],[83,-29],[-25,52],[-139,47],[-3,44],[-42,11],[8,4],[34,-8],[15,-38],[37,-12],[4,41],[-37,6],[-11,22],[52,-12],[-28,14],[-9,22],[-26,-4],[24,29],[24,-49],[18,15],[13,-76],[59,-9],[-31,25],[31,-11],[-9,50],[-52,42],[14,6],[-31,39],[28,27],[48,-15],[-7,-4],[-42,4],[-4,-17],[22,10],[1,-4],[-4,-6],[-15,1],[-3,-13],[61,-62],[-1,20],[21,-17],[-12,-37],[22,4],[-16,-20],[24,-7],[-8,-17],[23,-4],[3,-28],[25,0],[-20,-9],[66,-93],[29,-2],[-20,26],[9,2],[3,-1],[11,-19],[3,17],[-36,52],[6,1],[3,-1],[14,-7],[-38,135],[26,-40],[-4,30],[10,3],[8,-21],[17,9],[-24,-27],[33,14],[-22,-42],[38,-19],[-46,8],[10,-32],[14,17],[5,-60],[27,22],[-22,-37],[46,68],[5,-47],[-32,-18],[44,-33],[33,16],[-24,31],[24,40],[15,-12],[0,-13],[36,-38],[57,1],[33,47],[-73,44],[5,18],[33,-17],[-31,51],[14,14],[20,-1],[14,-65],[44,-33],[44,36],[-34,19],[20,4],[-48,35],[-19,21],[11,7],[17,-23],[-10,27],[17,-22],[-10,-9],[40,-30],[36,28],[-3,24],[-33,5],[-26,16],[23,-4],[-12,9],[13,13],[-37,29],[22,-12],[6,26],[20,5],[6,-4],[11,6],[-8,-46],[50,-25],[36,56],[-13,8],[64,21],[28,56],[7,-1],[8,-25],[32,14],[-1,44],[-13,-10],[-66,-7],[-1,5],[52,4],[-5,22],[-60,19],[80,-8],[-17,68],[-29,7],[4,4],[10,0],[1,5],[-26,27],[-37,-4],[1,10],[33,2],[-15,35],[41,-34],[12,30],[29,8],[9,-3],[0,-9],[-19,0],[12,-16],[-21,-17],[88,-39],[49,36],[-24,6],[-18,36],[20,9],[-8,-30],[24,-13],[45,30],[-3,32],[-15,-7],[9,41],[-78,29],[-20,56],[13,-3],[8,-11],[2,-21],[40,-16],[17,35],[-30,12],[33,-8],[8,17],[-38,10],[35,-3],[7,-6],[-1,-9],[15,19],[-13,26],[-30,2],[29,0],[-10,28],[30,-65],[18,-2],[9,-44],[-7,-34],[31,25],[-5,40],[8,-3],[7,-10],[14,22],[-2,-9],[-20,-28],[0,-10],[-13,-27],[24,-23],[3,38],[5,-20],[19,43],[6,3],[15,-1],[3,36],[-29,10],[-18,36],[11,-10],[10,-26],[30,-4],[14,13],[30,0],[10,15],[-2,-7],[-6,-9],[16,5],[4,-19],[-9,-9],[-12,-7],[17,15],[-3,8],[0,-6],[-8,-7],[-47,4],[11,-58],[39,27],[-26,-18],[45,5],[-11,-12],[-28,0],[25,-43],[48,-7],[-4,29],[12,-28],[20,9],[20,33],[-46,29],[34,-20],[11,54],[-75,81],[75,-58],[12,-26],[7,12],[6,-17],[16,29],[28,9],[-9,-49],[17,-27],[42,-1],[5,37],[17,-33],[10,28],[0,-23],[60,22],[73,-86],[-50,-40],[53,36],[-65,80],[14,17],[31,-37],[-38,70],[36,31],[-16,26],[26,0],[-5,21],[21,7],[-26,45],[-29,-7],[-12,12],[7,-4],[5,-7],[18,10],[35,-12],[4,25],[-26,-10],[-15,15],[15,-12],[-4,22],[33,-5],[-5,50],[29,-8],[-20,15],[24,7],[-32,6],[2,13],[17,-13],[32,13],[16,-33],[52,26],[5,22],[-30,-1],[-3,16],[-11,-17],[-11,19],[19,12],[38,-13],[32,21],[12,30],[-16,20],[17,-12],[33,33],[-31,24],[59,7],[14,47],[-13,32],[-37,-3],[38,12],[-36,11],[7,12],[-60,0],[45,17],[-28,20],[-15,-10],[-42,17],[16,19],[-10,-2],[-35,51],[-30,-1],[0,-24],[-11,14],[9,10],[-70,-31],[-27,6],[3,28],[10,-18],[26,19],[25,-12],[-13,27],[14,-2],[11,-18],[21,9],[-10,15],[1,12],[4,-4],[-3,-8],[8,-12],[32,12],[47,-45],[43,-9],[-60,89],[35,-31],[13,-25],[-2,19],[-21,19],[7,-3],[16,-15],[7,-14],[-12,39],[21,-32],[4,12],[50,-40],[17,8],[36,-70],[-7,69],[18,-29],[18,35],[48,-2],[-4,21],[-16,-6],[20,19],[22,-15],[-5,52],[27,-20],[-10,-25],[26,3],[14,56],[35,-11],[-27,17],[27,-7],[22,21],[8,-33],[-37,-18],[-19,-42],[-1,-25],[27,-17],[-28,-14],[50,-30],[24,-37],[37,-5],[12,32],[-29,24],[35,-6],[-16,58],[17,0],[32,90],[31,2],[29,42],[-26,-44],[-30,-12],[5,-16],[33,9],[-21,-10],[32,-16],[26,8],[-23,-12],[-45,4],[-10,-18],[26,-61],[26,11],[-17,-24],[22,-37],[21,0],[8,32],[4,-17],[-6,-25],[30,-8],[60,42],[-29,45],[1,25],[22,-31],[72,13],[12,47],[-57,-2],[60,10],[11,25],[-29,38],[56,14],[-17,-15],[7,-31],[18,-2],[-24,-7],[24,-27],[12,20],[8,-78],[26,18],[26,61],[21,14],[-21,-55],[48,29],[-54,-59],[29,18],[27,-9],[27,-17],[2,10],[15,0],[-15,-25],[-31,29],[-37,0],[-9,-10],[34,-9],[23,-30],[-27,27],[8,-28],[-19,13],[-58,-21],[16,-1],[-2,-22],[20,19],[-7,-50],[28,8],[-8,35],[43,-43],[-26,-17],[47,-1],[-6,13],[34,7],[-20,9],[26,6],[-13,24],[-5,2],[-9,-7],[-6,1],[5,0],[7,6],[6,0],[20,-17],[3,-5],[21,21],[-12,7],[-5,12],[2,0],[5,-12],[11,-4],[15,30],[13,-10],[-18,-45],[70,-5],[-3,-2],[-9,0],[-2,-2],[-13,0],[15,-6],[32,19],[7,-2],[-25,-19],[-25,-4],[11,-9],[-20,3],[29,-16],[-16,2],[-15,13],[4,4],[6,1],[-25,11],[-26,-21],[-11,-17],[11,4],[8,13],[-3,-16],[-10,-4],[47,5],[-10,-24],[20,-5],[-9,-15],[-17,10],[7,20],[-53,-9],[-2,-17],[39,-8],[-7,-2],[-11,2],[20,-18],[-50,22],[-26,-13],[14,-33],[-24,23],[-32,-27],[27,-41],[46,27],[-15,-18],[30,-3],[-16,-13],[61,-3],[12,-64],[40,26],[-26,11],[20,8],[-42,44],[3,1],[13,-6],[3,-5],[9,2],[20,-34],[-6,21],[10,10],[-20,15],[34,11],[-19,-14],[25,-11],[-4,-3],[-6,7],[-9,-7],[36,-2],[2,-12],[-19,-12],[-24,24],[20,-50],[-46,-23],[21,-23],[9,10],[11,-4],[-6,-18],[32,1],[4,63],[19,-8],[22,54],[-19,42],[-20,-3],[-24,14],[10,12],[41,-18],[-13,19],[19,-17],[13,13],[-15,11],[15,2],[3,-8],[5,17],[27,-23],[-14,111],[25,-76],[12,41],[3,-18],[26,20],[-14,15],[-30,8],[-7,11],[35,0],[34,-33],[-2,-6],[-19,-10],[-5,-11],[33,-14],[-1,-3],[-2,-2],[-7,-5],[22,-25],[-14,7],[9,-30],[-2,-31],[32,21],[8,74],[37,15],[-31,-25],[15,-19],[27,15],[-23,-16],[24,6],[-1,-3],[-20,-9],[-10,-53],[18,7],[-81,-57],[-8,-38],[-54,-21],[23,-15],[-19,-4],[-18,-58],[23,-14],[36,29],[20,-10],[127,152],[168,94],[193,44],[97,-13],[145,17],[-158,65],[-118,-3],[-121,-58],[-58,15],[-3,-13],[-5,5],[3,8],[-4,1],[17,1],[-8,8],[-52,-2],[21,16],[-21,22],[82,22],[7,37],[-46,25],[-5,-20],[-33,-7],[40,41],[-39,25],[-60,-44],[15,23],[33,22],[21,1],[-46,40],[22,3],[30,-26],[5,28],[16,-40],[59,-5],[5,36],[3,-3],[-3,-23],[25,-1],[25,21],[-13,-5],[-16,6],[18,-4],[12,23],[1,-3],[-6,-14],[18,4],[1,61],[38,25],[27,8],[-84,57],[-197,9],[-122,-29],[-45,7],[-22,-29],[-36,3],[-27,-29],[-76,6],[-80,164],[2,35],[-87,47],[-39,48],[7,24],[-59,-20],[-67,32],[-21,-28],[-20,9],[-9,43],[-50,24],[14,43],[-50,3],[-12,20],[52,33],[-35,32],[19,31],[-65,30],[-2,56],[-45,14],[0,32],[-72,13],[-20,33],[-77,-37],[-3,-37],[-21,-10],[-53,14],[-39,56],[-85,35],[-66,1],[-9,-20],[-44,-10],[-87,11],[-24,-44],[-243,-53],[-75,-55],[-64,-10],[-36,-46],[-263,-75],[-69,28],[-88,-40],[-262,6],[-59,-27],[-67,5],[-70,76],[-50,4],[-37,-34],[-62,5],[-110,-143],[-37,31],[-83,-25],[-112,42],[-54,-13],[-105,23],[70,36],[22,74],[-28,49],[-32,-3],[-26,38],[12,77],[-30,51],[7,33],[-63,34],[-77,3],[-196,-81],[-89,-57],[0,-47],[-63,-42],[2,-20],[-82,-30],[15,-48],[-98,-85],[-94,38],[-45,-9],[-21,-34],[-71,6]],[[32205,85423],[132,34],[85,-40],[-49,-49],[-63,-136],[-23,-12],[-88,44],[22,26],[-106,69],[17,30],[-10,43],[83,-9]],[[32085,84674],[1,1],[-1,2],[0,-3]],[[32026,84680],[2,-1],[0,1],[-2,0]],[[31932,84726],[-39,-25],[5,-22],[17,16],[-8,-29],[-40,28],[31,-50],[42,-7],[-23,15],[15,74]],[[32065,84683],[-21,9],[8,-20],[13,11]],[[32146,84702],[-40,15],[-5,-20],[-14,8],[7,-36],[30,4],[-4,-20],[24,-4],[9,22],[-34,22],[22,-8],[5,17]],[[32002,84680],[2,23],[-18,-18],[16,-5]],[[31980,84693],[-22,24],[-6,-37],[-26,-6],[37,-9],[17,28]],[[31980,84693],[0,-2],[5,-3],[-1,6],[-4,-1]],[[32024,84695],[4,0],[-1,6],[-3,-6]],[[31695,84700],[4,4],[-4,3],[0,-7]],[[31686,84703],[4,1],[-2,1],[-2,-2]],[[31982,84701],[1,-3],[9,6],[-10,-3]],[[32073,84692],[-9,30],[-3,-15],[12,-15]],[[31677,84706],[-2,11],[-6,-7],[8,-4]],[[30991,84699],[-12,36],[-4,-29],[-15,-13],[31,6]],[[31450,84717],[-17,16],[-22,-26],[18,-13],[-2,19],[23,4]],[[31886,84725],[-15,-5],[9,-14],[6,19]],[[31696,84722],[-10,-1],[7,-11],[3,12]],[[31840,84718],[6,1],[-3,13],[-3,-14]],[[31869,84722],[-2,7],[-1,0],[3,-7]],[[32022,84725],[4,-1],[0,3],[-4,-2]],[[31908,84728],[-1,-4],[4,3],[-3,1]],[[31629,84743],[-48,-4],[47,-28],[1,32]],[[31675,84736],[2,-5],[2,1],[-4,4]],[[31675,84726],[-20,41],[3,-45],[-17,-3],[20,-15],[14,22]],[[32088,84763],[-25,-20],[-17,12],[-7,-45],[21,24],[45,-14],[-17,43]],[[31796,84748],[-14,-12],[25,-8],[-11,20]],[[31813,84786],[-29,17],[-15,-21],[-10,14],[1,-23],[-32,-5],[-9,15],[13,9],[-26,-2],[19,-61],[26,-3],[-13,-35],[-27,16],[-1,-21],[39,-13],[31,19],[0,-16],[24,11],[19,-13],[-10,48],[-45,-8],[-16,21],[21,-7],[1,56],[29,-24],[10,26]],[[31633,84745],[-2,-4],[13,-7],[-11,11]],[[31946,84731],[-15,23],[-10,-13],[25,-10]],[[32029,84743],[-8,14],[-3,-5],[11,-9]],[[31888,84748],[1,-2],[5,3],[-6,-1]],[[31640,84758],[4,-1],[-1,5],[-3,-4]],[[31779,84771],[6,-16],[11,-4],[-1,9],[-16,11]],[[31990,84776],[8,-16],[2,0],[-10,16]],[[31542,84811],[11,-36],[-34,-14],[26,-8],[46,20],[-49,38]],[[31885,84834],[1,-34],[-30,7],[-2,-26],[22,-8],[-23,-28],[15,-13],[33,60],[6,-34],[19,6],[-41,70]],[[31005,84782],[5,-1],[-2,7],[-3,-6]],[[31530,84797],[-27,-12],[22,-2],[5,14]],[[31694,84789],[3,-1],[2,5],[-5,-4]],[[31028,84781],[-18,25],[-1,-19],[19,-6]],[[31966,84798],[-20,-11],[7,0],[13,11]],[[31735,84795],[1,-2],[9,5],[-10,-3]],[[31843,84818],[-7,3],[-17,-43],[24,40]],[[31772,84796],[4,-1],[-3,8],[-1,-7]],[[31620,84838],[-12,-73],[26,8],[-14,65]],[[31591,84796],[5,2],[-3,6],[-2,-8]],[[31714,84800],[6,10],[-3,0],[-3,-10]],[[31499,84805],[5,5],[-5,-1],[0,-4]],[[31513,84809],[1,1],[-3,3],[2,-4]],[[31879,84807],[2,8],[-5,1],[3,-9]],[[31670,84830],[-12,-6],[25,-30],[-13,36]],[[31562,84811],[4,0],[2,8],[-6,-8]],[[31829,84818],[-2,8],[-11,-10],[13,2]],[[31037,84827],[25,-11],[11,44],[-22,-15],[-14,-18]],[[31958,84843],[4,-11],[12,12],[-16,-1]],[[31623,84841],[1,-1],[2,5],[-3,-4]],[[31938,84870],[-19,-33],[25,-7],[-8,13],[2,27]],[[31929,84838],[-2,0],[-1,5],[3,-5]],[[31884,84869],[5,-28],[12,8],[-17,20]],[[31989,84859],[3,-2],[0,5],[-3,-3]],[[31069,84865],[-1,-3],[2,0],[-1,3]],[[31667,84869],[-14,16],[-27,-9],[18,-33],[4,26],[19,0]],[[32018,84869],[-3,1],[0,-4],[3,3]],[[31615,84878],[-3,0],[2,-4],[1,4]],[[31903,84881],[-1,5],[-2,-1],[3,-4]],[[31661,84885],[6,1],[-4,6],[-2,-7]],[[31951,84894],[1,0],[-1,1],[0,-1]],[[31931,84906],[-21,6],[-1,-30],[24,0],[-2,24]],[[31956,84949],[6,-34],[-27,-1],[2,-15],[20,2],[5,-22],[5,18],[14,-42],[24,29],[-17,6],[3,43],[-35,16]],[[31483,84902],[2,2],[-2,0],[0,-2]],[[31524,84913],[1,2],[-3,0],[2,-2]],[[31385,84907],[6,6],[-16,7],[10,-13]],[[31366,84921],[-10,-1],[10,-5],[0,6]],[[31368,84920],[1,-1],[4,2],[-5,-1]],[[31352,84917],[4,1],[-34,7],[30,-8]],[[31318,84925],[2,-1],[1,2],[-3,-1]],[[31501,84958],[0,3],[-2,0],[2,-3]],[[31526,84964],[-1,2],[-1,0],[2,-2]],[[31513,84973],[-3,-10],[4,0],[-1,10]],[[31534,84973],[1,-1],[0,1],[-1,0]],[[31532,84975],[-1,4],[-2,-2],[3,-2]],[[31539,84979],[-4,5],[-2,-1],[6,-4]],[[31806,85010],[8,0],[-3,5],[-5,-5]],[[31653,85081],[-18,39],[-39,2],[-19,-63],[20,-55],[101,-65],[73,0],[-2,9],[-29,3],[-41,52],[25,29],[26,-65],[25,-10],[12,37],[2,-36],[26,-9],[-14,39],[21,3],[-23,19],[38,31],[-13,51],[-100,25],[-64,-17],[-7,-19]],[[32022,85115],[-21,4],[1,-22],[16,-4],[4,22]],[[31717,85121],[3,-1],[1,2],[-4,-1]],[[32600,84205],[-5,-1],[3,-3],[2,4]],[[32592,84224],[2,1],[-1,2],[-1,-3]],[[32583,84261],[8,4],[-4,2],[-4,-6]],[[32572,84277],[4,-2],[-1,2],[-3,0]],[[32568,84277],[2,1],[-2,1],[0,-2]],[[32569,84294],[-4,0],[1,-3],[3,3]],[[32567,84296],[3,0],[0,3],[-3,-3]],[[32591,84306],[1,-1],[0,1],[-1,0]],[[32595,84312],[-7,-3],[2,-3],[5,6]],[[32595,84314],[0,-1],[2,-1],[-2,2]],[[32479,84362],[-19,14],[0,-2],[19,-12]],[[32435,84390],[2,-1],[0,3],[-2,-2]],[[32555,84403],[-3,-2],[3,0],[0,2]],[[32541,84408],[-12,-1],[17,-9],[-5,10]],[[32525,84403],[5,3],[-22,12],[17,-15]],[[32399,84413],[1,-2],[2,-1],[-3,3]],[[32417,84424],[3,15],[-7,-25],[4,10]],[[32592,84426],[-6,8],[2,-19],[4,11]],[[32492,84423],[4,8],[-4,0],[0,-8]],[[32430,84429],[3,-4],[0,4],[-3,0]],[[32423,84431],[2,-2],[4,4],[-6,-2]],[[32430,84444],[-3,0],[1,-5],[2,5]],[[32591,84445],[6,0],[-1,3],[-5,-3]],[[32363,84495],[-42,-21],[59,-39],[27,2],[11,17],[-33,-15],[16,22],[-38,34]],[[32501,84528],[-26,-9],[34,-31],[-39,-32],[88,-45],[16,19],[-40,14],[37,15],[-27,11],[-26,-21],[15,63],[-31,-6],[-1,22]],[[32274,84471],[2,0],[-2,4],[0,-4]],[[32573,84477],[-3,0],[0,-3],[3,3]],[[32565,84483],[-12,-1],[9,-7],[3,8]],[[32271,84477],[-2,11],[-6,0],[8,-11]],[[32287,84488],[3,-6],[2,0],[-5,6]],[[32546,84497],[-7,-1],[2,-2],[5,3]],[[32280,84502],[4,-6],[1,17],[-5,-11]],[[32551,84508],[1,-4],[10,1],[-11,3]],[[32349,84526],[2,0],[0,2],[-2,-2]],[[32364,84528],[5,1],[-4,4],[-1,-5]],[[32506,84602],[-33,2],[6,-47],[-26,32],[-10,-17],[14,-12],[-35,3],[23,-39],[-51,2],[-2,-22],[34,-12],[-23,2],[3,-13],[39,-14],[5,56],[28,5],[8,24],[28,-8],[-32,41],[24,17]],[[32361,84544],[-10,-2],[4,-6],[6,8]],[[32342,84540],[-3,0],[3,-2],[0,2]],[[32595,84538],[6,-2],[-1,8],[-5,-6]],[[32586,84544],[-2,-3],[3,-1],[-1,4]],[[32423,84540],[3,6],[-6,1],[3,-7]],[[32243,84542],[0,6],[-4,0],[4,-6]],[[32260,84553],[-10,0],[6,-9],[4,9]],[[32330,84540],[5,22],[-15,-2],[0,-7],[10,-13]],[[32411,84555],[6,0],[1,4],[-7,-4]],[[32398,84554],[11,1],[-4,5],[-7,-6]],[[32380,84557],[0,5],[-2,0],[2,-5]],[[32598,84567],[3,-12],[1,5],[-4,7]],[[32251,84564],[-5,0],[7,-6],[-2,6]],[[32301,84567],[-8,-2],[4,-4],[4,6]],[[32377,84566],[9,3],[-6,8],[-3,-11]],[[32563,84589],[66,-32],[-17,26],[-49,6]],[[32521,84596],[-22,-15],[17,-15],[5,30]],[[32562,84592],[-1,2],[-2,0],[3,-2]],[[32308,84594],[7,1],[0,5],[-7,-6]],[[32553,84600],[-2,-1],[2,-3],[0,4]],[[32454,84619],[-3,1],[-5,-28],[8,27]],[[32367,84605],[9,1],[-1,7],[-8,-8]],[[32275,84608],[2,0],[-1,5],[-1,-5]],[[32425,84614],[-25,12],[-7,-10],[32,-2]],[[32496,84628],[-8,-1],[0,-16],[8,17]],[[32435,84622],[0,-3],[7,3],[-7,0]],[[32270,84652],[-10,-31],[23,2],[7,-26],[-1,28],[31,0],[-50,27]],[[32468,84629],[-17,10],[-4,-10],[21,0]],[[32413,84645],[-19,11],[-10,-7],[17,-18],[12,14]],[[32318,84655],[-12,-1],[8,-6],[4,7]],[[32598,84691],[-3,0],[3,-3],[0,3]],[[32228,84721],[16,-58],[31,-4],[15,35],[-42,-18],[-20,45]],[[32586,84708],[-19,-4],[-1,-14],[20,-4],[-16,10],[16,12]],[[32259,84699],[1,0],[-1,3],[0,-3]],[[32570,84731],[-13,-1],[3,-5],[10,6]],[[32599,84736],[-9,-1],[3,-3],[6,4]],[[32533,84776],[1,-1],[0,2],[-1,-1]],[[32534,84784],[1,-3],[3,2],[-4,1]],[[32515,84789],[2,0],[-1,2],[-1,-2]],[[32541,84828],[2,-23],[19,-2],[-1,23],[-20,2]],[[32491,84821],[1,-2],[3,2],[-4,0]],[[32531,84821],[1,-2],[1,4],[-2,-2]],[[32492,84828],[3,0],[-2,3],[-1,-3]],[[32496,84835],[1,0],[1,3],[-2,-3]],[[32545,84844],[-14,-2],[4,-9],[10,11]],[[32575,84839],[-3,1],[-1,-3],[4,2]],[[32575,84839],[1,0],[1,0],[-2,0]],[[32515,84844],[2,-1],[0,1],[-2,0]],[[32528,84851],[-9,-1],[1,-2],[8,3]],[[32522,84858],[1,0],[0,2],[-1,-2]],[[32600,84861],[-2,1],[-1,-2],[3,1]],[[32497,84859],[4,-2],[2,12],[-6,-10]],[[32540,84885],[1,0],[-3,4],[2,-4]],[[32547,84928],[15,-42],[-1,19],[-14,23]],[[32587,84935],[-8,-5],[6,-19],[2,24]],[[32511,84931],[0,2],[-2,0],[2,-2]],[[32531,84933],[-8,11],[-10,-5],[1,-5],[17,-1]],[[32590,84949],[3,-4],[3,6],[-6,-2]],[[32572,84968],[-11,-5],[9,-21],[2,26]],[[32542,84966],[0,-20],[18,5],[-16,2],[-2,13]],[[32495,84963],[-2,8],[-5,-1],[7,-7]],[[32477,84970],[-6,-2],[4,-5],[2,7]],[[32557,84974],[12,11],[-8,13],[2,-10],[-6,-14]],[[32584,84992],[-2,4],[-3,-1],[5,-3]],[[32508,84987],[2,19],[-17,-15],[15,-4]],[[32451,84991],[2,0],[-2,8],[0,-8]],[[32529,84997],[2,-1],[-2,3],[0,-2]],[[32451,85003],[2,0],[1,5],[-3,-5]],[[32540,85008],[3,1],[-1,1],[-2,-2]],[[32416,85014],[-9,6],[-1,-18],[10,12]],[[32388,85032],[-7,3],[1,-2],[6,-1]],[[32533,85041],[4,0],[-1,3],[-3,-3]],[[32566,85037],[-14,2],[-7,25],[-1,-38],[22,11]],[[32547,85069],[3,-1],[-1,1],[-2,0]],[[32489,85111],[12,-39],[-19,10],[8,-17],[-20,-22],[27,9],[3,-21],[18,38],[15,-16],[-44,58]],[[32549,85072],[3,1],[-1,2],[-2,-3]],[[32402,85080],[-5,0],[6,-12],[-1,12]],[[32372,85090],[-20,-16],[19,-8],[1,24]],[[32570,85084],[13,-10],[0,4],[-13,6]],[[32362,85088],[-2,0],[0,-2],[2,2]],[[32354,85087],[-6,18],[-3,-2],[9,-16]],[[32378,85094],[-8,19],[-17,1],[2,-15],[23,-5]],[[32397,85148],[-9,-43],[14,-19],[11,27],[20,1],[-36,34]],[[32439,85118],[1,-2],[1,3],[-2,-1]],[[32483,85113],[-21,21],[7,-22],[14,1]],[[32452,85123],[8,1],[-10,6],[2,-7]],[[32495,85126],[-1,5],[-4,-1],[5,-4]],[[32248,85254],[-2,0],[1,-3],[1,3]],[[32315,85303],[8,-6],[0,3],[-8,3]],[[32317,85348],[-20,-17],[5,-18],[13,-2],[2,37]],[[32299,85337],[8,7],[-6,6],[-2,-13]],[[32773,83878],[-1,-2],[6,-3],[-5,5]],[[32800,83880],[0,1],[-2,2],[2,-3]],[[32791,83893],[-2,2],[2,-2]],[[32782,84054],[-45,-13],[19,-21],[-15,6],[-30,-32],[8,-17],[-25,6],[-2,-22],[-22,-8],[37,-40],[-13,-24],[25,-12],[24,6],[-5,24],[29,-20],[33,22],[-17,14],[-9,-27],[-11,26],[-12,-13],[-16,17],[10,34],[15,-31],[23,16],[-14,54],[22,0],[7,20],[-32,8],[16,27]],[[32683,83968],[3,0],[0,11],[-3,-11]],[[32779,83988],[-1,-8],[5,2],[-4,6]],[[32672,83997],[-8,-17],[17,-4],[-9,21]],[[32674,84009],[10,-21],[9,14],[-19,7]],[[32654,84022],[0,-26],[13,-2],[-13,28]],[[32669,84009],[2,-1],[1,1],[-3,0]],[[32669,84052],[28,-25],[7,-41],[-1,26],[30,15],[-20,3],[-8,-13],[-1,27],[-35,8]],[[32676,84025],[2,0],[1,6],[-3,-6]],[[32657,84030],[-7,2],[1,-6],[6,4]],[[32717,84041],[-5,2],[0,-1],[5,-1]],[[32790,84046],[-3,0],[6,-5],[-3,5]],[[32686,84059],[-2,0],[1,-1],[1,1]],[[32795,84064],[-11,-2],[2,-9],[9,11]],[[32742,84062],[0,3],[-3,0],[3,-3]],[[32751,84062],[-1,6],[-4,-4],[5,-2]],[[32727,84069],[0,2],[-3,1],[3,-3]],[[32668,84069],[8,2],[-4,6],[-4,-8]],[[32716,84083],[-8,-5],[7,-4],[1,9]],[[32792,84089],[-5,-19],[16,9],[-11,10]],[[32728,84079],[3,2],[-1,2],[-2,-4]],[[32629,84083],[1,-2],[3,2],[-4,0]],[[32772,84091],[-15,3],[2,-2],[13,-1]],[[32646,84095],[4,-2],[-1,2],[-3,0]],[[32736,84094],[6,1],[-2,3],[-4,-4]],[[32702,84107],[12,-19],[17,5],[-29,14]],[[32736,84105],[0,2],[-5,-1],[5,-1]],[[32710,84124],[-3,3],[-1,-3],[4,0]],[[32616,84127],[0,-1],[1,0],[-1,1]],[[32617,84127],[1,0],[-1,3],[0,-3]],[[32611,84127],[1,2],[-1,1],[0,-3]],[[32606,84141],[2,-4],[3,2],[-5,2]],[[32754,84144],[-1,1],[-10,-6],[11,5]],[[32740,84141],[3,-1],[-1,3],[-2,-2]],[[32752,84154],[-2,-2],[5,-2],[-3,4]],[[32759,84176],[-7,-5],[16,-20],[-9,25]],[[32734,84161],[7,3],[-3,2],[-4,-5]],[[32669,84294],[-21,-9],[25,-26],[-9,-15],[-21,24],[-25,-10],[0,28],[-37,4],[7,-8],[17,3],[-13,-16],[28,-29],[3,-31],[-15,-49],[49,-62],[-2,-38],[22,23],[27,-16],[-5,39],[-36,3],[51,27],[15,-15],[7,25],[-46,-10],[-6,13],[65,21],[-46,12],[39,15],[-8,45],[-44,-34],[-21,18],[26,38],[-26,30]],[[32754,84186],[-5,10],[-4,-11],[9,1]],[[32604,84214],[-11,-3],[9,-3],[2,6]],[[32603,84249],[-5,-1],[0,-3],[5,4]],[[32720,84248],[1,-2],[3,8],[-4,-6]],[[32739,84275],[1,4],[-12,-4],[11,0]],[[32703,84287],[-3,3],[-4,-2],[7,-1]],[[32720,84288],[0,-1],[2,0],[-2,1]],[[32599,84319],[49,-31],[9,17],[-29,-2],[-29,16]],[[32629,84323],[-4,-1],[11,-16],[-7,17]],[[32660,84320],[-16,12],[-1,-6],[17,-6]],[[32702,84325],[-14,22],[-7,-33],[21,11]],[[32639,84335],[1,1],[-3,7],[2,-8]],[[32614,84337],[-20,14],[-3,-1],[9,-19],[14,6]],[[32646,84341],[9,-3],[4,20],[-13,-17]],[[32734,84379],[-5,-2],[11,-8],[-6,10]],[[32678,84389],[4,-1],[-1,8],[-3,-7]],[[32671,84393],[6,4],[-10,0],[4,-4]],[[32770,84408],[23,-18],[0,14],[-23,4]],[[32603,84408],[-1,0],[1,-1],[0,1]],[[32787,84415],[1,-3],[5,3],[-6,0]],[[32758,84462],[-4,-38],[8,4],[-4,34]],[[32780,84447],[-11,4],[-1,-6],[12,2]],[[32645,84447],[-2,6],[-2,2],[4,-8]],[[32619,84491],[-10,19],[-26,-12],[25,1],[14,-23],[-17,-11],[21,-14],[13,14],[34,-12],[11,13],[-17,-4],[-4,28],[-44,1]],[[32636,84518],[1,0],[0,2],[-1,-2]],[[32648,84519],[5,4],[-11,-2],[6,-2]],[[32617,84530],[1,2],[-13,-1],[12,-1]],[[32666,84549],[-17,1],[-3,-8],[3,-1],[17,8]],[[32650,84552],[-4,9],[-3,-2],[7,-7]],[[32685,84613],[3,1],[0,5],[-3,-6]],[[32768,84622],[-2,3],[-8,-2],[10,-1]],[[32680,84630],[76,-20],[-27,19],[-49,1]],[[32736,84635],[3,4],[-1,0],[-2,-4]],[[32743,84654],[-7,-8],[2,-5],[5,13]],[[32647,84662],[1,-4],[7,1],[-8,3]],[[32647,84677],[2,-7],[7,1],[-9,6]],[[32657,84673],[3,0],[-1,1],[-2,-1]],[[32657,84678],[2,2],[-4,0],[2,-2]],[[32658,84681],[1,0],[0,1],[-1,-1]],[[32647,84682],[3,0],[-1,3],[-2,-3]],[[32625,84693],[-22,0],[14,-20],[11,2],[-3,18]],[[32741,84729],[11,-49],[25,28],[-36,21]],[[32708,84710],[18,-14],[4,17],[-22,-3]],[[32617,84712],[-8,2],[-1,-11],[9,9]],[[32674,84725],[-1,0],[0,-1],[0,-1],[-2,-2],[5,-4],[-2,8]],[[32697,84727],[-12,3],[17,-17],[-5,14]],[[32667,84727],[-9,-1],[6,-5],[3,6]],[[32711,84728],[3,-6],[10,5],[-13,1]],[[32716,84737],[-5,2],[-2,-4],[7,2]],[[32683,84742],[-2,-2],[2,-1],[0,3]],[[32700,84738],[3,2],[-5,4],[2,-6]],[[32675,84747],[-1,-6],[8,3],[-7,3]],[[32755,84756],[2,-4],[8,6],[-10,-2]],[[32656,84789],[12,-18],[3,1],[-15,17]],[[32655,84784],[-9,0],[4,-5],[5,5]],[[32625,84782],[-2,10],[-4,-1],[6,-9]],[[32747,84782],[-6,6],[-2,-2],[8,-4]],[[32644,84794],[-3,1],[6,-5],[-3,4]],[[32619,84802],[-10,7],[0,-3],[10,-4]],[[32700,84809],[5,3],[-3,2],[-2,-5]],[[32660,84825],[-2,-14],[27,2],[-25,12]],[[32712,84814],[5,1],[-2,7],[-3,-8]],[[32703,84832],[-12,-5],[13,-4],[-1,9]],[[32684,84838],[-5,-6],[15,-1],[-10,7]],[[32656,84844],[-1,-12],[12,9],[-11,3]],[[32629,84855],[-1,0],[2,-2],[-1,2]],[[32636,84865],[14,-14],[-3,8],[-11,6]],[[32600,84865],[3,2],[-4,2],[1,-4]],[[32750,84874],[10,-6],[8,2],[-18,4]],[[32776,84877],[10,-8],[-1,5],[-9,3]],[[32624,84886],[-4,7],[-1,-1],[5,-6]],[[32616,84915],[-10,-3],[20,-7],[-10,10]],[[32761,84926],[2,-23],[9,0],[-11,23]],[[32658,84920],[-3,-1],[8,-6],[-5,7]],[[32735,84917],[3,1],[-4,2],[1,-3]],[[32676,84912],[16,13],[-7,19],[-11,-17],[2,-15]],[[32762,84939],[-3,2],[-1,-1],[4,-1]],[[32654,84942],[-10,4],[0,-5],[10,1]],[[32697,84949],[-8,3],[1,-2],[7,-1]],[[32624,84962],[-16,5],[10,-21],[6,16]],[[32684,85001],[-17,16],[-4,-6],[21,-10]],[[32687,85003],[2,-1],[6,8],[-8,-7]],[[32637,85010],[-2,6],[-10,-11],[12,5]],[[32709,85033],[-2,-2],[8,-2],[-6,4]],[[32608,85033],[8,-4],[3,4],[-11,0]],[[32693,85040],[-5,-12],[27,15],[-22,-3]],[[32750,85029],[5,20],[-15,-4],[10,-16]],[[32734,85045],[6,10],[-11,3],[5,-13]],[[32833,83868],[-11,-9],[12,-4],[-1,13]],[[32867,83866],[0,-1],[2,1],[-2,0]],[[32813,83867],[1,-1],[2,3],[-3,-2]],[[32879,83876],[0,-1],[1,-4],[-1,5]],[[32870,83872],[2,2],[-2,2],[0,-4]],[[32848,83880],[15,-7],[-6,15],[-9,-8]],[[32835,83890],[-10,-3],[12,-7],[-2,10]],[[32798,83894],[-4,-2],[4,-5],[0,7]],[[32873,83900],[11,-12],[15,9],[-26,3]],[[32805,83899],[10,-7],[11,3],[-9,0],[-12,4]],[[32862,83906],[1,-8],[3,0],[-4,8]],[[32825,83916],[-2,-15],[16,10],[-14,5]],[[32811,83910],[-1,5],[-1,-1],[2,-4]],[[32822,83918],[2,0],[-1,7],[-1,-7]],[[32792,83944],[-4,-5],[11,-10],[-7,15]],[[32805,84004],[-12,-23],[11,-21],[0,15],[22,-6],[-21,35]],[[32803,84015],[46,-69],[-1,41],[-45,28]],[[32853,84006],[4,4],[-4,4],[0,-8]],[[32846,84028],[-4,-1],[6,-8],[-2,9]],[[32855,84022],[5,4],[-2,1],[-3,-5]],[[32962,84060],[1,1],[-1,2],[0,-3]],[[32985,84107],[-5,-11],[4,5],[1,6]],[[32985,84120],[-21,2],[-9,-21],[9,13],[21,6]],[[33005,84118],[3,14],[-3,-1],[0,-13]],[[32971,84146],[-1,3],[0,-1],[1,-2]],[[32985,84159],[1,1],[-2,0],[1,-1]],[[32996,84246],[-26,-31],[36,2],[-10,29]],[[32964,84257],[-6,6],[-2,-3],[8,-3]],[[32995,84254],[2,12],[-2,0],[0,-12]],[[32977,84265],[3,0],[-2,7],[-1,-7]],[[32966,84273],[-1,8],[-2,-1],[3,-7]],[[32944,84284],[4,5],[-2,0],[-2,-5]],[[32952,84307],[26,-25],[7,12],[-33,13]],[[32943,84315],[-10,-3],[9,-13],[1,16]],[[33003,84324],[-23,-6],[18,-1],[5,7]],[[33019,84345],[-20,10],[-5,-20],[6,-4],[19,14]],[[32930,84374],[36,-26],[-37,-9],[30,-18],[26,16],[-10,36],[-45,1]],[[33002,84380],[1,-2],[1,1],[-2,1]],[[32989,84399],[-2,-14],[-23,11],[24,-28],[3,17],[36,-9],[2,13],[-40,10]],[[32957,84387],[0,1],[-2,-2],[2,1]],[[32920,84391],[-3,-3],[4,1],[-1,2]],[[32956,84398],[1,-3],[1,1],[-2,2]],[[32920,84401],[-2,-4],[5,2],[-3,2]],[[32912,84402],[0,1],[-3,-1],[3,0]],[[32916,84404],[3,1],[-1,2],[-2,-3]],[[33019,84424],[-20,-5],[14,-18],[8,1],[-2,22]],[[32987,84416],[-5,-1],[1,-1],[4,2]],[[32953,84426],[-2,1],[1,-2],[1,1]],[[32960,84426],[0,3],[-3,-1],[3,-2]],[[32971,84423],[11,11],[-4,-1],[-7,-10]],[[32995,84436],[3,7],[-2,0],[-1,-7]],[[32897,84454],[-6,0],[1,-3],[5,3]],[[32998,84461],[0,-3],[8,11],[-8,-8]],[[32938,84517],[16,-24],[-17,-29],[-57,3],[37,-17],[0,-31],[77,32],[-35,-5],[3,28],[25,-7],[-49,50]],[[32941,84481],[-1,4],[-15,-5],[16,1]],[[32891,84475],[2,9],[-3,0],[1,-9]],[[32911,84487],[-3,-6],[11,-4],[-8,10]],[[32925,84506],[-32,-12],[9,-22],[10,-2],[-10,7],[23,29]],[[32923,84493],[-2,-5],[9,8],[-7,-3]],[[32883,84524],[-31,-27],[14,-14],[20,1],[-3,40]],[[32901,84513],[-5,-1],[1,-2],[4,3]],[[32834,84529],[11,-26],[6,7],[-17,19]],[[32922,84532],[-18,-9],[27,-9],[-9,18]],[[32890,84548],[-24,-5],[20,-16],[4,21]],[[32938,84536],[2,4],[-8,10],[6,-14]],[[32871,84557],[-1,-4],[7,-4],[-6,8]],[[32912,84570],[2,-1],[-2,4],[0,-3]],[[32921,84567],[7,5],[-5,4],[-2,-9]],[[32927,84578],[-1,1],[-1,-1],[2,0]],[[32974,84578],[4,1],[-2,2],[-2,-3]],[[32813,84590],[1,3],[-3,0],[2,-3]],[[33004,84594],[6,-2],[-1,6],[-5,-4]],[[32982,84604],[2,3],[-5,1],[3,-4]],[[32830,84623],[-22,-10],[17,-25],[19,24],[-20,-1],[6,12]],[[32975,84628],[-2,2],[2,-2]],[[32996,84633],[9,3],[-6,8],[-3,-11]],[[32848,84641],[-10,4],[0,-11],[10,7]],[[32871,84638],[6,1],[-2,4],[-4,-5]],[[32899,84647],[49,-14],[-20,19],[-29,-5]],[[32858,84644],[2,0],[0,3],[-2,-3]],[[32937,84659],[-2,6],[-6,0],[8,-6]],[[32867,84662],[-4,4],[-1,-1],[5,-3]],[[32810,84683],[-32,11],[-22,-24],[44,12],[24,-45],[19,19],[-33,27]],[[32802,84671],[-4,3],[-3,-5],[7,2]],[[32866,84672],[0,3],[-2,0],[2,-3]],[[32869,84677],[1,0],[0,1],[-1,-1]],[[32854,84688],[-2,2],[-2,-2],[4,0]],[[32873,84692],[10,0],[-1,4],[-9,-4]],[[32861,84704],[0,1],[-2,0],[2,-1]],[[32947,84722],[2,12],[-5,-2],[3,-10]],[[32978,84726],[-11,19],[-18,-26],[29,7]],[[32975,84744],[5,-22],[18,5],[-23,17]],[[32939,84735],[2,0],[0,5],[-2,-5]],[[32887,84747],[-3,-4],[14,-2],[-11,6]],[[32958,84745],[1,-1],[2,1],[-3,0]],[[32952,84754],[-4,-5],[7,-3],[-3,8]],[[32948,84761],[4,-2],[1,5],[-5,-3]],[[32998,84756],[-3,16],[-8,-5],[11,-11]],[[32925,84772],[-7,4],[-4,-4],[11,0]],[[32982,84774],[-5,0],[9,-3],[-4,3]],[[33007,84776],[0,-2],[4,3],[-4,-1]],[[32922,84782],[-2,-1],[3,-1],[-1,2]],[[32944,84784],[-1,7],[-6,-6],[7,-1]],[[32921,84792],[1,-1],[1,1],[-2,0]],[[32997,84811],[-6,-1],[0,-7],[6,8]],[[32952,84823],[-9,-8],[4,-3],[5,11]],[[32877,84818],[-14,27],[8,-42],[50,11],[-18,11],[-26,-7]],[[32919,84824],[2,1],[-4,3],[2,-4]],[[32836,84819],[-7,22],[-3,-2],[10,-20]],[[32953,84850],[-10,1],[9,-11],[1,10]],[[32910,84844],[2,4],[-2,0],[0,-4]],[[32976,84858],[0,-1],[4,0],[-4,1]],[[32946,84876],[-25,2],[-12,-27],[24,3],[13,22]],[[32892,84868],[-5,-1],[1,-3],[4,4]],[[32979,84862],[7,2],[-1,7],[-6,-9]],[[32831,84869],[14,15],[-14,1],[0,-16]],[[32984,84893],[2,-4],[3,7],[-5,-3]],[[32849,84891],[1,1],[-4,2],[3,-3]],[[32820,84909],[5,-4],[1,4],[-6,0]],[[32819,84927],[45,-18],[-21,12],[-24,6]],[[32869,84941],[-1,0],[5,-3],[-4,3]],[[32808,84946],[-2,-3],[11,-6],[-9,9]],[[32871,84944],[2,2],[0,1],[-2,-3]],[[32817,84953],[-5,4],[-2,-4],[7,0]],[[32830,84961],[2,7],[-15,-6],[13,-1]],[[32866,84973],[11,4],[-2,2],[-9,-6]],[[32882,84971],[6,8],[-5,4],[-1,-12]],[[32931,84981],[4,7],[-11,5],[7,-12]],[[32846,85004],[7,6],[-6,4],[-1,-10]],[[32921,85028],[12,16],[-4,0],[-8,-16]],[[33017,83874],[-2,-1],[2,-3],[0,4]],[[33112,83886],[4,-2],[0,1],[-4,1]],[[33129,83900],[0,3],[-2,1],[2,-4]],[[33096,83913],[-2,-1],[3,-1],[-1,2]],[[33115,83926],[-5,11],[-4,-10],[9,-1]],[[33017,83942],[-1,4],[1,-4]],[[33021,83972],[2,2],[-4,0],[2,-2]],[[33077,83980],[-3,2],[0,-3],[3,1]],[[33074,83984],[1,0],[1,4],[-2,-4]],[[33110,84018],[-16,1],[2,-2],[14,1]],[[33063,84087],[13,25],[-27,-15],[-20,9],[15,-9],[-16,-9],[35,-1]],[[33123,84106],[1,-3],[7,2],[-8,1]],[[33059,84107],[-8,6],[-2,-3],[10,-3]],[[33146,84121],[7,2],[-7,-2]],[[33071,84168],[2,-4],[5,7],[-7,-3]],[[33096,84173],[5,-1],[4,6],[-9,-5]],[[33170,84224],[3,14],[-2,-1],[-1,-13]],[[33032,84232],[6,0],[0,7],[-6,-7]],[[33050,84240],[-1,9],[-5,-2],[6,-7]],[[33037,84246],[2,2],[-7,2],[5,-4]],[[33031,84260],[0,-1],[2,0],[-2,1]],[[33016,84270],[0,-2],[2,0],[-2,2]],[[33056,84279],[-17,-11],[7,-3],[10,14]],[[33052,84313],[14,-32],[19,27],[-33,5]],[[33116,84305],[3,2],[-4,2],[1,-4]],[[33293,84347],[-2,-3],[4,0],[-2,3]],[[33247,84354],[1,3],[-6,0],[5,-3]],[[33294,84365],[0,-1],[1,0],[-1,1]],[[33285,84362],[5,5],[-3,1],[-2,-6]],[[33258,84367],[-1,1],[-1,-2],[2,1]],[[33018,84366],[1,6],[-9,-2],[8,-4]],[[33238,84367],[-12,11],[8,-17],[4,6]],[[33035,84371],[1,-4],[9,9],[-10,-5]],[[33142,84375],[-5,-1],[1,-1],[4,2]],[[33273,84374],[-9,5],[-1,-3],[10,-2]],[[33243,84387],[4,1],[-2,5],[-2,-6]],[[33037,84402],[-4,5],[-9,-6],[13,1]],[[33250,84409],[-18,-3],[4,-9],[14,12]],[[33104,84408],[0,3],[-1,0],[1,-3]],[[33287,84411],[6,1],[-2,5],[-4,-6]],[[33038,84414],[3,-1],[2,13],[-5,-12]],[[33063,84443],[-17,-8],[2,-9],[15,17]],[[33205,84440],[0,-3],[5,0],[-5,3]],[[33226,84446],[8,-3],[0,2],[-8,1]],[[33066,84446],[1,1],[-1,2],[0,-3]],[[33040,84445],[1,0],[1,5],[-2,-5]],[[33197,84447],[4,-4],[3,5],[-7,-1]],[[33126,84452],[-1,-1],[1,-1],[0,2]],[[33141,84457],[11,-7],[1,4],[-12,3]],[[33295,84473],[-22,-3],[10,-6],[12,9]],[[33197,84509],[0,-20],[-19,6],[71,-42],[5,14],[-57,42]],[[33109,84484],[-5,0],[3,-5],[2,5]],[[33093,84489],[-3,-4],[3,-2],[0,6]],[[33080,84495],[-11,-3],[15,-6],[-4,9]],[[33240,84493],[-2,0],[1,-2],[1,2]],[[33258,84498],[-2,0],[-2,-6],[4,6]],[[33236,84495],[2,1],[-3,2],[1,-3]],[[33113,84510],[-16,-9],[32,1],[-16,8]],[[33254,84511],[2,-6],[4,3],[-6,3]],[[33236,84524],[-6,-4],[9,-8],[-3,12]],[[33212,84525],[3,-12],[3,2],[-6,10]],[[33088,84523],[-1,4],[-11,-8],[12,4]],[[32989,84580],[-13,-9],[7,-42],[23,-12],[13,18],[0,-32],[19,10],[-18,7],[11,14],[18,-31],[19,-6],[5,19],[-17,-9],[-10,16],[8,21],[-45,4],[13,10],[-25,1],[-6,10],[-2,11]],[[33076,84581],[-1,-1],[3,-3],[-2,4]],[[33062,84589],[6,-4],[-8,11],[2,-7]],[[33024,84598],[0,-1],[8,3],[-8,-2]],[[33084,84596],[11,5],[-2,4],[-9,-9]],[[33235,84612],[-2,5],[-4,-1],[6,-4]],[[33083,84617],[1,-1],[1,4],[-2,-3]],[[33036,84624],[-4,-3],[4,-6],[0,9]],[[33274,84662],[10,-62],[28,20],[-38,42]],[[33247,84623],[-9,25],[-17,-19],[26,-6]],[[33209,84638],[-3,-2],[14,-4],[-11,6]],[[33012,84639],[-1,-1],[2,-1],[-1,2]],[[33133,84647],[18,-10],[2,7],[-20,3]],[[33220,84674],[-8,-12],[5,-26],[12,10],[-9,28]],[[33266,84680],[-38,-7],[29,2],[-19,-19],[22,-25],[8,18],[-2,31]],[[33171,84665],[-14,-1],[7,-12],[7,13]],[[33058,84663],[0,7],[-8,-5],[8,-2]],[[33138,84673],[-4,6],[-22,-12],[26,6]],[[33304,84687],[-12,-5],[4,-7],[8,12]],[[33042,84703],[-21,-3],[8,-13],[13,16]],[[33065,84720],[-23,-14],[19,7],[6,-31],[23,-2],[-18,15],[-7,25]],[[33102,84697],[-12,18],[-2,-5],[14,-13]],[[33073,84702],[6,0],[-1,9],[-5,-9]],[[33114,84773],[-18,-22],[-18,19],[-34,-36],[24,8],[54,-38],[-5,-15],[69,-1],[6,-45],[16,17],[-10,18],[41,4],[3,16],[-73,31],[-13,28],[-36,-3],[-6,19]],[[33293,84710],[-4,5],[-4,-2],[8,-3]],[[33262,84743],[-14,-32],[23,-22],[9,11],[-24,7],[4,9],[28,-12],[-26,39]],[[33248,84720],[1,0],[-1,2],[0,-2]],[[33235,84731],[-1,-5],[10,0],[-9,5]],[[33043,84726],[-3,11],[-3,-4],[6,-7]],[[33013,84739],[-1,-2],[3,-1],[-2,3]],[[33210,84730],[-12,9],[-6,33],[-10,-37],[28,-5]],[[33024,84751],[-4,14],[1,-18],[3,4]],[[33214,84773],[5,-31],[18,1],[-23,30]],[[33036,84756],[4,4],[-3,6],[-1,-10]],[[33052,84760],[1,1],[-4,2],[3,-3]],[[33053,84765],[-2,12],[-6,-7],[8,-5]],[[33133,84770],[6,2],[-2,0],[-4,-2]],[[33041,84776],[6,-1],[-1,2],[-5,-1]],[[33078,84778],[-2,5],[-12,-6],[14,1]],[[33160,84797],[-20,-24],[34,-9],[-14,33]],[[33182,84780],[4,-2],[3,3],[-7,-1]],[[33022,84788],[1,2],[-7,3],[6,-5]],[[33139,84787],[1,4],[-3,1],[2,-5]],[[33088,84793],[16,-1],[0,3],[-16,-2]],[[33089,84797],[2,0],[-2,1],[0,-1]],[[33087,84800],[-9,-3],[2,-1],[7,4]],[[33104,84811],[1,-2],[-1,2]],[[33078,84812],[-3,0],[1,-1],[2,1]],[[33070,84912],[1,-2],[6,3],[-7,-1]],[[33036,85003],[-12,-4],[11,-4],[1,8]],[[33012,85005],[1,-4],[4,0],[-5,4]],[[33024,85005],[1,1],[-1,1],[0,-2]],[[33075,85012],[10,2],[-5,6],[-5,-8]],[[33204,85065],[-5,-3],[1,-1],[4,4]],[[33190,85066],[-3,-1],[4,-3],[-1,4]],[[33183,85062],[-17,8],[0,-6],[17,-2]],[[33185,85078],[3,-4],[3,2],[-6,2]],[[33179,85087],[-2,0],[0,-2],[2,2]],[[33189,85093],[-5,0],[3,-4],[2,4]],[[33139,85146],[4,0],[0,2],[-4,-2]],[[33148,85154],[4,1],[-1,1],[-3,-2]],[[33247,85155],[-3,2],[0,-1],[3,-1]],[[33272,85163],[7,5],[-6,4],[-1,-9]],[[33249,85180],[-9,-16],[24,-2],[-15,18]],[[33281,85177],[7,10],[-5,0],[-2,-10]],[[33271,85204],[-1,-3],[6,1],[-5,2]],[[33225,85256],[-27,-34],[-8,-63],[46,16],[19,40],[31,10],[-14,11],[13,21],[-60,-1]],[[33289,85271],[-1,-6],[6,-1],[-5,7]],[[33462,84226],[2,-2],[1,1],[-3,1]],[[33459,84257],[5,2],[-3,3],[-2,-5]],[[33412,84271],[0,4],[-2,0],[2,-4]],[[33464,84286],[4,2],[-3,1],[-1,-3]],[[33529,84338],[0,-2],[1,0],[-1,2]],[[33424,84337],[4,-2],[0,4],[-4,-2]],[[33535,84349],[6,5],[-3,4],[-3,-9]],[[33331,84355],[0,2],[-1,0],[1,-2]],[[33352,84372],[-6,1],[10,-12],[-4,11]],[[33561,84372],[-5,-6],[1,0],[4,6]],[[33322,84376],[0,3],[-13,-10],[13,7]],[[33373,84384],[-13,-5],[18,-3],[-5,8]],[[33541,84382],[3,-7],[4,7],[-7,0]],[[33320,84380],[0,3],[-13,0],[13,-3]],[[33517,84401],[-12,-9],[27,1],[-15,8]],[[33544,84405],[-1,-5],[7,-1],[-6,6]],[[33337,84418],[-7,5],[-5,-7],[12,2]],[[33298,84452],[-11,-6],[30,-12],[-19,18]],[[33499,84441],[5,4],[-5,2],[0,-6]],[[33464,84446],[-5,2],[1,-3],[4,1]],[[33544,84458],[-5,-14],[14,-1],[-9,15]],[[33523,84449],[9,0],[-3,7],[-6,-7]],[[33461,84455],[7,4],[-17,-1],[10,-3]],[[33510,84455],[5,6],[-2,1],[-3,-7]],[[33540,84476],[1,-14],[31,6],[-32,8]],[[33496,84478],[0,2],[-2,0],[2,-2]],[[33530,84480],[-1,2],[-6,-3],[7,1]],[[33526,84495],[-15,-11],[3,-2],[12,13]],[[33537,84488],[7,-1],[5,4],[-12,-3]],[[33451,84508],[-2,0],[3,-3],[-1,3]],[[33459,84509],[-3,0],[0,-2],[3,2]],[[33459,84514],[1,-1],[1,1],[-2,0]],[[33503,84513],[-2,3],[-2,-2],[4,-1]],[[33459,84519],[1,-1],[1,5],[-2,-4]],[[33506,84558],[-23,5],[-4,-25],[-35,5],[48,-31],[14,7],[-19,19],[35,1],[-2,21],[-15,-6],[2,-12],[-19,10],[18,6]],[[33567,84568],[1,-1],[1,1],[-2,0]],[[33470,84599],[-10,-1],[10,-9],[0,10]],[[33493,84598],[-1,-1],[3,-1],[-2,2]],[[33490,84602],[-10,-3],[5,-2],[5,5]],[[33502,84607],[7,7],[-4,2],[-3,-9]],[[33316,84605],[16,3],[-9,13],[-7,-16]],[[33340,84617],[1,-3],[5,1],[-6,2]],[[33567,84623],[-11,-10],[3,-1],[8,11]],[[33362,84622],[2,1],[-2,2],[0,-3]],[[33472,84635],[-10,-2],[-3,-12],[13,3],[0,11]],[[33305,84658],[24,-33],[36,4],[-24,21],[-36,8]],[[33371,84653],[-3,-16],[15,-3],[-12,19]],[[33557,84668],[-24,-1],[12,-41],[17,15],[-5,27]],[[33473,84643],[4,1],[-8,11],[4,-12]],[[33412,84673],[11,-25],[24,4],[-19,2],[-16,19]],[[33521,84672],[4,-22],[5,1],[-9,21]],[[33452,84657],[5,1],[-5,9],[0,-10]],[[33433,84663],[0,-1],[2,0],[-2,1]],[[33337,84675],[4,-23],[19,16],[-23,7]],[[33433,84666],[1,0],[-1,3],[0,-3]],[[33307,84670],[-2,-1],[2,-4],[0,5]],[[33455,84668],[0,2],[-3,1],[3,-3]],[[33509,84668],[6,0],[-7,6],[1,-6]],[[33519,84673],[2,0],[-2,3],[0,-3]],[[33323,84679],[-2,-5],[3,-2],[-1,7]],[[33541,84677],[7,-2],[0,1],[-7,1]],[[33357,84681],[8,-12],[1,5],[-9,7]],[[33313,84680],[-8,-6],[6,0],[2,6]],[[33519,84679],[0,-1],[2,0],[-2,1]],[[33433,84682],[0,-4],[2,-1],[-2,5]],[[33415,84703],[-25,-24],[14,-15],[18,27],[-7,12]],[[33537,84691],[30,-16],[-3,12],[-27,4]],[[33384,84687],[4,0],[0,4],[-4,-4]],[[33487,84700],[-4,1],[1,-5],[3,4]],[[33521,84702],[1,-2],[2,0],[-3,2]],[[33486,84709],[-1,-2],[6,-5],[-5,7]],[[33355,84719],[42,-23],[4,4],[-46,19]],[[33314,84709],[12,-2],[0,2],[-12,0]],[[33425,84720],[3,1],[-3,2],[0,-3]],[[33518,84728],[3,-3],[3,1],[-6,2]],[[33465,84734],[-6,-7],[5,-7],[1,14]],[[33428,84728],[2,0],[-3,4],[1,-4]],[[33486,84760],[-9,0],[7,-12],[2,12]],[[33378,84752],[3,0],[-2,9],[-1,-9]],[[33549,84938],[-11,-12],[33,-7],[-22,19]],[[33380,85154],[6,-4],[-6,10],[0,-6]],[[33298,85158],[2,-2],[1,1],[-3,1]],[[33498,85157],[2,0],[-3,5],[1,-5]],[[33544,85161],[5,1],[-3,2],[-2,-3]],[[33328,85163],[0,1],[-2,1],[2,-2]],[[33566,85164],[-10,9],[-34,-8],[5,-9],[13,10],[26,-2]],[[33459,85173],[-6,-4],[12,-4],[-6,8]],[[33433,85177],[-3,0],[-1,-8],[4,8]],[[33420,85170],[2,0],[0,4],[-2,-4]],[[33311,85174],[0,-2],[3,2],[-3,0]],[[33387,85174],[-10,9],[-6,-9],[16,0]],[[33462,85177],[2,0],[0,3],[-2,-3]],[[33488,85191],[-30,-1],[11,-6],[19,7]],[[33374,85189],[5,-1],[1,2],[-6,-1]],[[33436,85189],[1,-2],[-1,10],[0,-8]],[[33400,85188],[4,13],[-17,-1],[13,-12]],[[33355,85199],[3,-6],[2,2],[-5,4]],[[33377,85201],[7,0],[-2,2],[-5,-2]],[[33366,85201],[6,0],[-3,8],[-3,-8]],[[33399,85233],[-2,-1],[1,-5],[1,6]],[[33324,85257],[-7,-2],[1,-3],[6,5]],[[33424,85256],[1,-3],[3,1],[-4,2]],[[33370,85267],[-3,9],[-26,-22],[29,13]],[[33320,85268],[4,-1],[0,1],[-4,0]],[[33387,85265],[-8,14],[-9,-7],[17,-7]],[[33320,85275],[3,1],[0,2],[-3,-3]],[[33338,85282],[-3,3],[-10,-8],[13,5]],[[33369,85277],[2,3],[-3,1],[1,-4]],[[33431,85283],[-14,9],[-2,-8],[16,-1]],[[33356,85312],[-40,-21],[43,-6],[-21,10],[33,3],[-15,14]],[[33427,85300],[-1,2],[-6,-1],[7,-1]],[[33397,85302],[-1,0],[0,-2],[1,2]],[[33549,85303],[2,-1],[0,3],[-2,-2]],[[33371,85307],[0,-5],[6,5],[-6,0]],[[33408,85312],[0,-3],[8,-6],[-8,9]],[[33565,85310],[1,1],[-1,0],[0,-1]],[[33368,85321],[17,-5],[0,2],[-17,3]],[[33562,85325],[-9,-1],[1,-1],[8,2]],[[33462,85348],[-4,-1],[11,-5],[-7,6]],[[33387,85346],[9,2],[-5,3],[-4,-5]],[[33361,85349],[4,-1],[-2,11],[-2,-10]],[[33376,85362],[-2,4],[-2,-3],[4,-1]],[[33461,85383],[22,-27],[44,-2],[-66,29]],[[33531,85389],[-3,0],[3,-3],[0,3]],[[33342,85384],[5,2],[-1,5],[-4,-7]],[[33363,85389],[3,3],[-3,2],[0,-5]],[[33503,85402],[1,-10],[11,-9],[-12,19]],[[33497,85408],[2,1],[0,1],[-2,-2]],[[33516,85409],[4,3],[-2,2],[-2,-5]],[[33529,85413],[0,1],[-9,2],[9,-3]],[[33604,84281],[2,1],[-1,1],[-1,-2]],[[33607,84335],[-4,0],[1,-1],[3,1]],[[33602,84333],[-4,8],[1,-4],[3,-4]],[[33615,84345],[-4,0],[2,-5],[2,5]],[[33636,84355],[0,-1],[1,-1],[-1,2]],[[33639,84352],[13,23],[-11,-5],[-2,-18]],[[33620,84368],[-4,-5],[4,0],[0,5]],[[33570,84377],[15,-11],[-1,10],[-14,1]],[[33642,84379],[-5,0],[-1,-4],[6,4]],[[33627,84377],[2,3],[-5,-1],[3,-2]],[[33638,84411],[-18,-6],[11,-17],[7,23]],[[33669,84395],[7,16],[-6,-2],[-1,-14]],[[33782,84415],[-7,-1],[6,-6],[1,7]],[[33641,84416],[-1,-5],[4,1],[-3,4]],[[33610,84414],[2,-1],[1,2],[-3,-1]],[[33686,84427],[-2,-23],[3,0],[-1,23]],[[33681,84417],[0,1],[0,-1]],[[33632,84419],[0,3],[-1,0],[1,-3]],[[33662,84418],[1,-1],[0,8],[-1,-7]],[[33601,84427],[-2,-2],[10,-7],[-8,9]],[[33647,84425],[-4,0],[0,-2],[4,2]],[[33737,84446],[-4,0],[11,-7],[-7,7]],[[33732,84447],[0,1],[-1,0],[1,-1]],[[33753,84451],[1,0],[-1,0]],[[33748,84451],[4,1],[-1,2],[-3,-3]],[[33568,84454],[3,0],[0,1],[-3,-1]],[[33756,84463],[1,-1],[1,3],[-2,-2]],[[33691,84473],[-8,-4],[16,-6],[-8,10]],[[33739,84478],[4,5],[-11,-4],[7,-1]],[[33719,84483],[0,-2],[1,0],[-1,2]],[[33600,84495],[0,-2],[5,6],[-5,-4]],[[33773,84520],[-2,0],[2,0]],[[33687,84573],[22,-26],[-18,-44],[-3,27],[-77,-14],[-9,-32],[71,38],[-35,-26],[21,-22],[-23,-3],[4,17],[-31,-21],[15,-10],[47,11],[7,20],[32,-13],[-19,15],[17,15],[23,-22],[25,21],[-15,2],[50,24],[-29,12],[-16,-20],[-31,-12],[-6,18],[16,26],[-16,23],[-22,-4]],[[33716,84523],[2,1],[-1,1],[-1,-2]],[[33734,84530],[-5,2],[-4,-12],[9,10]],[[33715,84530],[-2,-1],[2,-2],[0,3]],[[33729,84538],[0,-1],[0,1]],[[33655,84555],[8,16],[-46,-44],[72,16],[-18,4],[5,16],[-21,-8]],[[33600,84556],[-3,-3],[7,-7],[-4,10]],[[33571,84548],[5,1],[-6,5],[1,-6]],[[33610,84557],[0,-2],[1,0],[-1,2]],[[33764,84572],[-19,-7],[-11,-15],[17,15],[13,7]],[[33640,84566],[-2,-3],[1,0],[1,3]],[[33587,84561],[24,4],[4,-14],[13,27],[-41,-17]],[[33726,84583],[-5,-18],[7,0],[-2,18]],[[33641,84585],[-3,-17],[12,6],[-9,11]],[[33603,84584],[1,-1],[1,3],[-2,-2]],[[33742,84596],[-4,-12],[7,-3],[-3,15]],[[33635,84588],[1,0],[0,2],[-1,-2]],[[33729,84609],[-35,-25],[9,-8],[26,33]],[[33741,84596],[6,3],[-4,5],[-2,-8]],[[33613,84610],[-12,-9],[12,-10],[0,19]],[[33632,84597],[3,12],[-4,0],[1,-12]],[[33788,84611],[-17,-5],[0,-9],[17,14]],[[33587,84609],[-4,-5],[8,0],[-4,5]],[[33680,84628],[0,-2],[2,0],[-2,2]],[[33694,84633],[-2,-3],[4,-4],[-2,7]],[[33704,84632],[0,2],[-2,-1],[2,-1]],[[33591,84660],[16,-15],[-33,-21],[12,-13],[57,4],[6,17],[-58,28]],[[33706,84636],[1,1],[-1,0],[0,-1]],[[33722,84658],[-53,-10],[9,-15],[44,25]],[[33680,84655],[2,2],[-1,1],[-1,-3]],[[33589,84657],[-1,2],[-3,0],[4,-2]],[[33594,84664],[5,-4],[0,5],[-5,-1]],[[33589,84668],[-1,-1],[0,-2],[1,3]],[[33679,84679],[-19,-18],[10,-8],[9,26]],[[33695,84662],[6,4],[-4,6],[-2,-10]],[[33613,84661],[5,11],[-11,-1],[6,-10]],[[33567,84680],[30,-8],[5,4],[-6,3],[-29,1]],[[33653,84685],[-3,-2],[8,-5],[-5,7]],[[33597,84684],[0,-1],[1,0],[-1,1]],[[33654,84709],[-7,-6],[15,-19],[-8,25]],[[33741,84704],[1,-4],[8,7],[-9,-3]],[[33596,84712],[1,-4],[4,0],[-5,4]],[[33733,84712],[1,-4],[7,2],[-8,2]],[[33566,84713],[8,1],[-1,2],[-7,-3]],[[33605,84718],[-3,-2],[2,-1],[1,3]],[[33688,84730],[-19,-1],[31,-18],[-12,19]],[[33761,84722],[0,1],[-1,-1],[1,0]],[[33584,84723],[-6,0],[2,-3],[4,3]],[[33776,84734],[-16,-2],[9,0],[7,2]],[[33737,84744],[6,2],[-3,1],[-3,-3]],[[33726,84746],[1,1],[-1,1],[0,-2]],[[33736,84878],[1,1],[-2,0],[1,-1]],[[33723,84888],[32,-13],[-12,16],[-20,-3]],[[33730,84882],[3,0],[0,1],[-3,-1]],[[33713,84896],[-3,-1],[9,-6],[-6,7]],[[33729,84893],[-1,-1],[1,0],[0,1]],[[33724,84897],[1,0],[-3,0],[2,0]],[[33578,84915],[3,-1],[0,2],[-3,-1]],[[33575,84920],[4,-2],[-2,3],[-2,-1]],[[33783,84928],[-10,2],[3,-10],[7,8]],[[33693,85036],[-3,-1],[10,-8],[-7,9]],[[33709,85115],[18,-37],[31,-6],[-49,43]],[[33627,85110],[17,-23],[25,-4],[-42,27]],[[33674,85103],[1,-5],[2,0],[-3,5]],[[33643,85107],[-2,0],[0,-4],[2,4]],[[33674,85103],[-1,5],[0,-4],[1,-1]],[[33750,85105],[2,0],[-7,5],[5,-5]],[[33642,85108],[2,0],[0,1],[-2,-1]],[[33740,85130],[19,-21],[-5,-10],[46,-5],[-19,28],[-41,8]],[[33632,85120],[-4,-2],[4,-2],[0,4]],[[33740,85117],[2,0],[0,2],[-2,-2]],[[33587,85137],[-2,16],[-12,-7],[14,-9]],[[33592,85152],[7,-2],[-3,4],[-4,-2]],[[33645,85156],[-11,4],[2,-10],[9,6]],[[33611,85152],[8,13],[-13,0],[5,-13]],[[33627,85162],[3,-1],[0,2],[-3,-1]],[[33672,85164],[0,-3],[2,0],[-2,3]],[[33576,85177],[4,-2],[2,2],[-6,0]],[[33717,85208],[-24,-9],[36,-4],[-11,5],[-1,8]],[[33730,85201],[16,-2],[12,16],[-9,2],[-19,-16]],[[33769,85206],[6,-4],[0,14],[-6,-10]],[[33602,85265],[1,1],[-2,0],[1,-1]],[[33570,85278],[-2,-2],[6,-11],[-4,13]],[[33716,85304],[3,-3],[2,5],[-5,-2]],[[33607,85307],[-9,-2],[3,-1],[6,3]],[[33620,85318],[3,1],[-9,4],[6,-5]],[[33697,85343],[-1,-34],[39,16],[-38,18]],[[33646,85321],[-15,18],[-3,-4],[18,-14]],[[33695,85332],[-12,-3],[3,0],[9,3]],[[33673,85334],[-1,-2],[4,-2],[-3,4]],[[33787,85339],[-17,8],[-27,-9],[7,-7],[37,8]],[[33591,85356],[-2,-22],[34,-6],[-4,30],[-28,-2]],[[33638,85351],[3,-2],[4,6],[-7,-4]],[[33677,85372],[-5,16],[-31,-9],[43,-22],[-27,19],[20,-4]],[[33694,85411],[36,-54],[66,36],[-37,10],[4,-14],[-31,-7],[-38,29]],[[33772,85408],[0,1],[-6,2],[6,-3]],[[34047,84175],[14,1],[-2,5],[-1,0],[-11,-6]],[[34050,84180],[11,3],[-5,10],[-6,-13]],[[34058,84219],[0,-7],[8,0],[-8,7]],[[34103,84224],[0,-1],[7,6],[-7,-5]],[[34098,84226],[-1,2],[1,-2]],[[34085,84241],[2,2],[-1,1],[-1,-3]],[[34041,84319],[-15,8],[-6,-4],[10,-18],[11,14]],[[34059,84336],[2,-2],[1,4],[-3,-2]],[[34024,84341],[5,1],[-3,3],[-2,-4]],[[34013,84346],[-1,-2],[3,-1],[-2,3]],[[34015,84362],[2,2],[-2,0],[0,-2]],[[34027,84432],[-8,-3],[7,-5],[1,8]],[[33894,84434],[-1,-1],[2,-1],[-1,2]],[[34009,84435],[-1,-3],[4,3],[-3,0]],[[33876,84450],[9,-26],[8,3],[-4,24],[-13,-1]],[[33867,84441],[1,0],[-1,0]],[[33869,84443],[0,-1],[2,0],[-2,1]],[[34045,84457],[1,0],[-4,4],[3,-4]],[[34030,84461],[1,-1],[2,1],[-3,0]],[[33993,84461],[3,-4],[8,2],[-11,2]],[[33888,84467],[-15,1],[1,-2],[14,1]],[[33822,84479],[-2,2],[0,-1],[2,-1]],[[34017,84482],[1,-1],[1,0],[-2,1]],[[33858,84493],[-21,-20],[3,-2],[18,22]],[[33829,84483],[0,0]],[[33823,84489],[-2,-2],[2,-2],[0,4]],[[34006,84492],[1,4],[-3,-1],[2,-3]],[[33869,84494],[-2,6],[-2,-2],[4,-4]],[[34002,84500],[0,-1],[1,0],[-1,1]],[[34002,84501],[1,0],[0,1],[-1,-1]],[[33816,84504],[1,1],[0,2],[-1,-3]],[[33834,84514],[-17,-6],[11,-7],[6,13]],[[34018,84516],[-15,-8],[3,-5],[12,13]],[[33877,84515],[1,7],[-6,1],[5,-8]],[[33783,84518],[3,0],[0,2],[-3,-2]],[[33794,84526],[0,-1],[2,1],[-2,0]],[[33964,84534],[-15,-5],[18,-8],[-3,13]],[[33796,84544],[-1,-6],[4,3],[-3,3]],[[33851,84542],[1,0],[1,2],[-2,-2]],[[33804,84549],[-5,-4],[5,0],[0,4]],[[34116,84565],[-23,24],[5,-53],[18,29]],[[33776,84585],[-3,-8],[3,-2],[0,10]],[[33900,84581],[-4,3],[4,-3]],[[33886,84582],[6,-2],[-1,9],[-5,-7]],[[34033,84610],[2,1],[-1,8],[-3,-2],[2,-7]],[[33839,84617],[1,-1],[-1,1]],[[34128,84621],[1,2],[-1,0],[0,-2]],[[33859,84631],[5,-6],[-1,6],[-4,0]],[[33830,84644],[-10,15],[-11,-24],[32,-17],[-26,18],[15,8]],[[33907,84644],[-2,-4],[4,0],[-2,4]],[[33953,84660],[-17,-13],[17,-8],[0,21]],[[33876,84652],[-1,2],[-3,-2],[4,0]],[[33919,84654],[-2,0],[-1,-3],[3,3]],[[33929,84659],[-6,-1],[0,-2],[6,3]],[[33873,84660],[-13,5],[-8,-9],[7,-1],[14,5]],[[33890,84677],[-20,-7],[11,-6],[9,13]],[[33842,84680],[-8,-3],[9,-15],[-1,18]],[[33930,84675],[-2,0],[3,-5],[-1,5]],[[33850,84676],[-2,-1],[4,0],[-2,1]],[[33837,84687],[-8,-9],[4,-1],[4,10]],[[33806,84704],[-1,-33],[14,-4],[-13,37]],[[33859,84691],[-1,0],[1,-1],[0,1]],[[33898,84689],[-9,17],[-7,2],[-2,-11],[18,-8]],[[33855,84695],[-5,17],[-18,-15],[6,-6],[17,4]],[[33804,84713],[-10,8],[-16,-23],[26,15]],[[33809,84873],[-55,33],[55,-96],[103,-95],[54,-26],[3,26],[-160,158]],[[34090,84833],[-6,25],[-17,-1],[60,-75],[40,46],[-45,-5],[7,27],[-39,-17]],[[34042,84847],[-7,-2],[15,-17],[-8,19]],[[33995,84838],[4,0],[-3,7],[-1,-7]],[[34005,84843],[1,-1],[-1,1]],[[34006,84853],[-4,-1],[14,-6],[-10,7]],[[33904,84937],[-37,1],[10,-11],[-24,-20],[23,-3],[3,-38],[-14,-23],[50,-73],[46,-18],[7,19],[-31,33],[2,60],[-35,73]],[[34121,84855],[4,-1],[0,2],[-4,-1]],[[33999,84864],[-15,0],[3,-6],[12,6]],[[33861,84862],[4,-7],[8,3],[-12,4]],[[34035,84867],[-2,2],[-11,-4],[13,2]],[[34127,84868],[6,8],[-3,0],[-3,-8]],[[33852,84873],[5,2],[-6,6],[1,-8]],[[34023,84875],[-6,10],[-7,-3],[13,-7]],[[34067,84890],[13,-16],[31,1],[-30,8],[-14,7]],[[33936,84913],[37,-42],[16,0],[-14,10],[-39,32]],[[33780,84914],[2,0],[-4,4],[2,-4]],[[33834,84923],[10,-5],[4,3],[-14,2]],[[33808,84920],[0,16],[-4,-7],[4,-9]],[[33794,84935],[-4,1],[2,-2],[2,1]],[[33795,84940],[-2,-2],[2,-1],[0,3]],[[33816,84940],[0,-1],[3,-1],[-3,2]],[[33796,84941],[3,1],[-4,3],[1,-4]],[[33832,84962],[-7,-30],[8,14],[20,-11],[-21,27]],[[33854,84948],[2,-1],[1,2],[-3,-1]],[[33968,84946],[3,0],[-4,6],[1,-6]],[[33845,84950],[0,1],[-2,0],[2,-1]],[[33850,84952],[4,-1],[0,2],[-4,-1]],[[33887,84954],[2,7],[-4,2],[2,-9]],[[33858,84981],[-10,-16],[29,-19],[8,20],[-27,15]],[[33843,84970],[-6,11],[-5,-4],[11,-7]],[[33908,85024],[-28,-25],[70,0],[21,-11],[-23,-7],[79,-9],[47,-29],[64,6],[-42,43],[-188,32]],[[33781,85093],[-3,-5],[11,4],[-8,1]],[[34112,85120],[10,5],[-5,1],[-5,-6]],[[33852,85155],[-2,-6],[5,1],[-3,5]],[[34040,85160],[-58,-4],[16,-6],[27,0],[15,10]],[[33992,85168],[-3,2],[0,-1],[3,-1]],[[34090,85171],[0,1],[-8,-1],[8,0]],[[33838,85159],[26,17],[-18,8],[-8,-25]],[[34003,85183],[14,-6],[3,5],[-3,2],[-14,-1]],[[33868,85203],[-9,-1],[20,-32],[-11,33]],[[33831,85185],[7,-2],[3,10],[-10,-8]],[[33811,85210],[-15,-12],[21,-12],[-6,24]],[[34030,85211],[-4,-14],[7,0],[-3,14]],[[34048,85206],[3,5],[-5,-2],[2,-3]],[[33821,85219],[7,4],[-3,1],[-4,-5]],[[33914,85219],[2,1],[-3,8],[1,-9]],[[33818,85235],[4,6],[-7,1],[3,-7]],[[33852,85289],[-35,-40],[34,-38],[47,-5],[4,20],[-29,-2],[19,24],[-44,-8],[27,21],[-23,28]],[[33969,85292],[11,12],[0,5],[-19,-5],[8,-12]],[[33881,85311],[-9,0],[8,-8],[1,8]],[[33965,85356],[-30,11],[-25,-13],[34,-13],[21,15]],[[33809,85356],[6,-1],[-1,3],[-5,-2]],[[33868,85359],[6,-6],[1,2],[-7,4]],[[34119,85359],[1,2],[-3,1],[2,-3]],[[34099,85376],[-8,-3],[3,-5],[5,8]],[[33889,85368],[7,5],[-10,6],[3,-11]],[[33894,85382],[6,-5],[1,6],[-7,-1]],[[34089,85387],[-8,1],[4,-9],[4,8]],[[34074,85387],[2,-1],[-1,2],[-1,-1]],[[34114,85397],[-14,-11],[3,-4],[11,15]],[[34083,85416],[-4,-18],[21,-2],[-17,20]],[[34121,85406],[-13,10],[-5,-7],[18,-3]],[[33863,85423],[-23,-15],[54,5],[-31,10]],[[34132,85418],[-7,0],[-1,-6],[8,6]],[[34311,83957],[-2,-20],[13,5],[-11,15]],[[34460,83992],[-33,7],[-42,-36],[-7,-41],[56,16],[26,54]],[[34373,84190],[-16,-5],[12,-20],[4,25]],[[34562,84084],[53,154],[-101,72],[-49,-51],[2,-129],[8,-16],[40,3],[19,-57],[8,29],[20,-5]],[[34154,84410],[-26,11],[-10,71],[-36,60],[-42,29],[-10,-26],[60,-116],[-14,-25],[24,-138],[20,-2],[15,24],[50,-1],[78,-11],[5,-26],[13,28],[51,-74],[36,6],[-35,121],[3,56],[22,27],[-22,6],[-10,-34],[-63,2],[-69,37],[-35,45],[-5,-70]],[[34258,84410],[13,4],[5,39],[-3,0],[-15,-43]],[[34190,84545],[-12,-62],[30,-40],[15,17],[-33,85]],[[34270,84511],[-10,0],[10,-11],[0,11]],[[34395,84540],[-25,-3],[22,-17],[3,20]],[[34169,84598],[0,-1],[5,0],[-5,1]],[[34426,84708],[7,-14],[8,11],[-15,3]],[[34437,84717],[-1,-2],[2,0],[-1,2]],[[34060,84816],[-42,17],[-16,-12],[4,-107],[50,-25],[14,94],[32,-6],[-19,-23],[24,-77],[29,-49],[41,9],[-20,-16],[21,-19],[12,29],[58,-26],[15,24],[22,-20],[69,51],[57,-16],[-11,24],[-103,43],[21,15],[116,-12],[-5,51],[-35,-14],[-19,24],[8,26],[-28,-5],[-8,-22],[30,-42],[-67,76],[-31,-6],[2,-18],[-45,19],[2,-18],[-21,-4],[-53,25],[-41,-43],[-63,53]],[[34487,84730],[1,-2],[1,1],[-2,1]],[[34454,84731],[4,2],[-3,3],[-1,-5]],[[34450,84759],[-8,-15],[12,-5],[-4,20]],[[34442,84770],[6,6],[-17,8],[11,-14]],[[34451,84784],[-4,-4],[9,-8],[-5,12]],[[34409,84776],[10,1],[-6,12],[-4,-13]],[[34400,84793],[3,1],[-8,8],[5,-9]],[[34301,84821],[-6,-2],[0,-3],[6,5]],[[34405,84828],[-6,-18],[16,-1],[-10,19]],[[34191,84823],[-4,11],[-2,-3],[6,-8]],[[34200,84836],[6,-2],[-2,3],[-4,-1]],[[34158,84840],[4,3],[-8,1],[4,-4]],[[34151,84853],[-14,-3],[-7,-18],[10,3],[11,18]],[[34184,84852],[14,-13],[6,5],[-20,8]],[[34169,84859],[-6,-8],[18,2],[-12,6]],[[34271,84872],[-51,-15],[96,-12],[-45,27]],[[34329,84864],[4,0],[-3,5],[-1,-5]],[[34268,84938],[19,23],[-67,-9],[5,-12],[43,-2]],[[34308,84960],[25,12],[-10,-1],[-15,-11]],[[34356,84975],[17,5],[-10,0],[-7,-5]],[[34459,85028],[-22,-4],[8,-13],[14,17]],[[34435,85067],[-5,-1],[0,-4],[5,5]],[[34820,85279],[-27,1],[-102,-70],[-51,-71],[-24,-9],[6,27],[-15,-1],[-11,-29],[15,-3],[-40,-83],[-59,-58],[-253,-69],[-158,-20],[69,-32],[84,10],[118,27],[122,69],[4,-30],[104,44],[11,28],[166,121],[41,148]],[[34373,85066],[4,-1],[2,12],[-6,-11]],[[34452,85087],[-1,9],[-4,-1],[5,-8]],[[34426,85121],[-20,-22],[31,-16],[-11,38]],[[34453,85101],[3,0],[0,5],[-3,-5]],[[34419,85151],[-26,12],[14,-28],[-37,7],[-33,-47],[80,25],[2,31]],[[34143,85129],[2,3],[-1,0],[-1,-3]],[[34353,85201],[27,59],[-46,-34],[4,-16],[-18,10],[-24,-18],[22,29],[-34,-25],[-27,-67],[-16,11],[-88,-41],[-26,5],[-36,-40],[-17,5],[28,17],[-36,-7],[10,31],[-15,7],[-138,-24],[-11,-21],[-10,15],[20,14],[-22,7],[-21,-36],[50,-32],[117,-17],[7,-15],[105,-3],[106,54],[143,166],[-54,-34]],[[34422,85163],[-4,-1],[6,-6],[-2,7]],[[34397,85174],[3,-3],[-3,3]],[[34417,85190],[-4,-14],[18,-4],[-14,18]],[[34393,85182],[9,11],[-8,1],[-1,-12]],[[34148,85182],[12,22],[-6,-1],[-6,-21]],[[34482,85199],[2,1],[0,2],[-2,-3]],[[34206,85205],[3,0],[0,2],[-3,-2]],[[34166,85217],[-5,-4],[3,-1],[2,5]],[[34254,85236],[-1,7],[-4,-4],[5,-3]],[[34281,85245],[2,5],[-4,2],[2,-7]],[[34256,85246],[5,1],[-1,2],[-4,-3]],[[34516,85255],[0,-1],[1,0],[-1,1]],[[34516,85255],[-10,4],[9,-4],[1,0]],[[34130,85254],[4,4],[-3,3],[-1,-7]],[[34254,85251],[23,14],[4,10],[-10,-2],[-17,-22]],[[34515,85277],[2,4],[-4,0],[2,-4]],[[34191,85283],[0,-2],[1,0],[-1,2]],[[34201,85287],[-9,-3],[15,-3],[-6,6]],[[34208,85291],[1,-1],[1,0],[-2,1]],[[34327,85291],[2,-1],[1,1],[-3,0]],[[34263,85294],[-4,0],[1,-2],[3,2]],[[34450,85308],[-4,-2],[4,-10],[0,12]],[[34288,85308],[0,2],[-2,0],[2,-2]],[[34367,85323],[0,-1],[0,1]],[[34297,85334],[16,-16],[18,8],[-5,9],[-29,-1]],[[34488,85344],[-10,-16],[22,-6],[19,11],[-31,11]],[[34501,85343],[4,1],[-1,3],[-3,-4]],[[34517,85350],[-5,-1],[4,-5],[1,6]],[[34369,85358],[-15,5],[-10,-7],[14,-9],[11,11]],[[34508,85355],[3,4],[-5,5],[2,-9]],[[34133,85385],[4,-11],[13,1],[-17,10]],[[34174,85382],[3,1],[-1,1],[-2,-2]],[[34398,85381],[0,12],[-13,-8],[13,-4]],[[34204,85390],[4,2],[-3,5],[-1,-7]],[[34473,85402],[-2,0],[0,-3],[2,3]],[[34196,85405],[-7,-1],[5,-6],[2,7]],[[34170,85407],[-10,-3],[3,-2],[7,5]],[[34216,85408],[-10,-3],[2,-3],[8,6]],[[34475,85403],[3,3],[-3,2],[0,-5]],[[34465,85407],[-7,4],[0,-4],[7,0]],[[34206,85414],[-1,-4],[3,-2],[-2,6]],[[34457,85412],[0,6],[-1,0],[1,-6]],[[34319,85413],[1,1],[-3,4],[2,-5]],[[34494,85420],[-1,-2],[6,-1],[-5,3]],[[34457,85420],[0,1],[0,-1]],[[34480,85429],[-5,-5],[14,-6],[-9,11]],[[34427,85432],[-5,-1],[5,-3],[0,4]],[[34144,85446],[-11,-24],[18,-3],[-7,27]],[[34166,85431],[4,0],[-1,3],[-3,-3]],[[34231,85436],[-1,1],[1,-1]],[[34231,85436],[0,0]],[[34410,85436],[2,2],[-2,1],[0,-3]],[[34231,85436],[-5,5],[1,-7],[4,2]],[[34504,85443],[-4,-2],[1,-4],[3,6]],[[34525,85441],[1,0],[0,1],[-1,-1]],[[34346,85441],[0,10],[-19,-10],[19,0]],[[34223,85442],[3,0],[-5,5],[2,-5]],[[34331,85453],[-12,-3],[9,-4],[3,7]],[[34215,85456],[12,-7],[1,5],[-13,2]],[[34538,85455],[2,9],[-27,-14],[25,5]],[[34484,85453],[2,1],[0,1],[-2,-2]],[[34241,85458],[-1,-1],[4,-3],[-3,4]],[[34402,85455],[0,2],[-3,1],[3,-3]],[[34409,85466],[4,-12],[19,-2],[-9,3],[-14,11]],[[34255,85459],[1,-1],[0,1],[-1,0]],[[34249,85464],[2,-5],[6,1],[-8,4]],[[34494,85464],[1,5],[-3,1],[2,-6]],[[34234,85469],[8,5],[-1,0],[-7,-5]],[[34250,85474],[3,2],[-5,3],[2,-5]],[[34329,85488],[2,2],[-1,0],[-1,-2]],[[34362,85509],[-28,0],[-1,-18],[25,-13],[9,18],[-21,7],[16,6]],[[34516,85495],[4,8],[-4,1],[0,-9]],[[34532,85503],[5,3],[-6,0],[1,-3]],[[34473,85508],[3,0],[-3,4],[0,-4]],[[34368,85518],[-1,-5],[12,-6],[-11,11]],[[34367,85518],[1,5],[-2,0],[1,-5]],[[34496,85542],[-2,-21],[22,5],[-20,16]],[[34524,85553],[-1,8],[-21,-9],[22,1]],[[34542,85598],[0,-1],[1,1],[-1,0]],[[34462,85606],[-2,4],[0,-1],[2,-3]],[[34500,85615],[6,2],[-4,3],[-2,-5]],[[34540,85657],[-31,-19],[11,-6],[20,25]],[[34495,85677],[-7,-2],[10,-14],[-3,16]],[[34539,85717],[-10,-3],[4,-9],[6,12]],[[34263,85694],[25,-19],[27,72],[-10,56],[-27,-19],[-15,-90]],[[34692,84177],[-25,24],[-1,-19],[26,-5]],[[34538,84557],[23,-7],[17,40],[-10,3],[-30,-36]],[[34540,84833],[0,-12],[6,2],[-6,10]],[[34766,84861],[7,18],[-27,13],[-134,-75],[-44,-5],[59,-6],[41,-44],[107,48],[40,40],[-49,11]],[[34592,84838],[0,-9],[15,-3],[-15,12]],[[34777,84877],[13,8],[-5,-1],[-8,-7]],[[34741,84908],[24,-14],[28,8],[-52,6]],[[34770,84922],[-16,-6],[8,-5],[8,11]],[[34792,84920],[-8,-4],[2,-1],[6,5]],[[34655,85002],[5,6],[-2,0],[-3,-6]],[[34668,85013],[33,27],[-19,-8],[-14,-19]],[[34730,85051],[7,8],[-4,1],[-3,-9]],[[34564,85153],[3,0],[-3,6],[0,-6]],[[34700,85265],[-40,-27],[14,-3],[26,30]],[[34695,85270],[-1,4],[-4,-2],[5,-2]],[[34711,85281],[-3,0],[3,-4],[0,4]],[[34720,85295],[2,-13],[4,1],[-6,12]],[[34772,85281],[9,23],[-14,-4],[5,-19]],[[34620,85304],[-2,-2],[2,-1],[0,3]],[[34687,85314],[-20,-9],[7,-10],[13,19]],[[34557,85308],[-1,-2],[1,-2],[0,4]],[[34740,85310],[-3,-2],[3,-4],[0,6]],[[34555,85310],[-2,3],[-2,-2],[4,-1]],[[34586,85323],[-5,-10],[16,3],[-11,7]],[[34702,85331],[-2,-3],[4,-4],[-2,7]],[[34567,85337],[-4,-1],[4,-10],[0,11]],[[34585,85332],[2,1],[-2,-1]],[[34583,85339],[3,-5],[3,4],[-6,1]],[[34606,85336],[5,2],[-2,1],[-3,-3]],[[34741,85357],[-6,-15],[-29,2],[43,-26],[-8,39]],[[34590,85340],[2,1],[-1,1],[-1,-2]],[[34640,85347],[1,0],[1,4],[-2,-4]],[[34571,85360],[-12,-1],[10,-5],[2,6]],[[34615,85354],[2,5],[-3,0],[1,-5]],[[34713,85367],[-8,-9],[30,-4],[-22,13]],[[34557,85382],[-3,-2],[3,-2],[0,4]],[[34548,85383],[-9,10],[-3,-3],[12,-7]],[[34575,85393],[-19,14],[1,-8],[18,-6]],[[34582,85399],[-1,-1],[1,0],[0,1]],[[34787,85427],[-3,8],[-8,-6],[11,-2]],[[34629,85443],[3,12],[-14,-22],[27,-5],[1,6],[-17,9]],[[34646,85439],[0,6],[-5,-1],[5,-5]],[[34618,85448],[-7,-2],[1,-1],[6,3]],[[34663,85459],[-3,-4],[4,-2],[-1,6]],[[34632,85464],[-7,5],[4,-7],[3,2]],[[34677,85469],[1,2],[-1,1],[0,-3]],[[34769,85487],[-2,-1],[8,-1],[-6,2]],[[34579,85503],[0,-2],[3,1],[-3,1]],[[34772,85528],[-24,-5],[32,-31],[-8,36]],[[34738,85536],[-8,-23],[10,-2],[-2,25]],[[34712,85519],[7,5],[-9,7],[2,-12]],[[34589,85525],[1,0],[-1,2],[0,-2]],[[34749,85533],[2,-1],[1,2],[-3,-1]],[[34591,85533],[-2,4],[-3,-2],[5,-2]],[[34617,85530],[13,14],[-19,-8],[6,-6]],[[34741,85541],[2,1],[0,1],[-2,-2]],[[34601,85546],[5,-9],[3,1],[-8,8]],[[34767,85550],[-14,-1],[7,-11],[7,12]],[[34599,85549],[1,4],[-3,0],[2,-4]],[[34585,85553],[3,0],[0,2],[-3,-2]],[[34777,85570],[-5,-10],[7,-4],[-2,14]],[[34577,85567],[0,3],[-1,-1],[1,-2]],[[34576,85572],[1,-1],[-1,1]],[[34722,85570],[5,7],[-6,5],[1,-12]],[[34773,85616],[-13,19],[-15,-7],[8,-14],[12,8],[-8,-24],[-18,2],[-4,-30],[-46,-32],[28,-4],[9,17],[10,-16],[37,81]],[[34544,85589],[17,1],[-1,1],[-16,-2]],[[34635,85591],[1,0],[1,0],[-2,0]],[[34637,85595],[-2,-1],[2,-2],[0,3]],[[34645,85602],[10,-21],[7,12],[-17,9]],[[34558,85594],[2,-1],[0,2],[-2,-1]],[[34543,85597],[0,-2],[1,0],[-1,2]],[[34663,85602],[-1,-1],[3,-2],[-2,3]],[[34627,85599],[3,10],[-5,0],[2,-10]],[[34573,85609],[0,2],[-12,-5],[12,3]],[[34744,85607],[2,1],[-1,1],[-1,-2]],[[34657,85611],[-1,4],[-3,-5],[4,1]],[[34789,85618],[2,0],[-2,3],[0,-3]],[[34672,85617],[5,11],[-19,-11],[14,0]],[[34591,85627],[4,3],[-2,-1],[-2,-2]],[[34681,85639],[4,2],[-7,-2],[3,0]],[[34783,85635],[0,11],[-5,0],[5,-11]],[[34613,85641],[4,4],[-5,1],[1,-5]],[[34574,85635],[17,28],[-8,-4],[-9,-24]],[[34620,85680],[-11,-27],[46,16],[-35,11]],[[34682,85669],[7,2],[-4,4],[-3,-6]],[[34697,85673],[-6,0],[2,-2],[4,2]],[[34702,85670],[6,14],[-5,-5],[-1,-9]],[[34695,85681],[-5,4],[-9,-4],[14,0]],[[34659,85686],[-4,-6],[8,1],[-4,5]],[[34641,85684],[4,-2],[-2,5],[-2,-3]],[[34688,85688],[2,6],[-3,0],[1,-6]],[[34582,85704],[3,5],[-6,0],[3,-5]],[[34602,85727],[0,7],[-7,-3],[7,-4]],[[34544,85731],[3,-1],[0,3],[-3,-2]],[[34545,85736],[2,0],[0,2],[-2,-2]],[[34611,85748],[0,-4],[3,1],[-3,3]],[[34751,85766],[-24,-37],[40,17],[-16,20]],[[34589,85748],[11,5],[-2,4],[-9,-9]],[[34705,85761],[-1,-18],[4,10],[-3,8]],[[34627,85762],[-14,-6],[16,-12],[-2,18]],[[34675,85757],[0,-1],[3,0],[-3,1]],[[34587,85766],[-16,-4],[4,-9],[12,13]],[[34728,85760],[4,3],[-2,2],[-2,-5]],[[34735,85764],[-2,-1],[5,0],[-3,1]],[[34646,85773],[-12,-2],[4,-7],[8,9]],[[34570,85773],[-1,-1],[2,-1],[-1,2]],[[34718,85774],[-2,-3],[2,1],[0,2]],[[34764,85773],[2,2],[-2,0],[0,-2]],[[34769,85773],[2,5],[-2,0],[0,-5]],[[34739,85779],[2,0],[-2,5],[0,-5]],[[34758,85770],[11,26],[-10,-3],[-1,-23]],[[34615,85785],[8,9],[-5,1],[-3,-10]],[[34742,85793],[-2,-4],[4,-2],[-2,6]],[[34672,85799],[-2,-1],[3,-2],[-1,3]],[[34745,85804],[-6,-1],[2,-5],[4,6]],[[34717,85816],[-47,-26],[5,-3],[42,29]],[[34665,85813],[-16,-3],[2,-5],[14,8]],[[34686,85824],[5,9],[-7,0],[2,-9]],[[34768,85858],[2,-13],[25,7],[-27,6]],[[34767,85858],[7,30],[-41,-28],[34,-2]],[[34708,85883],[1,1],[-2,2],[1,-3]],[[34655,87120],[-3,-9],[9,4],[-6,5]],[[34699,87140],[-23,-12],[-4,-19],[32,13],[-5,18]],[[34721,87140],[-10,3],[-5,-19],[15,16]],[[34633,87142],[-7,-1],[-5,-7],[12,8]],[[34652,87163],[101,14],[-7,4],[-30,-3],[-47,1],[-16,3],[-1,-19]],[[34709,87185],[-72,15],[1,-19],[5,12],[1,-7],[-4,-5],[10,11],[59,-7]],[[34635,87215],[5,-8],[5,3],[-10,5]],[[34629,87222],[-3,7],[-5,-3],[8,-4]],[[34847,83809],[-61,-25],[-14,-29],[48,-10],[34,15],[72,70],[13,61],[-80,-52],[-12,-30]],[[34988,84062],[-45,-42],[52,-29],[46,36],[37,84],[-21,3],[-11,-36],[-58,-16]],[[34999,84257],[7,1],[-13,11],[6,-12]],[[34852,84652],[12,-19],[7,8],[-19,11]],[[34913,84643],[-29,63],[-31,-4],[21,-19],[39,-40]],[[34909,84839],[-23,4],[43,-48],[-20,44]],[[34973,84906],[-7,2],[-2,-4],[9,2]],[[34963,85332],[-36,-19],[-16,-54],[-26,-4],[7,-24],[-16,2],[-28,-40],[-8,-53],[-90,-81],[45,6],[150,124],[57,84],[-39,59]],[[35487,85691],[-27,49],[1,-86],[-99,-137],[-20,72],[25,129],[-76,-69],[-15,-39],[-28,-3],[-56,-137],[-17,8],[-9,-16],[29,106],[-21,-5],[-104,-126],[-19,-55],[-3,17],[-18,-4],[9,-41],[-64,22],[34,-67],[32,36],[31,-4],[-23,-44],[4,-92],[-23,37],[-78,-110],[-16,7],[-46,-43],[-206,-110],[14,-21],[-47,-3],[-12,-19],[-37,10],[-10,-32],[-88,-45],[-71,-7],[1,-46],[28,-2],[-30,-18],[78,16],[19,41],[49,21],[241,78],[32,2],[29,-25],[-84,-38],[74,-5],[99,51],[7,-20],[13,12],[13,-14],[15,36],[42,-16],[109,42],[15,-23],[-2,31],[18,-15],[27,10],[46,58],[-9,40],[34,18],[69,175],[-36,4],[7,37],[9,-26],[32,10],[16,46],[-32,31],[55,-23],[5,19],[39,2],[-28,20],[31,44],[-25,-8],[-36,54],[23,16],[-19,10],[15,3],[-4,66],[12,22],[33,0],[-6,33],[30,53]],[[34899,85290],[-7,-7],[11,-3],[-4,10]],[[35005,85302],[0,-2],[5,5],[-5,-3]],[[34790,85302],[1,0],[1,9],[-2,-9]],[[34911,85348],[-12,-15],[15,-1],[-3,16]],[[34934,85371],[8,-35],[-19,-14],[31,14],[-20,35]],[[34918,85354],[-1,2],[-1,-1],[2,-1]],[[34907,85440],[-4,-2],[0,-1],[4,3]],[[34855,85446],[0,-1],[2,0],[-2,1]],[[34825,85535],[-5,-3],[5,-9],[0,12]],[[34953,85530],[0,2],[-6,-6],[6,4]],[[34800,85541],[-9,-13],[13,-6],[-4,19]],[[34961,85535],[0,-1],[3,1],[-3,0]],[[34955,85538],[2,1],[-5,5],[3,-6]],[[34979,85559],[-4,-2],[-2,-13],[6,15]],[[34844,85565],[-2,-16],[-22,5],[20,-25],[20,27],[-16,9]],[[34790,85555],[0,-1],[2,0],[-2,1]],[[34796,85560],[1,7],[-3,0],[2,-7]],[[34983,85565],[12,17],[-11,-2],[-1,-15]],[[34964,85585],[-4,-11],[4,-1],[0,12]],[[34869,85587],[-15,10],[10,-14],[5,4]],[[34807,85585],[0,-3],[6,0],[-6,3]],[[34979,85593],[1,-1],[4,5],[-5,-4]],[[34830,85600],[-11,3],[-4,-11],[15,8]],[[34810,85625],[-33,-29],[19,-24],[9,8],[5,45]],[[35027,85606],[-12,-5],[6,-4],[6,9]],[[35116,85600],[4,0],[0,6],[-4,-6]],[[34937,85611],[3,-1],[0,2],[-3,-1]],[[35018,85609],[2,2],[-4,4],[2,-6]],[[34963,85614],[5,5],[-7,7],[2,-12]],[[34866,85637],[-11,-24],[21,-8],[-10,32]],[[35080,85621],[0,4],[-4,-1],[4,-3]],[[35043,85617],[-2,14],[-5,0],[7,-14]],[[35091,85627],[2,0],[-3,2],[1,-2]],[[34828,85650],[-9,-23],[15,-17],[-2,24],[-4,16]],[[34963,85631],[1,-4],[5,2],[-6,2]],[[35087,85634],[0,-2],[1,0],[-1,2]],[[35034,85657],[26,-27],[12,11],[-38,16]],[[35012,85654],[-1,-13],[5,-2],[-4,15]],[[35075,85662],[-8,-2],[6,-9],[2,11]],[[35007,85658],[5,11],[-3,0],[-2,-11]],[[35087,85667],[6,-1],[0,3],[-6,-2]],[[35072,85688],[-12,-11],[16,-6],[-4,17]],[[35138,85687],[-18,-1],[10,-9],[8,10]],[[35148,85685],[-7,-1],[3,-3],[4,4]],[[35098,85688],[1,0],[-1,2],[0,-2]],[[35133,85705],[-31,-2],[2,-33],[21,30],[21,-7],[-13,12]],[[35160,85692],[0,6],[-13,-9],[13,3]],[[35167,85697],[1,2],[-4,1],[3,-3]],[[35058,85708],[-21,0],[-1,-11],[17,-10],[5,21]],[[35046,85711],[-1,0],[-1,-2],[2,2]],[[35176,85715],[0,-2],[11,5],[-11,-3]],[[35192,85726],[-2,-17],[5,-1],[-3,18]],[[35109,85729],[-29,-12],[12,-10],[17,22]],[[35197,85729],[5,0],[-1,5],[-4,-5]],[[35004,85737],[9,5],[-3,0],[-6,-5]],[[34880,85776],[4,1],[-2,1],[-2,-2]],[[34924,85794],[-11,-12],[13,-5],[-2,17]],[[35070,85790],[-3,-1],[2,-5],[1,6]],[[34863,85794],[-13,-2],[4,-3],[9,5]],[[34920,85794],[2,0],[-1,3],[-1,-3]],[[35094,85798],[-1,-2],[3,-1],[-2,3]],[[34935,85799],[2,0],[-1,2],[-1,-2]],[[34911,85802],[-1,-3],[1,0],[0,3]],[[35083,85814],[-8,-11],[29,-1],[-21,12]],[[34931,85801],[-9,15],[-4,-5],[13,-10]],[[35079,85810],[-1,6],[-11,-3],[12,-3]],[[34856,85806],[4,2],[-5,7],[-1,-2],[2,-7]],[[34878,85810],[-1,11],[-14,-12],[15,1]],[[34905,85834],[-19,-9],[10,-3],[9,12]],[[34929,85823],[1,11],[-4,-2],[3,-9]],[[35152,85839],[-25,-16],[29,-4],[-4,20]],[[35181,85835],[-1,5],[-4,0],[5,-5]],[[34807,85838],[1,3],[-1,-1],[0,-2]],[[35227,85873],[-64,-4],[10,-8],[33,4],[13,-25],[8,33]],[[35077,85860],[-29,5],[-6,-17],[18,0],[17,12]],[[34959,85864],[4,4],[-7,0],[3,-4]],[[34963,85880],[0,-9],[11,2],[-11,7]],[[35179,85881],[0,1],[-4,0],[4,-1]],[[34984,85887],[2,6],[-3,-1],[1,-5]],[[34843,85898],[0,4],[-5,-2],[5,-2]],[[35102,85902],[43,-28],[24,21],[52,-7],[-4,33],[-115,-19]],[[34817,85910],[-13,6],[-8,-15],[4,-4],[17,13]],[[34855,85911],[1,3],[-2,0],[1,-3]],[[34852,85916],[-4,0],[2,-2],[2,2]],[[34825,85919],[2,2],[-1,2],[-1,-4]],[[34833,85938],[-6,0],[1,-9],[5,9]],[[35028,85934],[0,1],[-4,-2],[4,1]],[[35124,85943],[-10,-4],[1,-1],[9,5]],[[35033,85941],[2,2],[-3,1],[1,-3]],[[34841,85950],[5,6],[-4,1],[-1,-7]],[[35003,85957],[-4,7],[-8,-11],[12,4]],[[35023,85964],[-1,2],[0,-3],[1,1]],[[35187,85967],[-4,-3],[2,-1],[2,4]],[[35204,85969],[8,-2],[-3,1],[-5,1]],[[35014,85967],[4,4],[-10,-3],[6,-1]],[[35182,85974],[-3,-1],[0,-1],[3,2]],[[35065,85978],[-22,3],[-2,-10],[10,-2],[14,9]],[[35033,85983],[-8,-13],[2,-1],[6,14]],[[34911,85978],[-1,0],[1,-2],[0,2]],[[34907,85981],[-5,-1],[1,-2],[4,3]],[[35199,85983],[-3,-2],[2,-1],[1,3]],[[35095,86011],[-34,-1],[-2,-25],[17,-1],[19,27]],[[35079,86028],[-2,-1],[1,-2],[1,3]],[[35117,86032],[1,-8],[24,7],[-25,1]],[[35072,86034],[-3,0],[1,-2],[2,2]],[[35016,86044],[0,-2],[3,1],[-3,1]],[[35122,86055],[-6,-5],[2,-1],[4,6]],[[35145,86094],[-6,-4],[8,-9],[-2,13]],[[35096,87152],[11,-6],[0,1],[-11,5]],[[35104,87154],[2,-5],[3,2],[-5,3]],[[35097,87154],[0,4],[-5,-1],[5,-3]],[[35046,87187],[-8,3],[1,-4],[7,1]],[[35174,87171],[-2,28],[-32,2],[13,-17],[21,-13]],[[34841,87190],[3,-4],[3,2],[-6,2]],[[34852,87191],[3,0],[2,2],[-5,-2]],[[35043,87198],[8,-2],[1,2],[-9,0]],[[35065,87228],[-2,-1],[2,-2],[0,3]],[[34990,87255],[-15,9],[4,-6],[11,-3]],[[35065,87274],[-1,14],[-2,0],[3,-14]],[[35046,87288],[3,-6],[10,4],[-13,2]],[[35516,85256],[-23,22],[-36,-32],[-95,-121],[-33,-102],[-80,-74],[-158,-49],[-22,-34],[-59,3],[-37,-36],[156,5],[22,-17],[64,62],[-14,-88],[-116,-18],[-98,14],[-27,-18],[6,-35],[90,-43],[-9,-58],[-41,-20],[11,-65],[-67,-107],[-18,-49],[14,-17],[-30,-16],[15,-24],[60,26],[80,158],[6,89],[79,98],[88,47],[41,119],[123,114],[114,75],[-21,20],[10,32],[-32,-1],[-14,20],[9,67],[42,53]],[[35571,85367],[-2,21],[-16,-17],[18,-4]],[[35493,85512],[5,0],[-1,4],[-4,-4]],[[35464,85535],[-14,-5],[3,-6],[11,11]],[[35513,85543],[1,3],[-1,0],[0,-3]],[[35459,85550],[0,5],[-3,0],[3,-5]],[[35374,85562],[-4,4],[-2,-2],[6,-2]],[[35374,85601],[-3,-11],[10,-4],[-7,15]],[[35237,85607],[-3,-1],[1,-3],[2,4]],[[35244,85614],[1,-2],[3,2],[-4,0]],[[35410,85620],[3,5],[-1,1],[-2,-6]],[[35394,85672],[-4,-34],[-17,12],[-1,-47],[45,39],[-23,30]],[[35218,85664],[-19,-2],[13,-17],[6,19]],[[35492,85646],[29,43],[-25,49],[1,-36],[-21,-51],[16,-5]],[[35529,85697],[-5,-8],[9,-4],[-4,12]],[[35248,85691],[-1,4],[-9,-2],[10,-2]],[[35428,85732],[-14,-24],[-20,10],[2,-36],[28,-23],[-3,33],[7,40]],[[35543,85711],[3,-15],[7,16],[-10,-1]],[[35419,85734],[-3,3],[-1,-2],[4,-1]],[[35378,85755],[-2,2],[-2,0],[4,-2]],[[35498,85754],[-1,5],[-3,-2],[4,-3]],[[35985,86228],[-286,-324],[-28,-187],[56,3],[-14,-57],[-16,30],[-42,-72],[-18,23],[-31,-48],[-10,-68],[-45,-69],[16,-34],[30,11],[6,-22],[17,3],[-26,-43],[-24,-13],[-25,1],[-5,-78],[88,58],[54,138],[20,125],[61,52],[11,104],[57,70],[154,397]],[[35301,85757],[-11,28],[-6,-28],[-20,2],[15,-17],[22,15]],[[35469,85771],[5,-14],[5,2],[-10,12]],[[35540,85778],[-4,-4],[6,-8],[-2,12]],[[35646,85773],[2,0],[-2,3],[0,-3]],[[35509,85773],[12,-1],[0,4],[-12,-3]],[[35310,85785],[-5,-5],[3,-3],[2,8]],[[35381,85825],[-14,-27],[11,-8],[3,35]],[[35294,85910],[2,-10],[13,-3],[-17,-37],[-55,-40],[11,-10],[-58,-6],[-14,-25],[-67,-26],[27,-32],[-19,-8],[55,-4],[-12,36],[22,-3],[-15,-11],[37,7],[-1,12],[-33,21],[5,6],[62,-32],[49,62],[55,-18],[-31,35],[28,-11],[31,39],[-31,15],[20,1],[-5,15],[-39,-23],[29,37],[-49,13]],[[35523,85821],[2,4],[-2,0],[0,-4]],[[35650,85826],[6,1],[-3,3],[-3,-4]],[[35404,85844],[-11,-17],[17,-15],[5,6],[-11,26]],[[35390,85828],[-1,4],[-2,-1],[3,-3]],[[35499,85889],[-62,-67],[50,-15],[-13,-18],[-34,2],[49,-22],[23,33],[-21,19],[8,68]],[[35441,85845],[-4,4],[-4,-16],[8,12]],[[35576,85858],[-5,15],[-6,-11],[11,-4]],[[35587,85855],[32,-9],[-6,26],[-26,-17]],[[35371,85867],[-6,-6],[6,-1],[0,7]],[[35433,85882],[4,-12],[12,1],[-16,11]],[[35587,85886],[2,-3],[1,1],[-3,2]],[[35245,85889],[-11,3],[-1,-12],[12,9]],[[35280,85892],[-3,-2],[3,-1],[0,3]],[[35459,85893],[-4,-2],[4,-2],[0,4]],[[35504,85893],[5,1],[0,2],[-5,-3]],[[35508,85899],[-1,-2],[4,2],[-3,0]],[[35599,85896],[-6,17],[-2,-6],[8,-11]],[[35278,85913],[-7,-6],[14,-9],[-7,15]],[[35231,85942],[-2,-7],[4,-1],[-2,8]],[[35643,85950],[-4,3],[0,-1],[4,-2]],[[35285,85953],[-3,-2],[1,-1],[2,3]],[[35625,85976],[-30,-24],[14,-23],[14,8],[2,39]],[[35294,85950],[7,11],[-7,-2],[0,-9]],[[35246,85976],[2,0],[0,4],[-2,-4]],[[35638,86009],[-9,-28],[14,1],[-5,27]],[[35233,85989],[-7,15],[-14,-8],[21,-7]],[[35678,86024],[-17,-9],[2,-38],[10,3],[5,44]],[[35305,86016],[-11,-15],[17,-19],[-12,23],[6,11]],[[35334,85999],[2,0],[0,2],[-2,-2]],[[35307,86002],[-3,-2],[4,0],[-1,2]],[[35326,86004],[-1,-1],[4,0],[-3,1]],[[35309,86014],[3,-3],[7,8],[-10,-5]],[[35651,86191],[18,38],[-36,-41],[-96,-45],[-49,14],[15,30],[-54,-25],[-29,-91],[-41,-6],[-2,-26],[-24,5],[3,-29],[37,19],[-23,-21],[12,-8],[-41,5],[-6,-33],[-22,18],[10,-52],[-34,3],[32,-18],[10,5],[8,-10],[30,8],[-14,-20],[21,-51],[48,21],[0,17],[90,11],[19,44],[-13,26],[-83,15],[-13,-12],[-18,18],[104,-1],[52,-33],[25,10],[-9,32],[19,2],[48,100],[-34,-16],[1,-17],[-8,10],[8,23],[47,18],[-8,63]],[[35673,86052],[1,6],[-3,-1],[2,-5]],[[35705,86079],[-24,1],[-11,-53],[10,0],[25,52]],[[35379,86100],[0,-1],[4,2],[-4,-1]],[[35354,86106],[3,-1],[1,5],[-4,-4]],[[35368,86134],[2,-18],[12,-9],[-5,8],[-9,19]],[[35384,86133],[0,1],[-3,-5],[3,4]],[[35419,86135],[-6,1],[0,-7],[6,6]],[[35784,86148],[-19,-2],[-1,-17],[13,2],[7,17]],[[35256,86147],[-10,-8],[8,-2],[2,10]],[[35875,86153],[-9,-4],[5,-6],[4,10]],[[35400,86175],[-10,-20],[14,1],[-4,19]],[[35445,86160],[6,8],[-3,4],[-3,-12]],[[35288,86169],[1,-2],[1,1],[2,-4],[5,3],[-9,2]],[[35897,86181],[4,13],[-7,-3],[3,-10]],[[35905,86195],[-5,-3],[1,-3],[0,3],[4,3]],[[35798,86199],[29,-15],[11,14],[-40,1]],[[35847,86227],[-17,-12],[7,-11],[15,10],[-5,13]],[[35835,86240],[-19,-13],[8,-13],[13,14],[-2,12]],[[35853,86239],[3,-12],[6,7],[-9,5]],[[35847,86240],[-4,0],[1,-3],[3,3]],[[35667,86290],[-22,25],[-47,-36],[-39,26],[-67,-60],[-2,-34],[55,-26],[122,105]],[[35732,86274],[-30,-20],[13,2],[17,18]],[[35713,86414],[-56,-41],[1,-47],[20,10],[35,78]],[[35779,86879],[-34,1],[-13,-21],[-89,-31],[83,12],[53,39]],[[35900,86871],[-36,-24],[16,1],[20,23]],[[35688,86860],[-6,7],[6,-7]],[[35719,86864],[0,2],[-2,0],[2,-2]],[[35709,86865],[1,1],[-1,0],[0,-1]],[[35714,86878],[5,3],[-5,3],[0,-6]],[[35896,86891],[-6,1],[2,-1],[4,0]],[[35776,86899],[-9,-6],[2,-2],[7,8]],[[35698,86900],[3,1],[-3,1],[0,-2]],[[35716,86900],[4,0],[-6,19],[2,-19]],[[35700,86911],[-4,-1],[1,-1],[3,2]],[[35984,87043],[8,-16],[-19,-11],[-63,1],[13,-26],[-46,5],[1,-23],[-56,-2],[-1,-16],[-72,-21],[-26,-29],[143,38],[-58,-30],[37,-16],[-7,-15],[44,6],[-11,18],[15,13],[166,97],[-150,-51],[159,81],[-77,-3]],[[35427,87008],[-11,10],[-52,4],[41,-17],[22,3]],[[35610,87025],[-21,11],[-7,2],[6,-8],[22,-5]],[[35636,87039],[2,3],[-4,2],[2,-5]],[[35495,87046],[1,3],[-2,1],[1,-4]],[[35342,87060],[5,8],[-11,5],[6,-13]],[[35571,87151],[-123,-31],[-80,-35],[-12,-27],[17,5],[8,-26],[41,-15],[24,21],[-19,32],[30,-33],[60,35],[-5,-22],[-18,-10],[3,-11],[-38,-13],[55,-14],[40,48],[3,-15],[74,2],[-13,19],[21,18],[4,-1],[-3,-20],[66,-2],[-135,95]],[[35320,87200],[-11,-29],[-36,-9],[42,-88],[69,30],[-35,21],[50,-8],[-18,27],[26,-21],[70,32],[-15,12],[49,5],[-31,0],[-7,19],[-26,-21],[-127,30]],[[35873,87183],[1,-17],[38,8],[-39,9]],[[35657,87190],[3,-2],[4,6],[-7,-4]],[[35272,87197],[-80,10],[35,-23],[45,13]],[[35657,87205],[-34,28],[-20,-5],[5,-27],[49,4]],[[35719,87223],[7,1],[-1,6],[-6,-7]],[[35877,87231],[-10,-4],[8,0],[2,4]],[[35802,87230],[0,-1],[4,-2],[-4,3]],[[35831,87233],[-10,-2],[8,-4],[2,6]],[[35734,87236],[-8,-5],[6,-1],[2,6]],[[35866,87241],[-16,-4],[8,-3],[8,7]],[[35694,87284],[0,-32],[35,-17],[-23,38],[-12,11]],[[35466,87259],[-13,20],[0,-3],[13,-17]],[[35901,87295],[0,-3],[3,0],[-3,3]],[[35569,87338],[0,-7],[9,13],[-9,-6]],[[35564,87364],[2,-21],[13,9],[-15,12]],[[35796,87374],[2,-3],[7,8],[-9,-5]],[[35788,87377],[7,-1],[-1,7],[-6,-6]],[[35855,87389],[-6,7],[-5,-3],[11,-4]],[[35913,87436],[-21,8],[0,-28],[21,20]],[[35885,87438],[-2,-2],[6,-4],[-4,6]],[[35294,87450],[-3,-1],[0,-6],[3,7]],[[35899,87465],[-13,17],[6,-29],[7,12]],[[35909,87490],[-21,1],[13,-24],[8,23]],[[36990,85330],[4,-23],[46,1],[-29,12],[-21,10]],[[37025,85337],[-4,-1],[2,-3],[2,4]],[[37159,85391],[-23,-39],[-21,-1],[12,-23],[31,13],[1,50]],[[36759,85612],[-55,-24],[-63,-85],[46,-43],[-25,-46],[45,-5],[97,-56],[43,-77],[-22,4],[8,-27],[-78,-38],[7,43],[-17,-23],[2,-50],[-60,-65],[59,26],[21,52],[66,-1],[24,35],[38,8],[-12,22],[78,30],[-30,30],[7,44],[-33,-14],[11,12],[-22,30],[-30,-15],[-8,-31],[-21,10],[3,58],[25,39],[38,-10],[31,-44],[33,-2],[-7,-49],[49,49],[-80,41],[-94,114],[-35,-11],[-28,14],[-11,55]],[[37109,85370],[-9,18],[-16,-2],[2,-19],[23,3]],[[37066,85680],[-9,4],[-11,-16],[20,12]],[[37249,85673],[-13,30],[-21,-9],[11,-35],[23,14]],[[36963,85698],[-18,81],[-32,-39],[-53,-3],[-21,-69],[124,30]],[[36801,85782],[-25,-25],[30,-10],[9,12],[-14,23]],[[36925,85922],[-35,-33],[17,-20],[21,15],[-3,38]],[[37228,85919],[0,-7],[4,1],[-4,6]],[[37226,86143],[-32,29],[-26,-16],[-3,-32],[-59,-31],[27,2],[93,48]],[[35907,86198],[5,18],[-8,-13],[3,-5]],[[35915,86208],[1,1],[-2,1],[1,-2]],[[37097,86262],[-20,-6],[31,-10],[-11,16]],[[37103,86267],[-6,-3],[7,-3],[-1,6]],[[37076,86258],[-3,27],[-33,-33],[22,9],[14,-3]],[[37095,86268],[-2,4],[-3,-2],[5,-2]],[[37091,86293],[-3,7],[-4,-1],[7,-6]],[[36060,86281],[16,-4],[38,53],[-37,-15],[-17,-34]],[[37090,86310],[2,-3],[3,1],[-5,2]],[[36316,86768],[-30,6],[-47,-42],[-52,-110],[-30,-98],[13,-53],[-36,-102],[28,-6],[-25,-8],[11,-47],[59,43],[-9,103],[55,137],[15,114],[48,63]],[[35942,86560],[-4,6],[-9,-7],[13,1]],[[35958,86633],[-40,-50],[-26,-72],[9,3],[57,119]],[[36214,86773],[2,12],[-3,-4],[1,-8]],[[36405,86888],[-91,-85],[25,-2],[66,87]],[[35911,86878],[3,6],[-3,-2],[0,-4]],[[36035,86940],[-71,-32],[-1,-19],[43,-4],[29,55]],[[36300,87051],[-34,-5],[-1,-20],[5,-1],[30,26]],[[36291,87064],[0,-2],[10,8],[-10,-6]],[[36327,87081],[-14,-1],[-3,-6],[3,-1],[14,8]],[[36398,87111],[-72,-23],[51,-5],[21,28]],[[36088,87132],[-47,-34],[46,-12],[1,46]],[[36180,87181],[12,-10],[-15,-15],[-11,19],[-28,-31],[-16,11],[-12,-51],[107,51],[18,19],[-55,7]],[[36477,87159],[-23,4],[-10,-20],[11,-5],[22,21]],[[36439,87293],[-117,-38],[-5,-23],[-22,11],[1,-23],[-33,14],[-39,-33],[39,-31],[-141,-90],[217,118],[22,36],[23,6],[-15,-17],[56,27],[20,15],[-30,-7],[24,35]],[[35955,87220],[9,-19],[9,-1],[-18,20]],[[35950,87224],[4,7],[-3,-1],[-1,-6]],[[36872,87268],[-83,-32],[-18,-44],[24,-7],[137,69],[92,-7],[35,15],[-187,6]],[[36099,87302],[-5,-3],[16,-6],[-11,9]],[[35912,87306],[-8,-5],[21,-4],[-13,9]],[[36163,87324],[35,-8],[-5,10],[-30,-2]],[[36150,87348],[-12,-17],[12,-8],[8,8],[-8,17]],[[36007,87366],[-7,5],[-3,-3],[10,-2]],[[37178,87387],[-17,-1],[4,-3],[13,4]],[[37110,87389],[24,-2],[-4,5],[-20,-3]],[[36387,87416],[-4,-3],[10,-4],[-6,7]],[[36919,87433],[-6,-3],[2,-3],[4,6]],[[36352,87451],[0,-7],[5,2],[-5,5]],[[37184,87643],[-130,-46],[-155,-88],[-21,-34],[-40,-12],[36,19],[-29,5],[-112,-41],[-121,-85],[-8,11],[-146,-75],[84,13],[79,50],[46,-16],[-27,-39],[102,25],[77,64],[91,40],[11,0],[10,-9],[16,2],[25,27],[97,30],[9,37],[21,-11],[5,22],[29,31],[23,-8],[47,42],[38,7],[-26,12],[3,20],[-34,7]],[[36347,87480],[14,-6],[-2,8],[-12,-2]],[[36244,87497],[-5,-1],[2,-6],[3,7]],[[36253,87532],[2,-3],[5,0],[-7,3]],[[37119,87544],[3,-13],[8,6],[-11,7]],[[36353,87549],[-2,-15],[12,-1],[-10,16]],[[36268,87543],[-4,3],[1,-2],[3,-1]],[[36269,87559],[-3,0],[6,-10],[-3,10]],[[36644,87554],[0,2],[-2,0],[2,-2]],[[36368,87558],[-4,-3],[3,-2],[1,5]],[[36277,87568],[8,-16],[7,3],[-15,13]],[[36262,87567],[0,-6],[7,4],[-7,2]],[[36268,87571],[0,1],[-1,0],[1,-1]],[[36607,87606],[-16,-11],[6,-27],[8,6],[2,32]],[[36382,87592],[-7,-9],[10,0],[-3,9]],[[36385,87610],[-16,-4],[14,-8],[2,12]],[[36397,87606],[-3,3],[-1,-2],[4,-1]],[[36336,87614],[17,-4],[-3,5],[-14,-1]],[[36318,87620],[6,3],[-1,1],[-5,-4]],[[36612,87622],[-8,8],[-3,-6],[11,-2]],[[36495,87639],[-2,2],[-3,-4],[5,2]],[[36360,87638],[2,2],[-2,0],[0,-2]],[[36417,87645],[-1,2],[-1,-1],[2,-1]],[[36415,87647],[-1,2],[-1,-1],[2,-1]],[[36395,87655],[-8,-2],[10,-2],[-2,4]],[[36421,87653],[-2,7],[-4,-5],[6,-2]],[[36537,87685],[1,-3],[3,0],[-4,3]],[[36797,87729],[-82,-20],[8,-39],[36,-10],[41,4],[18,21],[17,-9],[-1,28],[-37,25]],[[36102,87767],[5,10],[-15,-4],[-10,-33],[7,-6],[13,33]],[[36204,87756],[6,19],[-5,5],[-10,-5],[9,-19]],[[36858,87787],[-5,6],[1,-5],[4,-1]],[[36851,87816],[-5,-21],[23,-1],[0,9],[-18,13]],[[36292,87844],[27,-64],[32,12],[-59,52]],[[36872,87824],[-13,-4],[3,-7],[10,11]],[[36883,87825],[0,2],[-2,1],[2,-3]],[[36876,87827],[-2,1],[2,-3],[0,2]],[[36871,87827],[1,0],[-1,1],[0,-1]],[[36882,87835],[-5,-2],[1,-4],[4,6]],[[36320,87839],[-10,8],[0,-1],[10,-7]],[[36394,87879],[-22,3],[-19,-47],[14,-22],[37,14],[-10,52]],[[36203,87867],[11,1],[-16,7],[5,-8]],[[36252,87869],[11,-5],[-4,8],[-7,-3]],[[36966,87866],[6,5],[-2,10],[-4,-1],[0,-14]],[[36261,87875],[32,-14],[2,67],[-39,-30],[5,-23]],[[36976,87893],[0,-2],[7,4],[-7,-2]],[[36991,87903],[1,4],[-16,-6],[15,2]],[[36601,87944],[-22,-48],[16,-23],[6,71]],[[36449,87925],[11,19],[-47,-6],[17,-1],[19,-12]],[[36614,87945],[3,8],[-3,1],[0,-9]],[[37314,87972],[-10,-3],[6,-4],[4,7]],[[36947,88212],[5,2],[-5,5],[0,-7]],[[36952,88218],[6,4],[-8,4],[2,-8]],[[37088,88310],[-17,-5],[3,-2],[14,7]],[[37082,88453],[-3,0],[8,-12],[-5,12]],[[37093,88460],[-16,10],[16,-21],[0,11]],[[37040,88461],[1,1],[-4,1],[3,-2]],[[37114,88484],[13,-13],[2,13],[-15,0]],[[37239,88536],[-27,37],[-8,-9],[-40,-6],[-16,-23],[8,-79],[19,-2],[-16,-23],[29,-28],[31,11],[1,29],[-29,-6],[33,17],[5,43],[-23,6],[28,1],[-9,38],[14,-6]],[[37112,88493],[0,-3],[3,0],[-3,3]],[[37108,88482],[-5,32],[-25,-15],[6,-4],[24,-13]],[[37043,88503],[-19,7],[-8,-4],[9,-12],[18,9]],[[36975,88525],[-8,-17],[37,-15],[-20,15],[-9,17]],[[37021,88511],[-24,10],[-2,-15],[26,5]],[[37085,88519],[-4,7],[-12,-13],[16,6]],[[36972,88527],[-8,3],[-2,-5],[10,2]],[[37136,88528],[3,2],[-4,0],[1,-2]],[[37286,88538],[0,4],[-7,-2],[7,-2]],[[37025,88580],[-9,-23],[50,-41],[12,11],[-23,37],[-30,16]],[[36811,88551],[11,-12],[23,15],[-8,7],[-26,-10]],[[36853,88555],[6,3],[-7,1],[1,-4]],[[37221,88571],[9,-13],[11,-6],[-1,21],[-19,-2]],[[37203,88585],[3,-7],[4,2],[-7,5]],[[37238,88583],[5,-2],[-3,6],[-2,-4]],[[37224,88604],[2,-2],[2,13],[-4,-11]],[[37234,88613],[1,-2],[4,6],[-5,-4]],[[37228,88618],[2,-5],[1,2],[-3,3]],[[37308,88627],[0,6],[-7,0],[7,-6]],[[37500,85634],[-28,34],[19,39],[-30,31],[-82,-40],[-31,32],[-23,-3],[-28,-75],[-51,-2],[-63,-95],[17,-15],[-68,-43],[10,-38],[31,1],[-51,-22],[-1,-19],[39,-23],[11,-26],[53,-3],[-12,47],[74,56],[27,-12],[-6,49],[54,59],[47,27],[22,-10],[7,33],[63,18]],[[37489,85619],[-2,-3],[15,-5],[-13,8]],[[37333,85748],[1,4],[-13,-8],[12,4]],[[37433,85785],[-15,-8],[14,-5],[1,13]],[[37521,85801],[-2,34],[-13,1],[-15,-46],[30,11]],[[37487,86266],[-18,-4],[16,-16],[5,1],[-3,19]],[[37424,86284],[-12,37],[-16,7],[8,-45],[20,1]],[[37510,86361],[32,-50],[16,30],[-48,20]],[[37386,86364],[-24,-3],[9,-4],[15,7]],[[37505,86441],[-63,-22],[-15,-25],[66,18],[12,29]],[[37537,86478],[-50,-28],[25,12],[-13,-15],[31,-6],[7,37]],[[38543,86632],[-38,28],[-34,-34],[59,-15],[13,21]],[[38459,86707],[8,3],[-2,4],[-6,-7]],[[38477,86715],[12,-18],[15,21],[-27,-3]],[[38224,86982],[-81,-15],[25,-15],[-42,5],[-68,-57],[49,-12],[12,-23],[73,12],[63,-14],[26,71],[-24,3],[-33,45]],[[38399,87862],[39,15],[-286,-1],[-368,-93],[-129,14],[-92,-11],[-27,-21],[-31,15],[-96,-44],[-57,-5],[-79,-49],[81,4],[60,40],[31,-20],[13,22],[20,-24],[114,44],[-5,-17],[57,15],[39,-28],[-12,-29],[-57,8],[-20,-30],[-57,-11],[1,-22],[-147,-57],[24,42],[19,-5],[-16,26],[-52,-81],[27,-31],[220,105],[158,21],[41,-19],[86,33],[39,-3],[5,-20],[49,-15],[72,3],[124,128],[158,81],[42,-11],[12,31]],[[37391,87743],[32,10],[-9,5],[-23,-15]],[[37755,87995],[-6,9],[-7,-4],[13,-5]],[[37797,87999],[2,1],[-2,4],[0,-5]],[[37832,88030],[-16,-8],[18,-14],[-2,22]],[[37768,88022],[4,-3],[0,3],[-4,0]],[[37842,88023],[12,10],[-6,8],[-6,-18]],[[38004,88060],[-51,27],[-12,-35],[-8,-2],[-5,0],[-12,0],[-13,3],[-11,-4],[-6,-21],[20,-5],[-15,-18],[67,-22],[2,22],[11,-22],[15,30],[1,0],[0,-2],[-2,-7],[3,-13],[2,-2],[36,22],[5,35],[-28,-9],[9,13],[-28,-6],[-18,1],[2,3],[36,12]],[[37952,88093],[-103,-30],[20,-5],[-16,-17],[24,-13],[14,21],[6,4],[43,0],[-3,22],[-7,-2],[-10,0],[32,20]],[[37868,88140],[-14,-13],[7,14],[-24,-2],[-23,-97],[23,6],[-3,25],[103,29],[-62,8],[5,0],[6,-1],[10,1],[40,-1],[-68,31]],[[38108,88118],[0,-2],[3,0],[-3,2]],[[38129,88139],[0,2],[-7,2],[7,-4]],[[38079,88135],[4,0],[-2,8],[-2,-8]],[[38178,88146],[1,-1],[7,2],[-8,-1]],[[37922,88150],[1,0],[-6,12],[5,-12]],[[38154,88161],[0,-3],[2,1],[-2,2]],[[38127,88167],[1,-3],[1,1],[-2,2]],[[38121,88166],[1,-2],[3,1],[-4,1]],[[38044,88183],[5,-4],[4,3],[-9,1]],[[37918,88289],[0,5],[-32,-34],[-35,-5],[-4,-66],[30,-21],[-10,28],[14,-26],[24,30],[-1,13],[-17,4],[-3,5],[3,7],[13,2],[1,-1],[-3,-2],[-4,-2],[-6,0],[-3,-6],[27,-9],[-23,-45],[24,-4],[-6,15],[5,19],[4,4],[4,0],[9,-7],[4,9],[0,-3],[-1,-5],[-4,-2],[-13,6],[-5,-18],[17,-32],[7,15],[2,-5],[-2,-6],[-4,-6],[3,-3],[32,13],[-27,-17],[50,-18],[47,6],[-11,33],[-23,-8],[-38,28],[65,-11],[-58,40],[19,4],[-8,12],[-8,6],[-9,-2],[-21,11],[1,1],[3,0],[17,-10],[13,7],[-19,7],[4,13],[-30,14],[-14,17]],[[37985,88223],[2,0],[-1,2],[-1,-2]],[[37983,88227],[3,0],[-1,2],[-2,-2]],[[37977,88229],[4,-2],[-3,4],[-1,-2]],[[37981,88231],[4,0],[-3,6],[-1,-6]],[[37974,88241],[6,0],[-3,1],[-3,-1]],[[38042,88247],[6,-13],[2,-1],[6,8],[-14,6]],[[37991,88247],[1,-1],[1,5],[-2,-4]],[[38044,88250],[4,-2],[-2,4],[-2,-2]],[[37966,88269],[2,-22],[19,-5],[-21,27]],[[37989,88255],[1,0],[-1,11],[0,-11]],[[38140,88261],[2,-6],[7,22],[-9,-16]],[[38075,88279],[-6,-11],[5,-2],[1,13]],[[37890,88280],[-21,22],[-6,-30],[-13,-12],[40,20]],[[37930,88283],[2,-2],[0,1],[-2,1]],[[37920,88295],[0,-1],[4,4],[-4,-3]],[[38205,88306],[-6,3],[1,-24],[5,21]],[[37837,88262],[26,22],[4,20],[-14,17],[2,14],[-29,-33],[11,-40]],[[38138,88300],[4,-6],[1,1],[-5,5]],[[38298,88303],[3,10],[-1,-1],[-2,-9]],[[38217,88306],[4,-4],[0,17],[-4,-13]],[[38170,88332],[-18,-20],[9,-22],[1,19],[8,23]],[[38291,88314],[-3,-5],[6,2],[-3,3]],[[38210,88320],[-16,37],[-20,-86],[22,44],[14,5]],[[38126,88314],[11,-10],[4,14],[-15,-4]],[[37854,88320],[8,-8],[-1,15],[-7,-7]],[[38293,88322],[-1,-6],[5,5],[-4,1]],[[38254,88318],[1,0],[3,9],[-4,-9]],[[38095,88323],[10,3],[-3,2],[-7,-5]],[[38121,88326],[3,6],[-6,4],[5,-5],[-2,-5]],[[38130,88332],[16,-11],[18,20],[-14,10],[-20,-19]],[[37892,88350],[-19,1],[-11,-17],[5,-2],[25,18]],[[38304,88343],[-1,9],[-10,-7],[11,-2]],[[38316,88336],[9,19],[-4,3],[-1,-6],[-4,-16]],[[37899,88348],[1,0],[-1,3],[0,-3]],[[38203,88351],[7,-1],[-4,6],[-3,-5]],[[38311,88358],[4,-9],[2,7],[-6,2]],[[38218,88345],[0,16],[-28,9],[5,-11],[12,-1],[11,-13]],[[38183,88346],[5,10],[-6,10],[1,-20]],[[37893,88365],[-11,-4],[19,-10],[-8,14]],[[37929,88388],[-26,-12],[8,-4],[18,16]],[[38001,88387],[-6,-7],[8,-4],[-2,11]],[[39011,88376],[-4,23],[-8,-16],[12,-7]],[[38205,88394],[-7,-13],[17,-2],[-15,3],[5,12]],[[37937,88439],[-15,-23],[13,4],[2,19]],[[37911,88432],[-6,-3],[7,0],[-1,3]],[[37908,88432],[2,4],[-4,-3],[2,-1]],[[37285,88508],[31,-60],[-13,-52],[23,-37],[66,87],[-26,3],[-13,5],[-68,54]],[[37815,88436],[2,3],[-12,-3],[10,0]],[[38051,88460],[-4,-4],[7,4],[-3,0]],[[37936,88441],[29,20],[5,27],[-28,-20],[-6,-27]],[[37932,88466],[-6,7],[1,-5],[5,-2]],[[38556,88471],[34,14],[-8,17],[-47,-15],[21,-16]],[[37967,88487],[-4,9],[-5,-7],[9,-2]],[[37966,88491],[3,-3],[-2,8],[-1,-5]],[[38615,88495],[18,11],[-43,-2],[25,-9]],[[38671,88510],[-2,0],[3,-4],[-1,4]],[[37796,88513],[5,0],[-3,3],[-2,-3]],[[37634,88530],[-20,-2],[14,-24],[6,26]],[[37808,88515],[3,1],[-8,4],[5,-5]],[[37813,88520],[33,2],[-6,12],[-27,-14]],[[38642,88530],[-16,31],[-52,-5],[24,-19],[-40,11],[11,-11],[-6,-34],[79,27]],[[37769,88537],[1,-3],[3,1],[-4,2]],[[37762,88536],[3,-1],[0,2],[-3,-1]],[[37790,88538],[5,0],[0,2],[-5,-2]],[[37600,88536],[6,-1],[-5,5],[-1,-4]],[[38491,88541],[1,-2],[6,3],[-7,-1]],[[37759,88542],[4,-1],[1,3],[-5,-2]],[[38499,88541],[16,4],[3,10],[-4,-7],[-15,-7]],[[37904,88550],[-2,-2],[5,0],[-3,2]],[[37754,88548],[4,6],[-2,1],[-2,-7]],[[38640,88569],[21,-45],[37,35],[-58,10]],[[38571,88556],[-46,6],[22,-5],[24,-1]],[[37754,88557],[5,-1],[-1,1],[-4,0]],[[38631,88561],[9,-10],[-1,10],[-8,0]],[[37743,88561],[-2,-2],[10,0],[-8,2]],[[38760,88574],[-28,-5],[6,-6],[22,11]],[[38525,88571],[-3,-3],[9,0],[-6,3]],[[38719,88566],[-18,10],[9,-13],[9,3]],[[37746,88571],[0,21],[-20,12],[-2,-6],[22,-27]],[[38662,88617],[-82,-18],[-56,4],[46,-15],[92,29]],[[37822,88614],[3,8],[-2,-1],[-1,-7]],[[38484,88624],[-1,0],[6,-5],[-5,5]],[[37325,88658],[-8,-10],[-5,-17],[20,6],[-7,21]],[[37710,88663],[-6,7],[-8,-17],[14,10]],[[38712,88695],[-25,28],[-36,-26],[44,-44],[28,22],[-42,12],[31,8]],[[33878,58891],[34,91]],[[34266,59547],[132,58]],[[34398,59605],[-287,190],[38,-37],[-7,-15],[-4,2],[-3,22],[-22,19],[-5,12],[-318,220],[-412,330],[-223,249],[-54,-21],[2,49],[-128,106],[-175,192],[-156,209],[-55,116],[-45,3],[33,22],[-6,40],[19,10],[-26,76],[41,38],[-25,156],[37,37],[-21,31],[20,25],[-31,2],[-109,85],[-328,152],[-4,6],[29,-11],[-394,245],[-1168,820],[-348,274],[-340,305],[-334,338],[-153,206],[-28,7],[5,49],[-296,371],[-9,-9],[-229,403],[-46,21],[-75,90],[-171,257],[-48,135],[-47,17],[-8,61],[-157,274],[-92,267],[-35,207],[32,161],[42,79],[30,11],[80,167],[72,85],[91,3],[35,16],[24,56],[54,45],[30,-15],[33,12],[-12,25],[-83,-11],[-30,81],[38,25]],[[27577,67174],[-54,18],[-81,-72]],[[26598,66734],[-66,43],[-117,-55],[-210,26]],[[26146,66758],[-79,44],[-283,32],[-198,81]],[[24961,67643],[-28,42],[-98,100],[-84,-53]],[[24460,67657],[-314,-33],[-86,-62]],[[23899,67395],[-71,-50],[-50,39]],[[23778,67384],[-74,12],[-55,52]],[[23581,67468],[-61,-19],[-65,-77],[10,-82]],[[23417,67268],[-58,-72],[-410,0],[-7,-186],[-22,-20],[-23,11],[-2,-21],[-43,-27],[-5,-46],[-33,-17],[-3,-139],[-36,-90],[-59,-54],[6,-31],[20,-7],[-7,-17],[29,-37],[79,-26],[4,-35],[56,-29],[22,-46],[145,-13],[82,-56],[20,-70],[36,-3],[9,-95],[-30,-34],[-30,-112],[91,-63],[27,-89],[60,-56],[63,-29],[42,4],[25,-41],[53,-29],[-7,-135],[48,-20],[46,19],[48,-329],[66,-12],[54,50],[82,9],[14,-34],[52,-3],[47,-74],[40,14],[8,-31],[70,-66],[42,54],[40,7],[19,-123],[26,-25],[29,31],[27,-22],[68,17],[-12,-85],[33,21],[1533,-1601],[82,-47],[40,5],[-4,-16],[91,-68],[68,-24],[11,-38],[56,-26],[-15,-22],[22,-19],[-17,-17],[17,-24],[104,-40],[35,-46],[30,5],[47,-28],[123,-116],[69,-20],[106,-64],[52,-55],[87,-8],[37,-36],[20,54],[54,2],[89,50],[20,32],[15,61],[-39,53],[1,62],[188,-5],[30,-148],[-21,-83],[22,3],[-1,-30],[38,5],[28,-27],[-5,-24],[-61,-17],[-4,-21],[37,3],[25,-24],[44,18],[68,-32],[-2,-39],[-34,-11],[-26,-54],[-69,24],[-19,-17],[-30,7],[5,-28],[-32,-29],[155,-59],[10,-10],[-46,-36],[29,-17],[8,-47],[78,-81],[116,-54],[-57,-66],[38,-6],[21,-75],[92,-62],[18,-82],[73,-42],[44,-3],[14,-28],[94,-62],[13,-44],[52,-19],[-101,-163],[86,-87],[69,-32],[-16,-14],[27,-66],[-1,-77],[42,-17],[32,-47],[143,32],[19,-69],[55,-39],[103,0],[47,-31],[24,13],[48,-40],[59,-13],[110,42],[36,89],[45,16],[17,81],[26,-7],[-18,-497],[-153,-3],[9,-22],[-41,1],[-20,-73],[27,-48],[-24,-31],[13,-44],[83,-40],[52,-62],[78,-31],[7,-1054],[39,-125],[56,-75],[6,-54],[-22,-54],[168,-121],[7,-41],[-59,-41],[27,-55],[76,31],[111,0],[80,-31],[-15,-79],[24,-37],[21,10],[2,45],[91,18],[73,-76],[70,16],[-34,-70],[67,-77],[-77,-32],[-86,-86],[-3,-111],[39,-22],[2,-48],[79,-48],[-39,-63],[30,-36],[-20,-83],[81,21],[16,-146],[52,35],[63,-54],[-41,-28],[2,-32],[53,3],[133,-41],[72,-49],[23,23],[-40,36],[71,27],[-5,-84],[38,-88],[40,37],[-2,43],[114,6],[58,42],[22,165],[-30,52],[139,36],[67,-61],[175,354],[-40,45],[45,47],[8,73],[211,-46],[35,-50],[42,-3],[27,-48],[52,-19],[26,-64],[-23,-10],[15,-47],[-20,-66],[-56,-48],[-10,-77],[53,-15],[27,-97],[-111,-97],[1,-44],[102,-45],[26,33],[57,-1],[-57,-108],[31,-42],[10,-60],[114,-73],[22,-39],[225,-91],[70,0],[26,-66],[-5,-259],[28,-19],[129,43],[32,-8],[69,35],[64,-32],[-3,-30],[35,-2],[49,52],[120,-72],[38,43],[128,-17],[69,60],[-3,40],[-122,72]],[[32807,57437],[41,22],[-79,100]],[[32253,58354],[-8,53],[88,-20]],[[28536,66722],[-11,0],[9,-46],[2,46]],[[29688,66717],[-8,-12],[30,5],[-22,7]],[[28729,66859],[17,-10],[-10,-16],[51,-9],[9,29],[-67,6]],[[34140,59755],[-2,7],[1,-12],[1,5]],[[34025,62160],[-6,-33],[37,-43],[38,-4],[34,38],[-45,59],[-58,-17]],[[16510,83182],[62,-5],[83,-71],[-2,-93],[65,12],[14,36]],[[16732,83061],[178,-3]],[[16910,83058],[5,-72],[111,-110],[100,24],[34,45],[35,0]],[[17195,82945],[23,-48],[49,-14],[25,7]],[[17292,82890],[-11,23]],[[17281,82913],[20,26],[71,-13]],[[17372,82926],[46,14],[18,18],[-29,55]],[[17407,83013],[15,51]],[[17422,83064],[-22,88],[42,11],[22,61],[17,15]],[[17481,83239],[23,-11],[26,41]],[[17530,83269],[191,76]],[[18921,84130],[14,115],[-83,42],[-40,-9]],[[18748,84336],[-37,8],[38,62],[-6,62],[30,54]],[[18597,84804],[-25,100],[-30,30]],[[18077,85350],[-70,175],[-64,85],[-79,35],[-60,139],[-40,147],[25,16]],[[17529,87432],[-20,55],[-78,-11],[-48,26]],[[17383,87502],[-102,-56],[-68,26],[1,86]],[[17137,87609],[-56,-1],[-5,92]],[[17048,87707],[-60,81],[3,142],[-67,-30]],[[16695,87901],[-13,-117],[-16,-28],[-46,-10],[-154,49]],[[16153,87993],[-108,43],[-47,-17],[-31,-70],[-59,26]],[[15908,87975],[-107,-24],[-146,32],[-111,-112]],[[15406,87734],[-110,-125],[-103,-1]],[[15107,87635],[-89,-22],[-39,12],[-53,33]],[[13335,89376],[-25,-45],[-134,43]],[[13176,89374],[-48,71],[-199,-52]],[[11752,89537],[10,129],[-106,55],[-105,-34],[-137,62]],[[8982,91484],[-103,-100],[75,-108]],[[8768,91037],[-5,-55],[51,-24]],[[7418,85094],[11,-106],[78,-75]],[[7507,84913],[-64,-70]],[[7443,84843],[-71,35],[-84,-37]],[[7288,84841],[57,7],[24,-34]],[[7369,84814],[-47,-33],[-40,8]],[[7282,84789],[-73,-23],[-48,17],[-28,49],[-26,6],[-71,-4]],[[7036,84834],[-32,-34],[65,-22],[84,-81],[-66,-136],[15,-50],[46,-13],[-16,-18],[32,-28],[42,9],[90,-67],[50,-6],[124,67],[10,30],[32,-3],[37,-17],[-20,-55],[18,-25],[162,-14],[206,-106],[52,32],[34,-2],[119,-131],[77,6],[33,-26],[55,23],[47,69],[46,-20],[64,19],[30,-23],[17,27],[24,-3],[-13,51],[41,88],[36,-3],[57,53],[26,-7],[76,-87],[43,-16],[-25,-43],[0,-54],[38,-60],[42,12],[20,-40],[-19,-13],[49,-8],[19,-29],[-7,-39],[46,-65],[85,-30],[106,27],[7,-19],[95,-38],[66,35],[71,-24],[61,22],[66,-31],[45,6],[58,-55],[2,-35],[44,0],[106,-62],[33,1],[11,-46],[62,-82],[57,-27],[68,30],[24,-88],[23,-16],[-20,-35],[34,-32],[-17,-17],[72,-54],[196,47],[71,-19],[78,18],[5,33],[58,36],[-31,60],[-48,30],[16,83],[-56,85],[23,5],[-15,35],[13,26],[53,13],[87,-17],[79,38],[39,-20],[138,84],[-47,70],[24,108],[-71,72],[13,36],[-30,46],[162,121],[32,51],[-32,108],[21,22],[57,0],[-16,76],[38,-9],[46,42],[56,6],[62,-57],[66,-11],[49,70],[135,107],[23,48],[41,7],[55,45],[139,-40],[73,24],[58,-12],[40,-51],[115,34],[56,39],[28,51],[27,-29],[83,-2],[25,-33],[168,10],[71,-18],[115,69],[-3,107],[39,21],[23,41],[-41,55],[95,26],[40,37],[52,-13],[82,36],[78,84],[61,-44],[58,-12],[62,-126],[34,-5],[132,47],[140,-10],[66,17],[40,-67],[61,5],[59,-23],[14,-29],[86,5],[13,-28],[72,-9],[6,-37],[-44,-49],[27,-7],[-13,-25],[16,-31],[79,-49],[36,-10],[40,58],[-26,26],[16,33],[82,20],[34,36],[74,-23],[23,-45],[-16,-20],[25,-23],[46,1],[63,-31],[40,-63],[56,-25],[30,-41],[22,-64],[-57,-72],[14,-24],[51,24],[27,-56],[42,3],[2,-37],[32,-11],[7,-28],[25,5],[40,-29],[42,-65],[60,-25],[12,28],[-15,15],[26,10],[80,-40],[165,-164],[57,-20],[19,32],[111,10],[20,-99],[115,-20],[13,-35],[87,-35],[-10,-49],[48,-91],[-6,-98],[41,-84],[109,5],[-32,-31],[93,-61],[30,10],[29,68],[38,24],[38,-16],[72,48],[92,-36],[139,-131],[-23,-74],[52,-48],[70,-18],[221,1],[21,-57],[-10,-67],[118,-101],[37,-68]],[[30160,21681],[33,127],[-42,260]],[[30151,22068],[26,72],[-29,21],[-41,-9],[29,32],[-16,21],[-28,-37]],[[30092,22168],[-27,-1],[-56,99],[12,20]],[[30021,22286],[-20,39],[33,36]],[[30034,22361],[31,-20],[27,7]],[[30092,22348],[-34,38],[29,42]],[[30087,22428],[-24,8],[5,23]],[[30068,22459],[28,5],[-71,101],[-144,51]],[[29881,22616],[-60,-33]],[[29821,22583],[-36,48],[-9,-38]],[[29776,22593],[-97,-66],[-63,3],[4,14],[-29,9],[-24,-69],[-43,12],[-34,-46],[-41,-7],[-34,9],[1,93],[-56,-8],[25,39]],[[29385,22576],[-129,69],[-31,-49]],[[29225,22596],[-35,19],[3,-16],[-26,-7],[-9,19],[-70,18],[-4,-38],[-24,-5],[-13,31],[-47,14],[-6,-25],[-42,-3],[-7,-20],[-13,51],[-46,3],[31,67],[-21,104],[-97,0],[-12,15],[-43,128],[20,50],[-66,38],[-71,-40],[-50,57],[-97,21],[-153,162],[268,197],[179,689],[-512,239],[-275,194],[-254,-24],[-107,133],[67,43],[160,6],[141,56],[-25,36],[-1,47],[32,61],[41,22],[31,68],[-29,28],[13,43],[-14,26],[36,19],[11,46],[-9,107],[32,2],[43,119],[33,26],[39,91],[-4,31],[-73,27],[-44,50],[45,56],[-36,95],[-38,-18],[-62,23],[-36,-13],[-1,67],[-35,29],[-6,-28],[-31,-11],[-78,26],[-26,49],[37,112],[-62,36],[25,61],[-33,4],[-49,96],[-64,-40],[-67,64],[86,74],[-91,13],[31,152],[-16,-15],[-38,23],[-21,-40],[-19,18],[1,46],[21,12],[-36,11],[10,-32],[-30,19],[67,170],[-12,32],[-26,-1],[-7,30],[-82,66],[78,97],[-28,25],[51,-6],[34,18],[-8,49],[16,19],[18,-8],[-3,67],[65,66],[8,75],[-17,43],[42,37],[-5,40],[26,53],[-18,-2],[1,26],[47,44],[-14,15],[76,5],[33,39],[31,-17],[13,27],[75,10],[-15,30],[43,3],[20,20],[-14,24]],[[27982,27606],[42,9],[-25,13]],[[27999,27628],[39,31]],[[28038,27659],[-5,22],[31,40],[0,78]],[[28399,28053],[38,-13],[0,55]],[[28450,28121],[52,61],[-30,47],[31,12],[-52,100]],[[28451,28341],[26,44],[-31,15]],[[28293,28635],[6,36],[-41,19]],[[28258,28690],[15,23],[-40,42]],[[28233,28755],[12,38],[-111,1],[-52,41],[-75,-2],[-105,87],[-186,29],[-107,-35],[-102,-60],[-31,26],[-57,-5],[-58,-35],[-92,4],[-25,8],[7,25],[-67,67],[-123,51],[-3,28],[-33,6],[3,41],[-44,16],[-18,40],[-122,7],[-68,26],[-75,-19],[-196,136],[-14,-26],[-84,18],[-108,-81],[-135,56],[-160,-4],[-65,71],[-45,8],[-9,30],[-64,27],[-8,51],[-93,46],[-269,-46],[-54,-37],[-44,-109],[39,-108],[-4,-45],[-35,-29],[-60,-117],[-39,-23],[-25,7],[-93,-96],[30,-32],[-8,-75],[-50,-24],[-129,-138],[-187,68],[-226,155],[-44,8],[-195,-86],[-46,-76],[-23,-2],[-57,-149],[-38,-35],[-43,1],[-10,-49],[-79,-70],[22,-25],[-7,-51],[45,-38],[-20,-32],[26,-21],[-15,-12],[14,-17],[16,18],[41,-40],[89,6],[-1,-21],[30,18],[2,-24],[23,17],[7,-20],[77,36],[49,-68],[31,-1],[-12,-20],[56,-35],[-5,-18],[30,-33],[-14,-20],[23,-20],[-25,-103],[14,-18],[-29,-1],[9,-48],[-17,-11],[38,-52],[2,-57],[-33,-5],[-18,-50],[17,-30],[-17,3],[-16,-53],[17,-13],[15,20],[4,-39],[38,-9],[9,-23],[85,8],[-1,-31],[23,0],[-17,-113],[-63,-20],[-37,-80],[-90,-43],[53,-90],[-44,-49],[-7,-47],[64,-8],[12,-84],[-29,-36],[-34,-155],[-44,-60],[22,-50],[-8,-63],[-40,-48],[6,-43],[19,-17],[65,40],[73,2],[136,-23],[-8,-53],[29,-52],[-31,-83],[23,-78],[106,-141],[89,-64],[168,-66],[55,22],[139,-50],[120,-2],[21,-215],[32,-75],[237,-141],[114,-132],[86,13],[73,-83],[-5,-48],[24,-41],[38,3],[94,99],[137,72],[66,9],[222,-316],[59,-352],[57,-99],[-102,-19],[-139,44],[-58,-1],[-35,23],[-54,-25],[-14,-17],[10,-140],[39,-71],[-94,-159],[160,-170],[173,-303],[12,-292],[-167,132],[-450,-24],[-164,24],[-393,256],[-258,247],[-178,141],[-2,-48],[50,-77],[-8,-49],[38,-32],[-70,-66],[-100,-52],[1,-88],[36,-19],[-4,-50],[-240,37],[-322,110],[-7,29],[98,204],[-363,435],[-189,362],[-172,-44],[-75,14],[-123,-25],[-100,-52],[-90,-80],[-194,-91],[-593,-146],[-138,-18],[-102,-44],[-212,-20],[-33,22]],[[23099,88262],[55,-13],[83,-96]],[[23480,88097],[6,-36],[-29,-67],[54,-41]],[[23511,87953],[106,42],[67,-33],[49,-58]],[[23814,87660],[61,-9],[7,66]],[[23882,87717],[25,17],[-11,15],[86,59],[77,-30]],[[24356,87706],[-42,-72],[20,-27]],[[24334,87607],[-15,-21],[42,-20],[-21,-10],[13,-29],[35,-9]],[[24388,87518],[35,-65],[20,16],[138,-22],[-73,72],[38,49]],[[24602,87604],[36,31],[54,106],[193,-13],[31,38],[10,58],[-24,75]],[[24992,87903],[25,5],[-30,68]],[[25732,89142],[71,82],[120,38],[135,-52],[57,-3]],[[26219,89253],[117,19],[93,-102]],[[26519,89181],[28,8],[38,52],[-22,33]],[[26552,89329],[-2,72],[74,37]],[[26670,93308],[-76,132],[10,62],[50,90]],[[26654,93592],[76,62],[-13,49],[-52,37]],[[26655,93779],[-126,55],[-10,42],[-29,21],[-57,-1]],[[26023,93962],[-53,21],[9,44]],[[24939,94753],[-98,-5],[-51,-35],[-5,-54]],[[24785,94659],[-81,-103],[-48,-4],[-37,52]],[[23891,94886],[-102,-4],[16,25]],[[23576,95357],[-73,18],[4,48],[76,25]],[[23627,95972],[-44,72],[-30,-13]],[[22542,95607],[-36,-30],[-55,5],[-66,-47]],[[22385,95535],[-56,-3],[-52,-45],[-10,-97]],[[22267,95390],[-54,-2]],[[22213,95388],[-15,-86],[113,-109],[38,-12],[-33,-31],[-4,-34],[34,-77],[48,-17],[30,-79]],[[22424,94943],[70,8],[115,-108],[21,-107],[28,-22]],[[22658,94714],[-56,-89],[36,-23],[-14,-56]],[[22624,94546],[28,-34],[-122,-6]],[[22530,94506],[5,-55],[-137,-101],[0,-67],[-26,-34],[9,-38],[-56,-10],[45,-57],[-33,-48],[17,-53],[48,-12],[70,57]],[[22472,94088],[-56,-93],[-51,-11]],[[22365,93984],[-127,34],[-16,-22],[-69,1],[-25,-21],[8,-79],[-40,-66],[25,-59],[-28,-67],[8,-45],[-109,-62],[2,-111],[-98,-19],[-28,-48],[2,-35],[82,-61],[-203,-56],[83,-68],[-60,-51],[-62,26],[-26,-27],[-91,-24],[12,-99],[-17,-28],[25,-12],[10,-37],[-36,-20],[-7,-68],[-26,-17],[136,-150],[28,-16],[33,18],[-3,-28],[25,-25],[-20,-22],[7,-51],[51,-55],[55,19],[99,-34],[2,-42],[-62,-19],[-69,-65],[9,-63],[-40,-10],[-42,-60],[15,-68],[35,-4],[21,-42],[-35,-39],[9,-52],[-45,-42],[91,-55],[-22,-10],[4,-23],[100,-93],[-2,-78],[29,-46],[4,-75],[76,-21],[-2,-98],[40,-11],[8,-37],[26,18],[45,-26],[67,-99],[125,-24],[21,-32],[-41,-59],[19,-28],[-14,-119],[27,-55],[-10,-37],[-52,-26],[14,-52],[-32,-32],[-113,-14],[-43,-67],[70,-148],[-6,-105],[-76,-53],[-65,39],[-60,-3],[-26,-27],[-4,-143],[31,-71],[-26,-106],[46,-29],[105,22]],[[22117,90170],[60,-39],[-51,-75],[-59,-32]],[[22067,90024],[47,-65],[-4,-23],[-78,-39],[-29,-38],[8,-34],[-46,-13],[-21,-74]],[[21944,89738],[-85,-32],[70,-51],[-5,-52]],[[21924,89603],[-52,-40],[73,-188],[48,-29],[23,-49],[-31,-75],[147,-130],[51,-89]],[[22183,89003],[64,-3],[39,-47]],[[22286,88953],[98,-19],[38,-74],[135,-113]],[[22646,88708],[43,-27],[19,-73]],[[22549,75690],[-7,-52],[62,-74],[62,8]],[[22722,75554],[75,87],[51,-15],[31,-87]],[[23027,75400],[82,-17],[-23,-158]],[[23239,75144],[28,-2],[15,24],[135,-8],[63,64],[31,0],[82,60]],[[23801,75089],[30,29],[146,30]],[[23977,75148],[29,-87]],[[24006,75061],[12,53],[52,77],[-75,22],[56,12],[-10,44],[26,-37],[18,6],[36,-80],[32,-2],[6,69],[-28,57],[8,105],[-20,3],[11,-18],[-24,-17],[-26,13],[-7,-44],[-94,55],[-77,165],[-32,173],[4,34],[50,21],[8,82],[26,49],[47,27],[50,-28],[11,27],[-36,111],[-13,219],[4,222],[52,277],[-22,35],[42,40],[108,465],[101,240],[94,139],[95,73],[48,-17],[15,-27],[57,-6],[94,185],[134,158],[0,73],[47,49],[-33,29],[-18,67],[30,158],[66,177],[130,128],[-110,-17],[29,193],[101,97],[139,41],[57,-9],[28,24],[2,94],[15,-60],[126,62],[8,184]],[[25505,79390],[121,24],[53,71],[93,228],[13,59],[-26,24],[-318,-48]],[[24828,79942],[-36,66],[-57,28]],[[24698,80029],[-104,82],[-137,20]],[[22301,81530],[-31,98],[-62,23],[-33,-19]],[[20302,82391],[-63,23],[9,32],[-66,15]],[[19248,82905],[-156,-48],[-18,-58]],[[18627,82860],[-159,51],[11,99]],[[18469,83162],[-3,50],[-91,89]],[[18195,83396],[-121,59],[-82,7]],[[17769,83416],[-40,-67],[-199,-80]],[[17530,83269],[-27,-42],[-22,12]],[[17481,83239],[-15,-48],[-70,-54],[26,-73]],[[17407,83013],[28,-58],[-63,-29]],[[17372,82926],[-71,12],[-20,-25]],[[17292,82890],[-24,-7],[-36,2],[-37,60]],[[16910,83058],[-53,12],[-51,-19],[-74,10]],[[16510,83182],[-61,94],[-31,8],[-69,70],[-71,-163],[-95,-31],[-66,-89],[-105,26],[-49,-21],[-91,9],[-120,-61],[-26,4],[-45,-68],[-5,-68],[-53,-40],[-19,-50],[30,-35],[-28,-47],[-66,7],[-39,-33],[-69,11],[-88,-102],[-6,-32],[-46,-34],[-201,-65],[-45,14],[-28,-45],[-87,-63],[-220,-22],[25,-58],[-71,-27],[-40,-50],[39,-52],[12,-57],[-34,-29],[63,-1],[157,-104],[29,5],[-57,-82],[-11,-67],[20,-81],[86,-75],[44,13],[75,-18],[57,26],[35,-9],[19,-35],[57,-13],[14,15],[15,-27],[92,20],[88,69],[114,14],[17,27],[41,3],[41,68],[-10,71],[116,-33],[108,31],[19,21],[118,-12],[109,13],[100,62],[30,89],[-37,31],[57,30],[25,62],[79,20],[93,53],[108,-24],[14,-36],[-49,-26],[13,-47],[137,-58],[18,-58],[53,-16],[77,-111],[72,-29],[-47,-52],[-72,0],[-114,31],[-3,-44],[-38,-5],[-52,-47],[-31,2],[-64,-51],[-56,-4],[-12,-37],[-147,-43],[-37,-34],[-8,-78],[41,-39],[-26,-43],[18,-81],[-35,-56],[3,-38],[15,-37],[21,7],[-17,-22],[29,-16],[-36,-11],[-11,-69],[-23,-6],[16,-28],[-27,0],[10,-67],[-20,-48],[22,-18],[5,-57],[132,-94],[74,39],[111,-11],[34,-33],[10,-57],[66,-14],[48,14],[109,-36],[29,-36],[57,-2],[26,-30],[90,9],[51,-21],[94,-4],[19,15],[114,-16],[132,-66],[9,-27],[115,-66],[41,-10],[23,-64],[41,-24],[36,4],[47,-51],[81,-3],[30,-31],[246,26],[104,54],[93,16],[13,-54],[-54,-24],[2,-28],[85,-91],[93,-26],[29,-42],[53,-16],[-6,-43],[30,-33],[182,-31],[-108,-90],[-24,-107],[-46,-17],[-33,-53],[-76,-20],[-35,-39],[-45,-11],[-73,-110],[-47,-28],[12,-40],[-54,-47],[18,-32],[43,7],[19,-46]],[[19746,78926],[86,-46],[12,-89]],[[20552,76870],[33,-103],[-76,-71],[18,-56]],[[20529,76473],[-20,-72],[56,-26],[-19,-67],[79,-5]],[[20625,76303],[9,-56],[33,-40],[-2,26],[24,4]],[[20710,76283],[38,3],[18,35],[-12,24]],[[20968,76586],[65,4],[117,-117]],[[21296,76153],[-18,-26],[6,-39],[82,-39],[49,46]],[[21415,76095],[52,11],[9,-20]],[[22008,76127],[159,8],[92,-56]],[[24697,75253],[-7,6],[-1,-2],[8,-4]],[[24702,75265],[-5,-5],[19,-2],[-14,7]],[[24619,75288],[-3,2],[-1,-1],[4,-1]],[[24621,75291],[-3,0],[3,-2],[0,2]],[[24625,75296],[2,-1],[-5,3],[3,-2]],[[24561,75355],[-1,-1],[3,-4],[-2,5]],[[24569,75358],[4,1],[-3,6],[-1,-7]],[[24623,75437],[-7,-21],[48,-27],[4,7],[-45,41]],[[24827,75480],[-3,-33],[38,-28],[6,49],[-41,12]],[[24486,75447],[4,13],[-6,9],[-3,-9],[5,-13]],[[24481,75483],[-3,0],[1,-2],[2,2]],[[24476,75483],[-2,1],[-1,-1],[3,0]],[[24461,75493],[-17,-5],[9,-5],[8,10]],[[24709,75540],[2,7],[-6,-2],[4,-5]],[[24680,75574],[-5,0],[20,-29],[-15,29]],[[24824,75646],[-70,-28],[-25,28],[-11,-64],[5,-26],[104,-66],[24,82],[30,28],[-20,33],[-37,13]],[[25327,78869],[-9,-9],[55,3],[-46,6]],[[25869,10007],[-5,-4],[3,-1],[2,5]],[[26236,10177],[2,18],[-21,12],[7,-14],[12,-16]],[[28933,10315],[5,-6],[13,4],[-18,2]],[[29354,10363],[-10,13],[-11,-22],[21,9]],[[29064,10417],[-32,20],[-80,17],[-36,76],[-83,-22],[6,-80],[66,-32],[7,-38],[43,-33],[39,56],[70,36]],[[28944,10595],[0,4],[-2,-1],[2,-3]],[[28948,10600],[2,6],[-4,1],[2,-7]],[[28932,10676],[-3,-27],[26,-4],[-4,33],[-19,-2]],[[28931,10686],[-3,2],[1,-3],[2,1]],[[29064,10417],[246,-38],[-12,77],[-88,103],[22,42],[135,86],[24,-20],[48,81],[61,-14],[55,-42],[60,12],[-2,19],[-99,72],[-16,93],[22,51],[95,-11],[42,52],[-76,61],[14,24],[37,-34],[51,27],[-37,58],[-58,0],[-30,-36],[-93,-16],[-10,-24],[-77,-30],[1,-45],[-32,-28],[-39,24],[-79,-58],[-51,-3],[-25,-111],[-32,-22],[-30,23],[-37,-90],[-47,-2],[-47,-67],[48,-109],[-11,-24],[89,-66],[-22,-15]],[[28903,10811],[-88,-2],[-10,-25],[64,-15],[34,42]],[[29125,10963],[19,-4],[12,9],[-14,8],[-17,-13]],[[29156,10976],[-1,-1],[3,-1],[-2,2]],[[29142,10982],[2,3],[-2,1],[0,-4]],[[29776,22593],[10,38],[35,-48]],[[29881,22616],[143,-50],[54,-63],[18,-40],[-28,-4]],[[30087,22428],[-29,-43],[34,-37]],[[30034,22361],[-33,-37],[20,-38]],[[30021,22286],[-11,-22],[54,-97],[28,1]],[[30151,22068],[43,-234],[-33,-228]],[[30161,21606],[128,-222],[118,-130]],[[30584,21048],[178,1],[104,54],[149,22],[52,-121],[-43,-65],[153,-4],[89,33],[33,-8],[118,78],[237,78],[24,54],[-64,3],[-176,119],[-37,63],[15,95],[-24,29],[94,34],[137,-53],[37,107],[34,27],[-14,17],[-7,18],[5,41],[64,4],[3,-46],[43,46],[67,0],[40,-34],[65,0],[29,-63],[-17,-52],[38,-30],[-4,-19],[12,13],[-3,42],[117,-49],[-11,-9],[93,-118],[111,-24],[51,-53],[19,15],[42,-15],[153,15],[24,-150],[-57,-18],[-39,-88],[-67,-38],[-77,25],[-13,-27],[-8,31],[-35,-37],[32,-21],[-58,-12],[-51,37],[-33,-36],[0,-45],[47,-39],[-17,-62],[88,-68],[-13,-69],[61,-44],[19,-43],[69,121],[110,125],[141,97],[142,62],[77,90],[83,-11],[141,35],[103,-6],[6,-4],[-4,-6],[166,-153],[44,19],[54,-5],[265,281],[221,155],[26,5],[-2,-21],[237,113],[283,-12],[148,26],[41,-16],[178,183],[97,-7],[89,27],[97,-1],[193,236],[37,29],[4,-12],[99,133],[46,22]],[[35155,23329],[-59,-24]],[[34820,23521],[-54,12],[-48,-29],[-49,-73],[-30,-2]],[[34020,22758],[-91,-52],[-119,91],[52,63]],[[33199,23248],[-9,102],[-150,-40],[-84,-88],[-100,-58]],[[30771,22453],[-89,17],[-54,58]],[[30573,23325],[70,57],[34,3],[22,-21],[-4,-106],[138,93]],[[30951,23290],[35,7],[16,59],[-41,78]],[[31461,25064],[43,20],[29,69]],[[31617,25585],[3,31],[-66,31]],[[31426,26461],[35,39],[-28,19],[17,6],[-14,91],[24,0],[74,75],[-11,81],[-46,61]],[[31323,26857],[-30,24],[-52,-17],[-38,-72]],[[30339,27309],[92,12],[26,22],[108,109],[25,67]],[[30590,27519],[-54,158],[-23,25],[-40,4],[-106,-56]],[[30367,27650],[-137,-38],[-26,-53]],[[29937,27184],[0,-38],[-32,-21]],[[29905,27125],[-48,41],[-69,-45]],[[29739,26999],[-34,-128],[-55,-2],[-90,36]],[[29169,27031],[-105,-13],[-65,-47],[-56,0],[-121,103]],[[28882,27578],[-55,-18],[-100,74]],[[28062,27729],[-24,-70]],[[27999,27628],[23,-16],[-40,-6]],[[29225,22596],[27,44],[133,-64]],[[29452,10363],[-35,15],[-19,-21],[15,-19],[39,25]],[[29455,10364],[3,-5],[5,2],[-8,3]],[[29372,10376],[-4,3],[0,-8],[4,5]],[[29713,10453],[-8,-8],[11,-5],[-3,13]],[[29688,10634],[-46,3],[-27,-29],[72,-109],[39,-20],[33,70],[88,-43],[101,41],[-43,14],[-10,45],[-39,17],[-28,-58],[-42,30],[-28,-28],[-70,67]],[[30138,10739],[-43,-63],[43,-14],[4,-22],[20,35],[-24,64]],[[31609,21188],[5,-2],[-1,4],[-4,-2]],[[31653,21400],[3,9],[-5,-4],[2,-5]],[[32012,21458],[-1,-4],[2,0],[-1,4]],[[32014,21462],[-4,-3],[4,2],[0,1]],[[31698,21523],[-28,-18],[3,-18],[-4,16],[-9,-10],[12,-56],[18,7],[8,79]],[[31977,21545],[0,4],[-3,0],[3,-4]],[[31971,21554],[2,3],[-2,-1],[0,-2]],[[31756,21578],[-11,14],[-11,-32],[22,18]],[[31940,21635],[-59,-19],[69,-39],[-10,58]],[[31684,21618],[-1,5],[-2,-4],[3,-1]],[[32426,20610],[1,-2],[5,3],[-6,-1]],[[32483,21087],[-16,-37],[6,-10],[16,17],[-6,30]],[[32955,21057],[-1,12],[-5,4],[3,-4],[3,-12]],[[32494,21110],[-4,0],[2,-7],[2,7]],[[32521,21131],[6,20],[-28,-16],[22,-4]],[[32397,21268],[8,16],[-33,-10],[25,-6]],[[32347,21283],[-2,0],[1,-2],[1,2]],[[32309,21291],[27,-19],[31,4],[-58,15]],[[32289,21337],[-26,-10],[88,-42],[-62,52]],[[17772,92496],[54,-58],[-19,-132],[37,-83]],[[19113,90679],[27,-68],[82,-90],[91,-25]],[[19313,90496],[72,-90],[-75,-35]],[[19183,90031],[-83,-23],[131,-74]],[[19213,89890],[19,-36],[41,10],[23,-33]],[[19296,89831],[101,-6]],[[19608,89697],[106,20],[5,-48]],[[21989,88656],[52,15],[42,56],[42,-20],[27,11],[51,130]],[[22203,88848],[83,105]],[[22286,88953],[-38,47],[-65,3]],[[21924,89603],[4,55],[-70,47],[86,33]],[[22067,90024],[58,31],[46,58],[2,25],[-56,32]],[[22365,93984],[36,1],[34,31],[37,72]],[[22530,94506],[122,5],[-28,35]],[[22658,94714],[-27,21],[5,36],[-66,126],[-77,55],[-69,-9]],[[22213,95388],[-114,20]],[[21070,96538],[-75,17],[-23,27],[-93,18]],[[20879,96600],[-19,66],[-87,45],[-23,-9]],[[20750,96702],[-49,38],[-133,0]],[[20472,96799],[12,96],[94,-25]],[[22344,98288],[44,45],[44,8],[-33,56],[38,28],[-12,62],[55,33],[14,70],[-88,50],[-49,115],[-68,40],[-106,-33],[-61,47],[-124,38],[-3,43],[-43,68],[10,69],[-39,11],[-24,54],[-70,52],[-71,105],[-73,54],[-61,132],[-74,21],[-26,-39],[17,-36],[-48,-33],[-33,2],[-92,60],[-106,114],[-21,-20],[-78,49],[-130,161],[-11,131],[-126,101],[-37,53],[-111,-63],[-36,-65],[-63,-65],[-33,-9],[-30,-104],[-59,-15],[-50,20],[-66,-1],[-49,-59],[44,-45],[15,-61],[-55,-36],[8,-49],[-33,-54],[-77,-25],[2,-35],[52,-34],[-26,-4],[-7,-70],[-22,-21],[-47,-6],[-4,39],[-34,24],[-69,-23],[-17,31],[-57,9],[1,29],[-25,18],[-85,-25],[-14,58],[-57,15],[-3,-34],[-24,-4],[1,-24],[-66,-45],[-17,-34],[-91,-24],[-41,-36],[-66,6],[-2,-24],[-87,-43],[-85,11],[23,56],[-68,42],[-74,15],[-67,-53],[-71,-20],[-14,-41],[-42,-1],[-61,-86],[-39,-7],[-70,-81],[-131,-11],[-34,-20],[-14,-66],[-67,-13],[-51,29],[-111,-34],[-37,-47],[-8,-75],[-55,-58],[28,-44],[-29,-73],[-96,39],[-30,-5],[-24,22],[20,29],[-32,9],[0,22],[-42,-5],[1,45],[-51,23],[-79,-7],[-100,-94],[14,-47],[-23,-37],[16,-33],[-29,-46],[7,-52],[-21,-18],[-87,-10],[-13,31],[-22,-2],[-17,-35],[-65,-32],[-33,10],[0,-49],[-24,30],[-32,-4],[-34,-48],[-32,62],[-126,-9],[33,-197],[16,-23],[42,-3],[11,-30],[-35,-26],[24,-28],[-13,-46],[46,-19],[-3,-106],[53,-69],[14,-63],[-7,-105],[49,-8],[16,-35],[-21,-29],[57,-11],[20,-38],[86,-1],[-1,-63],[34,-42],[-9,-97],[-96,-49],[-68,-98],[-64,22],[-63,-8],[-64,-23],[-10,-29],[-85,-26],[-27,-32],[-94,-1],[-45,-62],[0,-31],[-38,-28],[-4,-79],[-49,-81],[-138,-5],[-73,-51],[56,-56],[19,-61],[-23,-44],[-52,-19],[-142,40],[-199,-54],[-104,98],[-171,12],[-48,69],[-37,-72],[44,-29],[-21,-51],[-29,18],[-19,-53],[-22,21],[-71,-22],[-10,46],[48,29],[-45,109],[-55,37],[-83,5],[-48,-57],[-153,-23],[4,-24],[48,-6],[-81,-57],[-30,9],[-60,-53],[-98,-176],[-100,-21],[-10,-46],[-36,-6],[-138,-122],[-306,-120],[-101,-75],[-33,-72],[15,-10],[-30,-21],[-11,-41],[-90,10],[-54,-74],[-49,-17],[-34,24],[-78,-1],[-72,119],[-5,-50],[-38,-42],[-5,-40],[165,-102],[278,47]],[[17614,92620],[111,45],[35,-81],[22,-9]],[[26410,16743],[503,-432],[329,-168]],[[27242,16143],[59,49],[208,-125],[140,-132],[44,-23],[19,22],[-12,-119],[21,-8],[-24,-4],[0,-25],[87,2],[162,45],[30,-12],[-15,-29],[31,-12],[77,4],[342,104],[273,149],[98,87],[190,243],[125,285],[-23,139],[-53,13],[-14,256],[-88,79],[-76,-1],[-140,92],[-23,66],[38,116],[-6,61],[-153,112],[144,54],[43,-27],[61,10],[43,34],[9,78],[100,42],[128,-116],[126,-158],[22,-4],[1,-21],[20,2],[38,-81],[64,6],[87,92],[72,42],[129,150],[132,247],[-52,98],[-37,24],[-60,146],[-232,137],[0,155],[65,-15],[36,11],[93,62],[34,46],[76,34],[101,119],[8,47],[-20,45],[270,50],[62,27],[61,58],[190,200],[98,139],[-4,55],[-23,6],[-19,49],[33,142],[-97,116],[-144,55],[0,75]],[[29893,19960],[-389,141],[-289,55],[-433,114]],[[28227,20505],[-282,157],[-149,45],[-124,-6],[-381,-119]],[[23199,19462],[184,-105],[162,-125]],[[24762,18223],[259,-170],[229,-211]],[[28789,17331],[72,25],[-10,77],[-24,23],[-81,16],[2,-112],[41,-29]]],"bbox":[102.14391,6.93106,117.39326,23.39229],"transform":{"scale":[0.00015249502495024944,0.0001646139461394614],"translate":[102.14391,6.93106]}}
