{"type":"Topology","objects":{"map":{"type":"GeometryCollection","geometries":[{"type":"Polygon","arcs":[[0,1,2,3,4,5,6,7,8,9]],"properties":{"NAME_1":"An Giang","id":"0","GID_1":"VNM.1_1","GID_0":"VNM","COUNTRY":"Vietnam","VARNAME_1":"An Giang","NL_NAME_1":"NA","TYPE_1":"Tỉnh","ENGTYPE_1":"Province","CC_1":"NA","HASC_1":"VN.AG","ISO_1":"VN-44"}},{"type":"MultiPolygon","arcs":[[[10]],[[11]],[[12,13,14,15,16,17,18,19,20,21,22,23,24]]],"properties":{"NAME_1":"Bà Rịa - Vũng Tàu","id":"1","GID_1":"VNM.7_1","GID_0":"VNM","COUNTRY":"Vietnam","VARNAME_1":"Ba Ria - Vung Tau","NL_NAME_1":"NA","TYPE_1":"Tỉnh","ENGTYPE_1":"Province","CC_1":"NA","HASC_1":"VN.BV","ISO_1":"NA"}},{"type":"MultiPolygon","arcs":[[[25]],[[26]],[[27]],[[28]],[[29]],[[30,-22,31,32,33,34,35,36,37,38,39,40,41,-24]],[[42]],[[43]],[[44]],[[45]],[[46]],[[47]],[[48]]],"properties":{"NAME_1":"Bình Thuận","id":"10","GID_1":"VNM.11_1","GID_0":"VNM","COUNTRY":"Vietnam","VARNAME_1":"Binh Thuan","NL_NAME_1":"NA","TYPE_1":"Tỉnh","ENGTYPE_1":"Province","CC_1":"NA","HASC_1":"VN.BU","ISO_1":"NA"}},{"type":"MultiPolygon","arcs":[[[49,50,51,52,53,54,55,56,57,58,59,60,61,62,63,64,65,66,67,68,69],[70],[71],[72],[73],[74],[75]],[[76]],[[77]],[[78]],[[79]],[[80]],[[81]],[[82]],[[83]],[[84]]],"properties":{"NAME_1":"Bình Trị Thiên","id":"45","GID_1":"VNM.46_1","GID_0":"VNM","COUNTRY":"Vietnam","VARNAME_1":"Quang Binh","NL_NAME_1":"NA","TYPE_1":"Tỉnh","ENGTYPE_1":"Province","CC_1":"NA","HASC_1":"VN.QB","ISO_1":"NA"}},{"type":"Polygon","arcs":[[85,86,87,88,89,90,91,92,93,94,95,96,97,98,99,100,101,102,103,104,105,106,107,108,109,110,111,112,113,114,115,116,117,118,119,120,121,122,123,124,125,126,127,128,129,130,131,132,133,134,135,136],[137],[138]],"properties":{"NAME_1":"Bắc Thái","id":"3","GID_1":"VNM.4_1","GID_0":"VNM","COUNTRY":"Vietnam","VARNAME_1":"Bac Kan","NL_NAME_1":"NA","TYPE_1":"Tỉnh","ENGTYPE_1":"Province","CC_1":"NA","HASC_1":"VN.BK","ISO_1":"NA"}},{"type":"Polygon","arcs":[[139,140,141,142,143,144,145,146,147]],"properties":{"NAME_1":"Bến Tre","id":"6","GID_1":"VNM.6_1","GID_0":"VNM","COUNTRY":"Vietnam","VARNAME_1":"Ben Tre","NL_NAME_1":"NA","TYPE_1":"Tỉnh","ENGTYPE_1":"Province","CC_1":"NA","HASC_1":"VN.BR","ISO_1":"NA"}},{"type":"Polygon","arcs":[[148,149,150,151,152,153,154,-115,155,-113,156,-111,157,-109,158,-107,159,160,161,162,163,164,165,166,167]],"properties":{"NAME_1":"Cao Bằng","id":"13","GID_1":"VNM.14_1","GID_0":"VNM","COUNTRY":"Vietnam","VARNAME_1":"Cao Bang","NL_NAME_1":"NA","TYPE_1":"Tỉnh","ENGTYPE_1":"Province","CC_1":"NA","HASC_1":"VN.CB","ISO_1":"NA"}},{"type":"Polygon","arcs":[[168,169,170,171,172,173,174,175,176,-4,177,178,179,180,181,182,183,184,185,186]],"properties":{"NAME_1":"Cần Thơ","id":"12","GID_1":"VNM.12_1","GID_0":"VNM","COUNTRY":"Vietnam","VARNAME_1":"Can Tho","NL_NAME_1":"NA","TYPE_1":"Thành phố","ENGTYPE_1":"City","CC_1":"NA","HASC_1":"VN.CN","ISO_1":"NA"}},{"type":"Polygon","arcs":[[187,188,189,190,191,192,193,194,195,196,197,198,199,200,201,202,203,204,205,206,207,208,209,210,211,212,213,214,215,216,217,218,219,220,221]],"properties":{"NAME_1":"Gia Lai","id":"20","GID_1":"VNM.21_1","GID_0":"VNM","COUNTRY":"Vietnam","VARNAME_1":"Gia Lai","NL_NAME_1":"NA","TYPE_1":"Tỉnh","ENGTYPE_1":"Province","CC_1":"NA","HASC_1":"VN.GL","ISO_1":"VN-30"}},{"type":"Polygon","arcs":[[222,223,224,225,226,227,228,229,230,231,232,233,234,235,236,237,238,239,240,241,242,243,244,245,246,247,248,249,250,251,252,253,254]],"properties":{"NAME_1":"Hoà Bình","id":"29","GID_1":"VNM.30_1","GID_0":"VNM","COUNTRY":"Vietnam","VARNAME_1":"Hoa Binh","NL_NAME_1":"NA","TYPE_1":"Tỉnh","ENGTYPE_1":"Province","CC_1":"NA","HASC_1":"VN.HO","ISO_1":"NA"}},{"type":"Polygon","arcs":[[255,256,257,258,259,260,261,262,263,264,265,266,267,268,269,270,271,272,273,274,275,276,277,278,279,280,281,282,283,284,285,286,287,288,289,290,291,292,293,294,295,296,297,298,299,300,301,302,303,304,305,306,307,308,309,310,311],[312],[313],[314],[315],[316],[317]],"properties":{"NAME_1":"Hoàng Liên Sơn","id":"37","GID_1":"VNM.38_1","GID_0":"VNM","COUNTRY":"Vietnam","VARNAME_1":"Lao Cai","NL_NAME_1":"NA","TYPE_1":"Tỉnh","ENGTYPE_1":"Province","CC_1":"NA","HASC_1":"VN.LO","ISO_1":"NA"}},{"type":"Polygon","arcs":[[318,319,320,321,322,323,324,325,326,327,328,-136,329,-134,330,-132,331,-130,332,333,334,335,336,337,338,339,340,341,342,343,344,345,346,347,348,349,350,351,352,353,354,355,356,357,358,359,360,361,362,363],[364]],"properties":{"NAME_1":"Hà Bắc","id":"2","GID_1":"VNM.3_1","GID_0":"VNM","COUNTRY":"Vietnam","VARNAME_1":"Bac Giang","NL_NAME_1":"NA","TYPE_1":"Tỉnh","ENGTYPE_1":"Province","CC_1":"NA","HASC_1":"VN.BG","ISO_1":"NA"}},{"type":"Polygon","arcs":[[365,366,-291,367,-289,368,-287,369,-285,370,371,-163,372,373,374,375,376,377,378,379,380,-297,381,-295,382]],"properties":{"NAME_1":"Hà Giang","id":"21","GID_1":"VNM.26_1","GID_0":"VNM","COUNTRY":"Vietnam","VARNAME_1":"Ha Giang","NL_NAME_1":"NA","TYPE_1":"Tỉnh","ENGTYPE_1":"Province","CC_1":"NA","HASC_1":"VN.HG","ISO_1":"NA"}},{"type":"Polygon","arcs":[[-249,383,-247,384,-245,385,-243,386,-241,387,388,389,390,391,392,393,394,395,-90,396,-88,397,398,399,400,-327,401,-325,402,-323,403,-321,404,405,406,407,408,409,410,411,412,413,414,415,416]],"properties":{"NAME_1":"Hà Nội","id":"23","GID_1":"VNM.27_1","GID_0":"VNM","COUNTRY":"Vietnam","VARNAME_1":"Ha Noi","NL_NAME_1":"NA","TYPE_1":"Thành phố","ENGTYPE_1":"City","CC_1":"NA","HASC_1":"VN.HI","ISO_1":"NA"}},{"type":"Polygon","arcs":[[417,-409,418,419,-406,420,-319,421,-363,422,-361,423,-359,424,425,-356,426,427,428,429,430,431,432,433,434,435,436,437,438,439,440,441,442,443,444,445,446,447,448,449,450,451,452,453,454,455,456,457,458,459,460,461,462,463,464,465,466,467]],"properties":{"NAME_1":"Hải Hưng","id":"30","GID_1":"VNM.31_1","GID_0":"VNM","COUNTRY":"Vietnam","VARNAME_1":"Hung Yen","NL_NAME_1":"NA","TYPE_1":"Tỉnh","ENGTYPE_1":"Province","CC_1":"NA","HASC_1":"VN.HY","ISO_1":"NA"}},{"type":"MultiPolygon","arcs":[[[468]],[[469]],[[470]],[[471]],[[472]],[[473]],[[474]],[[475]],[[476,-451,477,-449,478,-447,479,-445,480,-443,481,-441,482,-439,483,-437,484,-435,485,-433,486,487,488,489,490,491]],[[492]],[[493]],[[494]],[[495]],[[496]],[[497]],[[498]],[[499]],[[500]],[[501]],[[502]],[[503]],[[504]],[[505]],[[506]],[[507]],[[508]],[[509]],[[510]],[[511]],[[512]],[[513]],[[514]],[[515]],[[516]],[[517]],[[518]],[[519]],[[520]],[[521]],[[522]],[[523]],[[524]],[[525]],[[526]],[[527]],[[528]],[[529]],[[530]],[[531]],[[532]],[[533]],[[534]],[[535]],[[536]],[[537]],[[538]],[[539]],[[540]],[[541]],[[542]],[[543]],[[544]],[[545]],[[546]],[[547]],[[548]],[[549]],[[550]],[[551]],[[552]],[[553]],[[554]],[[555]],[[556]],[[557]],[[558]],[[559]],[[560]],[[561]],[[562]],[[563]],[[564]],[[565]],[[566]],[[567]],[[568]],[[569]],[[570]],[[571]],[[572]],[[573]],[[574]],[[575]],[[576]],[[577]],[[578]],[[579]],[[580]],[[581]],[[582]],[[583]],[[584]],[[585]],[[586]],[[587]],[[588]],[[589]],[[590]],[[591]],[[592]],[[593]],[[594]],[[595]],[[596]],[[597]],[[598]],[[599]],[[600]],[[601]],[[602]],[[603]],[[604]],[[605]],[[606]],[[607]],[[608]],[[609]],[[610]],[[611]],[[612]],[[613]],[[614]],[[615]],[[616]],[[617]],[[618]],[[619]],[[620]],[[621]],[[622]],[[623]],[[624]],[[625]],[[626]],[[627]],[[628]],[[629]],[[630]],[[631]],[[632]],[[633]],[[634]],[[635]],[[636]],[[637]],[[638]],[[639]],[[640]],[[641]],[[642]],[[643]],[[644]],[[645]],[[646]],[[647]],[[648]],[[649]],[[650]],[[651]],[[652]],[[653]],[[654]],[[655]],[[656]],[[657]],[[658]],[[659]],[[660]],[[661]],[[662]],[[663]],[[664]]],"properties":{"NAME_1":"Hải Phòng","id":"26","GID_1":"VNM.23_1","GID_0":"VNM","COUNTRY":"Vietnam","VARNAME_1":"Hai Phong","NL_NAME_1":"NA","TYPE_1":"Thành phố","ENGTYPE_1":"City","CC_1":"NA","HASC_1":"VN.HP","ISO_1":"NA"}},{"type":"Polygon","arcs":[[665,666,667,668,669,670,671,672,673,674,675,676,677,678,679,680,681,682,683,684,685,686,-15,687,-13,688]],"properties":{"NAME_1":"Hồ Chí Minh","id":"28","GID_1":"VNM.25_1","GID_0":"VNM","COUNTRY":"Vietnam","VARNAME_1":"Ho Chi Minh","NL_NAME_1":"NA","TYPE_1":"Thành phố","ENGTYPE_1":"City","CC_1":"NA","HASC_1":"VN.HC","ISO_1":"NA"}},{"type":"MultiPolygon","arcs":[[[689]],[[690]],[[691]],[[692]],[[693]],[[694]],[[695]],[[696]],[[697]],[[698]],[[699]],[[700]],[[701]],[[702]],[[703]],[[704]],[[705]],[[706]],[[707]],[[708]],[[709]],[[710]],[[711]],[[712]],[[713]],[[714]],[[715]],[[716]],[[717]],[[718]],[[719]],[[720]],[[721]],[[722]],[[723]],[[724]],[[725]],[[726]],[[727]],[[728]],[[729]],[[730]],[[731]],[[732]],[[733]],[[734]],[[735]],[[736]],[[737]],[[738]],[[739]],[[740]],[[741]],[[742]],[[743]],[[744]],[[745]],[[746,747]],[[748]],[[749]],[[750]],[[751]],[[752]],[[753]],[[754]],[[755]],[[756]],[[757]],[[758]],[[759]],[[760]],[[761]],[[762]],[[763]],[[764]],[[765]],[[766]],[[767]],[[768]],[[769]],[[770]],[[771]],[[772]],[[773]],[[774]],[[775]],[[776]],[[777]],[[778]],[[779]],[[780]],[[781]],[[782]],[[783]],[[784]],[[785]],[[786]],[[787]],[[788]],[[789]],[[790]],[[791]],[[792]],[[793]],[[794]],[[795]],[[796]],[[797]],[[798]],[[799]],[[800]],[[801]],[[802]],[[803]],[[804]],[[805]],[[-6,806,-176,807,-174,808,-172,809,810,811,812,813]],[[814]],[[815]],[[816]],[[817]],[[818]],[[819]],[[820]],[[821]],[[822]],[[823]],[[824]],[[825]],[[826]],[[827]],[[828]],[[829]],[[830]],[[831]],[[832]],[[833]],[[834]],[[835]],[[836]],[[837]],[[838]],[[839]],[[840]],[[841]],[[842]],[[843]],[[844]],[[845]],[[846]],[[847]]],"properties":{"NAME_1":"Kiên Giang","id":"32","GID_1":"VNM.33_1","GID_0":"VNM","COUNTRY":"Vietnam","VARNAME_1":"Kien Giang","NL_NAME_1":"NA","TYPE_1":"Tỉnh","ENGTYPE_1":"Province","CC_1":"NA","HASC_1":"VN.KG","ISO_1":"NA"}},{"type":"Polygon","arcs":[[848,849,850,851,852,853,854,855,856,857,858,859,860,861,862,863,864,865,866,867,-200,868,-198,869,-196,870]],"properties":{"NAME_1":"Kon Tum","id":"33","GID_1":"VNM.34_1","GID_0":"VNM","COUNTRY":"Vietnam","VARNAME_1":"Kon Tum","NL_NAME_1":"NA","TYPE_1":"Tỉnh","ENGTYPE_1":"Province","CC_1":"NA","HASC_1":"VN.KT","ISO_1":"VN-28"}},{"type":"Polygon","arcs":[[871,872,873,874,875,876,877,878,879,880,881,882,883,884,885,886,887,888,889,-670,890,-668,891,892,893,894,895,896,897]],"properties":{"NAME_1":"Long An","id":"38","GID_1":"VNM.39_1","GID_0":"VNM","COUNTRY":"Vietnam","VARNAME_1":"Long An","NL_NAME_1":"NA","TYPE_1":"Tỉnh","ENGTYPE_1":"Province","CC_1":"NA","HASC_1":"VN.LA","ISO_1":"VN-41"}},{"type":"Polygon","arcs":[[898,-37,899,-35,900,901,902,903,904,905,906,907,908,909,910,911,912,913,914,915,916,917,918,919,920,921,922,923,924,925,926,927,928,929,930,931,932,933,934,935,936,937,938,939,-39]],"properties":{"NAME_1":"Lâm Đồng","id":"35","GID_1":"VNM.37_1","GID_0":"VNM","COUNTRY":"Vietnam","VARNAME_1":"Lam Dong","NL_NAME_1":"NA","TYPE_1":"Tỉnh","ENGTYPE_1":"Province","CC_1":"NA","HASC_1":"VN.LD","ISO_1":"NA"}},{"type":"Polygon","arcs":[[940,-348,941,-346,942,-344,943,-342,944,-340,945,-338,946,947,-335,948,-333,-129,949,-127,950,-125,951,-123,952,-121,953,-119,954,-117,955,-154,956,-152,957,-150,958,-168,959,960,-165,961,962,963,964,965,966,967,-350]],"properties":{"NAME_1":"Lạng Sơn","id":"36","GID_1":"VNM.35_1","GID_0":"VNM","COUNTRY":"Vietnam","VARNAME_1":"Lang Son","NL_NAME_1":"NA","TYPE_1":"Tỉnh","ENGTYPE_1":"Province","CC_1":"NA","HASC_1":"VN.LS","ISO_1":"NA"}},{"type":"MultiPolygon","arcs":[[[968]],[[969]],[[970]],[[971]],[[972]],[[973]],[[974]],[[-813,975,-811,976,-170,977,-187,978,979,980,981,982,983,984,985,986,987]]],"properties":{"NAME_1":"Minh Hải","id":"4","GID_1":"VNM.2_1","GID_0":"VNM","COUNTRY":"Vietnam","VARNAME_1":"Bac Lieu","NL_NAME_1":"NA","TYPE_1":"Tỉnh","ENGTYPE_1":"Province","CC_1":"NA","HASC_1":"VN.BL","ISO_1":"NA"}},{"type":"Polygon","arcs":[[988,989,990,991,992,993,994,995,996,997,998,999,1000,1001,-253,1002,-251,1003,-416,1004,-414,1005,1006,-411,1007,1008,1009,-466,1010,1011,1012,1013,1014,1015,1016,1017,1018,1019,1020,1021,1022],[1023],[1024]],"properties":{"NAME_1":"Nam Hà","id":"22","GID_1":"VNM.28_1","GID_0":"VNM","COUNTRY":"Vietnam","VARNAME_1":"Ha Nam","NL_NAME_1":"NA","TYPE_1":"Tỉnh","ENGTYPE_1":"Province","CC_1":"NA","HASC_1":"VN.HM","ISO_1":"NA"}},{"type":"MultiPolygon","arcs":[[[1025]],[[1026]],[[1027]],[[1028]],[[1029,1030,1031,-213,1032,-211,1033,-209,1034,-207,1035,-205,1036,1037,-202,1038,-867,1039,-865,1040,1041,-862,1042,-860,1043,1044,1045,1046,1047,1048],[1049],[1050],[1051],[1052]],[[1053]],[[1054]],[[1055]],[[1056]],[[1057]],[[1058]],[[1059]],[[1060]],[[1061]],[[1062]],[[1063]],[[1064]],[[1065]],[[1066]],[[1067]],[[1068]],[[1069]],[[1070]],[[1071]],[[1072]],[[1073]],[[1074]],[[1075]],[[1076]],[[1077]],[[1078]],[[1079]],[[1080]],[[1081]],[[1082]],[[1083]],[[1084]],[[1085]],[[1086]],[[1087]],[[1088]],[[1089]],[[1090]],[[1091]],[[1092]],[[1093]],[[1094]],[[1095]],[[1096]],[[1097]],[[1098]],[[1099]],[[1100]],[[1101]],[[1102]],[[1103]],[[1104]],[[1105]],[[1106]],[[1107]],[[1108]],[[1109]],[[1110]]],"properties":{"NAME_1":"Nghĩa Bình","id":"7","GID_1":"VNM.8_1","GID_0":"VNM","COUNTRY":"Vietnam","VARNAME_1":"Binh Dinh","NL_NAME_1":"NA","TYPE_1":"Tỉnh","ENGTYPE_1":"Province","CC_1":"NA","HASC_1":"VN.BD","ISO_1":"NA"}},{"type":"MultiPolygon","arcs":[[[1111]],[[1112]],[[1113]],[[1114]],[[1115]],[[1116]],[[1117]],[[1118,-56,1119,-54,1120,-52,1121,-50,1122,1123,1124,1125,1126,1127,1128,1129,1130,1131,1132,-60,1133,-58],[1134],[1135],[1136]],[[1137]],[[1138]],[[1139]],[[1140]],[[1141]],[[1142]],[[1143]]],"properties":{"NAME_1":"Nghệ Tĩnh","id":"24","GID_1":"VNM.29_1","GID_0":"VNM","COUNTRY":"Vietnam","VARNAME_1":"Ha Tinh","NL_NAME_1":"NA","TYPE_1":"Tỉnh","ENGTYPE_1":"Province","CC_1":"NA","HASC_1":"VN.HT","ISO_1":"NA"}},{"type":"Polygon","arcs":[[1144,1145,-224,1146,-255,1147,-1001,1148,-999,1149,-997,1150,-995,1151,-993,1152,-991,1153,-989,1154]],"properties":{"NAME_1":"Ninh Bình","id":"41","GID_1":"VNM.42_1","GID_0":"VNM","COUNTRY":"Vietnam","VARNAME_1":"Ninh Binh","NL_NAME_1":"NA","TYPE_1":"Tỉnh","ENGTYPE_1":"Province","CC_1":"NA","HASC_1":"VN.NB","ISO_1":"NA"}},{"type":"MultiPolygon","arcs":[[[1155]],[[1156]],[[1157]],[[-41,1158,-939,1159,-937,1160,-935,1161,1162,1163,1164]]],"properties":{"NAME_1":"Ninh Thuận","id":"42","GID_1":"VNM.43_1","GID_0":"VNM","COUNTRY":"Vietnam","VARNAME_1":"Ninh Thuan","NL_NAME_1":"NA","TYPE_1":"Tỉnh","ENGTYPE_1":"Province","CC_1":"NA","HASC_1":"VN.NT","ISO_1":"NA"}},{"type":"MultiPolygon","arcs":[[[1165]],[[1166]],[[1167]],[[1168]],[[1169]],[[1170]],[[1171]],[[1172]],[[1173]],[[1174]],[[1175]],[[1176]],[[1177]],[[1178]],[[1179]],[[1180]],[[1181]],[[1182]],[[1183]],[[1184]],[[1185]],[[1186]],[[1187]],[[1188,1189,-933,1190,1191,1192,1193,1194,1195,1196,1197,1198,1199,1200,-219,1201,-217,1202,-215,1203,-1031,1204,-1049,1205,-1164]],[[1206]],[[1207]],[[1208]],[[1209]],[[1210]],[[1211]],[[1212]],[[1213]],[[1214]],[[1215]],[[1216]],[[1217]],[[1218]],[[1219]],[[1220]],[[1221]],[[1222]],[[1223]],[[1224]],[[1225]],[[1226]],[[1227]],[[1228]],[[1229]],[[1230]],[[1231]],[[1232]],[[1233]],[[1234]],[[1235]],[[1236]],[[1237]],[[1238]],[[1239]],[[1240]],[[1241]],[[1242,1243]],[[1244]],[[1245]],[[1246]],[[1247]],[[1248]],[[1249]],[[1250]],[[1251]],[[1252]],[[1253]],[[1254]],[[1255]],[[1256]],[[1257]],[[1258]],[[1259]],[[1260]],[[1261]],[[1262]],[[1263]],[[1264]],[[1265]],[[1266]],[[1267]],[[1268]],[[1269]],[[1270]],[[1271]],[[1272]],[[1273]],[[1274]],[[1275]],[[1276]],[[1277]],[[1278]],[[1279]],[[1280]],[[1281]],[[1282]],[[1283]],[[1284]],[[1285]],[[1286]],[[1287]],[[1288]],[[1289]],[[1290]],[[1291]],[[1292]],[[1293]],[[1294]],[[1295]],[[1296]],[[1297]],[[1298]],[[1299]],[[1300]],[[1301]],[[1302]],[[1303]],[[1304]],[[1305]],[[1306]],[[1307]],[[1308]],[[1309]],[[1310]],[[1311]],[[1312]],[[1313]],[[1314]],[[1315]],[[1316]],[[1317]],[[1318]],[[1319]],[[1320]],[[1321]],[[1322]],[[1323]],[[1324]],[[1325]],[[1326]],[[1327]],[[1328]],[[1329]],[[1330]],[[1331]],[[1332]],[[1333]],[[1334]],[[1335]],[[1336]],[[1337]],[[1338]],[[1339]],[[1340]],[[1341]],[[1342]],[[1343]],[[1344]],[[1345]],[[1346]],[[1347]],[[1348]],[[1349]],[[1350]],[[1351]],[[1352]],[[1353]],[[1354]],[[1355]],[[1356]],[[1357]],[[1358]],[[1359]],[[1360]],[[1361]],[[1362]],[[1363]],[[1364]],[[1365]],[[1366]],[[1367]],[[1368]],[[1369]],[[1370]],[[1371]],[[1372]],[[1373]],[[1374]],[[1375]],[[1376]],[[1377]],[[1378]],[[1379]],[[1380]],[[1381]],[[1382]],[[1383]],[[1384]],[[1385]],[[1386]],[[1387]],[[1388]],[[1389]],[[1390]],[[1391]],[[1392]],[[1393]],[[1394]],[[1395]],[[1396]],[[1397]],[[1398]],[[1399]],[[1400]],[[1401]],[[1402]],[[1403]],[[1404]],[[1405]],[[1406]],[[1407]],[[1408]],[[1409]],[[1410]],[[1411]],[[1412]],[[1413]],[[1414]],[[1415]],[[1416]],[[1417]],[[1418]],[[1419]],[[1420]],[[1421]],[[1422]],[[1423]],[[1424]],[[1425]],[[1426]],[[1427]],[[1428]],[[1429]],[[1430]],[[1431]],[[1432]],[[1433]],[[1434]],[[1435]],[[1436]],[[1437]],[[1438]],[[1439]],[[1440]],[[1441]],[[1442]],[[1443]],[[1444]],[[1445]],[[1446]],[[1447]],[[1448]],[[1449]],[[1450]],[[1451]],[[1452]],[[1453]],[[1454]],[[1455]],[[1456]],[[1457]],[[1458]],[[1459]],[[1460]],[[1461]],[[1462]],[[1463]],[[1464]],[[1465]],[[1466]],[[1467]],[[1468]],[[1469]],[[1470]],[[1471]],[[1472]],[[1473]],[[1474]],[[1475]],[[1476]],[[1477]],[[1478]],[[1479]],[[1480]],[[1481]],[[1482]],[[1483]],[[1484]],[[1485]],[[1486]],[[1487]],[[1488]],[[1489]],[[1490]],[[1491]],[[1492]],[[1493]],[[1494]],[[1495]],[[1496]],[[1497]],[[1498]],[[1499]],[[1500]],[[1501]],[[1502]],[[1503]],[[1504]],[[1505]],[[1506]],[[1507]],[[1508]],[[1509]],[[1510]],[[1511]],[[1512]],[[1513]],[[1514]],[[1515]],[[1516]],[[1517]],[[1518]],[[1519]],[[1520]],[[1521]],[[1522]],[[1523]],[[1524]],[[1525]],[[1526]],[[1527]],[[1528]],[[1529]],[[1530]],[[1531]],[[1532]],[[1533]],[[1534]],[[1535]],[[1536]],[[1537]],[[1538]],[[1539]],[[1540]],[[1541]],[[1542]],[[1543]],[[1544]],[[1545]],[[1546]],[[1547]],[[1548]],[[1549]],[[1550]],[[1551]],[[1552]],[[1553]],[[1554]],[[1555]],[[1556]],[[1557]],[[1558]],[[1559]],[[1560]],[[1561]],[[1562]],[[1563]],[[1564]],[[1565]],[[1566]],[[1567]],[[1568]],[[1569]],[[1570]],[[1571]],[[1572]],[[1573]],[[1574]],[[1575]],[[1576]],[[1577]],[[1578]],[[1579]],[[1580]],[[1581]],[[1582]],[[1583]],[[1584]],[[1585]],[[1586]],[[1587]],[[1588]],[[1589]],[[1590]],[[1591]],[[1592]],[[1593]],[[1594]],[[1595]],[[1596]],[[1597]],[[1598]],[[1599]],[[1600]],[[1601]],[[1602]],[[1603]],[[1604]],[[1605]],[[1606]],[[1607]],[[1608]],[[1609]],[[1610]],[[1611]],[[1612]],[[1613]],[[1614]],[[1615]],[[1616]],[[1617]],[[1618]],[[1619]],[[1620]],[[1621]],[[1622]],[[1623]],[[1624]],[[1625]],[[1626]],[[1627]],[[1628]],[[1629]],[[1630]],[[1631]],[[1632]],[[1633]],[[1634]],[[1635]],[[1636]],[[1637]],[[1638]],[[1639]],[[1640]],[[1641]]],"properties":{"NAME_1":"Phú Khánh","id":"31","GID_1":"VNM.32_1","GID_0":"VNM","COUNTRY":"Vietnam","VARNAME_1":"Khanh Hoa","NL_NAME_1":"NA","TYPE_1":"Tỉnh","ENGTYPE_1":"Province","CC_1":"NA","HASC_1":"VN.KH","ISO_1":"NA"}},{"type":"MultiPolygon","arcs":[[[1642]],[[1643]],[[1644]],[[1645,1646,-849,1647,-69,1648,-67,1649,1650,-64,1651,-62,1652,-1047,1653,-1045,1654,-858,1655,-856,1656,-854,1657,-852],[1658],[1659],[1660],[1661],[1662],[1663],[1664],[1665]],[[1666]],[[1667]],[[1668]],[[1669]],[[1670]],[[1671]],[[1672]],[[1673]],[[1674]],[[1675]],[[1676]],[[1677]],[[1678]],[[1679]],[[1680]],[[1681]],[[1682]],[[1683]],[[1684]],[[1685]],[[1686]],[[1687]],[[1688]],[[1689]],[[1690]],[[1691]],[[1692]],[[1693]]],"properties":{"NAME_1":"Quảng Nam - Đà Nẵng","id":"46","GID_1":"VNM.47_1","GID_0":"VNM","COUNTRY":"Vietnam","VARNAME_1":"Quang Nam","NL_NAME_1":"NA","TYPE_1":"Tỉnh","ENGTYPE_1":"Province","CC_1":"NA","HASC_1":"VN.QM","ISO_1":"NA"}},{"type":"MultiPolygon","arcs":[[[1694]],[[1695]],[[1696]],[[1697]],[[1698]],[[1699]],[[1700]],[[1701]],[[1702]],[[1703]],[[1704]],[[1705]],[[1706]],[[1707]],[[1708]],[[1709]],[[1710]],[[1711]],[[1712]],[[1713]],[[1714]],[[1715]],[[1716]],[[1717]],[[1718]],[[1719]],[[1720]],[[1721]],[[1722]],[[1723]],[[1724]],[[1725]],[[1726]],[[1727]],[[1728]],[[1729]],[[1730]],[[1731]],[[1732]],[[1733]],[[1734]],[[1735]],[[1736]],[[1737]],[[1738]],[[1739]],[[1740]],[[1741]],[[1742]],[[1743]],[[1744]],[[1745]],[[1746]],[[1747]],[[1748]],[[1749]],[[1750]],[[1751]],[[1752]],[[1753]],[[1754]],[[1755]],[[1756]],[[1757]],[[1758]],[[1759]],[[1760]],[[1761]],[[1762]],[[1763]],[[1764]],[[1765]],[[1766,-428,1767,-354,1768,-352,1769,-967,1770,-965,1771,-963,1772,-488,1773,-432,1774,-430]],[[1775]],[[1776]],[[1777]],[[1778]],[[1779]],[[1780]],[[1781]],[[1782]],[[1783]],[[1784]],[[1785]],[[1786]],[[1787]],[[1788]],[[1789]],[[1790]],[[1791]],[[1792]],[[1793]],[[1794]],[[1795]],[[1796]],[[1797]],[[1798]],[[1799]],[[1800]],[[1801]],[[1802]],[[1803]],[[1804]],[[1805]],[[1806]],[[1807]],[[1808]],[[1809]],[[1810]],[[1811]],[[1812]],[[1813]],[[1814]],[[1815]],[[1816]],[[1817]],[[1818]],[[1819]],[[1820]],[[1821]],[[1822]],[[1823]],[[1824]],[[1825]],[[1826]],[[1827]],[[1828]],[[1829]],[[1830]],[[1831]],[[1832]],[[1833]],[[1834]],[[1835]],[[1836]],[[1837]],[[1838]],[[1839]],[[1840]],[[1841]],[[1842]],[[1843]],[[1844]],[[1845]],[[1846]],[[1847]],[[1848]],[[1849]],[[1850]],[[1851]],[[1852]],[[1853]],[[1854]],[[1855]],[[1856]],[[1857]],[[1858]],[[1859]],[[1860]],[[1861]],[[1862]],[[1863]],[[1864]],[[1865]],[[1866]],[[1867]],[[1868]],[[1869]],[[1870]],[[1871]],[[1872]],[[1873]],[[1874]],[[1875]],[[1876]],[[1877]],[[1878]],[[1879]],[[1880]],[[1881]],[[1882]],[[1883]],[[1884]],[[1885]],[[1886]],[[1887]],[[1888]],[[1889]],[[1890]],[[1891]],[[1892]],[[1893]],[[1894]],[[1895]],[[1896]],[[1897]],[[1898]],[[1899]],[[1900]],[[1901]],[[1902]],[[1903]],[[1904]],[[1905]],[[1906]],[[1907]],[[1908]],[[1909]],[[1910]],[[1911]],[[1912]],[[1913]],[[1914]],[[1915]],[[1916]],[[1917]],[[1918]],[[1919]],[[1920]],[[1921]],[[1922]],[[1923]],[[1924]],[[1925]],[[1926]],[[1927]],[[1928]],[[1929]],[[1930]],[[1931]],[[1932]],[[1933]],[[1934]],[[1935]],[[1936]],[[1937]],[[1938]],[[1939]],[[1940]],[[1941]],[[1942]],[[1943]],[[1944]],[[1945]],[[1946]],[[1947]],[[1948]],[[1949]],[[1950]],[[1951]],[[1952]],[[1953]],[[1954]],[[1955]],[[1956]],[[1957]],[[1958]],[[1959]],[[1960]],[[1961]],[[1962]],[[1963]],[[1964]],[[1965]],[[1966]],[[1967]],[[1968]],[[1969]],[[1970]],[[1971]],[[1972]],[[1973]],[[1974]],[[1975]],[[1976]],[[1977]],[[1978]],[[1979]],[[1980]],[[1981]],[[1982]],[[1983]],[[1984]],[[1985]],[[1986]],[[1987]],[[1988]],[[1989]],[[1990]],[[1991]],[[1992]],[[1993]],[[1994]],[[1995]],[[1996]],[[1997]],[[1998]],[[1999]],[[2000]],[[2001]],[[2002]],[[2003]],[[2004]],[[2005]],[[2006]],[[2007]],[[2008]],[[2009]],[[2010]],[[2011]],[[2012]],[[2013]],[[2014]],[[2015]],[[2016]],[[2017]],[[2018]],[[2019]],[[2020]],[[2021]],[[2022]],[[2023]],[[2024]],[[2025]],[[2026]],[[2027]],[[2028]],[[2029]],[[2030]],[[2031]],[[2032]],[[2033]],[[2034]],[[2035]],[[2036]],[[2037]],[[2038]],[[2039]],[[2040]],[[2041]],[[2042]],[[2043]],[[2044]],[[2045]],[[2046]],[[2047]],[[2048]],[[2049]],[[2050]],[[2051]],[[2052]],[[2053]],[[2054]],[[2055]],[[2056]],[[2057]],[[2058]],[[2059]],[[2060]],[[2061]],[[2062]],[[2063]],[[2064]],[[2065]],[[2066]],[[2067]],[[2068]],[[2069]],[[2070]],[[2071]],[[2072]],[[2073]],[[2074]],[[2075]],[[2076]],[[2077]],[[2078]],[[2079]],[[2080]],[[2081]],[[2082]],[[2083]],[[2084]],[[2085]],[[2086]],[[2087]],[[2088]],[[2089]],[[2090]],[[2091]],[[2092]],[[2093]],[[2094]],[[2095]],[[2096]],[[2097]],[[2098]],[[2099]],[[2100]],[[2101]],[[2102]],[[2103]],[[2104]],[[2105]],[[2106]],[[2107]],[[2108]],[[2109]],[[2110]],[[2111]],[[2112]],[[2113]],[[2114]],[[2115]],[[2116]],[[2117]],[[2118]],[[2119]],[[2120]],[[2121]],[[2122]],[[2123]],[[2124]],[[2125]],[[2126]],[[2127]],[[2128]],[[2129]],[[2130]],[[2131]],[[2132]],[[2133]],[[2134]],[[2135]],[[2136]],[[2137]],[[2138]],[[2139]],[[2140]],[[2141]],[[2142]],[[2143]],[[2144]],[[2145]],[[2146]],[[2147]],[[2148]],[[2149]],[[2150]],[[2151]],[[2152]],[[2153]],[[2154]],[[2155]],[[2156]],[[2157]],[[2158]],[[2159]],[[2160]],[[2161]],[[2162]],[[2163]],[[2164]],[[2165]],[[2166]],[[2167]],[[2168]],[[2169]],[[2170]],[[2171]],[[2172]],[[2173]],[[2174]],[[2175]],[[2176]],[[2177]],[[2178]],[[2179]],[[2180]],[[2181]],[[2182]],[[2183]],[[2184]],[[2185]],[[2186]],[[2187]],[[2188]],[[2189]],[[2190]],[[2191]],[[2192]],[[2193]],[[2194]],[[2195]],[[2196]],[[2197]],[[2198]],[[2199]],[[2200]],[[2201]],[[2202]],[[2203]],[[2204]],[[2205]],[[2206]],[[2207]],[[2208]],[[2209]],[[2210]],[[2211]],[[2212]],[[2213]],[[2214]],[[2215]],[[2216]],[[2217]],[[2218]],[[2219]],[[2220]],[[2221]],[[2222]],[[2223]],[[2224]],[[2225]],[[2226]],[[2227]],[[2228]],[[2229]],[[2230]],[[2231]],[[2232]],[[2233]],[[2234]],[[2235]],[[2236]],[[2237]],[[2238]],[[2239]],[[2240]],[[2241]],[[2242]],[[2243]],[[2244]],[[2245]],[[2246]],[[2247]],[[2248]],[[2249]],[[2250]],[[2251]],[[2252]],[[2253]],[[2254]],[[2255]],[[2256]],[[2257]],[[2258]],[[2259]],[[2260]],[[2261]],[[2262]],[[2263]],[[2264]],[[2265]],[[2266]],[[2267]],[[2268]],[[2269]],[[2270]],[[2271]],[[2272]],[[2273]],[[2274]],[[2275]],[[2276]],[[2277]],[[2278]],[[2279]],[[2280]],[[2281]],[[2282]]],"properties":{"NAME_1":"Quảng Ninh","id":"48","GID_1":"VNM.49_1","GID_0":"VNM","COUNTRY":"Vietnam","VARNAME_1":"Quang Ninh","NL_NAME_1":"NA","TYPE_1":"Tỉnh","ENGTYPE_1":"Province","CC_1":"NA","HASC_1":"VN.QN","ISO_1":"NA"}},{"type":"Polygon","arcs":[[2283,-985,2284,-983,2285,2286,-980,2287,-185,2288,2289,2290,2291,2292,-987]],"properties":{"NAME_1":"Sóc Trăng","id":"50","GID_1":"VNM.51_1","GID_0":"VNM","COUNTRY":"Vietnam","VARNAME_1":"Soc Trang","NL_NAME_1":"NA","TYPE_1":"Tỉnh","ENGTYPE_1":"Province","CC_1":"NA","HASC_1":"VN.ST","ISO_1":"NA"}},{"type":"Polygon","arcs":[[2293,-675,2294,2295,2296,2297,2298,2299,2300,-912,2301,-910,2302,-908,2303,2304,2305,2306,2307,2308,2309,2310,2311,2312,2313,2314,2315,2316,2317,2318,2319,-677],[2320],[2321],[2322],[2323],[2324],[2325],[2326]],"properties":{"NAME_1":"Sông Bé","id":"8","GID_1":"VNM.9_1","GID_0":"VNM","COUNTRY":"Vietnam","VARNAME_1":"Binh Duong","NL_NAME_1":"NA","TYPE_1":"Tỉnh","ENGTYPE_1":"Province","CC_1":"NA","HASC_1":"VN.BI","ISO_1":"NA"}},{"type":"Polygon","arcs":[[2327,2328,2329,2330,-271,2331,2332,2333,-267,2334,2335,-264,2336,-262,2337,-260,2338,-258,2339,-256,2340,-311,2341,2342,2343,-235,2344,-233,2345,-231,2346,2347,2348,2349]],"properties":{"NAME_1":"Sơn La","id":"51","GID_1":"VNM.52_1","GID_0":"VNM","COUNTRY":"Vietnam","VARNAME_1":"Son La","NL_NAME_1":"NA","TYPE_1":"Tỉnh","ENGTYPE_1":"Province","CC_1":"NA","HASC_1":"VN.SL","ISO_1":"NA"}},{"type":"MultiPolygon","arcs":[[[2350]],[[2351]],[[2352]],[[2353]],[[2354]],[[2355]],[[2356]],[[2357]],[[2358]],[[2359]],[[2360,-1126,2361,-1124,2362,-2349,2363,-2347,-230,2364,-228,2365,-226,2366,-1145,2367,-1132,2368,-1130,2369,-1128]],[[2370]],[[2371]],[[2372]],[[2373]],[[2374]],[[2375]],[[2376]],[[2377]],[[2378]],[[2379]]],"properties":{"NAME_1":"Thanh Hóa","id":"55","GID_1":"VNM.57_1","GID_0":"VNM","COUNTRY":"Vietnam","VARNAME_1":"Thanh Hoa","NL_NAME_1":"NA","TYPE_1":"Tỉnh","ENGTYPE_1":"Province","CC_1":"NA","HASC_1":"VN.TH","ISO_1":"NA"}},{"type":"MultiPolygon","arcs":[[[2380]],[[2381]],[[2382,2383,2384,-1014,2385,-1012,2386,-464,2387,-462,2388,2389,-459,2390,-457,2391,-455,2392,-453,-492,2393,-490,2394,-1022,2395,-1020,2396,-1018]]],"properties":{"NAME_1":"Thái Bình","id":"53","GID_1":"VNM.55_1","GID_0":"VNM","COUNTRY":"Vietnam","VARNAME_1":"Thai Binh","NL_NAME_1":"NA","TYPE_1":"Tỉnh","ENGTYPE_1":"Province","CC_1":"NA","HASC_1":"VN.TB","ISO_1":"NA"}},{"type":"MultiPolygon","arcs":[[[2397]],[[-147,2398,2399,2400,2401,2402,-881,2403,-879,2404,-877,2405,2406,-874,2407,-872,2408,-897,2409,-895,2410,-893,2411,-666,2412]]],"properties":{"NAME_1":"Tiền Giang","id":"57","GID_1":"VNM.58_1","GID_0":"VNM","COUNTRY":"Vietnam","VARNAME_1":"Tien Giang","NL_NAME_1":"NA","TYPE_1":"Tỉnh","ENGTYPE_1":"Province","CC_1":"NA","HASC_1":"VN.TG","ISO_1":"NA"}},{"type":"Polygon","arcs":[[2413,-2291,2414,2415,2416,2417,2418,-142,2419,-140,2420]],"properties":{"NAME_1":"Trà Vinh","id":"58","GID_1":"VNM.59_1","GID_0":"VNM","COUNTRY":"Vietnam","VARNAME_1":"Tra Vinh","NL_NAME_1":"NA","TYPE_1":"Tỉnh","ENGTYPE_1":"Province","CC_1":"NA","HASC_1":"VN.TV","ISO_1":"NA"}},{"type":"Polygon","arcs":[[-94,2421,2422,2423,2424,2425,2426,2427,2428,-301,2429,-299,2430,-380,2431,-378,2432,-376,2433,-374,2434,2435,-104,2436,-102,2437,-100,2438,-98,2439,-96,2440]],"properties":{"NAME_1":"Tuyên Quang","id":"59","GID_1":"VNM.60_1","GID_0":"VNM","COUNTRY":"Vietnam","VARNAME_1":"Tuyen Quang","NL_NAME_1":"NA","TYPE_1":"Tỉnh","ENGTYPE_1":"Province","CC_1":"NA","HASC_1":"VN.TQ","ISO_1":"NA"}},{"type":"Polygon","arcs":[[-2298,2441,-2296,2442,2443,-672,2444,-889,2445,-887,2446,-885,2447]],"properties":{"NAME_1":"Tây Ninh","id":"52","GID_1":"VNM.53_1","GID_0":"VNM","COUNTRY":"Vietnam","VARNAME_1":"Tay Ninh","NL_NAME_1":"NA","TYPE_1":"Tỉnh","ENGTYPE_1":"Province","CC_1":"NA","HASC_1":"VN.TN","ISO_1":"NA"}},{"type":"Polygon","arcs":[[2448,2449,-183,2450,2451,2452,2453,2454,2455,-2399,-146,2456,-144,2457,-2418,2458,-2416]],"properties":{"NAME_1":"Vĩnh Long","id":"60","GID_1":"VNM.61_1","GID_0":"VNM","COUNTRY":"Vietnam","VARNAME_1":"Vinh Long","NL_NAME_1":"NA","TYPE_1":"Tỉnh","ENGTYPE_1":"Province","CC_1":"NA","HASC_1":"VN.VL","ISO_1":"NA"}},{"type":"Polygon","arcs":[[-237,2459,-2343,2460,-309,2461,-307,2462,-305,2463,2464,2465,-2428,2466,-2426,2467,-2424,2468,2469,-92,2470,-395,2471,-393,2472,-391,2473,-389,2474,2475,2476],[2477]],"properties":{"NAME_1":"Vĩnh Phú","id":"43","GID_1":"VNM.44_1","GID_0":"VNM","COUNTRY":"Vietnam","VARNAME_1":"Phu Tho","NL_NAME_1":"NA","TYPE_1":"Tỉnh","ENGTYPE_1":"Province","CC_1":"NA","HASC_1":"VN.PT","ISO_1":"NA"}},{"type":"Polygon","arcs":[[-282,2478,-280,2479,-278,2480,-276,2481,-274,2482,-2329,2483,2484],[2485],[2486],[2487],[2488],[2489],[2490]],"properties":{"NAME_1":"Điện Biên","id":"17","GID_1":"VNM.20_1","GID_0":"VNM","COUNTRY":"Vietnam","VARNAME_1":"Dien Bien","NL_NAME_1":"NA","TYPE_1":"Tỉnh","ENGTYPE_1":"Province","CC_1":"NA","HASC_1":"VN.DB","ISO_1":"NA"}},{"type":"Polygon","arcs":[[-913,2491,-2300,2492,-194,2493,-192,2494,2495,-189,2496,-222,2497,2498,-1200,2499,-1198,2500,-1196,2501,-1194,2502,-1192,2503,-931,2504,-929,2505,-927,2506,-925,2507,-923,2508,-921,2509,-919,2510,-917,2511,-915,2512],[2513],[2514],[2515],[2516],[2517],[2518]],"properties":{"NAME_1":"Đắk Lắk","id":"15","GID_1":"VNM.15_1","GID_0":"VNM","COUNTRY":"Vietnam","VARNAME_1":"Dak Lak","NL_NAME_1":"NA","TYPE_1":"Tỉnh","ENGTYPE_1":"Province","CC_1":"NA","HASC_1":"VN.DC","ISO_1":"NA"}},{"type":"Polygon","arcs":[[2519,-686,2520,-684,2521,2522,-681,2523,-679,2524,-2319,2525,-2317,2526,-2315,2527,2528,-2312,2529,-2310,2530,-2308,2531,-2305,2532,-906,2533,-904,2534,-902,2535,-33,2536,-20,2537,-18,2538]],"properties":{"NAME_1":"Đồng Nai","id":"18","GID_1":"VNM.17_1","GID_0":"VNM","COUNTRY":"Vietnam","VARNAME_1":"Dong Nai","NL_NAME_1":"NA","TYPE_1":"Tỉnh","ENGTYPE_1":"Province","CC_1":"NA","HASC_1":"VN.DN","ISO_1":"NA"}},{"type":"Polygon","arcs":[[-2452,2539,-181,2540,-179,2541,-2,2542,-10,2543,-8,2544,-883,2545,-2402,2546,-2454,2547]],"properties":{"NAME_1":"Đồng Tháp","id":"19","GID_1":"VNM.18_1","GID_0":"VNM","COUNTRY":"Vietnam","VARNAME_1":"Dong Thap","NL_NAME_1":"NA","TYPE_1":"Tỉnh","ENGTYPE_1":"Province","CC_1":"NA","HASC_1":"VN.DT","ISO_1":"NA"}}]}},"arcs":[[[22158,21074],[34,-139],[-54,-47]],[[22138,20888],[2,-37],[-131,-51],[-65,-58],[3,-43],[-25,-23]],[[21922,20676],[50,-56]],[[21972,20620],[-53,-9],[-18,-45],[-49,-36],[-330,-46],[96,-202],[-690,-215],[-158,240],[-36,-30],[-35,49],[-91,-90],[10,-14],[-143,-127],[-40,42],[-52,-45]],[[20383,20092],[-143,-180]],[[20240,19912],[-24,26],[-141,-180],[-528,425],[-711,380],[13,17],[-1013,223],[-242,291],[12,16],[-164,260],[-45,104],[-127,130],[29,98],[-27,91]],[[17272,21793],[593,23],[182,151],[244,387],[149,164],[928,505],[-41,213],[-95,116],[-87,37],[-19,106],[-29,18],[10,107],[-149,293],[-42,152],[102,55],[-20,59],[75,32],[-17,51],[20,33],[87,51],[79,-14],[7,111],[211,45],[28,-9],[8,-80],[-92,-120],[-2,-44],[338,17],[173,-69],[52,0],[-26,-174]],[[19939,24009],[58,-220],[33,-10],[67,25],[66,-139],[99,-127],[175,-35],[4,-49],[-23,-46],[14,-73],[78,-46],[179,-15],[27,-21],[-25,-72],[-142,-80],[-19,-32],[20,-34],[160,-40],[224,42],[87,-51],[-28,-136],[-53,-115],[12,-147],[47,-155],[158,-307],[148,-27],[141,-111],[201,14],[216,-106],[63,42],[163,29]],[[22089,21967],[123,-56],[120,-100],[133,-260],[31,-190],[-8,-113]],[[22488,21248],[-126,34],[-41,-30],[-14,-54],[37,-25],[-82,-19],[-51,-31],[-14,-47],[-39,-2]],[[32422,20608],[-2,5],[10,-2],[-8,-3]],[[32527,21158],[-62,-124],[-37,10],[61,93],[38,21]],[[31817,21441],[5,259],[63,45],[132,165]],[[32017,21910],[1,26],[-15,24]],[[32003,21960],[-67,12],[-27,41],[105,175]],[[32014,22188],[0,30],[-60,110],[-118,83],[-21,39]],[[31815,22450],[19,49],[45,18],[70,-31]],[[31949,22486],[-23,66],[207,86],[339,-34],[31,69],[132,60],[25,57],[57,15],[45,204],[-10,56],[29,-25],[13,16],[-14,17],[19,4],[-49,16],[-14,70],[116,2],[229,168],[115,16],[-2,-100],[29,2],[0,-36],[29,3],[6,27],[72,12],[-1,23],[25,6],[86,-26],[-1,-21],[371,-9],[-6,-28],[30,-7],[-16,-23],[24,-103],[-25,9],[15,-27],[-19,-39],[29,-37],[-37,-57],[53,-58],[-53,-63],[120,-92],[91,54],[40,6],[41,-23],[52,23],[-9,36],[24,7],[-32,17],[1,25],[27,25],[-39,56],[64,51],[21,85],[49,30],[20,-10],[-2,18],[58,41],[21,61],[41,33],[14,-7],[17,45],[21,1],[23,36],[52,33],[68,-21],[47,102],[29,3],[49,73],[42,26],[61,-10],[27,-70],[89,14]],[[34932,23465],[15,-12],[70,-136]],[[35017,23317],[79,-12]],[[35096,23305],[55,25]],[[35151,23330],[-16,-50],[32,-44],[-9,-59],[34,-16],[30,-52],[66,-21],[15,-46],[45,-16],[61,-94],[-7,-39],[22,-30],[-55,-97],[44,-44],[41,-130]],[[35454,22592],[75,-101]],[[35529,22491],[-2,-34],[39,-53],[-4,-22],[-27,22],[-5,-17],[56,-93],[-22,-93],[11,-38],[-23,-23],[30,-44]],[[35582,22096],[-81,-62],[-195,-211],[-84,-123],[-179,-35],[-121,4],[-181,-184],[-48,13],[-124,-19],[-279,9],[-87,-21],[-96,-57],[-63,0],[-18,-29],[-77,-25],[-173,-132],[-267,-276],[-100,-4],[-113,119],[-79,43],[-289,-34],[-73,-82],[-87,-30],[-180,-110],[-101,-111],[-99,-150],[-21,41],[-55,36],[1,88],[-75,47],[9,76],[-44,36],[0,45],[23,38],[77,-21],[40,35],[-30,6],[8,10],[124,-26],[54,30],[45,89],[70,56],[-31,116],[-243,-25],[-135,88],[-94,118],[-294,-31]],[[44663,21961],[17,13],[-23,-56],[32,-107],[54,-29],[1,-42],[-54,-39],[-62,-4],[-122,67],[-33,159],[-27,39],[11,18],[43,26],[86,3],[50,-12],[27,-36]],[[44644,22024],[-2,5],[10,4],[-8,-9]],[[37106,22595],[-4,-4],[-4,6],[8,-2]],[[38334,22867],[21,11],[2,-14],[-23,3]],[[40371,24180],[6,-14],[-7,-3],[1,17]],[[35529,22491],[-46,51],[5,20],[-34,30]],[[35151,23330],[112,13],[213,119]],[[35476,23462],[127,126],[17,148],[-110,177],[4,420],[-115,253],[-38,-4],[-40,95],[-45,12],[-31,41],[-7,-14],[-33,18],[-45,67],[-38,12],[-128,-54],[-45,1],[-59,55],[-104,30],[-3,31],[-35,30],[-73,21],[-11,-14],[-24,28],[-42,3],[9,26],[-62,2],[-2,24],[-40,-17],[-20,33],[-57,9],[37,25],[110,-18],[61,88],[-21,67],[60,36],[-10,28],[48,10],[17,-30],[21,10],[68,158],[-62,83],[-35,3],[-30,67],[54,17],[15,59],[26,-15],[58,30],[-22,49],[49,49],[-10,55],[35,23],[31,-13],[-22,32],[29,14],[-5,39],[59,-12],[-44,55],[32,19],[11,-26],[29,38],[-39,31],[65,41],[-39,29],[55,23],[52,-29],[-34,28],[41,24],[-24,41],[6,40],[25,2],[11,-43],[36,11],[9,39],[35,9],[14,40],[18,-23],[31,24],[-3,124],[-35,72],[37,95],[-42,59],[21,35],[97,63],[0,46],[38,49]],[[35390,26791],[14,62],[2,92]],[[35406,26945],[79,29],[70,64]],[[35555,27038],[63,-2],[117,-143]],[[35735,26893],[134,-94],[141,-31],[70,4],[120,-70],[125,-25],[215,104],[58,175],[-2,-44],[32,-19],[42,20],[8,33],[386,33],[732,-53]],[[37796,26926],[168,-37],[46,-64]],[[38010,26825],[113,21],[106,-44],[127,-15],[59,-51],[175,-34],[-14,-60],[31,-74],[-8,-34],[48,-106],[40,-23],[-11,-109],[68,-85],[1,-31],[-44,-33],[13,-93],[-15,-29],[76,22],[2,151],[127,77],[71,74],[84,-21],[23,10],[24,52],[29,12],[-4,43],[28,52],[45,-75],[86,78],[338,85],[63,93],[147,63],[9,36],[51,48],[195,95],[122,134],[11,62],[87,34],[96,81],[-28,84],[-25,2],[-40,82],[-48,37],[-33,-7],[-17,-39],[-30,-1],[-100,212],[90,80],[-39,54],[93,110],[110,0],[75,59],[103,43],[42,-60],[66,24],[14,25],[52,-79],[2,-61],[24,-13],[24,21],[34,-11],[74,19],[49,92],[92,-39],[125,56],[73,-68],[59,-14],[69,23],[138,0],[40,41],[149,33],[140,-68],[4,-27],[48,-3],[16,-35],[87,-15],[31,35],[71,24],[59,91],[6,44],[29,10],[25,46],[-10,30]],[[42152,28068],[50,26],[408,-33]],[[42610,28061],[109,-282],[34,-25],[100,-166],[216,-71],[82,47],[241,7],[-30,-354],[173,-109],[8,-34],[107,-33],[281,-37],[12,-72],[80,-61],[50,-24],[76,22],[-8,-96],[-24,-27]],[[44117,26746],[-139,4],[-42,-16],[-39,-49],[-71,-25],[-76,13],[-46,-31],[-149,-26],[-32,-36],[-33,-111],[-113,-18],[-31,-32],[-20,-131],[-40,-99],[1,-64],[-81,-137],[-22,-151],[-118,-53],[-30,-64],[-23,2],[-9,79],[-49,32],[-274,61],[-158,-35],[-72,-73],[-35,42],[-153,6],[-60,-23],[-119,-104],[-104,-14],[-78,-46],[-26,12],[-51,-23],[-70,-64],[-112,-181],[-68,-150],[-61,-229],[-102,-55],[-89,52],[-76,-6],[-66,-42],[-67,-81],[-21,35],[-137,-10],[-44,25],[-60,-13],[-75,-51],[-100,-154],[-62,-281],[-46,-8],[-48,53],[-87,-16],[-80,-112],[-21,-153],[-41,-8],[-49,19],[7,114],[-37,46],[-309,77],[-108,-20],[-155,-89],[-90,-4],[-102,-37],[-118,16],[-32,-12],[-2,24],[-16,-2],[-115,-52],[-78,-60],[8,27],[-36,0],[-105,-38],[-145,-184],[0,9],[-27,19],[3,21],[-15,-8],[37,-44],[-161,-307],[-66,-190],[-87,-394],[-41,-25],[-15,-62],[-69,-81],[-11,-53],[-134,37],[-67,-34],[-46,43],[-299,81],[-196,-10],[-237,-96],[-47,13],[-107,-30],[-294,-294],[-140,-73],[-181,-55],[-135,7],[-87,-23],[-104,-45],[-98,-77],[-282,-92],[-322,-153]],[[43866,26111],[-30,-45],[-57,16],[10,23],[72,18],[5,-12]],[[44735,21584],[-4,4],[4,5],[0,-9]],[[44751,21642],[-28,-52],[-15,1],[8,58],[35,-7]],[[44715,21671],[-4,3],[6,9],[-2,-12]],[[44712,21688],[-3,-4],[-4,3],[7,1]],[[44683,21992],[-3,2],[4,20],[-1,-22]],[[44676,22017],[-11,4],[9,5],[2,-9]],[[23355,67199],[45,60],[64,25],[-11,83]],[[23453,67367],[27,39],[38,42]],[[23518,67448],[56,17]],[[23574,67465],[248,-122]],[[23822,67343],[73,47],[132,6],[-9,36],[60,36],[77,-37]],[[24155,67431],[47,58]],[[24202,67489],[-9,27],[-138,47],[46,47],[127,34],[62,-13],[20,20],[124,-6],[154,139],[118,-15],[42,-40],[87,54],[92,-96],[34,-96],[72,10],[35,-25],[54,46],[69,8],[194,-179],[17,-44],[33,-19],[176,-11],[47,-35],[134,-174],[-53,-10],[-142,-125],[7,-48],[-23,-66]],[[25581,66919],[213,-85]],[[25794,66834],[267,-33],[79,-40],[274,-38],[117,53],[57,-42],[60,57],[96,26],[86,-16],[27,19],[149,-99],[79,33],[57,-56],[49,60]],[[27191,66758],[-42,84],[29,54]],[[27178,66896],[46,16],[11,51],[51,51],[120,5],[36,94],[72,78],[139,-6],[159,-47],[95,-8],[63,-53],[48,10],[36,-29],[81,19],[59,-24],[2,-102],[38,-15],[118,41],[73,-18],[81,37],[127,3]],[[28633,66999],[-33,-8],[-1,-44],[36,-53],[29,-6],[-49,-38],[-44,-72],[-114,-10],[-79,-91],[-28,-81],[-117,-159],[-24,-68],[-3,-208],[82,-288],[102,-223],[141,-213],[62,-157],[169,-249],[67,-80],[46,-20],[138,-256],[137,-203],[245,-298],[4,-35],[181,-232],[341,-344],[442,-388],[273,-211],[1146,-792],[308,-203],[378,-194],[112,-87],[30,-2],[-19,-24],[17,-33],[-33,-26],[24,-168],[-41,-40],[25,-70],[-16,-36],[38,-99],[166,-238],[165,-186],[217,-181],[204,-213],[512,-405],[521,-360],[1089,-777],[271,-164],[444,-201],[305,-185],[567,-414],[632,-512],[57,-35],[20,7],[226,-143],[31,-2],[14,21],[59,-21],[0,-36],[92,-91],[74,-36],[189,-18],[70,34],[33,42],[-54,52],[12,48],[30,3],[31,-44],[41,-4],[-2,-31],[52,-90],[-28,-40],[346,-498],[18,11],[166,-100],[39,24],[63,6],[39,-27],[54,50],[134,-75],[85,22],[7,18],[77,-35]],[[39673,56366],[-111,-23],[-43,-28],[-91,30],[-9,-35],[-79,-9],[-164,-108],[-123,34],[-51,-39],[-179,23],[-53,-28],[-123,68],[-151,22],[-62,67],[-114,53],[-128,-124],[-87,-26],[-172,52],[-117,108]],[[37816,56403],[-39,-10],[-67,-54]],[[37710,56339],[-35,6],[-20,-39],[-79,-23],[9,-46],[-57,-30],[48,-68],[5,-63],[-17,-25],[-93,-26],[-7,-79],[16,-30],[-30,-62],[2,-70]],[[37452,55784],[-149,-100],[-70,-86],[14,-79]],[[37247,55519],[-61,-103],[-54,0]],[[37132,55416],[-36,42],[-94,46],[-40,-31],[-47,26],[9,-36],[-39,-59],[-46,-7],[-35,-40],[-81,-12],[-117,-66],[8,-73],[-23,-64],[-112,-77]],[[36479,55065],[-183,17],[-48,83]],[[36248,55165],[-55,40],[-86,4],[-117,69],[-82,12],[32,109],[-39,80],[-156,-46],[-159,-6],[-121,-68],[50,-81],[1,-54],[-97,-68],[-117,33],[-59,-9],[-55,16],[-54,97],[-79,49],[-58,-38],[-34,3]],[[34963,55307],[-58,-63],[-140,88],[-7,86],[22,52],[94,81],[-32,15],[-23,55],[-36,26],[-24,0],[-17,-48],[-56,1],[-39,-30],[-118,32],[-43,-28],[-34,-101],[-68,7],[-66,66],[-74,-71],[-134,0],[-82,-44],[-40,76],[-56,11],[-35,50],[-39,20],[-157,227],[-74,-16],[-24,18],[-41,105],[-50,-6],[-67,76],[-111,-32],[-25,-33],[-103,54],[-91,-7],[-119,81],[-28,40],[-88,31],[-19,80],[-41,32],[-8,125],[-25,30],[71,103],[-40,43],[27,21],[3,68],[21,22],[-75,89],[-379,248],[-44,7],[-70,-55],[-125,17],[-46,-38],[-119,76],[-35,-45],[-47,3],[-12,34],[-51,27],[-164,-70],[-84,-5],[-20,77],[33,95],[-11,102],[-29,59],[-158,34],[-264,166],[-9,58],[-33,46],[30,22],[28,82],[-60,6],[-28,-31],[-99,46],[-1,40],[112,99],[-30,96],[-50,14],[14,85],[53,41],[20,66],[-17,45],[23,12],[-27,64],[-51,20],[-29,47],[-40,1],[-34,52],[-148,44],[-67,1],[-10,-70],[-40,-48],[39,-46],[-151,-271],[-24,-81],[-37,70],[-171,-48],[31,-51],[-18,-48],[17,-47],[-23,-73],[-56,-39],[-111,-6],[3,-40],[-44,-38],[-35,83],[9,84],[-20,7],[-56,-30],[36,-36],[-19,-23],[-66,46],[-137,43],[-54,-3],[1,37],[36,22],[-66,53],[-45,-36],[-17,147],[-84,-18],[22,81],[-31,37],[39,65],[-77,44],[-6,52],[-37,20],[3,109],[90,90],[72,28],[-67,85],[36,61],[-70,-14],[-55,73],[-22,3],[-91,-19],[-16,-54],[-29,47],[15,69],[-119,38],[-71,-7],[-64,-32],[-37,31],[12,46],[44,19],[-4,34],[-168,121],[18,63],[-11,88],[-49,42],[-41,124],[-6,1051],[-74,27],[-60,89],[-75,20],[-20,46],[29,29],[-27,29],[1,45],[19,47],[39,-4],[-6,27],[154,0],[13,437],[-12,68],[-34,-84],[-36,-12],[-45,-92],[-95,-43],[-188,63],[-107,10],[-45,38],[-25,70],[-138,-35],[-77,65],[-23,153],[-143,127],[97,155],[-44,22],[-19,47],[-115,91],[-112,43],[-23,90],[-81,50],[-22,71],[-29,12],[40,49],[-4,23],[-115,56],[-66,73],[-37,69],[27,35],[-147,62],[29,57],[39,12],[74,-20],[61,86],[-4,33],[-168,17],[1,19],[53,13],[7,47],[-50,4],[-34,33],[21,120],[-28,111],[-189,2],[-2,-61],[39,-59],[-19,-63],[-110,-73],[-59,-13],[-15,-46],[-27,35],[-65,4],[-163,115],[-64,25],[-188,150],[-51,9],[-13,31],[-112,46],[-19,81],[-44,24],[-25,46],[-158,105],[-101,35],[-1514,1624],[-105,2],[-59,80],[-29,3],[-7,44],[-70,37],[-17,29],[-67,-27],[-24,47],[-48,-1],[-35,47],[-49,1],[-16,35],[-195,-43],[-49,318],[-92,40],[-20,108],[-47,62],[-104,23],[-23,34],[-49,14],[-10,87],[-79,147],[40,146],[-42,-8],[-33,66],[-105,79],[-63,5],[-31,34],[-134,69],[-67,90],[55,47],[29,62],[1,94],[25,62],[-15,125],[50,65],[45,13],[7,180],[416,4]],[[29780,60901],[48,-7],[-2,3],[-46,4]],[[29885,60809],[80,3],[-12,9],[-68,-12]],[[29990,60794],[35,-51],[-9,32],[-26,19]],[[30261,60733],[76,6],[-1,7],[-75,-13]],[[30392,61029],[26,43],[-5,-2],[-21,-41]],[[30452,61084],[24,-1],[83,40],[-107,-39]],[[28332,66483],[46,39],[-13,10],[19,24],[12,-44],[-38,-51],[-26,22]],[[28548,66689],[-17,-11],[-19,32],[17,15],[19,-36]],[[28731,66866],[59,-11],[-7,-29],[-40,15],[-12,25]],[[28707,66876],[-21,12],[26,13],[-5,-25]],[[34089,62076],[0,1],[0,-1]],[[34013,62124],[0,1],[0,-1]],[[34026,62098],[-12,57],[16,19],[47,3],[31,-27],[16,-30],[-35,-38],[-63,16]],[[34013,62142],[0,1],[1,-1],[-1,0]],[[34013,62155],[-2,1],[1,0],[1,-1]],[[24440,87470],[-20,-18],[-37,68]],[[24383,87520],[-37,11],[-10,32],[20,4]],[[24356,87567],[-43,21]],[[24313,87588],[15,19],[-19,19],[19,74]],[[24328,87700],[30,-6],[-20,60],[-44,-13],[-15,18],[-49,0],[-51,-24],[-102,58],[-24,-15],[-75,29],[-87,-58],[14,-15],[-36,-82]],[[23869,87652],[-62,6]],[[23807,87658],[-14,60],[-87,46],[38,70],[-16,60],[-50,66],[-68,34],[-102,-43],[-57,42],[24,99],[-73,-12],[-59,64],[-45,-10],[-67,23],[-82,93],[-53,11],[-93,-16],[-56,77],[-84,55],[27,84],[-111,35],[-44,43],[-49,137],[-31,24],[-102,17],[-6,30],[-127,105]],[[22420,88852],[-52,83],[-67,8],[-63,56]],[[22238,88999],[-60,7]],[[22178,89006],[-83,123],[-115,95]],[[21980,89224],[21,86],[-15,37],[-47,30]],[[21939,89377],[-45,98],[-28,87]],[[21866,89562],[52,41],[5,48],[-68,51],[84,40],[25,74],[41,9],[-7,34],[32,41],[76,40],[3,22],[-47,63],[62,35],[47,71],[-64,39],[-103,-22],[-35,22],[-10,33],[30,82],[-32,69],[5,144],[19,23],[92,4],[40,-36],[73,50],[4,106],[-67,143],[16,53],[27,20],[128,26],[16,28],[-13,44],[52,27],[-7,213],[-18,24],[44,60]],[[22368,91283],[22,1],[-50,32]],[[22340,91316],[-126,31],[-48,82],[-55,34],[-30,-15],[-5,31],[-41,18],[4,93],[-71,17],[-47,224],[-82,64],[-11,62],[-69,37],[43,40],[-8,50],[44,49],[-30,35],[-36,6],[-11,70],[41,57],[38,9],[-4,65],[49,54],[75,29],[-4,45],[-111,33],[-41,-19],[-48,54],[-6,53],[18,20],[-28,50],[-28,-15],[-36,22],[-125,155],[23,6],[6,64],[37,16],[-10,42],[-24,13],[18,92],[-21,25],[119,57],[59,-22],[66,50],[-83,67],[208,59],[-80,64],[-5,26],[25,52],[98,19],[-9,129],[117,45],[-6,47],[24,62],[-22,60],[42,81],[-11,64],[116,45]],[[22238,94019],[125,-33],[57,20],[49,83]],[[22469,94089],[-77,-55],[-43,11],[-17,52],[31,49],[-42,53],[50,10],[25,145],[251,159],[-27,30],[13,56],[-30,30],[47,85]],[[22650,94714],[-23,21],[-30,115],[-83,89],[-44,17],[-52,-11]],[[22418,94945],[-30,76],[-46,20],[-36,82],[18,59],[-132,122],[17,84]],[[22209,95388],[57,16],[22,105],[42,27],[70,0]],[[22400,95536],[23,50],[77,-11]],[[22500,95575],[40,32],[137,-11],[-20,115],[145,86],[174,-12],[30,76],[81,80],[49,6],[88,-45],[36,4],[27,65],[31,-61],[68,83],[69,-11],[36,48]],[[23491,96030],[42,11],[46,3]],[[23579,96044],[64,-85]],[[23643,95959],[49,-2],[11,-39]],[[23703,95918],[-49,-49],[33,-69],[32,-27],[99,-27],[-24,-47],[-150,-120],[-65,-91],[0,-37],[-60,-14],[-29,-31],[17,-14],[-10,-16],[79,-24],[8,-40],[80,-73],[-51,-88],[31,-16],[5,-32],[67,-2],[31,18],[77,-72],[7,-32],[-55,-42],[18,-40],[-37,-12],[43,-14],[-15,-25],[102,4],[48,-94],[63,-68],[113,-21],[71,37],[1,-55],[58,-15],[102,40],[61,-8],[218,-80],[-8,-17],[49,-55],[52,16],[65,106],[2,36],[57,42],[95,4],[36,-35],[38,9],[49,25],[36,50],[42,0],[57,44],[33,-5],[75,31],[15,37],[93,35],[46,-13],[73,25],[31,20],[38,77],[121,-52]],[[25717,95002],[32,20],[75,-5],[-2,-29]],[[25822,94988],[-46,-30],[-14,-45],[39,-18],[53,5],[53,-36],[-21,-50],[15,-33],[43,15],[-41,-47],[49,-36],[-12,-26],[124,-45],[-30,-165],[32,-67],[-65,-55],[-45,-74],[-57,-33],[2,-26],[47,-34],[-17,-129],[43,-31]],[[25974,94028],[-10,-42],[50,-21]],[[26014,93965],[69,22],[-1,-19],[62,0],[53,-30],[111,94],[74,-5],[1,-35],[60,-12],[-7,-40]],[[26436,93940],[53,-29],[21,-62],[141,-71]],[[26651,93778],[73,-114],[-94,-105],[-29,-57],[-3,-79],[70,-115],[77,-14],[7,-35],[71,-23]],[[26823,93236],[62,-63],[17,-70]],[[26902,93103],[-33,-64],[5,-50],[-35,-101],[-37,-7],[-68,-80],[12,-37],[-14,-25]],[[26732,92739],[83,-91],[-15,-47],[-95,-48]],[[26705,92553],[-28,-48],[-107,-96],[-33,6],[-23,-58],[-46,-32],[25,-21],[5,-47],[-58,-45],[-22,14],[-30,-13],[-4,-30],[-35,-16],[-37,-129],[-102,3],[-14,22],[-108,-3],[-58,-77],[-41,22],[-50,-27],[-7,-101],[23,-57],[-47,-56],[8,-39],[78,-56],[17,-45],[-25,-97],[47,-29],[-10,-57],[15,-30],[-20,-97],[-81,-15],[-14,-35],[8,-20]],[[25931,91244],[69,7],[15,-10],[-14,-24],[-74,-48],[55,-35]],[[25982,91134],[27,6],[72,-59]],[[26081,91081],[37,5],[24,-21],[4,-32]],[[26146,91033],[-31,-35],[17,-34],[-15,-34],[-76,-26],[-16,-26],[26,-75],[-38,-80],[-1,-90],[40,-42],[-34,-21],[-37,5],[7,-54],[-49,-21],[-35,-50],[83,-103],[-8,-79],[31,-19],[5,-34],[165,20],[83,-145],[123,-41],[1,-27],[33,-4],[57,-46],[79,0],[15,-38],[72,-15]],[[26643,89919],[24,-27],[47,-8]],[[26714,89884],[43,36]],[[26757,89920],[74,-54],[10,-50],[-33,-104]],[[26808,89712],[-55,-41],[7,-79],[-129,-94],[-10,-49],[-87,-63],[9,-48],[40,-28],[-25,-36],[17,-47],[-79,-89]],[[26496,89138],[-74,32]],[[26422,89170],[-94,101],[-115,-19]],[[26213,89252],[-99,-43]],[[26114,89209],[-216,53],[-94,-35]],[[25804,89227],[-81,-87],[-69,-10],[-54,-133],[-101,-59],[2,-43],[-20,-14],[115,-20],[17,-40],[36,-18],[-36,-21],[20,-43],[-41,-49],[-18,-73],[-24,-14],[26,-16],[4,-30],[-51,-112],[66,-52],[-15,-40],[-32,-15],[20,-53],[54,-9],[-37,-123],[-94,-25],[-43,-41],[37,-37],[22,-91],[-46,-66],[13,-32],[-61,9],[-16,44],[-59,19],[-85,-7],[4,20],[-36,13],[0,16],[-27,7],[-12,-18],[-37,16],[-47,38],[-44,96],[-27,3],[-24,-24],[7,-52],[-28,-64],[30,-67],[-26,-8],[-10,36],[-88,-47],[33,-47],[-11,-87]],[[24910,87757],[-32,-34],[-191,20],[-90,-143]],[[24597,87600],[78,7],[-1,-22],[-75,-34],[-62,18]],[[24537,87569],[-37,-48],[72,-76],[-132,25]],[[22985,91694],[12,4],[-73,8],[61,-12]],[[23264,91780],[-115,48],[-39,3],[154,-51]],[[29298,17361],[-248,261],[-313,244]],[[28737,17866],[-162,189],[-133,106],[-477,234]],[[27965,18395],[-415,276],[-207,96]],[[27343,18767],[-126,127],[-168,257]],[[27049,19151],[-127,133]],[[26922,19284],[-147,207],[-155,155],[-108,77]],[[26512,19723],[-73,-24],[-67,86],[-146,99],[-19,66],[-104,83],[-145,68],[-428,53],[-24,46],[25,19],[-21,78],[-44,6],[7,101],[35,55]],[[25508,20459],[276,-125],[79,-12],[99,45],[256,2],[412,182],[104,22],[218,24],[218,55],[80,-67],[29,-3],[415,124],[129,1],[70,-21],[328,-181],[190,1],[424,-249],[318,-90],[573,-86],[88,-35],[119,-113],[295,-129]],[[30228,19804],[-6,-63],[150,-64],[90,-131],[-30,-132],[32,-56],[-6,-57],[-37,-66],[-325,-347],[-168,-76],[-75,-6],[-44,-33],[-63,-99],[-92,-31],[-106,-128],[-8,-262],[88,-60],[52,-138],[58,-39],[51,-99],[-149,-245],[-244,-243],[-98,-68]],[[28341,93723],[-92,-15]],[[28249,93708],[-107,42],[-74,-30],[-72,71],[-90,1],[-27,21],[-57,-57],[-48,-7],[-8,-24]],[[27766,93725],[-119,-12],[-123,99]],[[27524,93812],[16,110],[-78,62],[12,41],[-35,22],[-64,-30]],[[27375,94017],[-46,19],[-106,93]],[[27223,94129],[-55,5],[-17,66],[-53,63],[-85,34],[-32,-18],[-65,48],[-65,18],[-58,-40],[-58,3],[-29,-18],[-42,-69],[-67,-56],[-5,-58],[-45,-38],[9,-55],[-46,-39],[-17,-83]],[[26493,93892],[-57,48]],[[26014,93965],[-45,16],[5,47]],[[25822,94988],[-11,40],[-94,-26]],[[23703,95918],[-4,27],[-22,21],[-34,-7]],[[23579,96044],[-88,-14]],[[22500,95575],[-67,15],[-33,-54]],[[22400,95536],[-89,-9],[-40,-43],[3,-62],[-26,-32],[-153,19]],[[22095,95409],[-100,-17],[-34,68]],[[21961,95460],[21,89],[-61,86],[95,149],[-71,59],[-63,8],[-35,56],[-7,58],[23,63],[-64,69],[17,31],[-142,25],[-37,78],[-127,25],[-22,27],[11,26],[-61,9],[-47,46],[-61,13],[-101,100],[-61,-4],[-92,30],[-65,-21],[-30,38],[-6,53],[-103,31],[-25,70],[-100,29],[-52,40],[-133,3],[-47,48],[-45,10],[7,92],[93,-24],[150,-6],[18,217],[35,21],[67,4],[66,75],[0,34],[84,-6],[108,41],[14,72],[-16,55],[19,26],[-28,43],[7,44],[87,65],[252,31],[35,39],[51,-18],[102,31],[48,-28],[126,50],[125,10],[45,146],[22,37],[41,17],[1,35],[29,27],[-1,49],[79,94],[-22,47],[67,149],[26,21],[125,-6]],[[22332,98288],[83,55],[-11,-22],[31,-19],[-17,-25],[21,-45],[-43,-81],[35,-16],[15,-50],[63,-50],[85,4],[29,37],[53,7],[101,-69],[63,35],[33,53],[39,7],[50,-1],[42,-41],[49,1],[5,-20],[84,-32],[7,-21],[245,0],[-22,49],[13,7],[33,-40],[58,-25],[-16,-20],[18,-20],[38,3],[-20,-71],[26,-42],[31,4],[29,-29],[68,15],[47,-18],[0,-17],[135,-34],[160,-194],[79,-14],[17,37],[37,11],[88,-55],[11,-46],[36,-25],[-38,-30],[42,-10],[46,20],[20,-15],[-25,-61],[-28,7],[-5,-25],[53,-37],[3,-47],[80,-29],[39,-36],[-10,-62],[45,-36],[61,22],[-31,44],[49,66],[124,9],[91,43],[107,-52],[117,2],[1,56],[30,17],[121,-25],[8,-24],[70,-21],[13,18],[22,-7],[48,76],[24,94],[-46,125],[10,15],[62,8],[36,-21],[134,22],[29,-18],[42,25],[95,-21],[76,44],[58,9],[38,-43],[19,22],[22,-4],[26,-54],[29,-5],[26,24],[61,-28],[90,26],[25,35],[63,8],[78,-54],[110,-33],[49,4],[44,30],[41,-20],[41,13],[69,-96],[41,-3],[17,-45],[29,5],[3,-41],[74,-16],[11,-17],[-22,-53],[50,-11],[-4,-33],[38,-5],[10,-52],[75,-43],[40,-76],[-30,-9],[-16,-51],[-63,-17],[11,-28],[86,-33],[-51,-23],[21,-17],[81,-9],[44,-44],[60,-5],[36,59],[66,-21],[50,-57],[20,29],[50,-10],[12,38],[20,3],[126,-116],[24,0],[52,22],[39,45],[-11,25],[17,53],[69,28],[190,-20],[13,-32],[67,5],[-33,69],[49,26],[40,-4],[55,-55],[32,45],[34,11],[29,73],[46,2],[49,-51],[17,35],[49,2],[16,51],[75,-47],[51,34],[23,-19],[44,59],[-28,25],[19,28],[-11,41],[39,8],[39,94],[82,8],[28,-46],[85,11],[-10,-45],[17,-30],[143,-68],[46,36],[51,2],[53,45],[88,-20],[24,-18],[-3,-29],[26,-7],[9,-67],[37,-48],[103,-62],[-11,-28],[55,-2],[10,-36],[-20,-19],[55,-14],[23,-46],[40,-5],[79,60],[-9,68],[29,32],[41,-3],[27,-32],[78,30],[95,-21],[36,-57],[40,-13],[-10,-34],[-49,-15],[-12,-28],[56,-52],[47,1],[93,-48],[108,-95],[99,-32],[-23,-95],[61,37],[71,-21],[136,36],[80,1],[27,-16],[7,-30],[26,4],[68,-61],[-41,-15],[4,-29],[-51,-46],[-17,-34],[13,-26],[-61,-50],[-71,-18],[-50,16],[-23,-32],[-43,14],[-8,-11],[39,-34],[-16,-34],[-71,-25],[-20,-36],[-39,4],[-24,-19],[34,-25],[-59,-28],[30,-48],[-3,-41],[99,-60],[-94,-16],[12,-20],[-50,-45],[-40,7],[-6,-23],[52,-42],[-20,-64],[-109,-28],[-35,-87],[-33,-6],[17,-31],[-50,-28],[-23,-44],[34,-18],[11,-30],[-35,-77],[-60,-17],[17,-35],[35,2],[52,-42],[-11,-51],[-39,-12],[4,-24],[-96,-60],[-102,42],[-55,-32],[-45,17],[-19,-23],[-145,-20],[-124,96],[-28,87],[-130,-6],[-40,-97],[27,-18],[1,-32],[-49,-25],[19,-70],[-22,-71],[-67,-22],[5,-83],[-59,-95],[1,-225],[17,-38],[-45,-47],[-31,18],[10,24],[-41,-16],[-28,-48],[-33,0],[8,-26],[-20,-16],[22,-12],[-12,-55],[37,-8],[21,-35],[-18,-16],[22,-41],[-25,-44],[-60,-24],[-130,-6]],[[28792,94086],[-44,-36],[25,-30],[-54,-22],[-29,-41],[-104,47]],[[28586,94004],[-73,-17],[-20,-12]],[[28493,93975],[26,-17],[-7,-20],[-60,-24]],[[28452,93914],[42,-16],[2,-19],[-72,-32],[65,-20],[-12,-48],[-123,-36],[-13,-20]],[[21931,16105],[-86,14],[9,41]],[[21854,16160],[-47,37],[-11,-35],[-41,-29],[-40,22],[-46,-21],[-18,62],[-35,-15],[-73,39],[-8,-36],[-72,-14],[1,45],[-18,11],[-31,-26],[-75,4],[-22,-61],[-37,13],[-71,-29]],[[21210,16127],[-35,63],[8,87],[99,93]],[[21282,16370],[61,-23],[1,59],[49,73],[-39,16],[36,35],[-84,50],[-47,-14],[-65,20],[-35,-14],[-18,27],[35,37],[-6,18],[-105,-24],[-26,46],[-84,-3],[-16,76]],[[20939,16749],[-67,72],[180,70]],[[21052,16891],[115,118],[116,28],[21,56],[69,36],[47,-13],[27,40],[-8,27],[-47,1],[-14,56],[63,11],[-30,6],[10,35],[35,-22],[-19,30],[36,-9],[-11,33],[28,-26],[4,41],[31,-12],[-11,22],[77,35],[-22,21],[-20,122],[201,55],[390,206],[-28,24],[150,303]],[[22262,18115],[-45,38],[-1103,936]],[[21114,19089],[-51,56],[-24,110],[-236,246],[-44,-39],[-46,54],[-34,-31],[-147,135],[-329,244]],[[20203,19864],[180,228]],[[21972,20620],[114,-105]],[[22086,20515],[192,-93]],[[22278,20422],[376,-326]],[[22654,20096],[112,-154],[55,-166],[141,-119],[70,-94]],[[23032,19563],[865,-538]],[[23897,19025],[159,-195],[85,-154],[119,-137],[213,-192]],[[24473,18347],[141,-84]],[[24614,18263],[-46,-48],[-49,-11],[8,-20],[-62,-51],[-16,-43],[14,-23],[-22,-20],[17,-9],[-36,-57],[21,-7],[-22,-32],[20,-24],[-15,-2],[-37,-169],[-19,5],[-30,-76],[-52,-204],[44,-10],[-73,-253],[-5,-92],[-873,-486],[-270,-215],[-12,52],[-53,-40],[-65,-6],[-18,-54],[-48,-11],[-26,-30],[-117,-20],[-15,40],[-54,-12],[-77,-73],[-1,-31],[-52,38],[0,21],[-73,15],[-6,-35],[-40,-36],[-43,18],[-27,-16],[-9,-45],[-65,3],[14,-28]],[[22324,16166],[-26,-42],[-67,74]],[[22231,16198],[-86,-16],[-5,-37],[-42,6],[-25,-35],[-43,14],[-2,30],[-72,-3],[-25,-52]],[[41446,37578],[-25,20],[-26,45],[21,40]],[[41416,37683],[46,9],[17,32],[-35,1],[-2,36],[-19,11],[16,83],[-177,102],[-86,112],[-48,149],[38,28],[-31,47],[27,37],[-70,43],[-10,51],[-27,26],[-44,-29],[-65,8],[-77,60],[-30,3],[6,127],[-30,43],[3,39],[22,5],[-68,75],[-41,3],[-19,87],[-47,14],[8,43],[-65,-8],[-141,57],[-124,28],[-53,-8],[-48,66],[-113,66],[-35,-17],[-83,10],[-22,-18],[-30,32],[-164,-31],[-26,50],[-38,-19],[-39,33],[-129,30],[-23,47],[-63,18]],[[39477,39264],[-14,36],[-75,-5]],[[39388,39295],[-63,56],[-28,-10]],[[39297,39341],[-49,26],[-27,-14],[-83,45],[-40,-41],[-112,-5],[-60,-55],[-8,28],[-42,-29],[-23,59],[-31,-18],[-4,18],[-44,-12],[-26,30],[-53,-69],[-29,-10],[-33,21],[-17,-43],[-42,-4],[-33,-49],[-46,-5],[-36,-32],[-75,58],[-30,-9],[-63,23],[-22,-13],[5,-42],[-46,-15],[-102,-5],[-59,30],[-1,-29],[-35,-3],[-11,-41],[-143,39],[-88,55],[-135,-24],[-66,53],[-163,-26],[-82,68],[-147,-47],[-101,6],[-25,-38],[15,-38],[-50,4],[-40,-38],[-118,-39],[-21,-26],[-19,16],[8,26],[-74,-13],[-22,-38],[-77,23],[-48,-7],[-58,20],[-23,29],[-47,-27],[-37,31]],[[36459,39145],[-75,-25],[-26,-53]],[[36358,39067],[-30,11],[-66,-40],[-23,-46],[-52,4],[-52,-45],[-34,-2],[-6,-103],[-56,21],[-8,-42],[-54,-6],[-12,-40],[-85,-16],[-9,-26],[-78,-38]],[[35793,38699],[163,395],[-72,972],[-288,595],[-15,233],[-119,190],[-109,288],[-278,191],[-157,41],[-118,91],[67,131],[-40,74],[70,69],[46,82],[-10,26],[-117,81],[110,130],[13,165],[-91,13],[-6,7],[-1,6],[84,72],[-9,107],[216,108]],[[35132,42766],[68,80],[87,-10],[-29,189],[134,-13],[27,63],[34,20],[127,-37],[145,20],[54,42],[5,101],[74,48],[8,59],[127,-59],[109,78],[6,58],[42,54],[-57,86],[59,26],[23,166],[27,42],[-45,158],[82,74],[48,77],[0,70],[36,39],[27,89],[77,-34],[49,8],[56,-20],[51,13],[241,-82],[23,13],[2,54],[62,36],[34,-18],[34,57],[40,-28],[62,-7],[50,-43],[70,6],[71,117],[40,-7],[22,17],[-11,198],[92,50],[66,-13],[82,18],[27,37],[170,-47],[108,-89],[92,-116],[106,13],[154,-35],[108,53],[150,-33],[145,170],[2,31],[33,19],[133,-68],[-9,14],[66,95],[28,133],[54,30],[-1,20],[51,7],[-8,57],[-46,17],[-10,38],[166,27],[1,36],[50,12],[-24,48],[46,60],[125,-49],[32,10],[1,20],[64,1],[-9,-29],[-38,-12],[31,-37],[46,9],[-15,27],[25,1],[32,57],[14,-7],[48,39],[116,-2],[35,36],[38,-5],[-1,21],[30,-11],[41,73],[74,26],[58,6],[19,-16],[71,49],[61,-45],[93,-22]],[[40146,45290],[180,23],[17,45],[-33,50]],[[40310,45408],[39,68],[57,29],[113,122],[21,96],[245,225],[126,156],[-2,35],[-75,65],[16,71],[-96,87],[-16,42],[9,63],[58,33],[51,93],[51,-15],[21,23],[80,-8],[73,-68],[41,-115]],[[41122,46410],[174,-100],[107,-9],[201,-53]],[[41604,46248],[107,5],[151,63],[26,135],[100,70]],[[41988,46521],[25,-28]],[[42013,46493],[59,-1],[70,-38],[25,-43]],[[42167,46411],[122,-40],[22,-65],[-8,-43]],[[42303,46263],[71,-79],[45,-12]],[[42419,46172],[35,57],[59,17]],[[42513,46246],[15,-82]],[[42528,46164],[34,-32],[-34,-43],[45,-76],[-31,-53],[49,-68],[-15,-33],[42,-34],[-23,-56],[3,-74],[-58,-42],[-69,20],[-28,39],[-44,-11],[-60,28],[81,-117],[-13,-89],[42,-47],[-24,-28],[28,-20],[59,-120],[-10,-24],[56,-79],[-66,-105],[69,-47],[36,-121],[44,-40],[-23,-69],[25,-78],[89,-99],[-41,-57],[6,-69],[69,-48],[16,-59],[-19,-50],[31,-24],[1,-35],[40,-5],[-13,-97],[50,-50],[-6,-54],[-46,-44],[24,-28],[-71,-73],[29,-36],[48,-18],[-15,-50],[40,-45],[1,-57],[71,-74],[-9,-31],[46,-10],[3,-41],[82,-62],[61,-186],[80,-81],[139,-42],[16,-120],[-31,-44],[36,-109],[37,-46],[-76,-77],[31,-67],[-31,-77],[20,-58],[-44,2],[-28,-84],[19,-117],[-32,-23],[43,-64],[97,-46],[-5,-42],[59,-117],[66,-63],[65,-15],[38,-50],[-31,-31],[29,-34],[-19,-5]],[[43608,41933],[11,-115],[32,-46]],[[43651,41772],[123,-38],[21,-46],[27,-5]],[[43822,41683],[-13,-133],[23,-61]],[[43832,41489],[37,-18]],[[43869,41471],[-2,-151],[-49,-71]],[[43818,41249],[43,-74],[-25,-36],[-101,-42],[56,-157],[-9,-100],[72,-170],[60,-88],[-13,-64],[47,-38],[32,-62]],[[43980,40418],[-1,-93]],[[43979,40325],[-41,-32],[-113,3],[-46,19],[-39,54]],[[43740,40369],[-165,11],[-28,-3]],[[43547,40377],[-32,-53],[-40,8],[-41,-53],[-124,32],[-8,-65],[-43,5],[-34,-53],[-25,-56],[2,-62],[-39,-57],[-82,-10],[-12,-110],[-60,-83],[77,-79],[-11,-57],[83,-2],[57,-39],[61,-2],[54,37],[30,-24],[26,37],[115,23],[12,-15],[62,14],[19,29],[20,-7],[3,-44],[-37,-69],[40,-7],[0,-31],[24,-6],[37,-68],[-11,-97],[22,-157],[-24,-19],[17,-148],[25,-40],[-13,-12],[106,-82],[16,-47],[87,-77],[83,-183],[53,-38],[44,10],[37,-56],[-35,-108],[17,-95],[-44,-126]],[[44061,38235],[-89,-49],[6,-51]],[[43978,38135],[-21,-35],[47,-55],[-43,-22],[6,-62],[-29,13],[-12,-47],[-29,-23],[24,-35],[-26,-18],[-72,17],[-24,-68],[-67,33],[-61,-80],[-3,37],[-43,3],[-10,-67],[-31,38],[-31,-37],[-64,33],[5,-56],[-101,-16],[-12,-56],[60,-37],[-59,-29],[-19,-77],[-52,-63],[49,-353],[-278,-99],[-141,-4]],[[42941,36970],[-87,-118],[-26,-6]],[[42828,36846],[-61,51],[-47,-37]],[[42720,36860],[-56,26],[-36,46],[-116,-19],[-58,18],[-30,-18],[-49,64],[-39,0],[-58,70],[-93,-8],[-63,-51],[-198,76],[-161,13],[-14,70],[37,87],[31,19],[-23,25],[6,26],[-124,77],[-21,60],[-54,27],[29,35],[-14,24],[-119,60],[-51,-9]],[[23322,81342],[-84,-90],[-77,-1],[-277,230],[-59,33]],[[22825,81514],[-40,-5],[-133,94],[-118,36],[-66,-63],[-54,-10],[-132,26]],[[22282,81592],[-13,36]],[[22269,81628],[-71,22],[-30,-19],[-18,-50],[-122,1],[-179,89],[-105,0],[-157,56],[-63,-7],[-36,-31],[-101,-34],[-320,117],[-77,-6],[-21,35],[-124,44],[-136,106],[-12,-30],[-27,0],[-106,56],[-26,36],[-45,-16],[-75,33],[57,126],[-30,7],[-3,56],[-138,63],[-9,23],[32,52],[-92,56],[4,36],[-195,93],[-71,-9],[-42,26],[-39,-30],[-53,-8],[-54,50],[-1,72],[-56,49],[-78,4],[-72,78],[-124,43],[-36,58],[-81,-39]],[[19337,82836],[-36,48],[-63,21],[-158,-48]],[[19080,82857],[-9,-56],[-47,-28],[-30,22],[-114,-7],[-93,80],[-86,35],[-98,-26],[-11,15],[31,53],[-5,44],[-56,20],[-37,54],[-42,24],[-18,56],[15,27],[-81,121],[-123,43]],[[18276,83334],[-198,126],[-113,-9],[-117,-39]],[[17848,83412],[-89,12],[-42,-70]],[[17717,83354],[-61,51],[28,153],[-30,72],[81,32],[-54,48],[-15,50],[40,74],[-55,19],[12,83],[28,22],[108,16],[105,81],[47,0],[56,-37],[27,10],[15,-33],[61,-27],[29,11],[42,-22],[42,-49],[96,9],[49,-51],[41,26],[220,-111]],[[18629,83781],[182,17],[32,14]],[[18843,83812],[-30,26],[-1,53],[-96,61],[-38,0],[-13,22],[96,170],[-2,41],[46,-22],[84,103],[-180,73],[59,183],[-60,14],[21,63],[-68,83],[2,40],[-67,74],[-32,119],[-81,24],[-78,78],[-79,38],[-107,191],[-132,89],[-45,65],[-38,125]],[[18004,85525],[-68,85],[-90,58],[-87,264]],[[17759,85932],[28,15],[70,-19],[33,55],[-10,46],[35,38],[194,84]],[[18109,86151],[38,-4],[34,-111],[58,-57]],[[18239,85979],[-32,-56],[-66,-20],[0,-29],[121,-9],[55,-57],[121,4],[44,21],[50,-47],[143,-25],[36,-42],[63,-14],[59,-46],[30,-62],[-17,-37],[76,43],[53,-61],[82,-26],[29,15],[44,-49],[36,-6],[145,-192],[13,-54],[112,-29],[91,-89],[63,-21],[86,3],[15,18],[90,-12],[4,23],[102,10],[82,42],[15,40],[43,-9],[51,-38],[-83,-127],[28,-30],[-14,-25],[39,-25],[47,7],[32,39],[69,14],[-38,35],[24,24],[47,-3],[5,17],[90,21],[-10,14],[30,8],[89,-58],[34,8],[5,23],[31,-3],[29,-97],[93,31],[25,-34],[126,-1],[26,32],[-5,37]],[[20797,85075],[186,32]],[[20983,85107],[-104,270]],[[20879,85377],[-9,88],[-41,56],[-38,15]],[[20791,85536],[42,20],[-6,24],[20,-7],[7,24]],[[20854,85597],[26,-24],[-16,-53],[45,-4],[36,34]],[[20945,85550],[59,2],[37,-40]],[[21041,85512],[144,43]],[[21185,85555],[76,62],[44,-129],[63,-33],[95,-2],[30,-85],[91,-54],[50,-115]],[[21634,85199],[117,-57],[117,7]],[[21868,85149],[72,-82]],[[21940,85067],[227,-94]],[[22167,84973],[88,54],[53,-36],[41,33],[52,-15],[89,32],[40,-7],[5,-31],[23,-6],[-37,-12],[9,-26],[-79,-33],[-1,-55],[-32,-41],[-13,12],[-13,-43],[-107,-51],[7,-30],[43,12],[14,23],[12,-19],[30,10],[14,-34],[91,-49],[32,-56],[29,-1],[6,-78],[16,3],[-50,-59],[-4,-56],[-33,-27],[-92,-15],[-35,-84],[19,-14],[7,19],[159,31],[4,35],[27,19],[6,63],[42,-1],[16,18],[-11,47],[112,-34],[40,-26],[-12,-8],[55,13],[30,-19],[19,7],[-10,43],[29,10],[-8,-38],[45,-33],[-11,-31],[-13,14],[-53,-23],[4,-23],[-25,-10],[32,-10],[-9,-19],[26,-54],[-26,-52],[114,2],[24,-237],[40,-81],[57,-45],[-32,-64],[143,-165],[-21,-78],[-70,-24],[0,-22],[37,-75],[15,50],[14,-13],[-3,-147],[50,-47],[-55,-56],[-52,21],[-43,-23],[22,-28],[-7,-34],[136,-12],[32,37],[32,-16],[31,12],[28,-76],[-10,-38],[27,-23],[88,-17],[36,52],[29,-27],[81,-12],[139,-138]],[[23741,82888],[56,-161]],[[23797,82727],[60,-56],[82,-171],[32,10]],[[23971,82510],[51,-89],[72,45]],[[24094,82466],[7,-70],[29,-33],[89,-53],[95,-13]],[[24314,82297],[12,-278],[20,-36]],[[24346,81983],[-57,-2],[-33,-33],[-134,-17],[-150,119],[-53,100],[-32,-5],[8,-33],[-40,-68],[-37,-3],[-27,40],[-138,-23],[33,-129],[17,-7],[-44,-21],[-4,-35],[30,-58],[-18,-2],[5,-54],[34,-63],[-20,-66],[-68,-3],[-1,93],[-102,21],[17,81],[-35,4],[3,15],[-150,60],[-130,-6],[0,-34],[22,-20],[38,4],[29,-32],[-19,-28],[-26,-2],[134,-160],[-17,-36],[129,-130],[-40,-59],[-148,-49]],[[17203,87573],[-72,7],[0,31],[-55,-3],[-6,93],[-26,4],[-62,79]],[[16982,87784],[-7,150],[-59,-34]],[[16916,87900],[-92,-5],[-48,37],[-38,-34],[-47,3],[-30,-143]],[[16661,87758],[-47,-11],[-171,57]],[[16443,87804],[-49,-8],[-160,110],[-32,3],[-58,84],[-106,41],[-44,-14],[-33,-70],[-57,25],[-55,-21],[-75,1]],[[15774,87955],[-117,29],[-76,-61],[-45,-98],[-63,-69]],[[15473,87756],[-113,-56]],[[15360,87700],[-31,-60],[-69,-38],[-183,37]],[[15077,87639],[-93,-18],[-59,33]],[[14925,87654],[-1,91],[-55,71]],[[14869,87816],[-92,29],[-73,62],[-113,-18]],[[14591,87889],[-48,22],[-57,77],[-40,20],[-27,-4],[-21,-50],[-55,-8],[-61,65],[-24,61],[-102,30],[-33,32],[23,82],[-10,31],[-89,37],[-33,51],[14,118],[72,114],[-15,97],[-67,66],[-36,85],[72,104],[64,18],[-41,148],[-24,26],[76,27],[132,96],[72,108],[60,23],[-5,70],[-150,21],[-126,-22],[-59,51],[-103,22],[-75,-9],[-32,15],[-11,30],[-145,13],[-132,-11],[-7,-44],[-94,-98],[-146,5],[-94,42]],[[13214,89450],[-239,-26]],[[12975,89424],[-104,-36],[-42,12]],[[12829,89400],[-59,-29],[-79,41]],[[12691,89412],[-206,50],[-138,88],[-45,-22],[-38,14],[-52,-31],[-12,43],[-61,18],[-56,-11],[-19,27],[-108,-89],[-17,31],[-185,6],[5,126]],[[11759,89662],[-105,61]],[[11654,89723],[-2,43],[-64,53]],[[11588,89819],[37,47],[-13,65],[101,53],[48,-30],[27,30],[70,-16],[-11,97],[26,-19],[25,21],[31,-9],[19,92],[-39,27],[-32,72],[-27,6],[7,55],[-53,48],[-1,30],[-39,10],[-21,45],[-118,61],[17,46],[-203,173],[-16,161],[15,54],[-21,34]],[[11417,90972],[15,44],[35,47]],[[11467,91063],[79,-1],[92,68],[40,-16],[22,-38],[92,-34],[115,108],[16,75],[54,71],[37,3]],[[12014,91299],[50,40],[-72,59],[-38,73],[-87,70]],[[11867,91541],[45,26],[27,53],[-81,81],[27,138],[-23,79],[-66,79],[-3,31],[-31,9],[38,149],[-53,100],[21,23],[-9,82],[-145,23],[-54,74],[-56,13],[-74,100],[-128,24],[-20,26],[46,41],[4,60],[-103,40],[-37,86],[-60,36],[2,100],[-90,107],[-29,77],[-226,173],[-100,12],[-22,38],[-68,14],[78,89],[-25,34],[82,35],[-29,29],[25,28]],[[10730,93650],[-11,13],[-84,38]],[[10635,93701],[-5,107],[16,39],[-20,66],[-122,108]],[[10504,94021],[-103,45],[-50,-20]],[[10351,94046],[-54,9],[-24,-31],[-70,-19],[-28,18],[-136,-30],[-196,6],[-128,-50],[-149,86],[-1,85],[-100,26],[1,45],[-47,16],[-26,49],[-37,3],[-19,60],[-80,36],[-10,47],[72,85],[71,36],[38,46],[34,52],[-12,28],[62,87],[-72,33],[-23,112],[-96,114],[39,63],[-160,59],[-97,-26]],[[9103,95091],[-14,52],[106,125],[-11,31],[39,52],[10,62],[121,30],[56,135],[-10,41],[-70,52],[-18,128],[78,121],[45,15],[-6,24],[102,91],[7,36],[32,6],[14,49],[23,-4],[-9,45],[78,63],[-13,68],[34,1],[48,36],[0,-27],[46,-3],[-22,26],[31,2],[-8,28],[19,13],[-2,-33],[43,12],[22,-22],[53,-8],[63,-136],[69,-21],[53,-82],[103,-32],[157,-126],[88,-89],[-24,-46],[73,-42],[13,-37],[117,0],[96,-113],[129,-108],[147,-214],[110,-71],[36,-58],[85,-46],[101,-129],[52,-20],[23,37],[21,0],[169,-158],[-4,-55],[31,-9],[46,36],[40,-70],[80,-16],[58,-80],[72,-39],[28,35],[26,-29],[40,-1],[76,78],[104,-14],[43,40],[-48,89],[26,32],[38,-1],[-22,27],[20,14],[-32,76],[42,16],[-71,64],[58,19],[1,72],[37,34],[7,58],[38,60],[-16,28],[33,33],[-12,61],[23,39],[8,129],[49,107],[-50,18],[-23,33],[47,87],[22,120],[51,71],[123,133],[85,29],[-2,23],[63,25],[45,117],[131,137],[104,-1],[16,-40],[49,7],[140,58],[20,39],[67,-12],[53,36],[46,-33],[47,34],[118,34],[33,-18],[132,74],[0,16],[69,-25],[38,27],[63,-22],[27,-63],[-33,-62],[4,-71],[-75,-186],[29,-38],[-6,-31],[80,-78],[-12,-79],[59,-1],[121,-60],[7,14],[72,-17],[81,14],[124,-59],[12,-114]],[[14404,95816],[-37,-42],[-4,-42],[159,-100]],[[14522,95632],[256,44],[79,-129],[-30,-31],[63,-119],[145,-95],[161,-35],[-20,-55],[32,-38],[16,-140],[-87,-13],[-74,23],[-114,-20],[1,-53],[-24,-35],[17,-52],[-53,-83],[-4,-53],[129,-32],[38,-91],[92,-76],[106,-34],[22,-35],[-164,-143],[1,-62],[81,-85],[32,-67],[162,-31],[-3,-39],[43,-51],[73,-5],[147,-105],[38,2],[89,-41],[27,-44],[-49,-67],[44,-45],[105,4],[70,-34],[7,-26],[-49,-24],[-57,-66],[90,-91],[10,-58],[-139,-134],[-45,1]],[[15786,93269],[-58,-41],[28,-62]],[[15756,93166],[4,-105]],[[15760,93061],[31,-51],[143,23]],[[15934,93033],[28,39],[46,-3]],[[16008,93069],[7,-84],[-8,159]],[[16007,93144],[154,171],[32,-3],[22,-27],[75,1],[86,-63],[55,22],[66,-42],[63,20],[44,-72],[63,-21]],[[16667,93130],[123,13],[112,-37],[7,-63]],[[16909,93043],[42,-77],[0,-55]],[[16951,92911],[-60,-67],[28,-97]],[[16919,92747],[61,-4],[49,-75],[95,12]],[[17124,92680],[-2,-79],[48,-29],[111,-21]],[[17281,92551],[-2,29],[24,10],[107,-15],[87,16],[38,44],[-10,35],[84,-51]],[[17609,92619],[124,48]],[[17733,92667],[12,-64],[30,-27],[-9,-78],[62,-91],[-24,-41],[14,-21],[-15,-38],[34,-83],[0,-96],[43,-29],[15,-70],[54,-47],[87,-4],[51,-48],[63,9],[36,-40],[66,18],[43,-19],[42,-33],[-3,-55],[39,-52],[62,-4],[41,-36],[35,14],[39,58],[108,26],[50,-14],[-35,-137],[27,-33],[-44,-74],[19,-37],[-12,-18],[31,-1],[28,-33],[-48,-97],[19,-62],[-58,-154],[21,-32],[51,-16],[80,53],[62,-10],[-2,-53],[27,-16],[-9,-50],[-48,-54],[4,-58],[72,-36],[73,-3],[30,-35],[-3,-72],[30,-59],[86,-36],[18,-49],[103,-120],[76,-12]],[[19306,90498],[71,-84],[4,-14]],[[19381,90400],[-80,-34],[-49,-115],[-60,-44],[62,-58],[-39,-74],[-39,-42],[-83,-23],[129,-74],[-16,-40],[22,-43],[40,13]],[[19268,89866],[57,-69]],[[19325,89797],[-32,-61],[60,-14]],[[19353,89722],[28,-92],[-39,-43]],[[19342,89587],[-60,32],[-80,-12],[-78,52],[-15,-26]],[[19109,89633],[-97,29],[-33,42],[-54,22]],[[18925,89726],[-39,-32],[2,-21],[-30,24],[15,-24],[-21,-26],[-132,-3],[17,-21],[-9,-29],[-59,-3],[-77,-36],[42,-30],[-4,-35],[-84,-32],[-19,-36],[18,-12],[-9,-20],[-108,88],[-31,-30],[-82,-25],[-24,-53],[-76,-12],[-101,-56],[-23,-55],[10,-79]],[[18101,89168],[-93,0],[-19,22],[37,-52]],[[18026,89138],[-12,-51],[38,-89],[7,-98],[-72,-45],[-103,-14],[-27,-41],[4,-40],[63,-39],[48,-83],[-19,-81],[15,-50],[60,-101],[18,-88],[98,-132],[-1,-88],[-38,-31],[13,-84],[-84,-129],[-55,2],[-24,-17],[11,-21],[-17,-18],[18,-26],[-7,-40],[66,-51],[44,-85],[-20,-34],[-95,-20],[-95,71],[-36,72],[-61,-5],[4,-77],[-63,0],[28,-81],[-195,-3]],[[17537,87521],[-26,-25],[-85,-20]],[[17426,87476],[-50,27]],[[17376,87503],[-109,-56],[-66,35],[2,91]],[[12138,91255],[-5,27],[-15,12],[20,-39]],[[12142,91218],[2,2],[-1,5],[-1,-7]],[[12110,91150],[37,-52],[-46,80],[9,-28]],[[14906,91615],[-7,-9],[12,-16],[-5,25]],[[14882,91719],[-14,7],[17,-21],[-3,14]],[[14773,91834],[-32,2],[43,-17],[-11,15]],[[26117,85368],[-80,-2],[3,75],[-42,24],[-47,-15],[-81,60],[-38,-16],[-10,-37],[-36,-18],[-64,33],[-60,-3],[-19,36],[-26,4],[-6,-21],[-54,1],[-81,-64],[-33,18],[-20,-10],[-33,45],[-27,3],[-7,-21]],[[25356,85460],[-67,9]],[[25289,85469],[-14,38],[74,26],[-38,5],[0,63],[32,14],[-19,27]],[[25324,85642],[65,34],[24,80]],[[25413,85756],[-40,20],[3,31],[-41,-3],[6,50],[-52,33],[-11,32],[-38,-33],[-166,19],[-42,35],[-27,81],[-116,-47],[5,34],[-42,46],[12,30],[-14,26],[-32,41],[-52,25],[18,23],[-56,-9],[-19,45],[43,21],[-10,13],[27,20],[22,-5]],[[24791,86284],[7,36],[-5,40],[-39,51]],[[24754,86411],[21,45],[-23,2],[-16,51],[29,13],[-7,28],[23,27],[-75,58],[-34,1],[-29,53],[56,0],[17,13],[-25,24],[37,13],[-34,91],[-45,-4],[19,52],[84,-8],[55,51],[-9,33]],[[24798,86954],[57,4],[15,-13],[9,20],[-103,139]],[[24776,87104],[2,110],[46,23],[3,21],[-95,1],[1,64],[-49,-24]],[[24684,87299],[-52,14],[-27,30],[7,111]],[[24612,87454],[-52,-2],[-61,60],[38,57]],[[24597,87600],[104,152],[36,-22],[40,14],[109,-16],[24,29]],[[25804,89227],[128,38],[16,-20],[166,-36]],[[26213,89252],[134,10],[75,-92]],[[26496,89138],[-106,-56],[12,-38],[-24,-68],[17,-28],[-13,-75],[20,-68],[-23,-53],[18,-32],[-9,-141],[284,-94],[58,0],[19,-19],[91,7],[27,-51],[24,-7],[-3,-23],[30,35],[46,-3],[43,29],[38,-9],[34,22],[90,-14],[-36,-113],[26,-10],[2,-26],[-24,-89],[46,23],[-12,-38],[51,-41],[19,22],[46,-27],[-11,37],[38,22],[40,-47]],[[27354,88165],[65,25],[24,-13],[-4,-33],[28,-33]],[[27467,88111],[-57,-64],[18,-35],[-19,-56],[106,-76],[40,23],[29,-32],[68,1],[37,19],[35,-29],[39,-2],[60,22],[51,47]],[[27874,87929],[108,2],[28,17]],[[28010,87948],[-4,43],[-49,26]],[[27957,88017],[-21,38],[83,69],[60,16],[43,-12],[34,34],[33,-43],[47,-3],[18,20],[82,-13],[39,30],[7,33],[65,7],[76,206],[100,25],[77,78],[-93,137]],[[28607,88639],[98,81]],[[28705,88720],[29,56],[6,79]],[[28740,88855],[164,152],[-1,40],[35,29]],[[28938,89076],[51,10],[36,41],[166,-20],[126,52]],[[29317,89159],[131,-43],[67,35]],[[29515,89151],[71,-20],[91,34],[50,-37],[158,-55],[-9,-139],[63,-60],[109,-34],[48,-65],[60,-18],[80,-4],[23,21],[-3,47],[23,12],[-25,17],[-4,32],[-13,-4],[27,53],[175,43],[40,-69],[96,-43],[85,22],[152,-17],[30,-36],[18,-75],[95,-49],[-1,-32],[-31,-33],[-43,19],[-24,-59],[-63,-19],[-10,-27],[28,-37]],[[30811,88519],[-4,-41],[20,-11],[37,31]],[[30864,88498],[24,-17]],[[30888,88481],[83,8],[142,-40]],[[31113,88449],[20,-83],[67,-41],[-24,-42],[-41,-21],[-8,-53],[128,-125],[41,0],[61,62],[24,-24],[-8,-69],[76,55],[33,-1]],[[31482,88107],[35,-60],[34,-5],[84,74]],[[31635,88116],[118,21],[27,-19],[8,-37],[76,-54],[-76,-43],[-2,-37],[-40,-37],[6,-73],[43,-79],[-33,-113],[196,-83],[-1,-26],[33,-29],[-8,-26]],[[31982,87481],[68,-39]],[[32050,87442],[10,-62],[-90,-96],[-110,-36],[-24,13],[-103,-20],[-74,-49],[21,-80],[54,-33],[13,-51],[-57,-106],[7,-80],[-61,-8],[-42,-90],[-42,-23],[-5,-98],[-53,-11],[-30,-92],[-46,-27],[-56,25],[-71,69],[-156,-33],[-68,26],[-55,-56],[-93,20],[-18,66],[-106,-13],[-96,15],[3,-152],[46,-64],[-93,21],[-96,-11],[-65,-34],[-168,21],[-12,20],[-148,1],[-77,32],[-118,-3],[-57,47],[-31,-8],[-35,20],[-94,-23],[-14,20],[-181,22],[-75,43],[-17,-13],[14,-27],[-13,-35],[-48,22]],[[29420,86511],[-140,-10],[-31,58]],[[29249,86559],[-106,-10],[13,34],[-71,53],[-100,-23],[-46,34],[-69,-20],[-31,9],[-81,179],[-70,20]],[[28688,86835],[-80,-21],[-97,38]],[[28511,86852],[-23,55],[-11,-51],[-85,10],[-52,-26],[-70,40],[-79,-23],[-117,17],[-20,-50],[-39,-8],[-26,-85],[-86,-36],[-42,5],[-51,-39],[-75,-7],[-25,-89],[-39,-12],[15,-30],[-93,-18],[-43,18],[-2,-52],[-33,45],[-56,13],[-9,40],[-52,20],[12,45]],[[27410,86634],[-76,5],[-25,-67],[79,-142]],[[27388,86430],[2,-93],[-56,-80]],[[27334,86257],[-92,-52]],[[27242,86205],[-24,-89],[45,-118]],[[27263,85998],[1,-84],[54,-89],[-117,-118],[17,-107],[-128,-92],[-23,-34],[4,-58],[-39,-23],[-135,60],[-10,-38],[-75,24],[-20,-17],[-66,19],[5,-36],[-192,-65],[-64,-1],[-95,-59],[-28,38],[41,56]],[[26393,85374],[-10,17],[-56,16],[-58,-8]],[[26269,85399],[-82,76],[-41,-12]],[[26146,85463],[-29,-95]],[[27207,86241],[-16,16],[-26,3],[42,-19]],[[16951,92911],[-3,76],[-39,56]],[[16909,93043],[4,48],[-49,37],[-107,18],[-90,-16]],[[16007,93144],[1,-75]],[[15934,93033],[-152,-20],[-22,48]],[[15756,93166],[-32,55],[62,48]],[[14522,95632],[-145,89],[-19,18],[46,77]],[[14404,95816],[-2,33],[42,-33],[33,-68],[80,0],[44,-25],[42,18],[53,72],[87,-7],[13,40],[22,8],[-7,24],[29,63],[92,76],[321,126],[135,125],[35,3],[10,48],[101,21],[100,178],[52,44],[37,-7],[79,62],[-46,5],[-6,25],[154,23],[48,58],[82,-7],[41,-37],[59,-109],[-48,-29],[-2,-41],[20,-5],[59,18],[21,-17],[29,31],[-7,21],[31,-17],[20,53],[-44,28],[20,60],[19,7],[49,-65],[169,-17],[62,-41],[38,-55],[205,57],[130,-39],[69,18],[17,44],[-18,62],[-57,56],[88,54],[123,2],[47,68],[11,94],[27,15],[53,104],[91,1],[33,35],[28,0],[120,72],[75,10],[56,-20],[26,53],[142,101],[6,95],[-33,38],[2,60],[-86,2],[-22,38],[-56,10],[20,27],[-16,12],[8,20],[-54,11],[5,109],[-15,62],[-52,69],[5,107],[-48,17],[12,56],[-21,21],[34,26],[-12,26],[-43,5],[-15,23],[-33,196],[126,11],[34,-62],[37,48],[25,2],[26,-27],[3,48],[29,-12],[66,33],[17,35],[22,3],[16,-36],[85,14],[42,115],[-16,32],[24,39],[-12,55],[98,86],[79,8],[51,-25],[1,-44],[39,5],[0,-22],[33,-9],[-21,-29],[26,-24],[27,7],[99,-42],[27,76],[-29,45],[59,61],[5,71],[38,52],[113,31],[47,-33],[68,15],[10,64],[38,22],[130,10],[70,82],[38,6],[41,41],[24,49],[42,-2],[27,48],[56,13],[46,44],[40,11],[32,-23],[24,6],[69,-45],[-25,-53],[85,-10],[103,64],[53,-5],[41,39],[20,-8],[75,34],[124,133],[39,-12],[11,-57],[87,26],[25,-19],[1,-34],[56,-4],[19,-36],[75,20],[25,-16],[4,-40],[51,8],[24,90],[26,4],[-44,36],[1,21],[72,23],[26,53],[-1,64],[41,17],[13,36],[-55,84],[20,35],[31,30],[97,-19],[72,16],[26,101],[97,76],[36,63],[111,63],[38,-54],[126,-103],[9,-126],[122,-155],[86,-56],[20,22],[104,-114],[108,-65],[72,41],[-21,28],[22,36],[77,-15],[60,-129],[74,-57],[73,-109],[54,-34],[38,-69],[39,-12],[-9,-69],[42,-67],[4,-44],[121,-37],[64,-49],[106,30],[68,-39],[48,-113],[61,-47],[26,2],[-24,-62],[12,-13],[-55,-32],[11,-62],[-38,-29],[33,-56],[-42,-6],[-52,-47]],[[21961,95460],[30,-82],[-79,-79]],[[21912,95299],[-59,13],[-111,-69],[-64,-12],[6,19],[-32,12],[1,-30],[-27,-21],[-3,36],[-32,-7],[5,-26],[-184,57],[-79,94],[-93,-7],[-102,48],[-41,-2],[-23,25]],[[21074,95429],[-205,8],[-50,-33]],[[20819,95404],[27,-30],[-25,-21],[14,-22],[-38,-21],[-23,-69],[-11,38],[-189,24],[18,81],[-93,100],[-58,-3],[-72,33],[-41,-32],[-15,42],[-43,31],[-35,14],[-83,-9],[-41,24],[-38,74],[-209,35],[-31,42],[-57,6],[-79,40],[-65,-67],[-21,-90],[-33,-12],[61,-37],[3,-48],[51,-34],[9,-51],[49,-60],[-19,-18],[38,-42],[-47,-22],[-62,42],[-24,-75],[-82,-51],[42,-97],[-63,-24],[-12,-36],[-52,-24],[42,-47],[1,-69],[46,-124],[-46,-128],[-85,-144],[35,-40],[-19,-61],[8,-55],[45,-51],[-202,-107],[59,-59],[31,-90],[-72,-120],[-80,8],[-27,-53],[-5,-31],[77,-103],[-8,-69],[-46,-10],[-183,31],[-47,-26],[51,-55],[18,-50],[68,-36],[-19,-43],[5,-61],[-101,-7],[-3,-33],[31,-31],[-5,-75],[-112,-31]],[[18927,93265],[-68,-46],[-24,-45],[-47,-7]],[[18788,93167],[-15,78],[-26,21],[34,67],[-82,44],[-18,77],[-36,10],[-26,43],[-25,10],[-91,-37],[-108,11],[-71,75],[-130,1],[-49,43],[-20,50],[-60,3],[-24,-66],[6,-50],[-38,-35],[35,-49],[90,-18],[48,-51],[-16,-47],[41,-40],[-47,1],[-57,-93]],[[18103,93215],[-56,8],[-35,-20],[6,-26],[83,-52]],[[18101,93125],[18,-55],[55,-30],[13,-37],[-41,-29],[13,-120],[-22,-29],[-34,16],[-14,-16],[5,-37],[-31,-16],[-31,-76],[15,-22],[-22,-21],[-29,19],[-65,0],[-31,59],[6,33],[-73,7],[-24,-33],[-23,10],[-16,-54]],[[17770,92694],[-100,-60],[-61,-15]],[[17281,92551],[-24,-2],[-130,45],[-3,86]],[[16919,92747],[-27,105],[59,59]],[[22167,84973],[-22,19],[-61,3],[-66,53],[-78,19]],[[21868,85149],[-81,-16],[-153,66]],[[21185,85555],[-108,-34],[-36,-9]],[[20945,85550],[-60,-35],[-29,14],[19,56],[-21,12]],[[20791,85536],[-101,107]],[[20690,85643],[-38,156],[91,171],[61,60],[21,105],[-97,169],[-93,92],[-16,105],[52,84]],[[20671,86585],[324,246],[63,217]],[[21058,87048],[5,108],[31,34],[113,52],[53,56],[47,12],[77,-26],[170,-151],[79,-28]],[[21633,87105],[56,-192]],[[21689,86913],[65,-93]],[[21754,86820],[38,-243],[47,-62],[129,-77],[217,-35],[282,39],[33,24],[158,31]],[[22658,86497],[114,58],[56,-22],[-10,32],[35,20],[-53,65],[8,31],[-41,16],[-9,31],[39,-10],[52,29],[63,-21],[-19,61],[61,-11],[86,30],[5,17],[-29,27],[-60,-4],[-7,41],[20,17],[30,9],[64,-19],[34,28],[12,-39],[40,19],[-23,-35],[34,-22],[32,47],[48,-2],[-40,-25],[31,2],[7,-52],[33,-3],[31,-49],[3,40],[69,-1],[42,30],[21,-7],[6,39],[30,-28],[71,46],[-33,33],[44,-18],[-3,29],[-74,13],[28,40],[-38,11],[-5,94],[43,17],[-27,20],[26,22],[23,-5],[24,71],[37,3],[8,34],[67,12],[149,257],[59,35],[-14,66]],[[23858,87616],[20,5],[-9,31]],[[24328,87700],[-15,-112]],[[24356,87567],[-22,-18],[20,-27],[29,-2]],[[24383,87520],[25,-58],[32,8]],[[24440,87470],[117,-27],[55,11]],[[24612,87454],[-2,-122],[74,-33]],[[24776,87104],[103,-148],[-81,-2]],[[24754,86411],[45,-67],[-8,-60]],[[25413,85756],[0,-37],[-47,-67],[-42,-10]],[[25289,85469],[-61,4]],[[25228,85473],[-44,-25],[-49,15],[-42,-25],[8,-34],[-68,-3],[23,-25],[-25,-55],[22,-21],[-5,-55],[-104,37],[-65,-11],[-93,49],[-57,-4],[-80,-170],[77,-61],[-41,-64],[47,-45],[-141,-130],[23,-42],[175,-77],[68,-58],[5,-76],[-27,-37]],[[24835,84556],[-85,-40],[-41,-52],[-8,-83]],[[24701,84381],[32,-100],[79,-113],[249,-65],[20,-37],[-12,-115],[17,-96]],[[25086,83855],[-54,-68],[29,-82],[52,-64]],[[25113,83641],[190,27]],[[25303,83668],[-49,-39],[13,-31],[-47,-19],[45,-66],[-34,2],[6,21],[-55,-10],[-42,-41],[-6,-49],[-115,-30],[-19,-25],[6,-36],[-93,44]],[[24913,83389],[19,62],[-7,71],[-13,13]],[[24912,83535],[-72,-11],[-179,-72]],[[24661,83452],[-1,-20],[-60,23],[2,-101]],[[24602,83354],[-126,-55],[-122,10]],[[24354,83309],[-86,73],[-12,-12],[-19,26],[-121,33],[-24,-25],[98,-81],[-133,-81],[-15,-36],[12,-62],[-45,-42],[9,-25],[-41,-85],[-31,-140],[-180,-31]],[[23766,82821],[-25,67]],[[25508,83535],[-82,97],[-142,36],[-171,-27]],[[25086,83855],[-12,229],[-27,31],[-176,36],[-83,35],[-87,195]],[[24701,84381],[25,113],[109,62]],[[25228,85473],[128,-13]],[[26117,85368],[7,-5],[4,61],[18,39]],[[26269,85399],[101,-1],[23,-24]],[[27263,85998],[-45,127],[24,80]],[[27334,86257],[65,107],[-11,66]],[[27388,86430],[-73,122],[3,69],[28,21],[64,-8]],[[28511,86852],[62,-22]],[[28573,86830],[-23,-80],[14,-61],[-40,-12],[16,-88],[-47,-27],[-18,-44],[15,-40],[-39,-36],[-24,-87],[26,-7],[3,-52],[-19,-19]],[[28437,86277],[22,-17],[-14,-25],[-62,-25]],[[28383,86210],[-1,-23],[-72,-21],[-26,26],[-107,-14],[5,-44],[-20,-23],[75,-69],[-66,-95],[38,-24],[8,-32],[47,-2],[8,-26],[127,26],[78,-10],[109,-69],[89,21],[-5,-29],[20,-10],[-20,-45],[23,12],[23,-13],[8,27],[57,-16],[81,42],[56,-12],[45,23],[46,-20]],[[29009,85790],[37,24],[185,-113]],[[29231,85701],[44,-53],[16,-57]],[[29291,85591],[-139,-35],[-77,10],[-33,-34],[-53,53]],[[28989,85585],[-71,-132],[70,-103],[132,-46]],[[29120,85304],[-2,-70]],[[29118,85234],[50,-53],[-8,-37],[-69,-89]],[[29091,85055],[-34,-11],[-35,30]],[[29022,85074],[55,54],[-53,45],[-18,-3]],[[29006,85170],[-4,-87]],[[29002,85083],[-37,-26],[-40,6],[-1,87]],[[28924,85150],[-61,0],[-23,-26]],[[28840,85124],[-2,-122]],[[28838,85002],[40,-10],[-2,-15],[-39,14],[-60,-61]],[[28777,84930],[-33,23],[-5,-48]],[[28739,84905],[86,-45],[-15,-9],[38,-34],[-28,-37],[57,-17],[-25,-33],[50,-11],[2,-20],[-36,-30],[-73,-13]],[[28795,84656],[-40,-88],[-41,1]],[[28714,84569],[10,60],[-96,11],[-35,-10],[-34,-58],[-35,86]],[[28524,84658],[-87,9],[13,-23],[-40,-37]],[[28410,84607],[129,-107],[-53,-119],[165,3]],[[28651,84384],[14,-44],[-49,-84]],[[28616,84256],[-57,47],[-95,-51],[79,-110],[7,-51],[-33,-70],[32,-12],[-75,-58],[-87,21],[-50,-66],[-84,2],[-5,-17],[84,-63],[-29,-46],[-59,-4],[7,50],[-24,36],[-75,-97],[-58,68]],[[28094,83835],[-100,24],[-40,-41]],[[27954,83818],[-38,3],[-127,-105],[-73,-14]],[[27716,83702],[-94,-52],[-68,8]],[[27554,83658],[-59,57]],[[27495,83715],[-240,-132],[-48,41]],[[27207,83624],[6,59],[-41,26],[-34,-5],[2,-42],[42,-46],[-32,-12],[-63,-3],[-52,61],[-43,6],[-76,-54],[29,-30],[88,-12]],[[27033,83572],[13,-18],[-1,-14]],[[27045,83540],[-191,-89],[-55,-59],[-96,-24]],[[26703,83368],[50,-58],[2,-18]],[[26755,83292],[-28,-5],[-112,15]],[[26615,83302],[-190,87],[-22,-14],[-13,-59],[-44,-3]],[[26346,83313],[-104,80],[-57,3],[-76,-67],[-104,-37],[4,-19],[101,-43]],[[26110,83230],[7,-24]],[[26117,83206],[-203,-72]],[[25914,83134],[-130,-78],[-100,20]],[[25684,83076],[-150,131]],[[25534,83207],[-44,105],[35,112],[-17,111]],[[30614,83451],[28,1],[3,-9],[-24,-3],[-7,11]],[[31915,83758],[-7,22],[35,-18],[-28,-4]],[[31889,83795],[18,2],[5,-11],[-23,9]],[[31864,83844],[4,5],[-1,-7],[-3,2]],[[31949,83909],[5,-6],[-32,-26],[27,32]],[[31916,83912],[4,-5],[-8,-3],[4,8]],[[30762,84067],[15,38],[19,-44],[-34,6]],[[32049,83815],[13,16],[8,-64],[-59,52],[-12,-38],[-66,57],[43,18],[22,-44],[2,47],[95,-13],[21,20],[-12,16],[-37,-13],[-70,23],[-34,-18],[-20,6],[29,19],[-21,30],[11,18],[-47,0],[1,-34],[-31,6],[-2,28],[-50,3],[-20,-23],[27,-32],[-23,-13],[30,-38],[-12,-30],[-36,106],[-22,-9],[15,-36],[-22,17],[-9,-20],[-9,52],[-18,-15],[-22,24],[24,5],[-11,12],[-32,-7],[-77,60],[68,-7],[-8,51],[-33,14],[11,26],[-23,4],[-2,27],[-31,-7],[-12,40],[-55,60],[-226,27],[-1,36],[34,-25],[71,-12],[32,6],[-70,6],[16,15],[-2,30],[28,26],[-4,30],[-5,-3],[6,-29],[-28,-23],[2,-31],[-43,-12],[-69,111],[19,-1],[18,37],[79,20],[4,-24],[36,-34],[-19,-11],[21,8],[40,2],[8,-48],[24,-18],[-14,42],[15,1],[-19,15],[18,6],[-19,10],[20,6],[-19,42],[19,17],[-21,4],[-17,-40],[-33,12],[34,13],[-5,20],[40,10],[21,66],[-6,29],[-12,-26],[-13,7],[22,24],[13,39],[-6,28],[-54,17],[29,29],[30,-8],[-9,66],[18,5],[20,-36],[-34,-64],[25,-6],[-1,-38],[33,0],[-4,-48],[21,21],[-13,29],[73,8],[28,-39],[25,48],[19,-17],[-22,-54],[31,4],[25,30],[-16,37],[77,-13],[-43,26],[27,11],[66,-41],[-29,-65],[35,49],[32,-74],[36,-6],[-52,74],[-3,20],[39,0],[-34,37],[46,7],[32,-26],[-16,21],[31,6],[-3,-24],[25,-11],[-6,39],[17,-19],[2,16],[22,-16],[23,15],[18,-16],[-6,-40],[17,13],[8,-33],[41,-9],[-15,-106],[-21,-19],[39,-82],[34,-7],[-35,34],[54,27],[-2,15],[-19,-22],[-31,15],[-7,39],[24,28],[-1,-60],[31,19],[-1,18],[40,10],[2,-18],[-28,-7],[30,-17],[-26,-28],[37,7],[-27,-14],[10,-22],[36,3],[-15,27],[23,-7],[18,-23],[-29,-27],[37,-13],[-8,23],[40,62],[10,-20],[32,2],[-18,-18],[73,-10],[10,-58],[25,18],[37,-21],[-14,4],[-6,-6],[-3,-36],[22,18],[13,-16],[4,30],[12,-9],[22,-37],[-5,-69],[-15,52],[-29,-13],[-10,20],[-19,-25],[-3,21],[-55,24],[17,4],[-18,10],[21,5],[-6,15],[-45,-24],[-23,32],[-15,-7],[17,-28],[24,-1],[-9,-18],[62,-24],[14,11],[0,-43],[20,-2],[-16,-17],[45,-34],[-6,-13],[-26,22],[-6,-24],[-24,15],[8,-23],[-23,22],[-34,-13],[-12,22],[18,7],[-22,12],[19,3],[-1,31],[-10,-22],[-46,19],[30,-18],[3,-27],[-21,4],[12,-19],[-38,50],[3,27],[-15,-18],[-54,84],[15,5],[-23,19],[0,49],[-27,11],[0,-20],[-16,2],[-4,38],[-30,-15],[93,-114],[-17,-12],[19,-19],[-28,-6],[44,4],[41,-49],[-11,-15],[-12,10],[-86,-9],[-8,13],[-3,-40],[56,28],[-1,-19],[54,13],[14,-17],[-33,4],[25,-12],[-56,-26],[-12,10],[29,25],[-34,-9],[-2,22],[-29,-39],[-34,-5],[-22,25],[17,-28],[-62,-6],[11,-24],[24,20],[43,-29],[-4,24],[25,-30],[-38,-2],[-18,-25],[-15,23],[-7,-23],[-15,17],[13,16],[-23,-10],[0,34],[-20,0],[-18,34],[45,-11],[-50,25],[9,28],[-22,20],[-1,-88],[106,-118],[76,-6],[71,-39],[-12,-18],[13,-28],[-42,-15],[-15,15],[34,6],[-23,36],[-66,17],[37,-66],[-27,-56],[22,-12],[-2,-42],[-28,7],[3,-24],[-18,11],[1,-24],[-21,10],[-24,-23],[-14,18],[28,5],[-11,12],[30,21],[-25,39],[-34,4],[20,-14],[-26,-23],[-8,55],[-15,-17],[-4,15],[-41,4],[6,-22]],[[27954,83818],[26,33],[114,-16]],[[28616,84256],[39,58],[10,55],[-14,15]],[[28410,84607],[31,21],[10,47],[11,-18],[62,1]],[[28714,84569],[26,-6],[31,20],[24,73]],[[28739,84905],[1,43],[37,-18]],[[28838,85002],[14,22],[-17,23],[5,77]],[[28924,85150],[10,-97],[68,30]],[[29006,85170],[50,-11],[17,-42],[-51,-43]],[[29091,85055],[78,116],[-51,63]],[[29120,85304],[-108,30],[-85,85],[1,65],[48,52],[13,49]],[[29291,85591],[101,-55],[58,2]],[[29450,85538],[75,46],[39,-2],[365,-121],[98,-14],[109,14],[78,-22],[89,-96],[20,-51],[15,-350],[-33,-74],[-63,-62],[-24,-74],[69,-157],[115,-105],[52,-24],[183,-18],[108,-103],[266,132]],[[31011,84457],[12,-26],[-16,-16],[59,-20],[87,-86],[59,-26],[-5,-27],[-114,-44],[-45,15],[-129,-35],[-588,33],[-38,-41],[-21,-87],[73,-33],[114,-268],[49,-23],[29,8],[-66,-130],[45,-34],[-14,-68],[38,-3],[45,-49],[-41,-9],[-9,16],[17,12],[-50,18],[-25,33],[4,40],[-52,14],[1,32],[-64,9],[-52,74],[-160,-65],[-162,-106],[-69,-8],[4,-137],[-119,-185],[-221,-122]],[[29587,83113],[-143,91],[-99,-15],[-52,13],[-68,76],[-64,-27],[-36,-45],[-116,-49],[-64,42],[-82,0],[-28,-23],[-12,-88],[-73,-34],[-62,-2],[-25,54],[-145,33],[-74,-104],[-70,-9],[-45,102],[-92,29],[29,117],[-101,131]],[[28165,83405],[-257,176],[89,103]],[[27997,83684],[-12,35],[25,5],[7,23],[-54,33],[-9,38]],[[31418,84391],[15,-2],[19,12],[8,-4],[-7,-34],[-22,-2],[-13,30]],[[31412,84437],[46,-9],[-32,-2],[7,-36],[-40,35],[19,12]],[[31381,84553],[30,-34],[18,15],[15,-20],[-1,16],[39,-5],[13,-45],[-42,-39],[-36,10],[-27,-20],[-27,63],[13,-73],[-57,-9],[-56,-39],[-40,41],[124,137],[34,2]],[[31417,84540],[4,0],[0,-2],[-4,2]],[[31731,84548],[5,-5],[-4,-1],[-1,6]],[[31474,84568],[1,-14],[13,-24],[-26,26],[12,12]],[[31510,84560],[-12,-3],[4,9],[8,-6]],[[31458,84571],[5,-3],[-1,-3],[-4,6]],[[31505,84574],[-2,0],[-1,2],[3,-2]],[[31497,84576],[-8,-1],[6,9],[2,-8]],[[31508,84596],[4,0],[1,-2],[-5,2]],[[31490,84603],[8,-14],[-10,4],[2,10]],[[31515,84613],[-6,-7],[-5,2],[11,5]],[[31481,84614],[8,3],[-2,-6],[-6,3]],[[31868,84616],[3,-9],[-29,15],[26,-6]],[[31557,84646],[30,-26],[-22,-20],[-8,46]],[[31893,84626],[1,-3],[-2,1],[1,2]],[[31721,84653],[37,0],[-1,-10],[-32,-4],[-4,14]],[[31613,84673],[-44,52],[48,-17],[-5,-21],[40,-2],[7,-18],[28,16],[-17,-17],[15,-34],[-30,-16],[-14,20],[-18,-28],[-23,4],[-21,27],[28,12],[-9,25],[15,-3]],[[31573,84664],[21,-1],[-21,-18],[-17,23],[12,21],[5,-25]],[[31459,84682],[4,10],[6,-1],[7,-32],[-29,19],[12,4]],[[31697,84670],[1,12],[6,-1],[-7,-11]],[[31440,84682],[0,3],[3,-4],[-3,1]],[[31454,84682],[-3,1],[4,4],[-1,-5]],[[31474,84676],[10,3],[6,24],[5,-24],[-21,-3]],[[31478,84721],[0,-2],[-3,1],[3,1]],[[31511,84720],[-15,2],[1,9],[5,0],[9,-11]],[[31499,84736],[-1,-5],[-3,7],[4,-2]],[[32139,83644],[5,4],[1,-10],[-6,6]],[[32127,83673],[3,0],[-1,-6],[-2,6]],[[32121,83662],[-40,25],[-3,20],[18,-9],[4,-8],[21,-28]],[[32136,83687],[9,1],[-10,-4],[1,3]],[[32018,83690],[5,2],[1,-7],[-6,5]],[[32114,83686],[-8,2],[5,5],[3,-7]],[[31991,83694],[0,-8],[-12,-1],[12,9]],[[32102,83696],[-3,-3],[0,2],[3,1]],[[32018,83705],[6,4],[7,-7],[-13,3]],[[31959,83705],[-5,3],[7,0],[-2,-3]],[[32150,83702],[-8,9],[5,4],[3,-13]],[[32125,83716],[3,2],[1,-3],[-4,1]],[[32178,83727],[14,-20],[-18,12],[4,8]],[[31969,83701],[-17,33],[31,6],[26,-31],[-40,-8]],[[31953,83752],[8,-10],[-16,3],[8,7]],[[32218,83749],[2,3],[2,-5],[-4,2]],[[32036,83754],[-19,9],[19,8],[0,-17]],[[32020,83787],[9,2],[-9,-8],[0,6]],[[32082,83813],[4,1],[2,-9],[-6,8]],[[31987,83846],[-6,4],[5,0],[1,-4]],[[32234,83888],[-6,3],[10,4],[-4,-7]],[[32241,83893],[3,4],[2,-3],[-5,-1]],[[32228,83912],[31,0],[-33,-10],[2,10]],[[32239,83973],[1,-1],[-3,0],[2,1]],[[32230,83976],[-5,0],[5,3],[0,-3]],[[32241,83981],[-33,-4],[-12,26],[51,-6],[-6,-16]],[[32177,84011],[6,-6],[-16,-3],[10,9]],[[32184,84022],[12,-9],[-18,1],[1,6],[5,2]],[[32236,84032],[-16,-19],[-10,19],[26,0]],[[32196,84032],[-24,-3],[10,9],[14,-6]],[[32213,84073],[4,6],[1,-4],[-5,-2]],[[32242,84331],[3,-16],[-3,7],[0,9]],[[32217,84325],[-1,5],[5,3],[-4,-8]],[[32245,84412],[-6,13],[12,-7],[-6,-6]],[[32169,84439],[21,-3],[-18,-6],[-3,9]],[[32165,84519],[18,-25],[-19,-4],[1,29]],[[32097,84591],[0,-4],[-7,5],[7,-1]],[[32293,83621],[3,4],[4,-8],[-7,4]],[[32285,83629],[4,2],[-5,-12],[1,10]],[[32256,83688],[-4,2],[9,3],[-5,-5]],[[32288,83700],[4,-4],[-9,-1],[5,5]],[[32271,83743],[15,-31],[-27,16],[12,15]],[[32320,83769],[-4,-11],[-9,2],[13,9]],[[32258,83789],[15,-30],[-12,-6],[-3,36]],[[32248,83794],[9,2],[-3,-6],[-6,4]],[[32307,83792],[-2,-4],[-13,7],[6,14],[9,-17]],[[32282,83824],[4,14],[9,-13],[-13,-1]],[[32298,83863],[-22,-24],[10,-33],[-38,3],[18,24],[-26,18],[31,-9],[27,21]],[[32296,83853],[3,-5],[-12,1],[9,4]],[[32239,83870],[7,2],[5,-8],[-12,6]],[[32244,83883],[2,4],[6,-6],[-8,2]],[[32319,83916],[-3,-11],[-12,7],[15,4]],[[32255,83981],[7,-5],[-13,-6],[6,11]],[[32262,83987],[1,-3],[-4,-2],[3,5]],[[32253,83994],[8,-6],[-8,-1],[0,7]],[[32269,84006],[29,-14],[-62,24],[68,-2],[-35,-8]],[[32309,84023],[-3,3],[3,0],[0,-3]],[[32260,84031],[-1,3],[11,-1],[-10,-2]],[[32246,84034],[0,1],[3,-3],[-3,2]],[[32293,84045],[1,3],[3,-5],[-4,2]],[[32268,84050],[-7,1],[1,7],[6,-8]],[[32237,84109],[16,-4],[18,-42],[-34,46]],[[32278,84076],[13,23],[14,-27],[-27,4]],[[32301,84379],[-1,2],[2,0],[-1,-2]],[[32297,84383],[2,0],[-1,-2],[-1,2]],[[32301,84399],[4,0],[-8,-13],[4,13]],[[32313,84421],[16,-7],[2,-7],[-6,6],[-49,-25],[-6,21],[15,-10],[28,22]],[[32259,84439],[9,2],[-2,-22],[-7,20]],[[32286,84429],[-5,1],[2,4],[3,-5]],[[32296,84435],[-4,-1],[3,2],[1,-1]],[[32278,84437],[-6,1],[7,2],[-1,-3]],[[32249,84450],[3,1],[-2,-6],[-1,5]],[[32269,84476],[2,-4],[-5,3],[3,1]],[[32253,84478],[10,10],[2,-9],[-12,-1]],[[32324,83644],[7,28],[14,-1],[-21,-27]],[[32317,83674],[4,1],[-3,-6],[-1,5]],[[32361,83777],[-4,19],[25,-36],[-21,17]],[[32367,83838],[10,-44],[-2,-6],[-32,31],[24,19]],[[32401,83824],[2,5],[7,-5],[-9,0]],[[32382,83837],[-20,24],[10,9],[22,-19],[-12,-14]],[[32354,83861],[3,1],[-2,-6],[-1,5]],[[32363,83894],[-7,-12],[-26,18],[33,-6]],[[32409,83921],[-29,13],[-22,13],[51,-26]],[[32349,83957],[15,3],[-10,14],[-11,-18],[-29,6],[-14,21],[8,19],[28,-30],[16,15],[27,-31],[-30,1]],[[32326,83989],[6,4],[1,-2],[-7,-2]],[[32358,83996],[3,2],[-4,-6],[1,4]],[[32420,83997],[3,2],[-2,-4],[-1,2]],[[32370,84012],[7,-11],[-28,7],[21,4]],[[32325,84013],[5,-3],[-7,-1],[2,4]],[[32361,84044],[53,-28],[-3,-26],[-25,12],[-25,42]],[[32340,84018],[5,4],[1,-3],[-6,-1]],[[32325,84023],[-14,3],[13,5],[1,-8]],[[32355,84036],[2,-15],[-20,13],[18,2]],[[32475,84050],[4,1],[4,-4],[-8,3]],[[32374,84059],[-40,-25],[3,32],[37,-7]],[[32318,84054],[2,1],[1,-3],[-3,2]],[[32438,84045],[31,19],[-50,-36],[-31,17],[-26,63],[42,-13],[0,-24],[18,-8],[-13,9],[36,25],[14,-19],[-32,-23],[11,-10]],[[32474,84087],[26,6],[-18,-38],[-8,32]],[[32337,84070],[-25,14],[12,23],[12,-12],[1,-25]],[[32462,84089],[6,2],[2,-2],[-8,0]],[[32353,84087],[-12,3],[-3,10],[15,-13]],[[32484,84106],[5,0],[2,-4],[-7,4]],[[32335,84110],[3,2],[1,-8],[-4,6]],[[32482,84115],[0,-7],[-5,6],[5,1]],[[32355,84110],[-7,3],[2,1],[5,-4]],[[32506,84141],[-11,7],[6,6],[5,-13]],[[32472,84211],[-9,4],[7,1],[2,-5]],[[32499,84276],[16,21],[7,-9],[-23,-12]],[[32439,84359],[-2,-2],[0,6],[2,-4]],[[32316,84369],[-3,3],[2,1],[1,-4]],[[32321,84405],[-3,0],[1,2],[2,-2]],[[36418,80126],[-124,14],[104,100],[166,74],[80,74],[62,5],[24,34],[-11,-76],[-92,-112],[5,-68],[-33,-51],[-37,-11],[-81,37],[-63,-20]],[[32905,83112],[1,-1],[-1,1]],[[32911,83117],[1,2],[2,-2],[-3,0]],[[32831,83131],[4,-16],[-29,3],[25,13]],[[32933,83124],[1,-2],[-3,-1],[2,3]],[[32971,83126],[3,1],[-1,-3],[-2,2]],[[32944,83118],[-8,12],[5,5],[3,-17]],[[33214,83116],[-46,13],[14,15],[32,-28]],[[33217,83131],[3,4],[4,-5],[-7,1]],[[32801,83132],[-1,1],[2,1],[-1,-2]],[[33226,83132],[5,3],[1,-3],[-6,0]],[[32744,83141],[-1,-6],[-4,-2],[5,8]],[[32698,83132],[-9,-1],[3,13],[6,-12]],[[32944,83146],[16,-15],[-19,6],[3,9]],[[33206,83137],[-2,3],[3,2],[-1,-5]],[[33192,83143],[4,2],[0,-2],[-4,0]],[[32760,83158],[19,-7],[-8,-20],[-10,24],[-25,1],[24,2]],[[33211,83144],[7,3],[0,-2],[-7,-1]],[[32732,83162],[9,8],[9,-8],[-18,0]],[[32714,83170],[1,1],[0,-2],[-1,1]],[[32731,83187],[11,-12],[-16,-5],[5,17]],[[33170,83184],[1,-4],[-2,-1],[1,5]],[[32860,83174],[-2,33],[12,7],[-2,-32],[12,14],[23,-3],[-25,-16],[27,3],[-12,-23],[-33,17]],[[32799,83193],[-2,0],[1,1],[1,-1]],[[32714,83200],[7,5],[-3,-13],[-4,8]],[[32889,83206],[4,4],[2,-10],[-6,6]],[[32701,83345],[10,6],[1,-5],[-11,-1]],[[32702,83357],[3,0],[-1,-5],[-2,5]],[[32733,83367],[2,2],[0,-4],[-2,2]],[[32527,84071],[4,15],[5,-10],[-9,-5]],[[32523,84172],[2,-8],[-8,4],[6,4]],[[32537,84176],[-17,1],[9,4],[8,-5]],[[32504,84204],[25,-11],[-25,-5],[0,16]],[[32527,84305],[-32,13],[2,18],[2,-12],[28,-19]],[[30627,21020],[-341,372],[-116,219]],[[30170,21611],[-12,55],[36,201]],[[30194,21867],[-47,211],[22,63],[-27,20],[-40,-9],[29,32],[-16,21],[-28,-37],[-27,-1],[-55,99],[13,20],[-23,38],[34,37],[30,-20],[28,7],[-34,36],[28,43],[-23,9],[5,23],[27,5],[-70,103],[-142,49],[-63,-33],[-39,50],[-2,-35],[-101,-72],[-62,4],[-21,23],[-27,-67],[-44,10],[-34,-46],[-40,-7],[-31,7],[-4,94],[-55,-7],[24,39],[-127,69],[-32,-49],[-34,19],[2,-16],[-26,-6],[-8,18],[-71,18],[-18,-44],[-23,6],[0,26],[-47,14],[-6,-25],[-41,-3],[-8,-20],[-13,51],[-46,3],[31,68],[-20,102],[-108,15],[-45,130],[20,49],[-66,39],[-71,-40],[-51,57],[-38,7],[-28,-20]],[[28505,23044],[-183,195]],[[28322,23239],[268,197],[186,677],[-521,252],[-275,194],[-253,-25]],[[27727,24534],[-107,133]],[[27620,24667],[44,37],[188,13],[137,56],[-26,82],[29,57],[44,26],[28,66],[-26,30],[13,44],[-14,25],[36,20],[11,45],[-9,107],[32,3]],[[28107,25278],[46,122],[29,22],[40,91]],[[28222,25513],[-17,30]],[[28205,25543],[69,35],[9,69],[-41,4],[31,41],[50,-2],[47,-29],[-24,-44],[33,-28],[125,7],[66,-26],[40,11],[51,-95]],[[28661,25486],[71,-30],[-1,-98]],[[28731,25358],[-64,-27],[45,-67],[46,16],[26,-14],[-67,-100],[68,-98],[79,-33],[24,-36],[96,-8],[53,59],[91,-111],[29,3],[34,54],[27,-6],[20,-31],[-51,-59],[13,-80],[148,-52],[6,-38],[-34,-67],[61,-60],[77,-21],[76,20],[24,-171],[-11,-114],[94,-73],[105,10],[27,-15],[63,-151],[-34,-91],[69,-78],[88,-15],[14,41],[53,-5],[-15,27],[-56,10],[35,17],[-3,43],[-20,-6],[-9,18],[29,40],[77,-42],[21,7],[-8,-29],[36,-8],[-17,-25],[71,7],[36,-27],[-29,-33],[37,-51],[69,24],[-11,85],[52,75],[79,-74],[-4,-79],[51,-7],[8,28],[107,19],[22,-12],[71,78],[36,14],[1,34],[100,31]],[[30792,24104],[22,-91]],[[30814,24013],[49,-46],[-29,-70],[19,-52],[47,-82]],[[30900,23763],[161,-173],[-2,-58],[-107,-114],[49,-51],[16,-49],[-63,-30]],[[30954,23288],[-86,61],[-41,3],[-140,-94]],[[30687,23258],[4,115]],[[30691,23373],[-56,8],[-71,-59]],[[30564,23322],[-42,-68],[-206,-103],[-103,-127],[0,-98],[35,-66],[101,-108],[225,-115],[46,-102]],[[30620,22535],[82,-78],[72,-4]],[[30774,22453],[34,66],[58,11],[56,-20],[84,70],[66,-4],[14,-43],[120,-94],[52,-100],[61,10],[39,-40],[97,-41],[126,-19],[92,-68],[61,-18],[20,52],[-6,49],[30,54],[66,13],[15,24],[23,-7],[10,21]],[[31892,22369],[72,-54],[50,-127]],[[32003,21960],[14,-50]],[[31817,21441],[-34,-58],[-166,-27],[-22,-49],[128,-83],[22,-70],[-99,-112],[-498,-181],[-393,-66],[-128,225]],[[8672,14115],[1,8],[10,1],[-11,-9]],[[8785,14284],[15,-23],[-9,-9],[-7,10],[1,22]],[[8915,14381],[-54,15],[-75,-88],[-71,7],[-13,26],[28,45],[-12,23],[-102,5],[24,52],[119,51],[159,-2],[41,-62],[-68,-47],[24,-25]],[[9105,14537],[2,-51],[-73,40],[36,33],[35,-22]],[[9168,14541],[-51,32],[44,35],[-7,-32],[14,-35]],[[9850,14879],[2,-5],[-8,3],[6,2]],[[9801,14916],[14,-11],[-8,-5],[-6,16]],[[12373,17435],[4,5],[0,-4],[-4,-1]],[[12449,17536],[-8,13],[16,22],[13,-14],[-21,-21]],[[12811,17739],[-27,-49],[-11,27],[22,26],[16,-4]],[[12129,18054],[-3,-7],[-13,9],[16,-2]],[[12096,18083],[-2,-4],[-2,6],[4,-2]],[[12303,18086],[14,10],[4,-11],[-18,1]],[[12096,18094],[-22,21],[57,3],[-10,-19],[-25,-5]],[[12281,18126],[-6,-31],[-48,6],[54,25]],[[12312,18159],[23,-14],[-2,-10],[-22,1],[1,23]],[[12188,18135],[-36,12],[-10,20],[35,9],[11,-41]],[[12049,18173],[-1,-23],[-21,0],[22,23]],[[12121,18205],[-12,9],[9,0],[3,-9]],[[12285,18202],[-13,29],[31,11],[15,-21],[-33,-19]],[[12318,18398],[-12,-51],[24,-21],[-17,-50],[-79,55],[22,36],[-22,21],[16,21],[-21,51],[51,-11],[38,-51]],[[12341,18454],[-58,29],[-30,62],[25,6],[43,-33],[20,-64]],[[12440,18586],[-22,14],[-14,26],[37,-26],[-1,-14]],[[12260,18596],[-35,-5],[-15,59],[42,-27],[8,-27]],[[12400,18636],[-37,26],[-7,19],[38,-23],[6,-22]],[[13718,19890],[-2,11],[4,-1],[-2,-10]],[[13719,19910],[3,15],[15,5],[-18,-20]],[[11405,20465],[-66,42],[-67,3],[-18,-33],[-36,45],[-91,292],[-60,32],[36,53],[-2,43],[64,-23],[29,20],[146,-43],[96,-4],[194,-60],[66,14],[90,117],[32,122],[132,42],[39,188],[56,52],[88,25],[78,-30],[154,-204],[39,-6],[22,19],[73,-70],[43,-11],[142,-196],[-14,-36],[24,-62],[-40,-28],[-10,-81],[46,-175],[-33,-217],[40,-163],[-68,-182],[-95,-84],[-84,-295],[-76,-74],[-9,-49],[38,-83],[-60,-67],[-10,-98],[-49,-46],[41,-63],[25,31],[96,-72],[-2,-39],[-26,-1],[-24,-39],[0,-58],[24,-23],[-40,-7],[-13,-49],[78,-110],[51,-8],[13,-41],[-91,66],[-47,-33],[-47,43],[-60,-9],[-26,-39],[-65,205],[-56,22],[-23,48],[-29,268],[-113,490],[-123,381],[-48,72],[-72,54],[-100,153],[-48,24],[-66,-16],[-58,11],[-30,50]],[[14133,20189],[12,5],[0,-4],[-12,-1]],[[14175,20222],[-9,1],[0,4],[9,-5]],[[11262,20465],[-4,4],[2,2],[2,-6]],[[11121,20602],[0,3],[2,-3],[-2,0]],[[10911,20819],[-4,1],[0,5],[4,-6]],[[14190,20846],[5,2],[-6,-4],[1,2]],[[14197,20849],[1,0],[-1,0]],[[14173,20850],[-1,1],[1,0],[0,-1]],[[10928,20911],[12,-6],[-6,-1],[-6,7]],[[12546,21093],[4,12],[15,-5],[-19,-7]],[[14529,16487],[-9,16],[15,13],[7,-17],[-13,-12]],[[14472,16747],[-6,26],[33,2],[-3,117],[37,-37],[14,-68],[-34,-29],[29,-170],[-53,-10],[-48,70],[-6,53],[4,31],[33,15]],[[14409,16894],[10,18],[13,-78],[-23,60]],[[14492,16935],[-16,35],[11,25],[10,-33],[-5,-27]],[[14407,17005],[3,11],[8,0],[-11,-11]],[[14247,20350],[-9,-10],[-17,-3],[5,7],[21,6]],[[14199,20376],[4,6],[7,-2],[-11,-4]],[[14349,20397],[16,-19],[-73,-13],[7,26],[50,6]],[[14217,20414],[23,11],[6,-8],[-29,-3]],[[14396,20404],[-15,4],[20,45],[19,-11],[-24,-38]],[[14350,20455],[0,3],[4,2],[-4,-5]],[[14476,20449],[-41,-5],[22,30],[19,-25]],[[14375,20459],[-2,0],[2,1],[0,-1]],[[14408,20475],[-3,-1],[3,4],[0,-3]],[[14250,20469],[-5,26],[24,9],[3,-14],[-22,-21]],[[14295,20508],[-9,3],[7,3],[2,-6]],[[14265,20537],[13,17],[5,0],[0,-16],[-18,-1]],[[14327,20582],[15,27],[40,-15],[-55,-51],[-41,36],[6,21],[35,-18]],[[14260,20794],[8,-2],[-8,2]],[[14265,20808],[3,8]],[[14268,20816],[5,-17],[-1,-1],[-7,10]],[[14265,20808],[-1,-4],[-3,5],[4,-1]],[[14268,20816],[0,5],[1,6],[-1,-11]],[[14261,20836],[1,0],[-1,-5],[0,5]],[[14289,21002],[-2,-1],[4,12],[-2,-11]],[[14330,21033],[-8,5],[6,-3],[2,-2]],[[14308,21053],[5,-15],[-4,0],[-1,15]],[[14337,21052],[2,-1],[-4,-1],[2,2]],[[14308,21053],[-1,8],[3,0],[-2,-8]],[[14341,21086],[-1,-21],[-5,-4],[-5,1],[6,21],[5,3]],[[14341,21086],[16,8],[4,-10],[-20,2]],[[14343,21095],[-6,4],[6,-4]],[[14334,21107],[-1,-4],[-2,0],[3,4]],[[14367,21105],[3,5],[7,3],[-10,-8]],[[14418,21211],[-2,-1],[0,4],[2,-3]],[[14412,21231],[0,1],[0,-1]],[[14351,21380],[-1,1],[1,0],[0,-1]],[[14345,21388],[-1,3],[1,3],[0,-6]],[[14345,21395],[1,4],[-1,-4]],[[14808,16444],[-9,-43],[-3,21],[-47,12],[88,30],[-29,-20]],[[14553,16487],[5,5],[12,-28],[-17,23]],[[14777,16507],[13,12],[-6,-10],[-7,-2]],[[14720,16552],[20,3],[-20,-66],[0,63]],[[14562,16528],[-24,6],[-1,12],[25,-18]],[[14736,16593],[-7,-6],[2,6],[5,0]],[[14708,16597],[10,1],[-6,-4],[-4,3]],[[14735,16601],[-5,2],[5,2],[0,-4]],[[14834,16658],[-25,-13],[0,-44],[-56,-25],[46,100],[35,-18]],[[14693,16691],[12,6],[-5,-14],[-7,8]],[[14801,16699],[4,13],[7,-8],[-11,-5]],[[14822,16734],[-2,-11],[-5,10],[7,1]],[[14764,16765],[-19,-36],[-39,-25],[8,44],[50,17]],[[14690,16801],[-11,77],[35,-6],[2,-44],[-26,-27]],[[14556,16890],[14,2],[1,-10],[-15,8]],[[14648,16904],[2,2],[2,-2],[-4,0]],[[14545,17082],[26,-13],[-41,-27],[15,40]],[[15435,18483],[7,-3],[-12,-3],[5,6]],[[15237,18759],[0,4],[10,8],[-10,-12]],[[15269,18991],[4,3],[-2,-3],[-2,0]],[[15242,19081],[9,6],[0,-6],[-9,0]],[[15498,19175],[-4,-13],[-30,-9],[8,12],[26,10]],[[15505,19182],[17,8],[-1,-8],[-16,0]],[[15555,19273],[-16,-46],[-8,-10],[4,69],[20,-13]],[[15478,19289],[-58,-29],[17,62],[41,-33]],[[15454,19364],[-11,0],[7,5],[4,-5]],[[15432,19368],[1,3],[1,-1],[-2,-2]],[[15429,19395],[8,-12],[-5,-5],[-3,17]],[[15466,19388],[-6,8],[7,5],[-1,-13]],[[15429,19395],[-25,17],[8,16],[22,-16],[-5,-17]],[[15416,19478],[4,-19],[-16,6],[12,13]],[[15437,19500],[-5,-22],[-7,8],[12,14]],[[15412,19499],[-15,-18],[3,24],[12,-6]],[[15597,19482],[-25,2],[5,32],[4,-17],[16,-17]],[[15497,19562],[1,-6],[-6,3],[5,3]],[[15471,19566],[5,5],[5,-13],[-10,8]],[[15501,19629],[1,-3],[-6,-1],[5,4]],[[15457,19711],[7,-2],[-5,-1],[-2,3]],[[16405,17401],[-61,-14],[-54,37],[-79,-21],[-69,9],[17,27],[31,-1],[37,67],[101,62],[71,-27],[74,1],[13,-36],[-34,-77],[-47,-27]],[[17777,18508],[15,-20],[-58,-15],[-52,-119],[-35,-24],[-52,45],[4,72],[70,43],[108,18]],[[20240,19912],[-37,-48]],[[21114,19089],[1148,-974]],[[21052,16891],[-177,-61],[64,-81]],[[21282,16370],[-83,-63],[-10,-100],[-34,-16],[0,-49],[-43,24]],[[21112,16166],[-127,6],[20,38],[-40,35],[1,44],[-87,-80],[-34,29],[-99,23],[-36,78],[2,48],[-42,10]],[[20670,16397],[-14,44],[-18,-4],[-37,-69]],[[20601,16368],[17,-69],[-17,-87],[56,-92],[116,-75],[-32,-97],[103,19],[-6,-85],[47,-111],[-64,-13],[23,-49],[-50,-40],[-2,-48],[-37,29],[-29,-22],[-29,20],[-14,-11],[-49,-225],[22,-210],[-109,-4],[-104,-203],[-1700,966],[-36,-93],[-32,-25],[-124,44],[-70,59],[-113,-141],[-192,176],[-232,-411],[-159,130],[-73,85],[-68,7]],[[17644,15792],[99,915],[70,285],[100,247],[62,337],[53,125],[63,50],[164,-18],[173,27],[370,351],[208,158],[82,41],[137,19],[29,-14],[51,-117],[58,-1],[38,25],[16,127],[-153,242],[-41,125],[-82,60],[-475,467],[-270,-13],[-310,-62],[-103,12],[-155,135],[-133,218],[-177,227],[-133,116],[-219,114],[-195,37],[-225,-113],[-127,-109],[-84,-124],[-81,-70],[-48,-74],[15,-38],[-26,-22],[-33,-5],[-39,42],[-32,7],[-5,-16],[-80,38],[-56,-34],[-44,5],[-13,23],[74,76],[-36,66],[-30,-4],[8,26],[-29,52],[-30,-4],[-18,25],[43,15],[3,29],[-12,20],[-21,-6],[-13,62],[-26,-12],[13,45],[-21,-2],[48,9],[7,17],[-75,244],[-98,137],[-102,73],[-51,9],[-54,-85],[-27,-1],[22,58],[-43,87],[32,48],[-29,76],[-126,167],[-158,162],[-130,5],[-33,-45],[-43,2],[-66,-30],[19,57],[-17,61],[61,97],[-36,84],[-54,57],[263,46],[127,-158],[131,219],[62,37],[94,8],[60,52],[40,98],[12,119],[153,72],[26,46],[4,98],[56,25],[66,3],[72,-32],[193,11],[12,64],[269,-13],[417,-120],[170,4]],[[15734,18826],[25,36],[48,17],[43,-92],[-14,-44],[-56,-13],[-46,96]],[[15686,19351],[6,2],[2,-6],[-8,4]],[[15611,19361],[4,4],[0,-4],[-4,0]],[[15617,19381],[4,3],[-1,-3],[-3,0]],[[15626,19393],[1,-2],[-3,-4],[2,6]],[[15619,19395],[-7,9],[3,6],[4,-15]],[[15726,19387],[-17,25],[27,48],[-10,-73]],[[15791,19451],[-1,2],[5,3],[-4,-5]],[[15797,19458],[5,4],[6,-7],[-11,3]],[[16328,19460],[1,6],[2,-7],[-3,1]],[[16354,19463],[-2,3],[5,2],[-3,-5]],[[16352,19468],[-6,-3],[-1,6],[7,-3]],[[15739,19467],[8,11],[4,-12],[-12,1]],[[15728,19489],[13,2],[-3,-4],[-10,2]],[[15649,19504],[5,5],[6,-19],[-11,14]],[[15792,19525],[-16,-34],[-17,2],[6,33],[27,-1]],[[15688,19514],[6,-10],[-7,8],[1,2]],[[15664,19519],[5,-6],[-6,1],[1,5]],[[15646,19533],[8,-10],[-9,1],[1,9]],[[15769,19563],[2,13],[33,-22],[-35,9]],[[16041,19582],[-11,-16],[-25,6],[7,10],[29,0]],[[15606,19617],[-2,-29],[-25,-48],[-16,19],[43,58]],[[15912,19588],[40,9],[32,-14],[-50,-10],[-22,15]],[[15639,19643],[10,-18],[-7,-12],[-3,30]],[[15586,19653],[-1,2],[2,1],[-1,-3]],[[15960,19673],[-2,2],[5,5],[-3,-7]],[[15953,19685],[0,12],[8,5],[0,-17],[-8,0]],[[15957,19705],[3,0],[-2,-3],[-1,3]],[[16047,19710],[-7,21],[17,-4],[-10,-17]],[[15910,19726],[4,10],[3,-8],[-7,-2]],[[15650,19714],[24,-30],[-17,-11],[-16,6],[1,49],[-40,40],[20,23],[40,-28],[-12,-49]],[[15922,19741],[-3,4],[4,0],[-1,-4]],[[15595,20119],[-9,17],[5,7],[8,-7],[-4,-17]],[[15625,20311],[7,-6],[-11,-2],[4,8]],[[35982,51554],[41,-12],[29,-56],[83,-55]],[[36135,51431],[44,-78],[-13,-70]],[[36166,51283],[28,-44],[-5,-71],[38,-52]],[[36227,51116],[52,-13],[14,-54],[75,-52],[17,-51],[96,-85],[51,26],[101,-3],[-21,-25],[15,-43],[-19,-44],[20,-110],[-20,-18],[32,-37],[21,-122],[25,-25],[-17,-24],[-17,8],[9,-26],[77,-3],[57,39],[102,-41],[-1,-41],[50,-30],[122,-6],[76,-29],[63,26],[70,-46],[122,-14],[22,20],[132,4],[72,-83],[61,-24],[57,76],[61,7],[33,33],[85,-15],[63,-114],[75,-26],[12,-70],[206,-51],[40,-50],[78,-13],[30,-83],[-40,-90],[25,-52],[-57,-53],[-59,-137],[-58,-15],[21,-36],[-18,-63],[-77,-23],[-73,-66],[3,-37],[39,-33],[0,-58],[37,-78]],[[38169,49143],[163,-134]],[[38332,49009],[87,21],[35,-29],[57,28],[198,-59],[104,-143],[75,0],[81,-37],[9,-68],[122,0]],[[39100,48722],[72,48],[99,-4]],[[39271,48766],[31,19],[74,4],[85,69],[-44,141],[-36,30],[14,45],[-19,79],[24,33],[-20,31],[12,29],[-35,49]],[[39357,49295],[104,94],[96,-6]],[[39557,49383],[99,-69],[16,-51],[33,23],[80,-72],[86,-17]],[[39871,49197],[92,15]],[[39963,49212],[76,-36],[-10,-28],[36,-13],[-21,-25],[23,-57],[58,-49]],[[40125,49004],[38,-95]],[[40163,48909],[27,4],[36,-39],[19,8],[15,-77],[187,-116],[25,-51],[-18,-15],[19,-3],[12,-42],[22,4]],[[40507,48582],[-19,-18],[18,-16],[-18,-23]],[[40488,48525],[12,-31],[16,-21]],[[40516,48473],[74,-12],[23,-53],[77,-16],[10,-102],[30,-12],[48,25],[20,-22],[70,-204],[31,-10],[24,-51],[155,-102],[137,-9],[38,-68],[116,-31],[32,-64],[238,62],[0,-33],[42,-30],[11,-72],[93,-30],[72,-181],[-51,-67],[-8,-71],[-41,-55],[-54,-21],[-47,-53],[49,-64],[52,-13],[-1,-28],[-41,-62],[3,-29],[-38,-16],[-65,-100],[7,-18],[-50,-16]],[[41572,46845],[-20,-92],[55,-40]],[[41607,46713],[53,-1],[39,22],[28,-32],[126,20],[49,-117]],[[41902,46605],[86,-84]],[[41604,46248],[-334,69],[-148,93]],[[40310,45408],[32,-84],[-196,-34]],[[35132,42766],[-208,-101],[-2,-119],[-56,-31],[-18,-44],[-24,36],[4,311],[-66,54],[-11,53],[-77,-20],[-27,28],[-138,-50],[-66,19],[-70,-22],[-136,143],[-50,20],[-4,69],[54,42],[-6,169],[45,46],[-9,43],[22,39],[-42,-1],[-63,77],[-65,29],[-20,37],[-63,5],[3,43],[35,106],[86,106],[-6,27],[66,53],[-29,37],[65,65],[58,-3],[70,164],[43,28],[19,84],[69,66],[-51,83],[62,94],[-2,84],[-24,49],[7,72],[-102,105],[-2,64],[55,40],[21,59],[38,24],[16,61],[-14,41],[43,-4],[88,86],[76,32],[25,83],[-22,4],[37,39],[23,95],[57,-35],[13,-41],[47,-7],[46,22],[44,-30],[50,23],[4,131],[54,45],[52,132],[-28,47],[57,185],[26,11],[-47,63],[58,18],[37,39],[6,66],[37,50],[-8,35],[35,23],[-16,21],[15,34],[-45,30],[-20,122],[-33,27],[35,20],[18,60],[58,2],[67,51],[0,56],[101,40],[-11,71],[-43,40],[-18,104],[39,9],[2,48],[-34,60],[68,103],[-4,58],[-29,49],[8,55],[-136,24],[-76,-15],[-17,34],[113,80],[23,55],[-77,101],[-2,32],[-29,23],[-37,-1],[-29,53],[-63,10],[23,59],[98,57],[-13,52],[116,27],[7,48],[136,76],[31,62],[88,36],[65,55],[11,60],[-27,16],[-17,96],[-78,-2],[-73,65],[-49,-6],[-66,25],[-75,64],[-17,72],[-100,19],[-60,-14],[-44,50],[4,36],[-60,5],[-47,45],[-32,48],[25,70],[-99,87],[3,16],[66,-2],[3,33],[-51,31],[-16,61],[36,75],[113,25],[40,-24],[23,8],[96,53],[29,52],[74,12],[65,51],[84,-26],[76,-60],[33,5],[48,-38],[51,-5],[21,6],[7,57],[36,41],[-8,30],[77,-32],[60,-1],[42,33],[-39,93],[-28,5],[-84,121],[91,83],[72,32],[-27,82],[-71,82],[30,-10],[68,23],[8,71],[20,16],[-66,33],[-107,189],[-16,-8],[-5,25],[-65,50],[-28,-2],[4,24],[62,19],[7,43],[50,-42],[61,48],[54,-1],[7,92],[36,-3],[42,25],[-49,6],[-37,87],[9,121],[-35,34],[-4,100],[45,46],[-10,35],[23,59],[47,-1],[27,53],[-55,50],[-8,32],[-57,-14],[-45,26],[-10,107],[-21,3],[-3,23],[27,65],[-88,89],[114,73],[53,108],[71,35]],[[28471,21126],[-1,-32],[-29,8],[-11,-49],[-49,12],[-31,-13],[-30,24],[-47,-35],[-14,34],[-35,-11],[1,36],[38,-22],[37,25],[-55,52],[-18,-14],[-57,24],[-8,-21],[-52,20],[-23,-31]],[[28087,21133],[-21,9],[11,18],[-39,49]],[[28038,21209],[6,32],[-42,13]],[[28002,21254],[4,22],[78,3]],[[28084,21279],[132,105]],[[28216,21384],[42,-1]],[[28258,21383],[-7,14],[-74,32]],[[28177,21429],[4,45],[-107,48],[-13,29],[-43,20],[-2,38]],[[28016,21609],[-60,23],[-28,8]],[[27928,21640],[-22,-53],[-27,7],[-20,-49],[-28,-13],[-60,28],[-60,46],[26,40],[-38,22],[19,52],[-33,28],[19,42],[-143,66],[4,97],[-53,9],[-123,139],[-18,9],[-54,-31],[-159,130],[-534,-47],[-679,-21],[8,-321]],[[25953,21820],[-1262,95]],[[24691,21915],[-494,606],[-175,93],[-179,31],[-1212,1044],[110,8],[-197,364],[-435,186]],[[22109,24247],[-111,185],[47,-24],[196,18],[102,42],[722,163],[219,100],[154,118],[89,28],[131,-4],[169,41],[189,-357],[214,-235],[161,-215],[-107,-202],[12,-18],[319,-115],[246,-31],[4,42],[-37,19],[-5,85],[171,125],[-33,32],[8,44],[-53,83],[2,44],[212,-166],[253,-241],[375,-237],[136,-19],[472,22],[158,-128],[-13,301],[-161,282],[-166,176],[87,155],[-38,52],[-8,170],[66,32],[65,-27]],[[26356,24587],[-1,-47],[28,-45],[66,-3],[404,149],[220,-38],[66,32],[22,35],[-24,75]],[[27137,24745],[-79,53],[19,52]],[[27077,24850],[35,-36]],[[27112,24814],[33,39],[25,-2],[-4,17],[63,7],[264,-123],[55,-66]],[[27548,24686],[36,26]],[[27584,24712],[143,-178]],[[28322,23239],[56,-67],[127,-128]],[[30194,21867],[-33,-186]],[[30161,21681],[-54,-12],[-203,-164]],[[29904,21505],[-127,-177],[-64,-22],[-72,20]],[[29641,21326],[-32,57],[-8,159],[-35,35]],[[29566,21577],[-37,5],[-57,-27]],[[29472,21555],[-38,-121],[-34,-43],[-176,-89],[-104,-11],[-9,-20],[34,-86],[-117,-38],[-26,16],[-55,-10],[-4,69],[-62,2],[-18,28],[-58,-54],[-49,77],[-74,-54]],[[28682,21221],[-49,26],[-162,-121]],[[38010,26825],[-36,56],[-48,20],[-130,25]],[[35735,26893],[-131,147],[-49,-2]],[[35406,26945],[-8,-33],[-48,-35]],[[35350,26877],[-69,93],[-39,0],[-38,85]],[[35204,27055],[-91,3],[-19,69]],[[35094,27127],[-53,-3],[-20,28]],[[35021,27152],[24,139],[-15,36],[-97,41],[-88,-33]],[[34845,27335],[-30,7],[-11,-44],[25,-13],[-16,-15],[-64,-3],[22,51],[-31,24],[-78,-43],[0,94],[101,44],[35,69],[75,27],[-10,53],[30,32],[29,-10],[14,14],[-68,69],[-44,14],[-13,61],[-75,50],[-1,40],[-59,-25],[-24,40],[-57,-48],[-53,46],[-14,58],[-55,9],[-21,-18],[-78,-4],[-7,-33],[-76,-34],[-45,17],[61,39],[-7,48],[25,64],[-41,89],[-29,7],[29,-48],[-18,-12],[-64,40],[42,32],[-37,47],[35,30],[-35,53],[-23,-11],[-6,-128],[-59,-35],[-10,-58]],[[34109,28021],[-49,3],[-39,61]],[[34021,28085],[-148,6],[-55,95],[54,-16],[14,21],[-75,35],[-21,38],[61,93],[-40,47],[25,66],[-124,89],[-101,36],[-9,31],[28,43],[-48,48]],[[33582,28717],[80,141]],[[33662,28858],[47,30],[-43,35],[35,37],[13,166],[25,25],[45,-1]],[[33784,29150],[42,65],[81,1]],[[33907,29216],[74,55],[60,-9],[113,29],[25,58],[43,-7],[13,31],[57,29],[84,12],[29,-39]],[[34405,29375],[41,-5],[34,-64],[95,-38],[100,80],[4,23],[115,-48],[82,18],[69,61],[44,121],[145,47],[31,32],[24,-36],[113,9],[52,-11],[51,-48],[60,14],[59,81],[108,97],[92,28],[86,73],[92,7],[64,156],[71,5],[64,56],[66,6],[16,67],[67,-8],[34,23],[-40,37],[29,42],[-16,68],[74,14],[29,25],[82,-25],[49,40]],[[36491,30322],[123,-43],[26,-32],[12,-41]],[[36652,30206],[-69,-33],[23,-64],[39,-37],[-44,-34]],[[36601,30038],[7,-34],[20,-5],[29,33]],[[36657,30032],[120,-53]],[[36777,29979],[119,-99],[72,22],[37,38]],[[37005,29940],[138,9],[29,40],[65,-28],[23,68],[28,19],[40,-3],[32,-48],[79,32],[221,-5],[60,-28],[30,-112],[-68,-38],[-4,-86],[55,-27],[-54,3],[-16,-30]],[[37663,29706],[122,-109],[113,-39]],[[37898,29558],[33,90],[20,12],[3,-25],[41,13],[1,33],[39,9],[20,30],[8,-41],[54,13],[5,-50],[55,-24],[48,-97],[34,-4],[45,62],[69,-4],[71,47],[66,-8],[19,39],[25,-13],[-10,44],[241,128],[65,-23],[102,156],[76,55],[101,182],[-38,44],[-64,11],[-24,23],[-52,-7],[3,47],[-25,35],[13,30],[-39,16],[8,14],[-62,84],[-25,3],[-32,-36],[-13,27],[-34,-14],[1,16],[-23,-4],[9,16],[-36,3],[24,9],[-14,16],[17,50],[-18,9],[-7,77],[-33,19],[-5,28],[-83,37],[2,47],[-31,33],[10,63],[-18,-1],[-32,52],[-57,-2],[-12,16],[16,44],[20,-3],[-22,54],[29,3],[-24,33],[13,36],[-76,-19],[-92,41],[-45,-18],[-37,17],[4,19],[-35,27],[-28,-9],[-10,34],[46,45],[32,1],[-19,29],[32,-6],[25,18],[15,-13],[-17,37],[28,41],[-14,73],[17,37],[34,-5],[-10,17],[21,32],[-17,24],[64,6],[-8,33],[49,-31],[15,-43],[26,48],[58,34],[-10,72],[40,-30],[41,15],[23,36],[57,-37],[52,0],[27,31],[8,-43],[64,8],[4,-28],[24,-7],[54,4],[-9,34],[87,-29],[30,61],[42,-46],[-15,19],[25,17],[0,40],[17,-24],[23,8],[-2,24],[35,-20],[-13,34],[28,53],[-37,2],[-15,23],[30,9],[7,51],[-23,28]],[[39123,31884],[15,29]],[[39138,31913],[42,-53]],[[39180,31860],[25,-3],[55,36],[143,44]],[[39403,31937],[78,51],[18,-48],[32,-13],[-3,-42],[38,36],[27,-10],[17,-60],[36,-6],[4,24],[40,2],[4,-26],[44,-15],[32,11],[3,36],[46,33],[46,-71],[28,66],[16,-37],[50,-7],[20,-92],[36,49],[50,17],[-39,43],[29,64],[50,19],[-5,49],[85,28],[28,56],[120,-34],[9,-34],[95,71],[4,23],[70,8],[-8,25],[61,40],[64,-12],[-3,33],[-43,9]],[[40582,32223],[18,77],[40,-17]],[[40640,32283],[9,23],[22,-9],[61,44],[89,-3],[117,-80],[168,15],[41,36],[52,12],[15,47],[52,-57],[16,5],[-23,42],[22,7],[3,27],[22,-1],[-16,34],[11,56],[23,-30],[29,3],[52,59],[-11,-39],[20,-5],[43,47],[-7,82],[26,-12],[17,-43],[24,38],[-6,36],[58,-4],[-20,37],[22,26],[10,-30],[48,-1],[46,-76],[2,-53]],[[41677,32516],[56,-35],[81,17]],[[41814,32498],[67,-10]],[[41881,32488],[55,32],[-23,39]],[[41913,32559],[43,42],[49,-33],[14,22],[83,-22],[31,20],[9,-35],[23,11],[2,-20],[33,2],[-4,-18],[65,16],[-23,-37],[61,-32],[88,39],[51,5],[21,-16],[39,52],[132,29],[26,-12],[112,38]],[[42768,32610],[92,107]],[[42860,32717],[36,0],[16,-34],[29,9],[42,-20],[54,-58],[-28,-13],[-15,-60],[7,-80],[27,-31],[-23,-30],[21,-60],[-42,-58],[20,-49],[109,-74],[18,-41],[-80,-174],[48,-29],[17,-65]],[[43116,31850],[63,-72]],[[43179,31778],[-12,-29],[-38,-19],[-97,3],[-17,-28],[-66,-23],[18,-43],[-23,-56],[-50,-5],[-47,-45],[-32,-3],[203,-178],[-10,-40],[38,-39]],[[43046,31273],[-8,-45],[31,-63],[-48,-111]],[[43021,31054],[-70,-12],[-18,-61],[-49,-47],[-29,-72],[26,-74],[-15,-85],[-126,-138],[-11,-57],[30,-38],[-24,-123],[17,-65],[-68,-131],[13,-52],[-31,-129],[20,-54],[-7,-70],[-86,-83],[-62,0],[-29,-100],[-42,-28],[0,-34],[79,-50],[154,-17],[88,-24],[27,-29],[-61,-127],[26,-92],[150,-81],[31,-142],[40,-70],[-55,-11],[-59,-129],[-95,-80],[-84,18],[-198,-74],[-20,-26],[-169,-6],[-140,-58],[-88,17]],[[42086,28620],[-61,-60],[-9,-128]],[[42016,28432],[19,-37],[-17,-23],[134,-146],[67,-133]],[[42219,28093],[-67,-25]],[[31635,88116],[-56,-65],[-51,-12],[-46,68]],[[31113,88449],[-70,29],[-155,3]],[[30864,88498],[-47,-32],[-6,53]],[[29515,89151],[-56,-34],[-142,42]],[[28938,89076],[-101,-146],[-97,-75]],[[28705,88720],[-88,-57],[-10,-24]],[[27957,88017],[42,-15],[11,-54]],[[28010,87948],[-68,-26],[-68,7]],[[27467,88111],[-38,75],[-75,-21]],[[26808,89712],[33,123],[-18,50],[-66,35]],[[26714,89884],[-30,2],[-41,33]],[[26146,91033],[-15,45],[-50,3]],[[25982,91134],[-59,33],[91,67],[-54,23],[-29,-13]],[[26705,92553],[38,7],[72,66],[-83,113]],[[26902,93103],[-12,57],[-67,76]],[[26651,93778],[-120,51],[-38,63]],[[27223,94129],[152,-112]],[[27524,93812],[71,-73],[75,-29],[96,15]],[[28249,93708],[63,24],[29,-9]],[[28452,93914],[67,34],[-26,27]],[[28493,93975],[93,29]],[[28792,94086],[167,22],[68,-112],[97,-57],[1,-31],[-30,-39],[26,-32],[-18,-20],[-72,-30],[-12,-35],[-38,15],[-15,-12],[12,-38],[-27,-56],[77,-39],[1,27],[38,-2],[28,-45],[44,32],[76,-39],[91,12],[22,-22],[-10,-13],[35,-8],[94,43],[88,-2],[76,-34],[-20,-35],[13,-64],[58,-59],[-7,-132],[28,-16],[38,11],[38,-38],[44,-6],[-51,-87],[65,-40],[-14,-29],[13,-56],[23,-19],[-7,-29],[20,-8],[6,-46],[18,-13],[15,14],[-3,-40],[-29,-13],[-15,-67],[-61,-22],[-51,13],[9,-56],[-32,-51],[-35,-15],[41,-31],[20,-26],[-9,-31],[33,-8],[16,-33],[54,-20],[53,18],[20,-14],[0,-37],[-24,12],[-36,-20],[-4,-67],[-44,-31],[41,-30],[-15,-69],[21,-67],[95,-54],[21,-37],[-15,-38],[-38,-25],[11,-122],[-20,-3],[-45,-81],[16,-11],[-14,-28],[55,-38],[22,-80],[-43,-21],[-19,-44],[-74,-33],[9,-10],[-46,-41],[7,-96],[55,-73],[19,-1],[-20,-48],[48,-30],[61,60],[-1,28],[49,-17],[26,13],[48,45],[15,68],[54,45],[0,46],[181,34],[68,-26],[21,-27],[38,-3],[25,-82],[48,11],[29,-73],[28,16],[1,-35],[50,-22],[134,4],[3,46],[44,14],[49,-39],[23,26],[56,-11],[53,18],[12,-17],[73,10],[159,-66],[59,30],[23,-8],[39,-53],[-6,-106],[43,-40],[9,-66],[145,2],[7,-40],[53,-34],[116,41],[85,156],[57,-45],[41,15],[115,-12],[-7,-27],[19,-14],[47,1],[39,-45],[57,-4],[48,-56],[48,-167],[-46,-56],[-96,-31],[-98,-84],[-52,-9],[-76,-87],[-12,-102],[32,-34],[63,-3],[43,-44],[117,-42],[161,-25],[100,7],[46,-57],[68,-41],[82,-6],[81,-101],[62,-4],[11,-24],[-20,-6],[36,-41],[137,-41],[23,-41],[58,12],[18,-21],[63,-12],[48,-67],[42,-23],[-10,-63],[167,-90],[103,4],[22,-27],[23,17],[20,-10],[17,9],[4,70],[47,47],[110,49],[81,-5],[4,28],[68,36],[40,-21],[27,-54],[31,-1],[6,-27],[54,-2],[-16,-66],[28,-54],[70,-41],[23,-66],[40,2],[31,-42],[-27,-28],[81,-41],[-6,-20],[27,-15],[-11,-54],[33,-90],[-16,-32],[-49,-27],[41,-84],[1,-38],[-24,-23],[33,-30],[-10,-29],[-199,-57]],[[34004,89036],[-16,29],[-35,11],[-56,-25],[-30,37],[-89,-17],[-35,-70],[-40,-18],[0,-60],[-31,-28],[-129,0],[-74,-40],[-21,-58],[-85,39],[-41,-20],[-60,7]],[[33262,88823],[-81,-68]],[[33181,88755],[43,-62],[37,2]],[[33261,88695],[34,-34],[8,-37]],[[33303,88624],[54,13],[16,-15],[31,-80],[-14,-60],[65,-85],[-44,-57],[16,-45],[-24,-38],[14,-74],[33,-22],[-24,-56],[39,-28],[3,-36],[34,-4],[25,-36],[3,-76],[46,-24],[-73,-207],[-85,-14],[-34,57],[-53,23],[3,17],[-74,52],[-48,-13],[-38,-48],[-114,-19],[-107,-74],[-79,29],[-71,-23],[-33,11],[9,19],[-108,-1],[-163,46],[-32,-19],[-13,-85],[-69,-30],[-39,-52],[-102,13],[-73,-78],[-13,-42]],[[32167,87463],[-124,-21],[-61,39]],[[17924,8810],[4,3],[2,-1],[-6,-2]],[[17732,9039],[58,2],[-52,-41],[-6,39]],[[17810,9049],[14,5],[-5,-7],[-9,2]],[[17655,9151],[14,-68],[-105,-26],[-28,31],[81,69],[8,33],[60,54],[25,-59],[-55,-34]],[[17694,9247],[-1,5],[9,3],[-8,-8]],[[15843,11849],[-10,7],[42,-2],[-32,-5]],[[15600,12298],[25,-22],[7,-56],[-41,34],[9,44]],[[20601,16368],[42,73],[27,-44]],[[21112,16166],[35,-27],[16,56],[47,-68]],[[21854,16160],[-14,-38],[91,-17]],[[22231,16198],[16,-36],[58,-32]],[[22305,16130],[58,-113]],[[22363,16017],[-72,-587],[15,-5],[-7,-119]],[[22299,15306],[233,-236]],[[22532,15070],[45,72],[53,-26],[30,23],[12,-38],[63,-28],[24,-35],[27,53],[129,-38],[13,-45],[-29,-33],[71,-6],[15,-47],[41,-16],[112,37],[28,-40],[41,2],[28,-34],[90,-10],[25,3],[9,35],[7,66],[-19,12],[31,6],[43,-40],[48,-4],[30,34],[62,-3],[-4,38],[30,-9],[33,22],[-7,14],[39,3],[-2,27],[42,-8],[27,25],[48,-29],[19,15],[41,-55],[47,-11],[-58,-40],[59,-68],[32,8],[18,-42],[38,-16],[44,9]],[[24007,14853],[39,-34],[42,7],[-30,31]],[[24058,14857],[36,13],[23,41],[-10,51],[50,-23],[29,10],[16,44],[-30,8]],[[24172,15001],[68,25],[9,-30]],[[24249,14996],[39,-22],[1,-41],[55,-32],[-27,-23],[29,-83],[20,-12],[-9,-28],[-308,-125],[91,-382],[-45,-24]],[[24095,14224],[46,-178],[-277,-108],[-206,-124],[-66,-10],[-11,-22],[-141,-38],[-308,-125],[5,-26],[-76,-6],[-118,-61],[-551,-187],[-254,-112],[-26,-31],[-56,-12],[-128,-82],[-179,-135],[-242,-269],[-52,-24],[-1,-7],[-140,-123],[-57,-275],[-259,-551],[-127,-185],[-66,-29],[-45,-66],[-274,-265],[-230,-80],[-165,-28],[-194,-89],[-38,-76],[-207,-203],[-80,-125],[-9,-89],[-132,-126],[-233,-76],[-55,-6],[-1,17],[-71,-21],[-344,-140],[-112,12],[-111,-64],[-762,-142],[-24,-25],[-57,-9],[-233,112],[-355,71],[-172,63],[-31,36],[-30,151],[49,81],[66,25],[123,-55],[22,-43],[33,40],[152,30],[103,42],[-5,49],[-108,174],[10,93],[39,82],[51,59],[200,53],[59,-3],[167,46],[7,-13],[45,44],[2,35],[62,26],[26,84],[33,13],[-15,11],[20,32],[68,26],[44,84],[-8,50],[-23,5],[-14,-46],[-52,-25],[-374,-127],[-134,-23],[-55,26],[-84,89],[-55,91],[-9,75],[123,486],[25,195],[10,302],[-17,230],[51,602],[-15,386],[47,162],[34,243],[16,11],[16,641],[28,126],[-16,20],[30,206],[27,716]],[[26008,79493],[26,183],[36,40],[133,68],[48,214],[137,200],[-42,322]],[[26346,80520],[-63,233],[-41,22]],[[26242,80775],[-252,-70],[-37,60],[-51,175],[-59,-25],[-45,-106],[-53,-48]],[[25745,80761],[-79,-45],[-70,-3],[-69,38],[-55,75]],[[25472,80826],[20,28],[106,8]],[[25598,80862],[9,27],[-40,52],[-128,-30]],[[25439,80911],[-89,3]],[[25350,80914],[-71,15],[-115,60],[26,109]],[[25190,81098],[-17,81],[-108,113],[-200,87]],[[24865,81379],[75,64],[42,93],[-113,27],[-1,48],[-18,16]],[[24850,81627],[-86,-30],[-29,62],[-31,19],[-15,-22],[-49,2]],[[24640,81658],[-26,24],[-40,68]],[[24574,81750],[-32,4],[-84,112],[-39,15]],[[24419,81881],[-87,120],[-18,296]],[[24094,82466],[-83,-40],[-40,84]],[[23797,82727],[-31,94]],[[24354,83309],[147,-8],[101,53]],[[24661,83452],[94,46],[157,37]],[[24912,83535],[22,-36],[-21,-110]],[[25303,83668],[48,-8],[90,-38],[67,-87]],[[25508,83535],[20,-66],[-34,-187],[40,-75]],[[25534,83207],[102,-100],[48,-31]],[[25914,83134],[80,9],[129,-118],[11,-114],[22,-37]],[[26156,82874],[187,-59]],[[26343,82815],[37,-37],[61,-164],[10,-212]],[[26451,82402],[33,-64],[53,-33],[183,-27],[40,-44]],[[26760,82234],[-2,-62],[-100,-199],[52,-74]],[[26710,81899],[128,-42],[199,-1],[95,-30]],[[27132,81826],[29,-69],[-25,-64]],[[27136,81693],[-188,-139],[-15,-62],[46,-96],[86,-18],[58,24],[383,283],[125,-156],[91,-41],[109,-7]],[[27831,81481],[65,-33],[216,-231]],[[28112,81217],[70,-42],[148,-26]],[[28330,81149],[79,13],[74,37],[57,64]],[[28540,81263],[94,4],[111,45],[339,-315],[84,-145]],[[29168,80852],[-51,-48],[-10,-87],[-138,-90],[-65,-3],[2,40],[-52,24],[-2,50],[-50,22],[-55,-25],[-58,42],[-128,-48],[-104,4],[-27,-17],[-273,-31],[-62,-31],[-105,-6],[-174,-67],[-11,-24],[-172,-76],[-108,-140],[-114,-84],[-669,-696],[-270,-255],[-32,43],[-149,-86],[-95,1],[-2,-67],[-283,-65],[-5,81],[102,280]],[[24866,81675],[-61,18],[59,-24],[2,6]],[[25945,82351],[-9,-4],[17,-29],[-8,33]],[[46525,40926],[-1,5],[6,-7],[-5,2]],[[46564,41014],[0,1],[1,-1],[-1,0]],[[46516,41026],[21,-14],[-20,-2],[-1,16]],[[46459,41052],[-1,-1],[-1,0],[2,1]],[[45299,40322],[-160,-231],[-63,-30]],[[45076,40061],[-47,9],[-24,-22],[-56,-4],[-30,-38],[-214,6],[-22,-15],[-63,71],[-27,-3],[-3,16],[-74,28],[-3,-12],[-81,57],[-89,6],[-21,-23],[-57,19],[-42,-26],[-133,-15],[13,69],[-39,42],[-43,-1]],[[44021,40225],[-28,56],[-13,137]],[[43818,41249],[41,40],[18,85],[-18,19],[10,78]],[[43832,41489],[-29,90],[19,104]],[[43651,41772],[-42,81],[-1,80]],[[42528,46164],[-15,85],[0,-3]],[[42419,46172],[-34,8],[-82,83]],[[42303,46263],[-10,104],[-126,44]],[[42013,46493],[-111,112]],[[41607,46713],[-47,27],[12,105]],[[40516,48473],[-28,52]],[[40488,48525],[19,57]],[[40163,48909],[-30,41],[-8,54]],[[39963,49212],[29,56]],[[39992,49268],[-34,54],[28,90],[-47,81],[103,36],[43,39],[20,80],[-15,82],[112,84],[-4,34],[31,20],[-10,29],[23,-5],[12,55],[21,5],[49,79],[84,45],[-44,46],[23,39],[-6,29],[-73,32],[10,26],[76,44],[23,79],[-72,33],[-72,-7],[23,40],[-37,21],[-17,39],[62,18],[18,40],[61,30],[22,62],[-11,52],[-33,14]],[[40361,50713],[129,135],[297,-42]],[[40787,50806],[94,55],[85,-28],[73,9],[1,52],[57,45],[72,-19],[27,16],[17,64],[41,-2],[0,-56],[21,-29],[150,-14],[105,17],[31,-27],[83,43],[32,57],[46,8],[128,-34],[125,98],[98,-11],[100,58],[175,11],[1,40],[184,31],[75,63],[84,5],[27,-18],[19,23],[69,-33],[39,30],[21,-15],[58,9],[71,31],[82,-16],[50,26],[116,147]],[[43244,51442],[101,-57],[148,-32],[4,46],[14,-18],[2,19],[45,0],[2,3],[7,-18],[108,54],[21,53],[-36,8],[-50,52],[29,41],[23,-43],[58,-29],[52,40],[54,-9],[-35,-30],[-1,-35],[27,-46],[31,2],[8,-41],[-36,-81],[146,-178],[50,-22],[58,43],[34,-9],[-44,-48],[10,-52],[29,-30],[80,-11],[12,-22],[-26,-4],[4,-35],[-61,-75],[-7,-50],[128,-179],[88,-92],[94,-52],[32,-2],[24,27],[47,-19],[21,13],[32,-77],[16,1],[-87,-142],[-24,-10],[-37,26],[-46,-17],[54,-50],[-36,-19],[-10,28],[-52,2],[-66,-55],[-16,-50],[26,-235],[-12,-37],[27,-15],[-19,-13],[-10,-63],[43,-190],[2,-115],[110,-388],[235,-584],[304,-591],[240,-376],[254,-346],[-25,-52],[57,-89],[2,-64],[-47,-22],[-43,24],[-27,-116],[57,-188],[-24,-22],[13,-77],[64,-148],[-72,0],[41,-20],[-44,12],[-11,-12],[-4,-93],[198,-435],[170,-259],[-13,-44],[-24,-4],[1,-46],[-25,-33],[82,-185],[-31,-28],[-15,-59],[14,-45],[177,-279],[210,-264],[28,-6],[-42,-27],[-8,-27],[100,-142],[29,-87],[-28,-50],[-29,17],[-36,-16],[-16,-36],[18,-115],[131,-242],[113,-147],[41,-3],[-40,-66],[-71,7],[-31,-36],[-8,-51],[122,-289],[198,-291],[-44,-64],[66,-111],[-51,-47],[35,-94],[34,-11],[-44,-33],[-20,6],[-37,-17],[-10,-78],[87,-172],[135,-155],[78,-22],[34,60],[-11,-42],[3,-22],[24,-7],[13,-49],[-22,6],[-18,-31],[20,-103],[-18,-24],[7,-22],[38,-38],[-21,-36],[23,-44],[-9,-34],[-52,-33],[-25,-53],[-1,-61],[52,-113],[-37,-163],[-52,53],[-84,-32],[-83,8],[-28,17],[-6,53],[-65,8],[-116,-67],[-49,-80],[32,-83],[-10,-114],[26,-14],[32,-132],[8,-10],[2,1],[0,-1],[-2,0],[8,-8],[23,-2],[4,-106]],[[46488,40937],[-50,52],[-57,18],[-32,-16],[-32,10],[-52,89],[-58,-9],[-54,-63],[-86,-6],[-30,-31],[-57,8],[-8,-95],[-23,-44],[18,-58],[-12,-74],[-50,-25],[-81,68],[-64,20],[-19,-21],[-9,-39],[29,-13],[27,-73],[-75,-37],[16,-71],[-32,-66],[32,-36],[-14,-12],[-50,29],[-98,-100],[-64,-3],[-4,-25],[-200,8]],[[42516,46279],[-1,-13],[32,21],[-8,3],[-23,-11]],[[42650,46392],[20,-5],[30,26],[-50,-21]],[[42808,46465],[8,2],[3,7],[-11,-9]],[[42833,46505],[27,58],[-33,-43],[6,-15]],[[46273,44360],[2,-12],[-12,9],[10,3]],[[46329,44445],[7,-11],[-9,9],[2,2]],[[46316,44463],[13,16],[6,-6],[-2,-9],[-17,-1]],[[46156,44626],[2,1],[-2,-3],[0,2]],[[46150,44630],[1,-4],[-2,2],[1,2]],[[46151,44631],[0,2],[2,1],[-2,-3]],[[46182,44635],[-2,-1],[1,2],[1,-1]],[[46174,44659],[-1,3],[1,0],[0,-3]],[[46184,45141],[-4,7],[5,-3],[-1,-4]],[[44648,50185],[1,12],[9,-7],[-10,-5]],[[44510,50556],[1,-4],[-7,6],[6,-2]],[[45878,51312],[-39,1],[-60,-43],[-40,-10],[-32,20],[-115,15],[-21,57],[36,34],[188,9],[96,-20],[-13,-63]],[[43454,51395],[18,6],[-7,-7],[-11,1]],[[43515,51407],[1,-5],[-2,4],[1,1]],[[43534,51408],[2,-6],[-2,0],[0,6]],[[45473,51643],[54,-1],[-8,-25],[-56,-4],[10,30]],[[46580,40994],[3,-3],[-1,-3],[-2,6]],[[46576,41001],[3,-2],[0,-1],[-3,3]],[[46611,41028],[21,-29],[0,-10],[-34,13],[13,26]],[[46566,41013],[3,-2],[-2,0],[-1,2]],[[46898,41546],[1,-12],[-3,15],[2,-3]],[[46867,41662],[-3,1],[0,6],[3,-7]],[[46838,41731],[0,-1],[-1,1],[1,0]],[[46837,41749],[2,1],[1,-4],[-3,3]],[[46890,42020],[1,0],[1,-1],[-2,1]],[[46891,42085],[-3,0],[1,3],[2,-3]],[[46883,42120],[2,-2],[-1,0],[-1,2]],[[46893,42248],[0,1],[1,-2],[-1,1]],[[46890,42252],[1,0],[1,-2],[-2,2]],[[46886,42251],[2,1],[0,-2],[-2,1]],[[46885,42254],[2,-1],[-1,-1],[-1,2]],[[46874,42260],[0,4],[3,-5],[-3,1]],[[46881,42262],[2,0],[-1,-1],[-1,1]],[[46880,42268],[1,0],[0,-2],[-1,2]],[[46884,42296],[-3,1],[2,1],[1,-2]],[[46883,42311],[3,5],[-1,-8],[-2,3]],[[46597,42686],[-10,4],[5,1],[5,-5]],[[46888,43774],[-10,8],[12,-3],[-2,-5]],[[47385,40472],[3,2],[0,-2],[-3,0]],[[47380,40481],[2,-12],[-6,10],[4,2]],[[47338,40530],[3,2],[2,-5],[-5,3]],[[47169,40677],[3,45],[44,0],[46,-91],[27,6],[41,-45],[-3,-50],[-38,44],[-54,-2],[-66,93]],[[46928,41493],[-26,37],[19,-7],[7,-30]],[[46904,41950],[2,1],[0,-1],[-2,0]],[[46920,41979],[-1,6],[2,-6],[-1,0]],[[46944,42196],[2,-2],[-1,0],[-1,2]],[[46936,42197],[2,-1],[-1,0],[-1,1]],[[46947,42198],[2,0],[0,-2],[-2,2]],[[46938,42204],[1,0],[0,-1],[-1,1]],[[46957,42209],[1,1],[0,-1],[-1,0]],[[46955,42199],[-18,10],[15,20],[-5,-25],[8,-5]],[[46957,42239],[4,-14],[-11,11],[7,3]],[[46909,42237],[-1,2],[2,-2],[-1,0]],[[46911,42241],[1,0],[1,-1],[-2,1]],[[46897,42246],[3,0],[0,-1],[-3,1]],[[46915,43777],[1,1],[0,-3],[-1,2]],[[46908,43777],[2,2],[0,-2],[-2,0]],[[46912,43779],[0,2],[2,-2],[-2,0]],[[24352,71748],[-38,-50],[-32,-10],[-74,25],[-2,62],[39,40],[58,7],[49,-74]],[[24231,71822],[-66,31],[-23,52],[26,55],[63,2],[50,-93],[-50,-47]],[[25165,72032],[-3,-7],[-7,3],[10,4]],[[25146,72036],[0,-3],[-3,4],[3,-1]],[[24970,72135],[82,-53],[8,-35],[-46,14],[-44,74]],[[23808,72111],[21,31],[25,-17],[-67,-47],[-17,26],[38,7]],[[23769,72365],[-74,-11],[-10,11],[69,18],[15,-18]],[[25794,66834],[-116,34],[-97,51]],[[24202,67489],[-31,-46],[-16,-12]],[[23822,67343],[-59,39],[-71,14],[-60,53],[-58,16]],[[23518,67448],[-65,-81]],[[23355,67199],[-472,-6],[-81,48],[-51,71],[-60,-10],[-43,-47],[-29,37],[-65,14],[-20,23],[19,33],[-30,43],[41,98],[-35,115],[-31,-3],[-19,23],[24,29],[-35,85],[-19,14],[-70,-34],[-114,8],[-4,145],[-33,60],[-85,65],[-57,-13],[-7,-31],[-39,32],[-15,58],[19,8],[-18,22],[60,68],[-75,233],[-19,-1],[-31,-71],[-30,-3],[-16,44],[45,94],[-16,25],[-67,-42],[-142,55],[-30,-18],[-20,18],[-57,-5],[20,-59],[-45,-74],[-50,-19],[-37,28],[-39,-10],[-67,-174],[-44,39],[-70,-3],[-57,64],[-52,-27],[1,-32],[-52,4],[-105,141],[-102,-9],[9,52],[-59,5],[-54,55],[36,51],[-18,112],[52,150],[-15,71],[-126,12],[-34,-57],[11,-30],[-39,-100],[-29,53],[23,65],[-73,1],[-5,23],[-35,12],[-38,-43],[-30,35],[-102,-3],[13,53],[-100,173],[-79,40],[-87,1],[-64,69],[-99,25],[-54,39],[38,129],[-29,90],[-48,62],[40,92],[-90,37],[-29,-2],[-12,-30],[-85,5],[-42,77],[13,18],[-59,27],[14,71],[-66,-26],[-62,22],[-15,81],[-57,14],[-40,77],[29,48],[-22,36],[24,21],[-8,71],[42,93],[-22,14],[18,17],[-18,26],[5,68],[56,63],[-29,31],[5,69],[86,57],[2,51],[69,31],[-39,51],[10,71],[20,13],[-25,42],[102,86],[40,8],[22,41],[135,-65],[63,-6],[19,38],[-9,32],[26,33],[-31,49],[53,74],[-11,37],[-16,19],[-36,-10],[-55,86],[-87,-17],[-90,119],[-46,-3],[-50,26],[-31,42],[33,9],[-6,45],[45,28],[-77,80],[-72,-21],[-51,14],[-61,-62],[-86,7],[-53,25],[-74,-32],[-34,28],[-98,-12],[-19,13],[65,101],[-58,35],[-86,-25],[-14,43],[-37,-20],[-50,10],[-33,47],[27,60],[-71,-62],[-4,19],[-83,-36],[-42,48],[-61,-32],[-89,23],[-169,-25],[-47,114],[26,37],[-9,61],[-73,37],[-21,40],[-28,-15],[-42,41],[-24,-23],[-78,4],[-41,-20],[-121,15],[-22,-35],[-42,3],[-41,-43],[-100,68],[-163,-20],[-143,12],[-40,39],[-29,71],[-170,-46],[-41,30],[-87,6],[-12,86],[-105,17],[-9,58],[-34,21],[5,62],[-57,-29],[-47,25],[-63,-29],[-85,13],[-51,48],[0,45],[-63,33],[-23,44],[-129,26],[-39,36],[-19,19],[3,56],[-76,36],[-41,-4],[-87,29],[-54,36],[-59,-17],[-11,63],[-29,21],[-78,152],[-103,84],[-15,121],[-93,72],[-57,-34],[-51,8],[-50,68],[3,29],[-55,40],[-83,8],[-52,-40],[-21,-65],[-76,20],[-55,-38],[-33,4],[-16,43],[-60,26],[-38,48],[-56,9],[25,55],[-87,90],[-80,49],[1,61],[17,16],[-26,39],[-105,21],[-111,80],[-114,-8],[-71,17],[-177,80],[-42,39],[-25,105],[-38,-4],[-53,41],[-105,8],[-156,-45],[-200,40],[-28,24],[43,50],[-1,63],[48,45],[-11,40],[-60,30],[-101,7],[-38,119],[-87,103],[-206,9],[-85,32],[-41,-10],[-117,121],[-62,-63],[-63,102],[-105,53],[-42,51],[-78,-41],[-92,22],[-307,-67],[-28,35],[-211,78],[-254,209],[-59,109],[-106,37],[-40,-3],[-52,-40],[-58,24],[1,71],[55,47],[71,30],[85,-5],[54,30],[24,44],[70,9],[142,83],[2,41],[23,0],[36,68],[-24,52],[97,50],[18,36],[88,8],[27,36],[140,-19],[62,85],[48,-9],[118,62],[16,-33],[124,-22],[36,193],[-4,19],[-70,15],[67,31],[45,51],[29,0],[-3,79],[47,55],[35,23],[60,-24],[35,8],[33,57],[38,16],[-127,130],[34,47],[5,62],[-29,71],[15,95],[-143,79],[-89,140],[-66,42],[-14,57],[55,93],[-73,93],[91,108],[13,40],[-16,38],[144,-102],[98,-29],[152,13],[18,-16],[126,38],[29,27],[-6,94],[36,58],[79,-21],[15,-27],[27,33],[91,11],[41,-14],[64,62],[150,22],[180,-21],[50,-36],[101,-20],[121,17],[114,-77],[-22,-84],[21,-25],[127,65],[26,59],[39,26],[86,3],[43,30],[81,-6],[39,19],[91,-12],[25,17],[-3,31],[54,4],[68,-29],[-22,-40],[31,-20],[-16,-43],[36,-41],[-7,-17],[20,-15],[106,8],[9,-100],[19,7],[22,-27],[75,-24],[38,3],[51,36],[88,-11],[26,-21],[27,-85],[41,-28],[2,-43],[117,-43],[17,-24],[81,-7],[53,42],[89,-56],[17,20],[57,8],[18,44],[67,42],[111,4],[18,21],[55,10],[53,-43],[139,-33],[51,25],[-7,22],[33,44],[-48,108],[95,31],[-3,79],[38,19],[-4,33],[39,14],[-53,110],[51,-5],[100,131],[54,3],[99,124],[90,72],[106,-38],[116,5],[5,43],[70,48],[-29,59],[73,6],[55,54],[58,7],[33,25],[117,-32],[76,10],[61,57],[18,70],[-29,39],[15,82],[68,58],[16,42],[-105,60],[31,40],[46,13],[36,61],[-62,87],[30,127],[34,29],[-65,30],[8,47],[138,123],[149,42],[50,32],[70,69],[35,53],[11,72],[42,38],[14,5],[22,-37],[81,-13],[149,29]],[[18451,79347],[47,-109],[73,7],[146,-86],[-2,-37],[30,-29],[93,7],[60,-47],[59,-14],[3,-17],[42,7],[33,-35],[-5,-28],[267,32],[36,19],[173,-42],[28,-37],[71,-29],[21,18]],[[19626,78927],[143,-16],[60,-39]],[[19829,78872],[18,-83],[38,-30],[11,-87],[33,-18],[30,-93],[-52,-58],[-198,11],[-33,-127],[-85,-50],[6,-34],[-21,-20],[14,-60],[-28,-40],[31,-91],[-12,-47],[44,-79],[-29,-30],[21,-69],[-18,-35],[137,-117],[54,-9],[-61,-91],[48,-49],[29,-3],[-11,-82],[39,-33],[82,3],[182,-105],[93,-91],[75,-21],[19,55],[53,17],[97,-111],[3,-57],[34,-30],[-2,-45],[39,-35],[-20,-22],[84,-23],[-2,-53],[-58,-38],[33,-19],[27,-72],[-6,-61],[-44,-16],[-21,-32],[17,-53],[-41,-104],[16,-54],[33,-23],[-22,-56],[57,-23],[-19,-69],[81,-8],[27,-94],[9,27],[23,2],[-9,31],[20,-11],[8,25],[45,8],[1,56],[106,67],[-12,12],[15,2],[3,43],[20,26],[28,-3],[4,26],[-16,0],[22,42],[32,-18],[20,55],[59,21],[33,-12],[-4,-57],[36,-27],[20,-68],[-34,-62]],[[21080,76393],[159,-165],[52,-80],[-15,-59],[42,-26],[50,-19]],[[21368,76044],[78,66],[19,-24],[114,-10],[72,-81],[48,16],[59,63],[43,11],[60,-35],[43,-2],[45,10],[4,31],[52,34],[85,11],[31,-13],[43,17],[95,-57],[33,-130],[147,-185],[102,-73],[-4,-55],[57,-68],[126,-14],[71,85],[50,-10],[25,-90],[47,1],[22,-78],[70,-1],[18,-64],[80,-15],[-23,-160],[78,52],[-5,-42],[100,-94],[21,25]],[[23274,75165],[113,-12],[201,130]],[[23588,75283],[0,-48],[50,-82],[18,-4],[23,32]],[[23679,75181],[64,-85],[234,56]],[[23977,75152],[28,-93]],[[24005,75059],[-19,-43],[26,-36],[-31,14],[-44,-27],[-28,25],[-41,-5],[-48,-68],[-39,-182],[-28,-35],[-59,-20],[3,48],[-68,-21],[-52,-45],[-26,-52],[-31,-167],[13,-107],[-25,-188],[10,-128],[48,-68],[-57,-21],[-27,10],[-50,-36],[-34,5],[-81,-74],[-29,13],[-24,-34],[-30,10],[-2,26],[-59,46],[-31,10],[-50,-19],[-66,-45],[-102,-123],[-126,-274],[-38,-248],[18,-20],[64,-348],[45,-115],[139,-97],[36,25],[34,-19],[10,-39],[31,10],[40,-40],[35,13],[40,-16],[29,-61],[41,-8],[13,-50],[29,-3],[3,-31],[32,-14],[31,20],[14,-16],[-31,-18],[34,-63],[-22,-38],[16,-47],[27,5],[-21,-17],[26,-55],[252,-280],[64,-22],[15,14],[-18,33],[33,-47],[50,-155],[91,-380],[147,-370],[211,-363],[409,-514],[156,4],[-1,21],[21,9],[5,-25],[-28,-17],[11,-30],[126,-190],[225,-276],[359,-372],[340,-279],[140,-63],[252,15],[131,-64],[361,-250],[58,8],[55,-16],[227,-239],[433,-362],[22,-39],[131,-30],[21,13],[1,-20],[57,-22],[88,-5],[34,11],[10,37],[-30,37],[30,2],[15,43],[34,24],[35,7],[8,-29],[80,8],[-7,-31],[-85,-89],[19,-38],[-17,-28],[56,-82],[80,-203],[179,-281],[24,-3],[42,-57],[24,5],[1,-41],[77,-108],[53,-2],[53,-28]],[[27178,66896],[-26,-42],[39,-96]],[[23640,71303],[10,-1],[8,2],[-18,-1]],[[23724,71324],[31,10],[3,14],[-34,-24]],[[23762,71365],[3,14],[-20,60],[17,-74]],[[28250,67849],[13,16],[58,26],[2,-29],[-73,-13]],[[28484,67954],[-1,-5],[-2,4],[3,1]],[[28493,67956],[-5,-6],[-1,6],[6,0]],[[26057,68941],[-16,8],[18,-4],[-2,-4]],[[26080,68952],[-9,-3],[-2,4],[11,-1]],[[26397,69117],[-9,2],[7,2],[2,-4]],[[26368,69126],[-4,-7],[-7,6],[11,1]],[[25506,79393],[78,6],[45,23],[49,71],[37,126],[48,85],[16,69],[-27,24],[-318,-46],[-38,6],[-25,29],[-138,23],[-216,-13],[-194,147],[-34,61],[-52,30],[-63,7],[-74,64],[-166,39],[-119,89],[-117,31],[-21,46],[-153,44],[-97,71],[-108,12],[-22,29],[-216,51],[10,14],[-30,39],[-33,7],[-13,26],[-247,133],[19,24],[-13,34],[-73,28],[-24,68],[-59,11],[1,33],[-127,116],[-197,55],[-53,43],[-11,47],[-74,92],[-39,13],[-97,-13],[-54,39],[-52,-6],[13,44],[-46,30],[-26,-10],[-35,42],[8,71]],[[22329,81497],[-47,95]],[[22825,81514],[113,-66],[177,-174],[108,-28],[61,40],[38,56]],[[24346,81983],[73,-102]],[[24574,81750],[66,-92]],[[24850,81627],[30,-74],[100,-8],[-21,-76],[-94,-90]],[[25190,81098],[-31,-101],[57,-41],[134,-42]],[[25439,80911],[110,33],[42,-23],[7,-59]],[[25472,80826],[18,-40],[73,-59],[65,-18],[117,52]],[[26242,80775],[34,-6],[70,-249]],[[26008,79493],[-75,-185],[-28,-132],[-28,-2],[-67,-147],[-43,-26],[-51,16],[-239,228],[-36,-2],[-2,39],[34,86],[33,25]],[[45921,28233],[-27,27],[19,-17],[8,-10]],[[46104,28650],[6,16],[7,-12],[-13,-4]],[[46400,29065],[7,5],[-1,-10],[-6,5]],[[42610,28061],[-391,32]],[[42016,28432],[6,116],[64,72]],[[43021,31054],[41,72],[-16,147]],[[43179,31778],[95,-34],[130,8]],[[43404,31752],[34,-28],[51,72]],[[43489,31796],[55,-35],[39,1],[-47,-210],[60,-80],[29,-94],[-24,-16],[8,-35],[32,-21],[18,-47],[-10,-34],[48,-76],[-55,-86],[32,7],[96,-38],[19,-50],[89,-53],[127,-29],[15,-146],[-80,-82],[25,-45],[-8,-33],[23,-21],[90,26],[48,-59],[39,21],[99,-90],[76,21],[17,-14],[52,25],[70,-70],[92,-28],[39,11],[46,-36],[14,-37],[48,-6],[63,-43],[108,-15],[107,52],[95,-78],[101,-5],[81,-69],[44,-86],[28,-142],[115,-160],[88,-55],[20,-54],[92,-45],[13,-27],[34,11],[92,-15],[389,50],[56,-10]],[[46236,29646],[-41,3],[-22,-28],[12,-111],[163,-106],[15,-45],[-17,-32],[47,-25],[57,7],[-3,-22],[-43,-28],[32,-13],[36,14],[15,-121],[-82,-66],[-46,20],[-52,-35],[-43,72],[-17,-2],[4,-33],[19,-9],[-4,-48],[23,-24],[-31,-9],[-16,-41],[-22,-2],[6,-26],[-38,-18],[10,-49],[-81,-42],[-26,-78],[6,-91],[-51,-164],[-41,19],[-51,-29],[-84,-219],[-37,-9],[-35,-42],[8,-68],[-13,-8],[-28,61],[-217,88],[-152,-34],[-73,18],[-12,-19],[-19,43],[-14,-11],[22,-41],[-29,51],[-40,3],[-48,-11],[-38,-41],[-27,-104],[21,-49],[46,-35],[-36,-70],[-72,-49],[-39,-87],[13,-278],[-43,-162],[26,-33],[8,-81],[-11,-49],[-34,-28],[-2,-114],[36,-116],[60,-32],[-11,-52],[-65,-38],[-26,11],[-34,-48],[-41,9],[-47,-96],[-74,-31],[-76,-72],[-102,-11],[-103,-45],[-53,20],[-34,-18],[-25,63],[-40,7],[7,14],[-143,88],[-60,10],[-36,-30],[-65,1],[54,6]],[[46435,29394],[-11,-4],[11,11],[0,-7]],[[46343,29480],[11,14],[59,-19],[0,-66],[-38,14],[-32,57]],[[46323,29525],[-4,-10],[-3,8],[7,2]],[[46281,29687],[7,-15],[-17,10],[10,5]],[[46599,29784],[-69,8],[-2,-35],[-27,-8],[-71,44],[2,61],[-28,12],[4,27],[57,-62],[56,-20],[30,19],[-6,51],[39,3],[-13,-44],[38,-25],[-10,-31]],[[46717,29944],[3,2],[-1,-4],[-2,2]],[[46729,29951],[7,-10],[-8,5],[1,5]],[[46521,29994],[-3,1],[0,3],[3,-4]],[[46750,30376],[3,0],[0,-1],[-3,1]],[[46735,30373],[0,11],[8,-11],[-8,0]],[[46732,30384],[2,2],[0,-2],[-2,0]],[[46722,30387],[2,1],[1,-3],[-3,2]],[[46789,30403],[8,4],[-5,-9],[-3,5]],[[46317,31814],[13,0],[4,-2],[-17,2]],[[46330,31816],[-2,2],[4,-2],[-2,0]],[[46320,31818],[3,0],[0,-2],[-3,2]],[[46494,31870],[63,17],[35,-21],[14,-42],[-112,46]],[[46778,31863],[-24,-15],[-21,8],[7,40],[24,1],[14,-34]],[[46437,31902],[-26,38],[-22,0],[26,52],[31,-3],[-6,-16],[41,10],[-44,-81]],[[46555,32066],[-25,35],[-3,56],[-60,9],[24,40],[71,-8],[0,-44],[47,5],[7,-25],[45,-19],[37,114],[69,-50],[146,2],[0,-32],[35,-5],[20,-58],[35,14],[24,71],[16,4],[16,-39],[61,-4],[6,-57],[-23,-10],[0,-53],[25,-1],[28,-40],[-61,-19],[-17,-39],[-53,23],[56,22],[-6,14],[-83,-26],[-77,15],[-4,33],[40,22],[-14,35],[-81,-71],[0,-40],[36,-40],[-70,-10],[-70,40],[-28,62],[-74,13],[-57,53],[-38,8]],[[46381,32410],[2,-1],[-1,-1],[-1,2]],[[46320,32410],[-2,6],[9,-7],[-7,1]],[[46551,32558],[17,-11],[-1,-5],[-19,-1],[3,17]],[[43489,31796],[-64,-73],[-21,29]],[[43404,31752],[-47,-15],[-144,19],[-97,94]],[[42860,32717],[32,40]],[[42892,32757],[-55,152],[40,83],[29,15],[12,53],[-10,30],[-34,12],[20,17],[-2,42],[-43,14],[-39,61],[36,36],[9,46],[-25,0],[-43,43],[22,54],[171,180]],[[42980,33595],[21,79],[88,61]],[[43089,33735],[157,-56],[59,34],[18,103],[27,18],[57,-15],[30,35]],[[43437,33854],[49,12],[120,-51]],[[43606,33815],[20,-39],[-12,-27],[26,-38],[32,-1],[24,27],[42,-8],[40,-51],[91,-35],[16,-37],[64,-7],[20,-27],[89,-26],[47,1],[-17,14],[12,69],[40,16],[18,60],[-132,76],[96,88],[0,39],[35,6],[-33,77],[63,90],[48,23],[47,116],[-28,19],[10,44],[-16,34],[-55,4],[-33,43],[-96,37],[-16,73],[87,116],[132,-6],[107,98],[21,124],[-84,69],[7,26],[106,17],[155,92],[119,-58],[38,11],[76,-26],[72,50],[-23,78]],[[44861,35066],[46,30],[18,37]],[[44925,35133],[-5,40],[-47,37]],[[44873,35210],[-20,105],[47,61]],[[44900,35376],[-1,44],[-39,57],[16,64],[-47,8],[-1,23],[-23,-13],[-10,32],[-24,5],[28,36],[-37,21],[22,27],[-8,68],[-55,3],[-72,-36],[-33,6],[-13,-32],[-35,7],[-4,-14],[-16,33],[-136,6],[-37,-16],[-52,35],[-109,18],[-43,-21],[-83,19],[-20,45],[-61,23],[-35,46],[3,112],[-114,48],[-21,31],[-51,-2],[-43,48],[-68,-3],[-51,-19],[-2,-21],[-49,25],[-33,112],[-26,41],[-42,14],[-25,103],[-49,34],[-18,62],[-43,38],[-1,40],[-227,60],[-4,-39],[-48,-17],[7,-25],[-46,4],[-30,36],[27,33],[3,75],[-81,39],[-14,53],[-83,18]],[[42843,36770],[-28,39],[-6,26],[61,29],[71,106]],[[43978,38135],[-9,42],[92,58]],[[43547,40377],[193,-8]],[[43979,40325],[42,-100]],[[45076,40061],[85,52],[13,50],[44,34],[81,125]],[[46488,40937],[-23,-24],[19,-79],[-31,-5],[12,-36],[-28,-8],[0,-23],[151,-249],[175,-151],[70,-19],[15,28],[65,-56],[-53,3],[-3,-45],[-66,-23],[-24,-73],[21,-73],[108,-39],[29,-44],[12,1],[-10,-21],[3,-48],[9,-7],[-50,31],[-47,-69],[33,-106],[93,-105],[82,7],[16,52],[54,-40],[1,-41],[-52,18],[-40,-42],[24,-85],[-61,-38],[11,-69],[-17,-55],[15,-19],[-59,10],[11,-23],[-32,0],[-9,-46],[-34,15],[9,36],[-22,24],[-23,-18],[-9,8],[-89,2],[-29,-20],[-19,28],[13,22],[-55,34],[45,53],[75,-2],[44,82],[21,-19],[27,14],[10,49],[-39,45],[-55,3],[-76,98],[-95,23],[-32,65],[-46,-1],[12,-39],[-63,-9],[-30,-35],[36,-48],[-48,-59],[-25,-98],[33,-88],[74,-12],[-38,-39],[-43,13],[-5,-32],[-39,-12],[-1,-18],[79,-22],[-33,-67],[10,-21],[-51,-2],[-10,-20],[45,-22],[63,20],[10,-22],[52,-8],[30,-128],[98,-68],[41,25],[-6,27],[162,0],[-3,-22],[16,-31],[-37,-33],[47,-55],[6,-41],[-65,12],[-26,-21],[-5,-108],[90,-169],[72,-62],[55,-139],[-92,-29],[-7,-55],[39,-71],[-56,-24],[-40,-55],[36,-128],[49,-46],[-32,-1],[-55,-128],[12,-143],[62,-129],[176,-203],[253,-428],[268,-314],[108,-108],[30,-9],[-16,-51],[90,-119],[85,-32],[-30,-85],[46,-10],[-28,-54],[31,-45],[-47,-17],[8,-110],[-95,-20],[-64,-59],[-58,14],[119,120],[-13,73],[-103,-25],[5,-25],[-133,-42],[15,-44],[-19,-32],[-47,-15],[-30,-50],[-73,-39],[-76,2],[-57,-94],[2,-18],[58,-28],[-33,-2],[-15,-21],[4,-79],[82,-232],[196,-336],[47,-23],[55,26],[-44,-68],[98,-143],[66,-8],[31,22],[17,-48],[57,28],[54,-57],[-18,-37],[28,-30],[-49,15],[-100,-15],[-24,-40],[-6,-45],[18,-19],[-27,-41],[19,-8],[-5,-37],[20,-27],[-29,-1],[13,-37],[-40,-30],[0,-29],[40,-9],[14,13],[-10,-41],[15,-10],[-20,-19],[32,-34],[-4,-76],[-46,-31],[-31,81],[-18,-13],[-61,21],[-24,56],[20,25],[-5,78],[-24,12],[-20,-19],[-30,35],[-38,-4],[-14,83],[-36,50],[45,26],[26,-9],[5,19],[43,-12],[12,23],[-30,20],[26,9],[-14,169],[-7,14],[-19,-14],[-40,49],[-3,41],[-37,-27],[24,-45],[-8,-20],[-88,6],[-38,27],[-38,-12],[-15,-32],[30,-55],[-39,-30],[22,-39],[-26,-29],[-23,29],[10,23],[-48,12],[-2,38],[-25,24],[-38,-11],[-45,-57],[-31,59],[-30,11],[100,16],[59,160],[29,15],[11,-41],[46,3],[35,57],[-11,22],[51,27],[16,44],[-33,27],[-143,279],[15,139],[-31,63],[11,15],[-108,-13],[-39,-44],[-2,-73],[-19,-4],[6,-44],[-22,-35],[-60,9],[-33,-31],[-36,3],[-105,-137],[-97,-57],[11,-10],[-39,-57],[-23,-3],[-21,-44],[-24,-1],[-20,-46],[-93,1],[-85,-48],[-121,-163],[-2,-35],[37,-46],[-8,-34],[-21,-14],[-52,19],[-62,-61],[-25,-59],[41,-61],[31,11],[26,-29],[-38,-75],[22,-14],[-10,-41],[19,-9],[-59,-112],[9,-37],[33,-18],[10,19],[57,1],[25,38],[28,2],[21,60],[58,43],[76,-44],[10,-73],[-56,-4],[-40,-148],[0,-89],[18,-59],[30,-25],[8,-70],[84,-15],[167,-126],[25,22],[-21,21],[52,-24],[40,-56],[28,-6],[9,-34],[-30,-20],[2,-49],[-35,-33],[14,-43],[-28,-28],[26,-102],[37,-33],[23,14],[24,-40],[35,-13],[82,9],[63,-64],[46,8],[33,-71],[-30,-53],[-42,3],[-35,-25],[32,-39],[-20,-31],[-48,27],[-6,38],[-30,26],[-45,3],[-38,-51],[-9,-152],[-51,-54],[-73,21],[-30,55],[-58,-4],[-48,28],[-4,57],[30,22],[-128,125],[-8,45],[-43,9],[-5,46],[-39,-4],[-36,28],[11,17],[-129,113],[-64,12],[-129,95],[-140,-193],[24,-29],[-10,-45],[31,-42],[53,-14],[7,34],[38,-31],[42,11],[48,-43],[40,6],[20,-59],[-32,-68],[15,-67],[-19,-42],[22,-25],[-5,-55],[37,-22],[-15,-41],[51,-26],[21,-49],[56,-13],[88,-83],[51,-16],[-48,-61],[-96,3],[-85,-30],[-29,-53],[-2,-45],[27,-10],[-1,-34],[-43,-23],[-20,-57],[8,-113],[58,-108],[63,-40],[7,-44],[-16,15],[1,-55],[-59,-52],[20,-28],[-12,-53],[-18,-25],[-23,10],[-22,-16],[18,-17],[-20,-9],[149,-74],[19,-80],[-62,-26],[-15,-83],[-35,-30],[-65,-2],[-9,-171],[56,-184],[250,-432],[83,-77],[35,21],[36,-27],[31,3],[17,-95],[-17,-12],[24,-33],[68,14],[-13,-56],[-41,-4],[-10,-55],[-59,2],[-46,-73],[27,-132],[46,-38],[-17,-16],[26,-32],[28,3],[-20,-36],[37,4],[20,-37],[-61,-89],[-56,-7],[-20,28],[-33,-7],[-39,-74],[-14,24],[16,42],[-30,21],[-23,-12],[-8,62],[-54,36],[-49,4],[-20,-21],[-9,20],[-46,7],[-148,-75],[-69,-93],[25,-23],[-39,-46],[12,-55],[36,-24],[-19,-7],[0,-77],[87,-33]],[[46371,32966],[-26,7],[-10,11],[54,2],[-18,-20]],[[46298,33000],[5,0],[1,-2],[-6,2]],[[46381,33132],[-3,20],[14,-34],[-11,14]],[[46498,33107],[-92,43],[57,70],[51,-28],[18,-39],[-12,-33],[-22,-13]],[[46428,33229],[2,-17],[-28,11],[26,6]],[[46373,33239],[26,-6],[-9,-11],[-17,17]],[[46287,33237],[-2,-12],[-6,6],[8,6]],[[46093,33291],[5,3],[-1,-4],[-4,1]],[[46888,34659],[6,22],[7,-7],[-13,-15]],[[46389,34706],[3,-24],[-18,19],[15,5]],[[46385,34731],[-4,0],[8,8],[-4,-8]],[[46682,34903],[-15,9],[16,-4],[10,2],[-11,-7]],[[46798,35010],[3,11],[39,32],[-42,-43]],[[46848,35062],[2,9],[22,18],[-24,-27]],[[46792,39182],[11,-6],[-11,-3],[0,9]],[[46806,39178],[-1,2],[1,0],[0,-2]],[[46807,39184],[-1,0],[1,2],[0,-2]],[[46576,39282],[-41,-20],[34,21],[7,-1]],[[46730,39377],[-2,0],[1,1],[1,-1]],[[46730,39379],[3,-1],[-2,-1],[-1,2]],[[46735,39380],[3,1],[1,-2],[-4,1]],[[46811,39380],[-2,1],[2,0],[0,-1]],[[46815,39380],[0,1],[1,0],[-1,-1]],[[46821,39385],[-1,1],[1,0],[0,-1]],[[46855,39390],[8,-7],[-5,-2],[-3,9]],[[46696,39386],[1,1],[1,-2],[-2,1]],[[46693,39390],[2,-1],[-1,0],[-1,1]],[[46692,39391],[-1,2],[2,-1],[-1,-1]],[[46463,39408],[-14,6],[3,8],[11,-14]],[[46618,39637],[6,-29],[-34,-14],[28,43]],[[46755,39646],[-8,-14],[-17,26],[11,12],[14,-24]],[[46669,39713],[8,2],[-5,-9],[-3,7]],[[46588,39793],[-4,-6],[-6,5],[10,1]],[[46829,40099],[-2,1],[2,0],[0,-1]],[[46816,40101],[0,-1],[-1,1],[1,0]],[[46829,40247],[-1,0],[1,1],[0,-1]],[[46826,40248],[1,0],[-1,0]],[[46826,40248],[0,0]],[[46826,40248],[-2,-1],[-1,2],[3,-1]],[[46834,40253],[-1,0],[0,1],[1,-1]],[[46838,40384],[1,3],[2,-5],[-3,2]],[[46840,40391],[1,-3],[-1,0],[0,3]],[[47075,30835],[3,-22],[-16,9],[13,13]],[[47090,30988],[-4,-13],[-5,10],[9,3]],[[47084,30995],[9,2],[-4,-5],[-5,3]],[[47093,31075],[-13,-72],[-17,27],[30,45]],[[47106,31071],[4,1],[0,-2],[-4,1]],[[47091,31090],[12,0],[-7,-11],[-5,11]],[[47040,31789],[5,-2],[0,-4],[-5,6]],[[47011,31779],[-28,19],[-52,-12],[-29,21],[6,25],[36,5],[88,-42],[-21,-16]],[[47012,31832],[-4,-6],[-3,3],[7,3]],[[47218,31946],[3,-2],[-3,0],[0,2]],[[47200,31952],[16,-2],[-4,-5],[-12,7]],[[47193,31953],[5,-4],[-8,1],[3,3]],[[47165,31967],[-4,7],[8,-7],[-4,0]],[[47314,32420],[-12,26],[30,12],[11,-20],[-29,-18]],[[47385,32478],[5,-5],[-4,0],[-1,5]],[[47388,32489],[3,-6],[-4,1],[1,5]],[[47390,32500],[-19,5],[5,24],[10,-4],[4,-25]],[[47371,33025],[23,14],[55,-81],[-40,13],[-38,54]],[[46945,33688],[28,-1],[-16,-6],[-12,7]],[[47228,33766],[25,-23],[31,10],[5,-24],[30,-4],[-51,-32],[-9,29],[-31,14],[0,30]],[[47021,33813],[-92,-66],[-61,-3],[17,52],[136,17]],[[47109,33795],[1,-6],[-13,0],[12,6]],[[47577,34295],[-13,-31],[102,-87],[-32,-40],[-66,-5],[-92,70],[2,29],[-68,5],[-94,92],[-29,-4],[-29,32],[-80,18],[5,76],[-45,38],[-46,5],[-55,-33],[-95,94],[11,67],[76,34],[13,24],[133,-50],[27,10],[11,-33],[78,-11],[49,40],[140,-53],[0,-113],[82,-76],[-17,-42],[32,-56]],[[46951,34437],[5,-8],[-4,-7],[-1,15]],[[46947,34658],[-44,-11],[31,18],[13,-7]],[[46962,34659],[7,14],[13,-5],[-1,-12],[-19,3]],[[47083,34680],[6,1],[-6,-4],[0,3]],[[47030,34690],[-9,22],[18,2],[3,-12],[-12,-12]],[[47208,34691],[-30,35],[7,21],[64,4],[-10,-49],[-31,-11]],[[47353,35064],[23,31],[23,-1],[-20,-41],[-26,11]],[[47002,35188],[-60,-70],[-54,-5],[18,54],[96,21]],[[47054,35221],[8,13],[1,-13],[-9,0]],[[47129,35285],[-3,-4],[-4,1],[7,3]],[[46963,35343],[-12,11],[12,0],[0,-11]],[[47219,35383],[4,-7],[-17,-1],[13,8]],[[47077,37884],[-19,-1],[7,10],[12,-9]],[[47051,37911],[3,3],[2,-4],[-5,1]],[[47047,37914],[4,3],[-1,-5],[-3,2]],[[46992,37962],[20,-1],[-13,-40],[-18,19],[11,22]],[[46978,38240],[5,-6],[-14,7],[9,-1]],[[46967,38246],[4,0],[0,-2],[-4,2]],[[47201,38589],[-4,-32],[-25,-16],[-49,5],[-14,61],[24,20],[41,-47],[27,9]],[[46903,38892],[8,0],[-2,-1],[-6,1]],[[46922,38905],[-1,3],[2,-2],[-1,-1]],[[46915,38936],[1,2],[0,-2],[-1,0]],[[46914,38939],[1,1],[1,-1],[-2,0]],[[46894,39021],[2,0],[0,-1],[-2,1]],[[46898,39023],[-1,1],[1,-1]],[[46902,39030],[-2,6],[3,-3],[-1,-3]],[[46894,39043],[2,-4],[-1,1],[-1,3]],[[46901,39042],[-1,2],[2,1],[-1,-3]],[[46999,39377],[-1,1],[2,-1],[-1,0]],[[46989,39401],[-1,2],[2,-1],[-1,-1]],[[46998,39423],[2,-1],[-2,0],[0,1]],[[46998,39423],[-2,0],[1,2],[1,-2]],[[46928,39940],[1,-1],[-1,1]],[[46932,39939],[-2,1],[1,0],[1,-1]],[[46931,39977],[0,-1],[0,1]],[[46931,39978],[0,0]],[[46935,40010],[1,3],[1,-3],[-2,0]],[[46934,40014],[1,-1],[-2,-2],[1,3]],[[46925,40025],[1,0],[0,-2],[-1,2]],[[46929,40039],[-1,0],[0,1],[1,-1]],[[46917,40044],[1,-1],[0,-1],[-1,2]],[[46914,40319],[1,1],[1,-1],[-2,0]],[[46914,40320],[-2,2],[2,-1],[0,-1]],[[75087,61],[-13,-31],[-77,-30],[-66,30],[-17,58],[32,67],[56,-3],[85,-91]],[[54654,1793],[-44,-18],[-41,10],[-18,31],[33,44],[53,-2],[21,-29],[-4,-36]],[[76599,2767],[145,-11],[34,-44],[-127,-68],[-116,-5],[-203,60],[267,68]],[[50614,2874],[-21,14],[-2,40],[26,32],[68,7],[27,-25],[3,-49],[-101,-19]],[[49334,3682],[-172,-146],[-66,-16],[-43,23],[-2,99],[84,59],[139,165],[261,109],[68,-5],[32,-69],[-28,-40],[-273,-179]],[[51083,3758],[-27,-46],[-60,-23],[-103,12],[-84,47],[32,37],[107,25],[77,-12],[58,-40]],[[61698,3678],[-49,-23],[-88,33],[54,170],[37,251],[40,44],[158,-45],[114,23],[142,-30],[90,5],[-97,-108],[-158,23],[-102,-72],[-134,-146],[13,-78],[-20,-47]],[[50608,3888],[54,-92],[-35,-30],[-101,32],[-321,-6],[-166,64],[-229,-14],[-41,53],[46,96],[113,68],[420,28],[73,-27],[91,-69],[96,-103]],[[76513,4158],[-317,-45],[-104,11],[205,107],[322,62],[1,-50],[-54,-59],[-53,-26]],[[62340,4339],[57,-20],[7,80],[72,39],[61,-3],[-17,-64],[39,29],[23,30],[-23,69],[17,16],[46,9],[49,-22],[44,17],[-7,-32],[-63,-63],[-177,-114],[-78,-41],[-60,57],[10,13]],[[61655,4592],[51,-22],[62,-75],[-100,-57],[-10,24],[-3,130]],[[62687,4678],[36,3],[47,-41],[52,-6],[33,-39],[-7,-27],[-27,-3],[-37,51],[-64,1],[-33,61]],[[62970,4795],[-29,20],[-1,61],[-27,20],[20,4],[14,39],[36,-7],[24,-34],[4,-40],[-57,-36],[76,1],[12,-81],[-81,-89],[-29,-3],[-13,21],[51,124]],[[61616,4858],[42,52],[60,-9],[3,-32],[-85,-25],[-20,14]],[[63034,5073],[8,-72],[-67,-8],[-10,65],[69,15]],[[61872,5159],[-57,-41],[-25,6],[6,61],[29,8],[47,-34]],[[63011,5196],[-17,-28],[-35,-2],[-26,15],[-56,123],[49,48],[50,1],[35,-157]],[[61843,5368],[-51,15],[-4,40],[19,14],[36,-4],[0,-65]],[[54701,5594],[18,23],[43,7],[110,0],[47,-19],[-76,-172],[-143,-101],[-252,-50],[-31,31],[236,282],[48,-1]],[[62972,5484],[-147,-59],[54,104],[84,-3],[9,-42]],[[61994,5653],[-11,-33],[-74,30],[32,21],[53,-18]],[[62900,5674],[-18,49],[12,139],[19,22],[58,-175],[-17,-71],[-54,36]],[[62057,5895],[140,-35],[71,-23],[17,-34],[-242,-37],[9,65],[-61,14],[66,50]],[[50879,6175],[14,32],[31,7],[96,-10],[124,16],[109,67],[92,113],[104,244],[86,-1],[93,-101],[163,-132],[146,-196],[46,-102],[-17,-144],[-269,-323],[-294,-239],[-99,-56],[-108,-19],[-51,31],[-18,31],[26,290],[-15,162],[-92,138],[-98,68],[-65,87],[-4,37]],[[62682,6187],[-45,69],[8,34],[33,21],[148,-8],[54,-35],[20,-39],[-5,-59],[-77,-52],[-70,45],[-1,22],[-65,2]],[[62293,6137],[-10,26],[17,20],[124,141],[39,10],[12,-35],[-14,-18],[-168,-144]],[[55630,6578],[-35,-48],[-55,-17],[-135,99],[-45,83],[0,124],[38,88],[87,68],[100,-8],[99,-93],[23,-98],[-77,-198]],[[54431,6982],[39,75],[192,42],[125,-17],[82,-63],[4,-61],[-30,-55],[-263,-28],[-69,12],[-63,41],[-17,54]],[[54988,7144],[15,28],[51,12],[111,73],[-3,-62],[-72,-57],[-85,-11],[-17,17]],[[64721,7544],[23,-47],[11,-101],[-17,-68],[-68,-74],[-97,-29],[-108,-17],[-229,17],[-105,46],[-33,86],[11,158],[66,50],[83,28],[177,14],[178,-13],[108,-50]],[[55082,7570],[-105,-1],[-161,-55],[-49,-75],[-80,-50],[-212,-58],[-84,7],[-46,33],[24,47],[151,42],[409,289],[177,54],[178,-17],[89,-41],[33,-168],[-70,-51],[-97,-6],[-157,50]],[[73557,8118],[-85,-336],[-177,-280],[-534,-517],[-61,-40],[-59,-6],[40,83],[131,98],[56,94],[87,77],[128,287],[87,106],[172,111],[81,87],[37,111],[-17,102],[78,148],[25,12],[21,-33],[-10,-104]],[[52801,8400],[51,19],[42,-16],[11,-48],[-22,-44],[-47,-10],[-49,22],[-9,41],[23,36]],[[50730,8697],[-1,-48],[-39,-29],[-57,4],[-25,41],[21,54],[30,20],[47,-9],[24,-33]],[[61040,9807],[84,42],[35,-8],[29,-74],[-67,-11],[-69,22],[-12,29]],[[64098,10491],[57,-21],[-84,-89],[-18,14],[45,96]],[[62643,10651],[16,-50],[-25,-44],[-130,-62],[-199,0],[-34,35],[42,43],[160,30],[123,59],[47,-11]],[[68432,11393],[-109,2],[-75,31],[-10,56],[-44,59],[-8,66],[33,35],[167,-20],[90,17],[161,-10],[331,-101],[15,-19],[-12,-24],[-166,-37],[-231,-9],[-142,-46]],[[65988,11587],[-187,47],[-18,40],[56,99],[114,76],[303,74],[80,-6],[41,-47],[-11,-76],[-267,-238],[-54,-4],[-57,35]],[[66966,12160],[-61,-40],[-57,28],[14,24],[79,35],[21,-10],[4,-37]],[[75650,12256],[-148,-13],[-161,-38],[19,78],[108,78],[190,10],[129,76],[68,-2],[-42,-60],[-73,-36],[-28,-51],[-62,-42]],[[70166,15856],[22,29],[31,-20],[-22,-29],[-31,20]],[[70527,16141],[15,-12],[-23,-26],[-14,23],[22,15]],[[70844,16495],[40,-119],[-45,-20],[-7,-87],[-40,24],[-59,-61],[-6,-36],[35,-41],[-39,-65],[-25,-2],[-63,75],[-15,-116],[-20,-5],[-27,39],[-44,-50],[39,6],[33,-46],[102,8],[37,-22],[53,12],[14,61],[48,7],[206,120],[40,55],[81,58],[1,63],[55,1],[15,-24],[-107,-118],[-285,-173],[-49,-67],[-259,-34],[-112,-83],[-109,-34],[53,92],[98,78],[45,94],[75,68],[127,212],[114,130]],[[70642,16321],[8,10],[3,-3],[-11,-7]],[[71560,16754],[23,-95],[-77,-143],[-242,-169],[-24,19],[-54,3],[36,32],[-63,49],[-41,0],[-36,26],[-175,-29],[-35,43],[18,43],[60,-36],[3,54],[107,32],[104,-8],[396,179]],[[76745,18616],[-38,28],[-6,34],[24,129],[-2,214],[75,216],[-2,155],[15,21],[64,-22],[10,-31],[-58,-382],[-31,-82],[26,-51],[-9,-158],[-38,-63],[-30,-8]],[[75308,20033],[57,56],[93,30],[-82,-109],[-62,-6],[-6,29]],[[47413,33700],[15,-2],[3,-14],[-12,2],[-6,14]],[[47521,34120],[19,2],[-12,-8],[-7,6]],[[47974,34226],[5,3],[-2,-6],[-3,3]],[[47892,34412],[9,3],[-1,-7],[-8,4]],[[47831,34501],[0,3],[5,-3],[-5,0]],[[47825,34561],[4,-2],[-3,0],[-1,2]],[[47820,34559],[-2,2],[3,0],[-1,-2]],[[47819,34568],[0,2],[3,-2],[-3,0]],[[47420,34722],[3,-20],[-16,17],[13,3]],[[47609,34744],[-5,-16],[-31,3],[16,-30],[-56,40],[9,42],[67,-39]],[[48020,34747],[-9,18],[7,24],[14,-7],[-12,-35]],[[47604,34788],[5,9],[-2,-12],[-3,3]],[[47523,35806],[2,-1],[-1,-2],[-1,3]],[[47562,35847],[-37,-39],[9,51],[28,-12]],[[47844,36692],[6,-6],[-6,0],[0,6]],[[47853,36689],[2,1],[0,-2],[-2,1]],[[47828,36700],[4,2],[0,-3],[-4,1]],[[47830,36707],[1,-3],[-2,-1],[1,4]],[[78758,4092],[11,-26],[-109,-104],[-63,-16],[-47,50],[208,96]],[[77557,4125],[-16,-21],[-107,25],[-186,-32],[-46,173],[22,20],[53,-5],[304,-88],[41,17],[70,75],[17,94],[154,25],[99,122],[74,34],[84,73],[26,54],[126,42],[73,85],[86,37],[65,53],[170,2],[61,-55],[59,-127],[71,-61],[-78,-34],[-34,39],[-69,8],[-10,40],[45,54],[-66,44],[-42,-14],[-119,-127],[-62,-32],[-194,-24],[-42,-73],[-112,-98],[-45,7],[-50,-27],[-47,-65],[7,-21],[-109,-49],[-84,-115],[-189,-55]],[[79410,4519],[137,72],[4,-35],[-87,-112],[-42,-8],[-45,22],[-6,23],[18,11],[20,-18],[1,45]],[[80174,4648],[-76,-65],[-77,-170],[-27,13],[-31,83],[-132,138],[29,21],[40,-5],[30,-37],[-24,-17],[-42,17],[101,-95],[24,1],[17,67],[107,91],[-16,125],[24,13],[48,-57],[5,-123]],[[78996,4919],[66,-82],[-60,-29],[-47,-63],[-96,-2],[-31,104],[168,72]],[[79170,4998],[-27,43],[-6,104],[82,73],[84,26],[20,94],[41,35],[21,103],[60,97],[27,-89],[-15,-92],[-34,4],[-52,-98],[-2,-65],[49,-81],[-31,-20],[-37,14],[-79,-55],[-69,33],[-15,26],[-15,-31],[63,-49],[-12,-49],[-53,-23]],[[80608,5468],[-181,-118],[-81,-99],[-43,17],[60,126],[137,81],[111,137],[32,-15],[6,-41],[-41,-88]],[[80577,6114],[-54,-19],[-55,-71],[-5,-130],[-166,9],[-134,-34],[-162,45],[-7,-23],[-31,2],[-46,36],[-36,-16],[-44,9],[-49,-51],[-97,-175],[-147,-78],[-53,12],[12,37],[182,154],[15,89],[194,127],[62,13],[89,-34],[88,-83],[97,15],[117,58],[-9,92],[110,99],[95,20],[82,-7],[68,-35],[40,-73],[-56,-24],[-100,36]],[[77248,6239],[-315,239],[42,51],[64,16],[179,-48],[10,-154],[57,-87],[128,-109],[4,-29],[-123,-22],[-46,143]],[[78614,7095],[-63,-15],[-26,40],[33,73],[56,21],[78,-17],[0,-32],[-78,-70]],[[78912,10587],[-71,141],[11,162],[-97,155],[66,61],[179,-70],[38,-33],[-9,-191],[76,-100],[-193,-125]],[[77864,11507],[74,6],[53,-131],[70,-15],[35,-28],[9,-85],[34,-64],[-21,-20],[-83,3],[-92,52],[-228,-20],[-100,70],[-106,24],[-208,107],[-240,93],[-20,31],[75,89],[29,9],[121,-15],[75,-41],[266,13],[148,-19],[109,-59]],[[78943,14877],[31,-23],[-44,-40],[-22,42],[35,21]],[[80054,16771],[26,10],[8,-21],[-31,-6],[-3,17]],[[79573,16999],[17,-31],[54,17],[12,-31],[-39,-97],[-65,-34],[-42,26],[12,165],[22,34],[-38,86],[-132,119],[16,61],[32,0],[41,-82],[43,-24],[90,-122],[14,-40],[-27,-6],[-10,-41]],[[79846,17068],[-54,-38],[-22,-5],[7,50],[33,39],[36,-21],[0,-25]],[[79907,17199],[22,-47],[-32,-27],[-16,62],[26,12]],[[79946,17225],[50,-25],[-30,-27],[-20,52]],[[80004,17263],[39,-26],[-21,-29],[-18,55]],[[80172,17329],[50,-32],[-108,-16],[8,43],[50,5]],[[80233,17350],[58,-16],[-57,-24],[22,33],[-23,7]],[[80356,17469],[68,-59],[-88,-45],[-34,82],[54,22]],[[79834,17445],[11,-17],[-23,11],[12,6]],[[79417,17369],[51,60],[44,168],[34,15],[-24,-146],[-62,-98],[-43,1]],[[79985,17578],[11,-19],[-16,7],[-14,24],[19,-12]],[[79519,17653],[-27,-14],[9,18],[18,-4]],[[79715,17942],[53,-9],[6,-62],[-56,22],[-72,-58],[34,-32],[-3,-39],[-97,-54],[-17,-50],[-25,0],[2,136],[46,61],[105,52],[24,33]],[[79827,17849],[-42,8],[20,22],[22,-30]],[[79824,17918],[1,25],[27,-28],[-21,-10],[-7,13]],[[79899,17962],[-24,-24],[-17,14],[-3,22],[36,11],[44,-22],[1,-29],[-7,-4],[-32,2],[15,14],[-13,16]],[[80241,18023],[-175,31],[51,24],[70,2],[153,-32],[32,-35],[-5,-77],[-29,-20],[2,37],[-99,70]],[[80031,17987],[-56,-9],[0,59],[66,-4],[-10,-46]],[[80085,18696],[53,20],[265,1],[45,-26],[24,-48],[-30,-88],[-114,-73],[-150,-4],[-97,72],[-35,93],[39,53]],[[77755,18622],[-9,21],[37,0],[-7,-19],[-21,-2]],[[77831,18762],[33,3],[29,-26],[-64,-18],[-14,18],[16,23]],[[79331,19708],[27,18],[59,-56],[185,-50],[23,-38],[-239,16],[-55,110]],[[79793,19692],[-24,-37],[-8,12],[10,31],[22,-6]],[[79826,19711],[25,24],[25,-7],[-30,-44],[-20,27]],[[79989,19751],[113,24],[93,-28],[-38,-35],[-168,39]],[[80238,19808],[-31,18],[0,28],[43,-3],[-12,-43]],[[80267,19863],[30,31],[10,-27],[-40,-4]],[[80449,19908],[-21,-31],[-75,-4],[11,35],[85,0]],[[79241,19938],[73,-154],[-32,-25],[-46,33],[-69,130],[104,122],[42,114],[97,54],[70,68],[49,11],[-2,-61],[-31,-37],[-144,-77],[-111,-178]],[[80151,20156],[-10,22],[12,-2],[-2,-20]],[[80261,20280],[35,17],[-9,-20],[-26,3]],[[80179,20308],[17,8],[8,-11],[-25,-19],[0,22]],[[80401,20362],[-8,-30],[-27,3],[16,35],[19,-8]],[[80320,20387],[-6,18],[15,-4],[-9,-14]],[[80102,20785],[76,-169],[-124,-56],[-122,-109],[-221,-55],[-84,-75],[-51,-6],[-2,19],[156,117],[136,56],[164,125],[24,39],[-41,253],[110,53],[69,8],[8,-26],[-79,-77],[-19,-97]],[[80263,20984],[51,-15],[-76,-76],[-8,64],[33,27]],[[80437,21033],[76,-14],[-5,-37],[-75,-34],[-52,12],[-8,51],[64,22]],[[80308,22715],[-36,12],[14,39],[32,-17],[-10,-34]],[[80273,23127],[51,70],[70,1],[9,-60],[-162,-112],[-86,-83],[11,-27],[-88,21],[-94,-24],[-64,-49],[-28,9],[-57,-38],[-6,24],[73,101],[122,104],[181,32],[68,31]],[[78404,24445],[96,-110],[-2,-86],[-27,-59],[-115,-81],[-53,-19],[-136,2],[-112,61],[15,87],[67,47],[57,96],[107,66],[103,-4]],[[78973,24957],[-53,-43],[60,-11],[-51,-26],[-85,44],[35,36],[82,27],[12,-27]],[[79343,24943],[-151,0],[-129,-40],[-71,37],[4,27],[33,20],[188,9],[31,48],[43,-16],[51,23],[85,-26],[11,52],[72,13],[-2,-52],[19,-20],[-90,-104],[-94,29]],[[78997,25018],[14,-22],[-34,-4],[-2,17],[22,9]],[[79997,25063],[13,-30],[-40,2],[-1,22],[28,6]],[[79676,25060],[-1,-31],[-103,-26],[14,89],[58,3],[32,-35]],[[79077,25021],[-5,42],[31,18],[15,-22],[-41,-38]],[[79783,25081],[119,14],[57,-15],[-19,-28],[-139,-6],[-18,35]],[[79199,25082],[-6,-34],[-42,48],[36,17],[81,-13],[-15,-30],[-54,12]],[[79845,25122],[-13,-23],[-26,-8],[23,31],[16,0]],[[79450,25192],[4,-29],[-34,-15],[-12,46],[42,-2]],[[80188,25210],[-18,4],[3,30],[-32,19],[-4,34],[88,28],[29,-4],[12,-31],[-78,-80]],[[80152,27152],[66,-18],[47,33],[49,166],[-12,35],[19,40],[-16,14],[24,9],[-46,53],[-35,16],[-45,-34],[10,-42],[63,-27],[5,-20],[-101,68],[-146,-10],[-48,-26],[-41,-50],[-7,-43],[-55,-37],[4,-73],[-114,-76],[-9,-40],[20,-48],[118,-21],[-54,-17],[-78,14],[-102,-8],[10,113],[134,69],[54,104],[1,66],[169,156],[262,83],[73,-16],[5,-160],[-99,-272],[-55,-41],[-42,-2],[-67,-76],[-107,-4],[-46,-22],[-22,2],[9,16],[-32,-6],[18,27],[43,-16],[46,17],[49,-13],[39,26],[-6,44],[51,11],[-3,36]],[[80783,5690],[-82,-61],[-37,10],[172,141],[23,54],[-23,74],[128,-55],[-13,-55],[-108,-89],[-60,-19]],[[80610,17515],[-36,-24],[-5,50],[41,-9],[0,-17]],[[80707,17670],[52,13],[65,-72],[-33,-22],[-86,-3],[-14,28],[16,56]],[[80984,17740],[-30,-14],[-17,44],[17,2],[30,-32]],[[81324,17782],[16,38],[39,-12],[-7,-21],[-48,-5]],[[81047,17862],[36,26],[42,-27],[-1,-22],[-48,-26],[-29,49]],[[80478,18001],[120,52],[65,-3],[1,-46],[-84,-35],[-15,-64],[-55,4],[-32,92]],[[81187,17991],[31,33],[43,-63],[-26,-22],[-28,4],[-20,48]],[[80894,18057],[51,-37],[-30,-38],[-29,20],[-23,-14],[31,69]],[[81497,18039],[-4,29],[4,2],[15,-29],[-15,-2]],[[81449,18071],[-10,-42],[-15,0],[-3,55],[28,-13]],[[80722,18113],[99,-23],[32,-24],[-6,-35],[-27,-22],[-87,4],[-11,100]],[[81618,18125],[93,-7],[-3,-18],[-34,-64],[-41,-2],[-24,19],[9,72]],[[80926,18115],[45,69],[72,-19],[1,-42],[-49,-52],[-67,18],[-2,26]],[[81180,18120],[-31,13],[-52,-34],[-40,8],[72,40],[-5,20],[-48,10],[40,8],[64,-65]],[[81729,18139],[-27,31],[7,4],[38,-12],[-18,-23]],[[81209,18194],[-33,-10],[-13,52],[-27,4],[9,-17],[-27,12],[-4,45],[58,14],[28,-21],[9,-79]],[[81244,18270],[18,-13],[-8,-5],[-10,18]],[[81350,18286],[-41,31],[0,12],[41,-43]],[[81436,18348],[-6,-22],[-9,6],[15,16]],[[81216,18360],[22,-21],[-37,-1],[15,22]],[[81357,18354],[-42,24],[-2,18],[61,-26],[-17,-16]],[[81611,18424],[3,-17],[-25,29],[22,-12]],[[81334,18422],[70,34],[89,10],[23,-11],[-5,-47],[-145,-8],[-32,22]],[[81700,18500],[-15,26],[-2,19],[17,-45]],[[81663,18570],[-33,-32],[15,-25],[-15,-36],[-34,-6],[-41,41],[141,85],[-11,-42],[-22,15]],[[80464,19989],[21,2],[11,-37],[-21,-5],[-11,40]],[[80531,19990],[-7,36],[30,8],[1,-26],[-24,-18]],[[80721,20063],[-89,-62],[-31,1],[1,24],[60,46],[46,19],[13,-28]],[[81222,20093],[13,11],[17,-12],[-16,-10],[-14,11]],[[80965,20137],[179,-51],[2,-19],[-121,-4],[-38,22],[-204,27],[19,19],[163,6]],[[80731,20115],[22,19],[-12,-25],[-10,6]],[[81252,20172],[30,-27],[-41,-11],[-21,24],[32,14]],[[81424,20266],[66,-12],[1,-18],[-73,-40],[-59,-72],[-44,-8],[-11,37],[120,113]],[[81677,20252],[-98,-15],[-28,20],[28,61],[70,-21],[28,-45]],[[81724,20294],[17,2],[-5,-33],[-19,11],[7,20]],[[80762,20424],[13,15],[10,-14],[-7,-19],[-16,18]],[[80897,20520],[-18,-9],[-10,23],[18,8],[10,-22]],[[80629,20579],[37,1],[5,-11],[-41,-15],[-1,25]],[[80506,20594],[11,1],[5,-9],[-12,-11],[-4,19]],[[81794,20584],[4,-6],[-37,-16],[-145,48],[76,30],[102,-56]],[[81541,20555],[-130,67],[11,29],[59,3],[49,-25],[42,-73],[-31,-1]],[[80543,20652],[-21,13],[24,0],[-3,-13]],[[80738,20740],[-28,8],[14,15],[14,-23]],[[81157,20712],[-150,104],[8,58],[35,13],[59,-23],[29,-46],[67,-23],[27,-48],[-14,-23],[-61,-12]],[[80908,20794],[48,31],[-13,-42],[-20,-7],[-15,18]],[[81411,20787],[-6,-92],[-64,-90],[-36,109],[7,121],[117,180],[16,86],[88,80],[54,11],[56,-30],[-22,-63],[-77,-43],[-43,-68],[-90,-201]],[[80668,20943],[-94,50],[-24,42],[83,-20],[175,10],[68,-28],[49,-67],[-8,-28],[-45,-9],[-204,50]],[[80610,22704],[-4,-36],[-117,12],[-9,28],[19,44],[111,-48]],[[80808,22731],[-99,-28],[2,93],[23,6],[74,-71]],[[80928,22831],[121,34],[8,-17],[-80,-37],[-49,20]],[[81187,22934],[7,83],[78,12],[47,31],[-72,-140],[-69,-42],[-68,4],[77,52]],[[81544,23493],[105,-153],[-5,-47],[-53,-51],[-6,-74],[-24,-34],[-169,-7],[4,18],[93,24],[29,32],[-29,266],[55,26]],[[80803,23488],[8,-37],[-249,-236],[-77,-38],[-27,12],[33,85],[120,59],[142,147],[50,8]],[[81496,23943],[-24,52],[39,22],[16,38],[41,-1],[28,-34],[-1,-240],[-14,-51],[-74,-78],[-63,-253],[16,-86],[-22,-143],[-56,-22],[-127,-104],[-74,-15],[-53,-117],[-63,-4],[-113,-47],[-51,40],[-129,0],[-22,-70],[-63,-17],[-45,-60],[-26,-1],[-80,62],[-47,-11],[-28,-54],[-42,-12],[-16,95],[-133,26],[-30,31],[12,24],[83,11],[3,36],[52,62],[10,81],[107,38],[85,-9],[25,24],[5,104],[171,39],[8,74],[77,46],[-42,60],[3,55],[26,7],[90,-32],[20,40],[68,27],[-9,98],[148,41],[70,108],[128,77],[109,13],[7,30]],[[81576,23604],[-40,-91],[7,97],[33,-6]],[[81002,23606],[-21,-28],[-48,-9],[-6,34],[65,50],[10,-47]],[[81082,23757],[19,-46],[-34,-14],[-9,37],[24,23]],[[81124,23754],[45,-9],[4,-21],[-23,6],[-26,24]],[[81211,23858],[-2,-91],[-98,40],[71,62],[29,-11]],[[81266,23851],[-40,56],[119,62],[26,-58],[-80,-29],[-1,-27],[-24,-4]],[[81455,24081],[157,113],[50,0],[48,-25],[-33,-110],[3,-65],[-38,-95],[1,-194],[-35,-42],[-24,42],[38,71],[-18,267],[-52,34],[-60,-25],[4,-37],[-50,29],[9,37]],[[81481,23943],[-7,-18],[-57,-3],[-38,73],[21,32],[81,-84]],[[81775,24334],[69,-8],[-12,-42],[-125,-57],[-16,16],[84,91]],[[81747,26835],[19,-25],[-56,-74],[-65,-46],[-124,28],[-68,-18],[-43,10],[-42,107],[46,129],[101,54],[208,3],[-13,-53],[-59,0],[-148,-47],[-40,-42],[-4,-36],[80,-73],[93,10],[55,51],[60,22]],[[81810,27036],[-2,-39],[-55,1],[-3,58],[60,-20]],[[86684,6760],[38,42],[99,1],[46,-46],[24,-126],[-26,-83],[-48,-37],[-73,-1],[-64,78],[4,172]],[[82492,7053],[155,-11],[126,56],[116,110],[0,53],[-309,157],[-130,11],[-10,54],[-53,11],[-46,-60],[-163,-42],[-72,-51],[-215,-13],[-45,-29],[-106,-15],[4,-22],[97,-11],[92,-117],[44,7],[2,-48],[-17,-14],[-83,37],[-96,108],[-88,-24],[-140,15],[-370,-64],[-97,17],[72,93],[67,46],[191,2],[74,51],[68,-8],[91,47],[314,36],[80,40],[68,0],[99,53],[84,74],[69,26],[83,-39],[42,1],[79,-51],[156,-10],[91,-135],[133,-43],[71,-106],[-23,-39],[-168,-120],[-198,-89],[-113,-13],[-155,38],[-186,-29],[-176,3],[-31,65],[22,-17],[22,11],[63,-26],[87,-5],[193,34],[81,-19],[54,14]],[[85558,8651],[-162,168],[46,33],[117,17],[140,-120],[191,-37],[134,26],[66,-30],[7,-54],[-96,-51],[-122,51],[-321,-3]],[[86097,11227],[14,-110],[-40,-52],[-45,-19],[-87,13],[-84,75],[-5,63],[36,60],[135,12],[76,-42]],[[81913,11747],[154,74],[151,0],[-47,-94],[-223,-164],[-43,20],[8,164]],[[89032,11885],[55,-39],[71,-89],[21,-89],[-27,-67],[-72,6],[-125,161],[-14,58],[13,49],[78,10]],[[92600,11848],[-73,8],[-9,27],[56,193],[32,39],[163,9],[49,-18],[-148,-236],[-70,-22]],[[90355,14621],[203,-3],[37,-37],[-31,-29],[-101,-18],[-237,-10],[-51,26],[17,18],[85,5],[78,48]],[[87152,14999],[49,49],[20,54],[29,8],[39,-126],[7,-153],[39,-64],[-101,-74],[-74,13],[-33,28],[-44,127],[69,138]],[[93251,15702],[-61,-22],[-36,22],[-12,54],[65,32],[39,-16],[16,-41],[-11,-29]],[[91986,16223],[-41,-46],[-65,21],[16,58],[61,42],[28,-12],[1,-63]],[[82080,16941],[24,14],[35,-11],[4,-46],[-55,-7],[-8,50]],[[89945,16787],[11,107],[30,15],[43,96],[-9,87],[103,242],[0,36],[-47,58],[-73,19],[-35,-15],[-123,-172],[-2,-28],[53,-57],[1,-76],[-25,-39],[17,-48],[-46,7],[-18,27],[10,99],[-64,66],[102,162],[13,53],[104,55],[91,-19],[80,-81],[-98,-231],[-23,-157],[-60,-113],[-22,-109],[-80,-111],[-25,-90],[-27,-12],[-9,132],[48,206],[-20,111],[35,0],[30,-37],[9,-68],[-36,-141],[18,-22],[44,48]],[[93678,17232],[-27,22],[7,9],[6,-14],[15,9],[-1,-26]],[[93657,17273],[8,10],[4,-4],[-12,-6]],[[93863,17457],[8,50],[-23,-25],[-27,3],[-14,-19],[-32,8],[-72,-72],[5,42],[-63,5],[-26,-13],[-13,-57],[79,10],[-41,-46],[-33,22],[29,-66],[-18,-12],[22,-17],[-62,29],[-17,136],[15,21],[151,10],[100,62],[107,-22],[40,-50],[-8,-64],[-74,60],[-33,5]],[[93796,17444],[4,14],[5,-1],[-9,-13]],[[87688,17930],[-4,-20],[-83,40],[-26,49],[17,11],[96,-80]],[[88029,18126],[-144,54],[104,-14],[58,-37],[20,-74],[29,13],[-16,-47],[-190,-147],[-197,36],[22,37],[171,-41],[82,40],[76,75],[7,77],[-22,28]],[[81856,18227],[-94,-41],[62,71],[37,-10],[-5,-20]],[[81970,18320],[54,42],[-51,-67],[-14,-58],[-17,-7],[28,90]],[[82085,18528],[-38,-155],[-28,8],[-4,51],[-85,94],[39,50],[-166,43],[-68,-4],[-9,22],[391,58],[41,-31],[-73,-136]],[[85474,18605],[-13,-23],[-41,-9],[-20,39],[41,29],[33,-36]],[[91852,19359],[-9,-34],[-55,47],[26,25],[38,-38]],[[86149,19936],[190,-87],[133,36],[-8,-37],[-100,-108],[-180,-54],[1,70],[-47,76],[11,104]],[[86671,20136],[17,64],[97,9],[-16,-44],[-76,-42],[-22,13]],[[81816,20345],[85,59],[86,9],[-86,-44],[-91,-95],[6,71]],[[82378,20872],[80,66],[-3,-29],[-107,-131],[-17,-56],[37,-115],[-204,-179],[-120,-38],[3,27],[83,51],[8,24],[-10,46],[-69,88],[-58,22],[-236,4],[-7,13],[178,20],[210,-11],[96,60],[44,100],[92,38]],[[88971,21511],[-5,20],[30,25],[29,-57],[85,-20],[128,-63],[23,16],[58,-9],[142,97],[-129,13],[-3,35],[67,148],[-46,29],[9,29],[-136,20],[-72,-53],[-41,26],[-6,49],[-29,-31],[42,-73],[-78,-4],[-2,-43],[-76,-121],[-42,23],[-27,50],[156,209],[18,53],[54,38],[64,2],[140,-38],[167,54],[76,-13],[-10,-232],[-38,-68],[-25,-209],[-72,-20],[-298,23],[-153,95]],[[89909,22571],[15,-4],[-158,-269],[-52,-37],[-49,128],[33,66],[-27,71],[24,103],[-40,126],[15,22],[90,-14],[46,-51],[-2,-52],[-19,25],[-12,-40],[26,-60],[32,-6],[24,-70],[54,62]],[[90037,22610],[-100,-38],[18,34],[45,12],[54,47],[-17,-55]],[[92002,23006],[18,-189],[153,-205],[32,-13],[16,-43],[-149,-198],[-53,-35],[-73,-11],[-40,8],[-14,33],[18,70],[0,221],[41,168],[-30,174],[17,80],[66,21],[-2,-81]],[[92225,22728],[18,15],[6,-18],[-24,3]],[[92353,23140],[-6,-30],[-61,22],[22,41],[45,-33]],[[89676,23292],[19,-43],[-13,-20],[-30,31],[-13,-30],[23,-127],[-31,-48],[117,-29],[11,-33],[-58,-20],[1,-15],[44,-6],[45,-132],[-133,-29],[-74,168],[0,76],[-37,53],[64,86],[10,84],[-37,167],[52,82],[16,69],[100,111],[14,7],[29,-29],[98,-138],[76,-38],[43,-52],[0,-63],[149,-435],[41,-54],[-95,-169],[-43,-35],[38,95],[-73,58],[40,47],[24,95],[-39,52],[13,26],[-55,-35],[-87,153],[2,48],[84,8],[10,71],[-37,11],[-10,28],[18,81],[-15,24],[-36,-15],[22,-32],[-57,-99],[-32,63],[38,-30],[15,21],[-99,84],[-73,-15],[-55,46],[10,-48],[-59,-23],[86,-114],[-12,-20],[-49,31]],[[92100,23277],[14,-72],[-29,-22],[9,-40],[-21,-57],[-41,13],[-6,40],[51,105],[15,166],[60,118],[69,76],[11,-67],[-87,-94],[24,-76],[-69,-90]],[[92554,23370],[-26,-10],[-41,55],[20,15],[47,-60]],[[92647,23472],[-88,27],[-43,28],[7,32],[49,35],[43,-3],[38,-31],[11,-54],[-17,-34]],[[91437,23586],[22,10],[30,-58],[-12,-36],[-25,-1],[-15,85]],[[92716,23572],[-13,69],[64,81],[111,-18],[222,7],[52,-45],[-60,-48],[-199,3],[-150,-80],[-27,31]],[[92289,23708],[69,54],[-32,-149],[-48,9],[11,86]],[[93180,23768],[32,-7],[2,-43],[-28,12],[-6,38]],[[92390,23838],[18,58],[38,-10],[52,-56],[-8,-37],[-100,45]],[[93303,23924],[-25,147],[41,58],[28,5],[111,-63],[11,-94],[-54,-111],[-112,58]],[[83627,23897],[-141,-58],[-40,9],[22,25],[113,22],[126,101],[58,23],[107,151],[23,-29],[-105,-244],[-136,-14],[-27,14]],[[92432,24020],[42,56],[44,-86],[-36,-28],[-40,13],[-10,45]],[[90276,24042],[40,33],[36,-37],[-39,-33],[-37,37]],[[93781,24136],[65,22],[43,-37],[-51,-80],[-138,-70],[-88,59],[-96,133],[6,16],[259,-43]],[[93641,24529],[27,-22],[-6,-28],[-29,-11],[-45,18],[16,42],[37,1]],[[81978,24406],[-19,57],[26,69],[77,127],[36,4],[21,-22],[-29,-115],[6,-20],[47,-11],[-165,-89]],[[82573,24766],[-26,11],[6,24],[70,23],[-7,-39],[-43,-19]],[[84472,25244],[2,-49],[-58,-37],[-17,52],[38,33],[35,1]],[[82260,24946],[-93,-11],[-93,-57],[-82,-115],[-52,-31],[-49,3],[-76,107],[75,146],[91,88],[128,78],[92,107],[181,5],[45,7],[31,29],[68,155],[-36,111],[11,55],[86,-12],[73,-37],[71,64],[126,62],[61,11],[137,-48],[24,-115],[-50,-230],[-45,-67],[-90,1],[-105,-169],[-142,-152],[-300,-206],[-71,-9],[-24,15],[1,28],[-49,26],[7,31],[73,62],[-24,68]],[[91407,25698],[58,-163],[37,-224],[41,-70],[-15,-107],[-57,-12],[-23,24],[-29,73],[-97,106],[-46,113],[-60,369],[-141,197],[5,58],[55,-10],[174,-165],[98,-189]],[[92266,26659],[1,270],[32,208],[36,45],[50,17],[37,-20],[-3,-94],[-153,-684],[-108,-105],[-38,-11],[-35,14],[-22,34],[18,56],[116,113],[69,157]],[[91121,26667],[39,104],[161,208],[29,9],[-2,-68],[-128,-161],[12,-98],[-98,-25],[-13,31]],[[81918,27090],[-46,-2],[-11,17],[61,70],[78,41],[27,-10],[-15,-46],[-94,-70]],[[91417,27130],[37,-85],[-25,-22],[-49,-4],[-32,47],[14,107],[100,154],[26,-10],[-71,-187]],[[91887,27580],[-24,18],[9,61],[258,361],[29,13],[41,-3],[28,-24],[-72,-346],[225,148],[30,-14],[28,-52],[-14,-27],[-101,-31],[-215,-233],[-256,-989],[-30,-91],[-32,-9],[-17,50],[21,87],[354,1316],[-12,82],[-30,-17],[-105,-220],[-67,-70],[-48,-10]],[[92990,27134],[149,363],[41,58],[78,42],[41,-56],[-7,-40],[-104,-130],[-74,-212],[-30,-48],[-42,-24],[-40,6],[-12,41]],[[82268,27367],[-35,5],[1,21],[57,67],[21,1],[1,-31],[-45,-63]],[[82105,27771],[12,-37],[-33,-42],[-140,-10],[-38,-30],[-4,-83],[19,-30],[-76,-344],[-7,-28],[-54,-29],[-33,44],[21,294],[25,156],[55,112],[31,39],[75,26],[72,1],[75,-39]],[[82127,27682],[113,12],[89,-53],[34,-41],[-35,-70],[-51,11],[-86,71],[-65,23],[1,47]],[[93388,27949],[100,165],[-15,41],[14,59],[57,-72],[16,-120],[-86,-211],[-58,-78],[-71,-27],[-59,42],[116,150],[-14,51]],[[92275,28193],[28,-97],[-155,4],[70,155],[51,74],[51,32],[31,-23],[-76,-145]],[[92405,28297],[-27,52],[9,34],[232,289],[79,213],[59,255],[32,28],[90,-23],[108,-389],[-38,-203],[-36,-54],[-24,-1],[-30,189],[-57,8],[-87,-25],[-147,-191],[-17,-106],[33,-86],[-7,-40],[-105,11],[-67,39]],[[95259,12753],[-137,50],[-26,109],[24,31],[51,3],[128,-93],[15,-43],[-10,-28],[-45,-29]],[[96980,15403],[-16,-80],[-48,-31],[-29,14],[-19,44],[77,69],[35,-16]],[[94733,16903],[69,-19],[7,-17],[-76,36]],[[94589,16936],[12,-25],[-33,14],[21,11]],[[93869,17100],[16,-51],[61,-33],[2,-36],[89,-49],[-3,-22],[115,60],[60,102],[7,69],[185,-29],[226,13],[70,-52],[72,-23],[59,-113],[-57,-22],[-122,52],[-104,-13],[-56,50],[-118,47],[-79,9],[-85,-35],[-77,-124],[-67,-19],[-85,36],[-184,222],[-94,50],[-1,32],[106,-47],[14,-32],[65,-10],[-15,-32]],[[94238,17180],[-41,-14],[-41,38],[32,36],[47,-32],[3,-28]],[[94122,17230],[18,31],[28,-14],[-19,-30],[-27,13]],[[94079,17270],[-7,33],[33,-22],[-26,-11]],[[94027,17318],[17,26],[22,-19],[-39,-7]],[[93992,17355],[-2,26],[30,-13],[3,-33],[-31,20]],[[93913,17414],[-65,22],[-3,4],[49,-11],[19,-15]],[[93809,17445],[6,1],[-5,-2],[-1,1]],[[93818,17454],[6,1],[0,-3],[-6,2]],[[93848,17460],[3,-6],[-13,-1],[10,7]],[[93837,17462],[9,5],[1,-4],[-10,-1]],[[93844,17471],[5,5],[1,-3],[-6,-2]],[[93823,17476],[6,2],[-2,-5],[-4,3]],[[94405,21340],[23,-13],[-15,-26],[-13,4],[5,35]],[[94509,21393],[1,-15],[-83,13],[29,25],[53,-23]],[[94461,21459],[25,16],[20,-24],[-14,-5],[-31,13]],[[94815,21048],[-91,-15],[-16,16],[5,60],[231,159],[0,99],[52,61],[-24,116],[34,192],[137,196],[101,96],[338,33],[94,-50],[49,-114],[-3,-163],[-126,-190],[-75,-208],[-87,-130],[-74,-29],[-174,32],[-130,-39],[-241,-122]],[[95762,20838],[58,89],[167,67],[178,215],[19,102],[131,247],[127,53],[114,94],[140,62],[8,36],[-24,66],[-130,165],[-370,306],[-56,120],[-60,74],[-99,12],[-290,-121],[-93,-12],[-77,-36],[-18,16],[25,46],[147,79],[253,103],[49,58],[121,70],[96,93],[55,14],[23,-64],[103,-36],[17,-28],[-3,-23],[-58,-25],[-30,-39],[-37,-189],[109,-157],[140,-108],[41,-75],[69,-37],[206,-61],[168,64],[78,-10],[42,-44],[10,-46],[-62,-112],[-335,-176],[-112,-78],[-75,-93],[-123,-34],[-163,-273],[-81,-175],[-79,-90],[-163,-131],[-339,-98],[-163,-70],[-120,-7],[-146,51],[-284,-52],[-187,-66],[-227,-139],[-148,11],[-144,-76],[-72,-10],[-149,78],[-49,112],[8,79],[83,93],[16,51],[-14,166],[72,118],[167,166],[56,27],[80,22],[59,-29],[-48,-147],[-58,-64],[10,-100],[-103,-110],[-43,-108],[11,-48],[125,-115],[55,-16],[42,13],[102,78],[201,52],[106,90],[130,-35],[189,23],[301,-1],[169,63],[156,20]],[[94476,21712],[34,62],[41,4],[47,-36],[11,-45],[-30,-59],[-69,16],[-34,58]],[[94573,21844],[58,73],[40,-41],[-54,-58],[-44,26]],[[94739,22032],[21,-2],[23,-36],[-42,-1],[-28,-34],[47,-24],[-48,-31],[-5,39],[-19,3],[3,21],[48,65]],[[94830,22100],[58,41],[44,-57],[-22,-15],[-80,31]],[[94982,22151],[-35,33],[24,-3],[11,-30]],[[97386,22198],[7,20],[16,0],[3,-24],[-26,4]],[[95035,22213],[60,23],[9,-19],[-69,-4]],[[95154,22256],[9,-26],[-19,21],[10,5]],[[95260,22258],[-29,-9],[11,29],[20,8],[-2,-28]],[[95331,22360],[30,4],[-4,-23],[-23,5],[-3,14]],[[99556,23057],[251,26],[124,-64],[68,-148],[-16,-479],[-96,-108],[-152,-30],[-90,39],[-46,104],[-42,278],[-107,92],[-186,4],[-280,-58],[-194,-72],[-74,-128],[40,-168],[-51,-140],[-80,-26],[-194,99],[-76,68],[-42,118],[-28,154],[26,217],[-8,237],[48,96],[137,38],[86,65],[71,-6],[143,-166],[576,13],[192,-55]],[[95340,23458],[104,-8],[-25,-30],[-92,-38],[13,76]],[[94959,23658],[29,-8],[29,-95],[180,-94],[17,-40],[44,-11],[24,-33],[-15,-24],[-89,-22],[-96,4],[-72,35],[-94,104],[22,169],[21,15]],[[96532,23565],[-35,-40],[-43,-9],[-22,31],[35,41],[39,9],[26,-32]],[[95457,23604],[12,-35],[-34,33],[22,2]],[[95535,23658],[46,-5],[4,-29],[-25,-20],[-25,54]],[[96185,23655],[24,-22],[-55,-24],[-161,-11],[69,75],[123,-18]],[[95853,23597],[-39,24],[54,59],[41,-13],[-5,-33],[-51,-37]],[[96288,23698],[1,48],[41,-22],[-19,-41],[-23,15]],[[95010,23691],[-32,11],[31,37],[44,-30],[-43,-18]],[[95092,23762],[-20,-30],[-64,30],[46,47],[38,-47]],[[96568,23844],[-6,-57],[-24,-6],[-35,25],[1,26],[42,-15],[22,27]],[[95617,23821],[20,25],[46,-4],[-48,-43],[-18,22]],[[96390,23867],[32,-13],[22,-68],[-27,7],[-34,47],[7,27]],[[95119,23808],[-49,30],[8,79],[67,-35],[-26,-74]],[[95746,23868],[2,34],[18,25],[36,-44],[-56,-15]],[[96607,23939],[-27,-15],[-29,19],[-1,40],[29,27],[47,-19],[-19,-52]],[[95051,24024],[51,44],[27,-13],[-21,-34],[42,-22],[14,-54],[-19,-18],[-90,27],[-4,70]],[[95775,24046],[12,-24],[-29,-16],[-16,34],[33,6]],[[95133,24074],[-4,17],[71,37],[33,-10],[7,-31],[-23,-19],[-84,6]],[[93964,24169],[23,-27],[-48,-31],[-28,60],[53,-2]],[[96780,24149],[5,-20],[-30,-2],[-15,30],[40,-8]],[[95295,24142],[28,33],[16,-7],[-1,-26],[-43,0]],[[96114,24155],[-32,2],[1,30],[30,-4],[1,-28]],[[94029,24154],[-16,52],[65,12],[-7,-33],[-42,-31]],[[96834,24239],[85,-19],[7,-50],[-17,-22],[-11,49],[-68,18],[4,24]],[[96851,24292],[-74,-24],[-66,15],[-16,21],[58,61],[74,2],[34,-31],[-10,-44]],[[96463,24635],[37,-29],[0,-53],[-21,-22],[-98,-24],[-50,34],[5,58],[69,36],[58,0]],[[97294,24628],[-19,-43],[-87,-44],[-42,17],[0,70],[32,39],[36,5],[37,0],[43,-44]],[[96766,24585],[3,60],[60,29],[61,-5],[8,-60],[-42,-36],[-64,-10],[-26,22]],[[99518,25216],[-55,-271],[-163,-217],[-133,-56],[-104,31],[-90,224],[-93,321],[0,70],[95,113],[178,126],[129,47],[82,-15],[96,-117],[58,-256]],[[97523,25192],[-52,-8],[-47,35],[-56,186],[15,33],[64,15],[62,-30],[46,-147],[2,-40],[-34,-44]],[[43008,51801],[0,12],[6,-8],[-6,-4]],[[42917,52062],[17,-13],[-31,-7],[14,20]],[[42900,52082],[-6,7],[6,4],[0,-11]],[[36227,51116],[-43,74],[14,27],[-32,66]],[[36166,51283],[3,94],[-34,54]],[[35982,51554],[-51,-20],[-16,21],[-67,-1],[-51,24],[-30,-41],[-72,-14],[-91,-89],[-87,-19],[-95,68],[-104,-5],[-78,68],[4,52],[52,106],[-31,24],[-1,67],[-43,20],[14,22],[-25,59],[-143,33],[-94,-7],[31,67],[-79,62],[-70,-3],[-59,30],[-37,-12],[-70,12],[-33,-25],[1,-58],[-51,21],[-41,-18],[-8,29],[-28,-23],[-13,18],[-65,-11],[-38,19],[-71,-16],[-43,225],[-67,105],[-1,136],[-34,16],[-48,-21],[-11,24],[-36,-1],[-15,18],[26,23],[-14,8],[12,22],[46,28],[-26,73],[-46,15],[5,65],[-58,49],[-117,24],[-165,-18],[-97,63],[-16,63],[26,29],[-9,29],[-63,-1],[-21,29],[20,73],[57,65],[-17,43],[27,52],[-33,30],[33,35],[-35,-7],[-34,27],[-2,61],[-94,7],[-16,50],[30,52],[-34,37],[-170,-12],[-64,-22],[-11,109],[36,20],[12,101],[69,41],[-26,102],[21,26],[-119,130],[64,25],[8,33],[67,13],[12,35],[92,-36],[65,65],[89,17],[0,46],[27,16],[15,-20],[39,-3],[44,47],[54,19],[24,-23],[71,20],[29,77],[47,1],[28,39],[63,20],[65,18],[136,0],[86,-53],[97,32],[62,67],[18,50],[43,18],[22,83],[52,23],[35,168],[96,149],[-26,47],[55,2],[94,199],[70,76]],[[36248,55165],[30,-74],[122,-29],[79,3]],[[37132,55416],[44,-2],[39,13],[-20,1],[52,91]],[[37247,55519],[-20,57],[37,67],[188,141]],[[37710,56339],[106,64]],[[39673,56366],[-3,-64],[-96,5],[-42,-37],[-114,-23],[-19,-54],[8,-55],[-20,-26],[18,-35],[-24,-10],[-41,28],[-33,-17],[-13,-57],[16,-50],[-37,-25],[-42,15],[-26,-58],[11,-55],[61,-39],[-19,-26],[107,-113],[152,-95],[99,-32],[101,-3],[38,92],[39,7],[13,37],[15,-12],[44,25],[7,66],[17,1],[7,-47],[-16,-9],[82,24],[-8,19],[16,-21],[-33,-10],[13,-55],[37,66],[-19,37],[15,17],[-37,-3],[-96,53],[-16,-35],[-43,38],[17,22],[35,-5],[7,42],[44,27],[23,44],[-9,41],[26,-13],[96,49],[66,-17],[80,-109],[27,-9],[41,25],[39,-2],[115,-84],[35,14],[14,97],[25,19],[48,-23],[95,-140],[-114,-6],[-62,-28],[-8,-80],[-23,-19],[-75,59],[-58,-11],[-40,-39],[-45,9],[-39,-23],[-19,37],[-41,0],[-31,-26],[-38,-107],[12,-181],[243,-475],[151,-196],[131,-109],[369,-206],[46,-65],[86,-26],[-1,-158],[82,-268],[96,-169],[607,-886],[356,-432],[252,-257],[212,-102],[111,9],[45,37],[-7,57],[37,-22],[18,-34],[-32,-13],[-17,-105],[50,-48],[31,43],[37,-21],[-14,-35],[38,-30],[34,-85],[-27,-34],[-1,-70],[276,-251]],[[40787,50806],[-143,24],[-36,-11],[-98,31],[-52,-21],[-97,-116]],[[39992,49268],[-15,-43],[-106,-28]],[[39557,49383],[-39,10],[-77,-16],[-84,-82]],[[39271,48766],[-69,10],[-102,-54]],[[38332,49009],[-47,55],[-71,26],[-45,53]],[[37937,55406],[148,61],[-88,-26],[-60,-35]],[[38131,55481],[-8,-162],[16,164],[-8,-2]],[[38108,54840],[-20,-5],[-12,-32],[32,37]],[[38069,54785],[-3,-6],[38,-29],[-35,35]],[[39115,54777],[122,-81],[30,-7],[-152,88]],[[39320,54677],[5,-1],[37,11],[-42,-10]],[[39572,54731],[36,152],[-27,-67],[-9,-85]],[[39711,54871],[32,-9],[-16,11],[-16,-2]],[[42971,53947],[-42,5],[11,34],[31,-39]],[[40980,54403],[-49,3],[43,7],[43,-16],[28,-22],[4,-19],[-69,47]],[[41960,54507],[-45,-6],[-23,26],[66,43],[-13,-32],[15,-31]],[[41503,54674],[-10,14],[15,1],[16,-9],[-21,-6]],[[41525,54753],[25,26],[26,2],[-10,-41],[-22,-23],[-19,36]],[[41708,54964],[38,-30],[6,-52],[177,-55],[-11,-72],[26,-44],[-23,-39],[23,-46],[-38,-4],[-44,62],[-132,71],[9,35],[-13,43],[-27,6],[8,15],[-47,-2],[-28,-27],[-21,44],[-19,-5],[-18,26],[44,8],[18,36],[72,30]],[[41130,54923],[10,7],[-2,-6],[-8,-1]],[[41177,54929],[0,-6],[-21,8],[21,-2]],[[41334,54896],[-31,24],[45,48],[18,-24],[-32,-48]],[[39757,56367],[-59,27],[30,66],[45,-16],[-16,-77]],[[62195,57832],[-16,-24],[-213,-16],[-93,23],[-50,48],[-19,125],[53,101],[53,40],[-34,86],[45,67],[46,-12],[20,-100],[-14,-91],[95,-134],[115,-75],[12,-38]],[[61136,61811],[225,73],[114,17],[141,-13],[86,-34],[43,-44],[13,-34],[-29,-29],[-114,-14],[-379,-152],[-89,11],[-91,69],[-24,41],[8,42],[96,67]],[[67553,55181],[-34,56],[0,65],[32,51],[169,67],[189,28],[447,134],[145,0],[38,-27],[-8,-41],[-156,-95],[-181,-154],[-333,-109],[-121,-17],[-137,13],[-50,29]],[[61774,56214],[-47,29],[-13,36],[30,117],[42,54],[42,-40],[-20,-117],[60,2],[68,-38],[174,46],[117,97],[82,33],[186,44],[82,-2],[-21,-37],[-233,-33],[-122,-97],[-200,-96],[-115,-19],[-112,21]],[[62606,56864],[93,-18],[152,5],[197,31],[195,-20],[77,-62],[49,-88],[-9,-110],[-137,-126],[-312,-86],[-117,47],[38,22],[89,-25],[102,20],[80,26],[108,86],[19,129],[-80,88],[-217,20],[-205,-20],[-272,40],[-144,-99],[-202,-90],[-224,-162],[-52,-22],[-37,27],[439,292],[147,69],[223,26]],[[69239,57065],[21,-40],[-48,-23],[-119,15],[-82,44],[6,40],[58,11],[122,-31],[42,-16]],[[67860,57245],[1,-138],[-64,-96],[-257,-90],[-300,-55],[-294,-36],[-108,14],[-54,28],[-5,48],[49,57],[455,205],[117,90],[143,197],[88,13],[113,-74],[81,-90],[35,-73]],[[64665,57319],[169,6],[211,-50],[117,-60],[1,-59],[-82,-53],[-298,53],[-282,-90],[-214,-21],[-22,21],[83,116],[89,64],[56,31],[172,42]],[[68297,57406],[9,-25],[-54,-132],[-81,-99],[-52,-10],[-41,12],[-19,89],[76,148],[116,28],[46,-11]],[[68677,57716],[123,-16],[79,-48],[11,-44],[-141,-24],[-74,42],[-28,62],[30,28]],[[62485,58291],[46,101],[-41,42],[-51,13],[-136,-25],[10,-99],[-40,-37],[-107,37],[-56,-28],[-71,-4],[-80,62],[-3,37],[25,26],[72,-6],[59,51],[132,32],[193,112],[107,28],[40,-8],[25,-72],[62,24],[118,-92],[133,-12],[189,-108],[100,-148],[-6,-87],[-152,-218],[-144,-82],[-58,6],[-3,80],[-63,56],[16,108],[-14,62],[-55,12],[-107,-74],[-45,6],[3,120],[-98,85]],[[68063,58248],[13,31],[95,34],[96,-2],[26,-36],[-75,-28],[-129,-12],[-26,13]],[[69623,58711],[-79,35],[-19,92],[-102,68],[-46,206],[-65,32],[-17,40],[-65,26],[6,34],[54,47],[103,28],[50,-17],[2,-77],[159,-175],[27,-157],[84,-137],[10,-352],[-64,-219],[-138,-266],[-176,-183],[-77,-45],[-82,-17],[-36,21],[-3,44],[112,192],[83,209],[96,111],[147,67],[41,80],[-5,313]],[[62616,58667],[13,26],[83,16],[64,-18],[40,-42],[31,-107],[-18,-29],[-213,154]],[[68713,58704],[104,19],[35,-28],[-179,-39],[40,48]],[[65982,59848],[-38,74],[22,32],[113,-61],[50,-71],[55,-31],[-4,-70],[-52,-15],[-112,30],[-34,51],[0,61]],[[67049,59871],[-24,11],[-25,63],[-64,50],[-50,10],[1,57],[-51,24],[-106,-5],[-60,100],[8,65],[63,50],[138,12],[195,-68],[38,-73],[-9,-225],[-15,-41],[-39,-30]],[[65980,60930],[-38,43],[-91,48],[57,103],[256,89],[107,-1],[104,-45],[70,-5],[202,-167],[173,-96],[84,-136],[84,-52],[2,-30],[-38,-22],[-62,7],[-14,-76],[-97,-10],[-46,27],[12,170],[-31,49],[-79,16],[13,54],[-88,22],[-58,-12],[-127,90],[-112,-26],[-110,10],[-81,-37],[-92,-13]],[[33768,84576],[3,10],[10,-2],[-13,-8]],[[33763,84604],[8,3],[-4,-11],[-4,8]],[[33804,84634],[9,26],[12,-15],[-17,-7],[28,-19],[-32,15]],[[33819,84687],[-19,-14],[6,32],[13,-18]],[[33737,84701],[4,11],[4,-5],[-8,-6]],[[33773,84698],[8,19],[17,-4],[-7,-9],[-18,-6]],[[33729,84709],[3,6],[4,-4],[-7,-2]],[[33761,84734],[1,-3],[-6,-1],[5,4]],[[33769,84735],[2,0],[-7,-4],[5,4]],[[33732,84745],[5,2],[1,-2],[-6,0]],[[33722,84747],[-2,1],[2,0],[0,-1]],[[33749,84874],[-31,14],[31,-9],[0,-5]],[[33714,84889],[-9,5],[3,2],[6,-7]],[[31478,84902],[-1,1],[2,2],[-1,-3]],[[31498,84903],[1,1],[1,-1],[-2,0]],[[31519,84913],[-4,1],[3,1],[1,-2]],[[33774,84916],[0,3],[3,-4],[-3,1]],[[33769,84931],[8,-4],[-5,-7],[-3,11]],[[33799,84929],[8,5],[-3,-14],[-5,9]],[[33790,84934],[-5,2],[1,1],[4,-3]],[[31494,84936],[-2,0],[1,1],[1,-1]],[[33789,84938],[0,2],[2,0],[-2,-2]],[[33813,84938],[-2,2],[2,0],[0,-2]],[[31505,84935],[-6,3],[2,7],[4,-10]],[[33794,84942],[-5,1],[1,3],[4,-4]],[[31494,84961],[1,1],[1,-4],[-2,3]],[[31520,84967],[1,-3],[-2,0],[1,3]],[[31516,84967],[-11,-4],[11,13],[0,-9]],[[31529,84973],[1,2],[1,-1],[-2,-1]],[[31525,84974],[-2,2],[3,3],[-1,-5]],[[31536,84979],[-7,1],[2,5],[5,-6]],[[32843,85005],[-1,9],[6,-4],[-5,-5]],[[31804,85009],[-5,2],[8,3],[-3,-5]],[[31790,85019],[6,-64],[-22,39],[-8,-53],[-76,4],[-30,142],[97,34],[50,-32],[14,-36],[-31,-34]],[[32915,85031],[6,4],[-3,-6],[-3,2]],[[32927,85045],[3,-5],[-8,-2],[5,7]],[[33202,85061],[-8,1],[5,4],[3,-5]],[[33190,85063],[-7,3],[4,1],[3,-4]],[[33177,85062],[-14,2],[0,9],[14,-11]],[[32784,85078],[18,17],[22,-8],[-16,-39],[-24,30]],[[33185,85075],[-5,2],[5,3],[0,-5]],[[33174,85086],[-2,0],[2,2],[0,-2]],[[33185,85088],[-9,5],[8,0],[1,-5]],[[33260,85164],[-21,-11],[-6,16],[15,12],[12,-17]],[[33272,85171],[2,-6],[-8,-1],[6,7]],[[33275,85182],[7,6],[-4,-10],[-3,4]],[[33268,85201],[-3,3],[5,1],[-2,-4]],[[33184,85199],[15,-7],[-6,28],[27,36],[60,2],[-23,-21],[15,-10],[-14,-7],[-20,10],[7,-28],[-33,1],[23,-8],[-3,-19],[-43,-19],[-5,42]],[[33317,85251],[-2,8],[5,-2],[-3,-6]],[[33362,85254],[-19,4],[-6,-6],[25,24],[0,-22]],[[33289,85264],[-4,6],[5,0],[-1,-6]],[[33319,85268],[-3,0],[-1,2],[4,-2]],[[33376,85280],[5,-19],[-4,-2],[-1,21]],[[33331,85273],[-17,5],[15,7],[2,-12]],[[33365,85278],[-5,1],[2,3],[3,-4]],[[33414,85291],[10,-12],[-15,5],[5,7]],[[33326,85313],[40,-14],[-31,-4],[16,-11],[-41,8],[16,21]],[[33415,85297],[-1,4],[10,1],[-9,-5]],[[33392,85301],[-1,2],[1,-2]],[[33368,85302],[1,8],[3,-2],[-4,-6]],[[33412,85304],[-10,6],[2,3],[8,-9]],[[33378,85311],[2,-1],[-1,-1],[-1,2]],[[33364,85322],[15,-3],[-4,-4],[-11,7]],[[33464,85342],[-12,4],[4,3],[8,-7]],[[33386,85347],[1,5],[5,-3],[-6,-2]],[[33441,85371],[5,-14],[-16,10],[11,4]],[[33422,85375],[8,-3],[-7,-11],[-1,14]],[[33458,85386],[53,-11],[11,-20],[-46,2],[-18,29]],[[33528,85387],[-4,2],[3,1],[1,-3]],[[33510,85385],[-11,7],[-1,11],[12,-18]],[[33760,85409],[0,3],[6,-3],[-6,0]],[[33516,85418],[8,-3],[-12,-5],[4,8]],[[28383,86210],[71,39],[-17,28]],[[28573,86830],[64,-18],[51,23]],[[29249,86559],[47,-60],[124,12]],[[32050,87442],[117,21]],[[33303,88624],[-42,71]],[[33181,88755],[18,21],[63,47]],[[34004,89036],[67,8],[42,35],[77,3],[25,31],[132,-29],[103,90],[-16,44],[81,32],[6,27],[56,34],[-6,39],[93,64],[234,90],[70,-11],[34,-30],[-9,-22],[31,-63],[-3,-99],[21,-21],[30,6],[34,-63],[-28,-58],[-68,-39],[105,-24],[45,15],[128,-49],[74,32],[42,-32],[89,136],[75,2],[35,30],[52,0],[54,-62],[85,-18],[58,28],[261,-5],[89,40],[83,-27],[249,72],[35,45],[69,13],[62,48],[249,56],[24,44],[89,-11],[48,9],[9,22],[69,-1],[74,-31],[43,-58],[52,-17],[22,9],[8,42],[74,28],[21,-27],[72,-13],[-1,-32],[44,-13],[3,-55],[64,-31],[-19,-34],[37,-27],[-54,-39],[62,-20],[-13,-44],[54,-28],[6,-38],[20,-8],[19,28],[67,-32],[62,18],[-8,-22],[38,-49],[84,-44],[66,-189],[92,-18],[82,53],[172,24],[186,-8],[21,-42],[63,-37],[19,-41],[-31,-18],[-68,46],[-14,-21],[38,-43],[-61,-25],[64,12],[12,-16],[-87,-18],[2,-29],[48,1],[13,-39],[-69,29],[62,-45],[-53,-3],[0,-74],[149,36],[124,-8],[-59,-44],[-150,-21],[-163,-60],[-119,-83],[-75,-80],[-31,-53],[-81,-23],[15,50],[-3,35],[-83,-29],[-18,-97],[62,-91],[-13,-13],[-27,16],[-22,-40],[21,-16],[-52,-7],[-32,19],[8,-20],[-65,-3],[2,43],[-19,-22],[11,-22],[-73,19],[-21,41],[-38,13],[15,46],[-12,-12],[-17,22],[27,22],[-36,-17],[-37,27],[6,47],[-10,-48],[-57,31],[19,62],[-25,-42],[-59,16],[7,33],[33,-4],[-36,13],[31,31],[-3,38],[14,9],[-2,4],[4,1],[-3,-2],[3,-5],[14,-12],[-10,24],[45,3],[-45,2],[10,19],[-291,-19],[-106,-157],[25,107],[-26,-3],[-42,42],[-2,72],[-265,6],[-8,-65],[-33,-9],[11,-17],[-23,-4],[3,14],[-21,-28],[-78,-27],[17,-38],[-20,-2],[-1,-38],[-32,-21],[-3,-24],[11,-30],[4,19],[13,-15],[-34,-28],[15,-12],[-19,-38],[-24,3],[20,-44],[-237,-59],[-61,-45],[-143,5],[-17,-41],[-25,19],[-50,-43],[-17,15],[-5,-28],[-30,4],[-4,24],[0,-23],[31,-15],[-26,-31],[-43,1],[13,17],[-7,9],[2,-15],[-38,4],[-47,-29],[18,-72],[-80,13],[-14,-10],[69,-1],[12,-30],[-19,2],[-30,-12],[45,-1],[-113,-105],[-7,-41],[-54,-73],[-47,-1],[39,-34],[-34,-7],[2,-20],[-54,-33],[-10,-30],[-41,-8],[-62,18],[-27,-32],[-31,10],[8,22],[-10,-20],[3,-7],[-16,9],[7,1],[1,13],[-9,-13],[-15,13],[-40,-3],[-1,-21],[-12,20],[-18,1],[1,13],[-11,10],[0,-20],[21,-14],[8,4],[-2,-26],[-58,42],[-59,2],[-47,-20],[-195,30],[-84,-16],[0,-284],[56,-65],[38,-10],[-27,-5],[-9,-24],[59,18],[1,-28],[-40,-9],[32,-7],[-16,-19],[25,0],[-5,28],[35,7],[65,-86],[-35,-9],[13,-19],[20,16],[1,-28],[19,-5],[-27,-28],[-33,32],[-77,11],[49,-22],[-31,-14],[40,11],[45,-19],[3,-19],[27,5],[18,-13],[-24,-27],[41,18],[7,-40],[13,33],[24,-7],[-30,29],[36,4],[5,-22],[27,-8],[-18,-28],[47,26],[-51,18],[24,32],[15,-15],[30,15],[21,-12],[-12,21],[30,9],[20,-21],[-32,-19],[25,6],[29,17],[-2,23],[79,8],[80,80],[34,-4],[1,-23],[11,23],[46,4],[-30,-93],[-23,-3],[-39,-23],[14,-3],[-35,-65],[-41,-16],[-18,-43],[-25,20],[9,-32],[-69,-21],[15,-14],[-49,-44],[-25,14],[-11,-11],[24,-25],[-64,-36],[-22,12],[6,-27],[-45,-19],[-27,-32],[15,-7],[-67,-14],[-3,-21],[-280,-151],[-32,-36],[-77,-35],[3,-34],[-23,4],[3,22],[-12,-4],[17,-52],[-18,-15],[-16,16],[-27,-39],[-2,13],[-8,13],[-5,0],[16,-38],[-16,17],[-50,-35],[32,37],[-23,20],[-72,-69],[-20,12],[9,-20],[-15,15],[-34,-21],[20,-17],[12,7],[7,-10],[-18,-4],[-10,12],[-16,-24],[-25,3],[25,17],[-4,9],[-5,1],[-37,-30],[17,-26],[21,8],[-7,-31],[-21,-9],[1,9],[-17,13],[11,-23],[-15,0],[-3,21],[-75,-61],[-73,-19],[3,-20],[-29,22],[-91,-48],[-116,-144],[19,-14],[-32,-38],[-106,-79],[-26,-5],[10,8],[-6,19],[-25,-30],[-1,8],[-12,21],[-5,0],[5,-32],[-18,13],[3,-22],[-35,-5],[-18,-30],[-82,33],[3,-18],[-25,28],[-28,4],[-21,-14],[11,30],[-18,-38],[-71,10],[15,15],[-13,33],[-38,-27],[-21,17],[-58,-2],[-16,20],[-46,-6],[2,-24],[-110,6],[-9,-34],[-10,32],[4,-23],[-50,-4],[7,-44],[-45,36],[25,-31],[-32,-34],[-2,33],[-7,10],[5,-42],[-24,-31],[-24,-6],[-13,37],[-7,2],[7,-38],[-156,-79],[-8,-25],[23,22],[8,-17],[-37,-54],[42,-36],[-22,-54],[-229,-12],[-9,-26],[-43,-6],[-1,-15],[-15,-8],[7,32],[-16,17],[-30,-12],[17,49],[-6,8],[-31,0],[2,14],[-37,5],[-39,-29],[12,44],[-52,-52],[-81,6],[-114,68],[-89,9],[-30,-29],[-32,2],[-50,57],[-57,16],[-181,-70],[-80,11],[-3,19],[29,-4],[-21,13],[-147,0],[-25,15],[-14,-16],[-27,26],[-35,-14],[32,-68],[-36,66],[-129,-20],[-19,-42],[-118,-60],[-9,-109],[45,-15],[-1,8],[7,-4],[8,15],[7,-3],[-24,-23],[5,-14],[-8,-1],[29,-20],[-18,9],[-56,6],[-58,-8],[-64,16],[-71,-21],[-11,19],[-63,-46],[-102,-11],[-9,-47],[-49,-41],[-18,-81],[-34,-23],[-1,-89],[53,-126]],[[29450,85538],[-80,3],[-79,50]],[[29231,85701],[-164,108],[-58,-19]],[[34028,84326],[-2,-20],[-13,19],[15,1]],[[34329,84214],[-54,52],[1,36],[-33,19],[24,-43],[-95,15],[-77,-15],[-23,140],[14,26],[-57,133],[38,-11],[42,-67],[25,-123],[18,102],[13,-20],[17,7],[7,-34],[68,-18],[3,-17],[62,-3],[0,28],[29,3],[-22,-88],[30,-115],[-30,-7]],[[34022,84425],[-9,3],[10,3],[-1,-6]],[[33876,84451],[10,-21],[-8,-4],[-8,25],[23,2],[-17,-2]],[[33998,84470],[-9,-11],[2,11],[7,0]],[[34175,84501],[12,46],[30,-73],[-10,-29],[-32,56]],[[33825,84514],[13,-7],[-14,-5],[1,12]],[[33997,84511],[17,5],[0,-15],[-17,10]],[[33957,84535],[11,-13],[-25,5],[14,8]],[[34099,84538],[-23,37],[15,14],[20,-24],[-12,-27]],[[33929,84647],[17,14],[7,-17],[-7,-4],[-17,7]],[[33869,84661],[-17,4],[15,2],[2,-6]],[[33877,84664],[-9,11],[14,3],[-5,-14]],[[33831,84687],[7,-25],[-14,17],[7,8]],[[33893,84694],[-18,3],[3,11],[15,-14]],[[33843,84698],[-17,-2],[15,16],[2,-14]],[[33901,84754],[62,-40],[-5,-22],[-126,93],[-19,23],[20,20],[-30,-15],[-13,60],[-38,32],[94,-63],[55,-88]],[[34160,84822],[-27,-8],[-11,-31],[-59,71],[22,-23],[26,22],[-8,-20],[57,-11]],[[34185,84824],[-4,7],[3,3],[1,-10]],[[34042,84830],[-11,14],[6,3],[16,-6],[-11,-11]],[[34132,84851],[13,-6],[-20,-12],[7,18]],[[33993,84838],[-2,8],[5,-4],[-3,-4]],[[34001,84842],[-1,1],[2,0],[-1,-1]],[[34149,84842],[1,3],[6,0],[-7,-3]],[[34196,84841],[-18,11],[6,2],[12,-13]],[[33998,84852],[4,1],[9,-7],[-13,6]],[[33929,84759],[-18,10],[-50,72],[11,65],[-26,0],[37,42],[48,-82],[-2,-59],[29,-32],[-5,-22],[-31,33],[7,-27]],[[34158,84851],[10,8],[9,-5],[-19,-3]],[[33979,84862],[12,5],[4,-13],[-16,8]],[[34018,84863],[9,7],[3,-3],[-12,-4]],[[34120,84869],[7,8],[2,-4],[-9,-4]],[[33850,84874],[-11,3],[8,4],[3,-7]],[[34006,84873],[7,12],[5,-9],[-12,-3]],[[34077,84875],[-14,16],[37,-8],[-23,-8]],[[33931,84911],[6,5],[47,-44],[-53,39]],[[33839,84918],[-4,7],[8,-4],[-4,-3]],[[33817,84937],[13,26],[18,-28],[-20,11],[-11,-9]],[[33852,84948],[-2,0],[0,3],[2,-3]],[[33966,84947],[-9,4],[3,2],[6,-6]],[[33840,84951],[-1,1],[1,0],[0,-1]],[[33849,84952],[-4,0],[3,2],[1,-2]],[[33843,84967],[37,0],[-8,-20],[-29,20]],[[33878,84959],[5,3],[-3,-8],[-2,5]],[[33838,84971],[-8,-7],[-3,14],[11,-7]],[[33876,85002],[59,29],[152,-39],[44,-41],[-62,-8],[-46,31],[-82,11],[26,6],[-91,11]],[[34109,85122],[3,3],[5,1],[-8,-4]],[[33896,85097],[10,-15],[14,20],[45,-12],[-18,13],[69,21],[6,-17],[2,18],[22,2],[58,-44],[17,30],[30,-2],[92,46],[60,72],[4,-20],[31,-7],[-8,19],[46,38],[-24,-59],[52,33],[-91,-109],[-37,-16],[-29,-45],[-120,-51],[-204,36],[-51,36],[23,35],[17,-10],[-16,-12]],[[34035,85161],[-42,-11],[-16,6],[58,5]],[[34077,85171],[7,3],[1,-3],[-8,0]],[[34001,85185],[11,-7],[-14,4],[3,3]],[[34140,85193],[14,12],[-17,-23],[3,11]],[[34026,85197],[-6,2],[6,13],[0,-15]],[[34040,85208],[6,4],[-4,-6],[-2,2]],[[34156,85213],[1,3],[4,1],[-5,-4]],[[34123,85255],[4,7],[0,-6],[-4,-1]],[[34187,85282],[-1,0],[1,1],[0,-1]],[[34203,85282],[-15,3],[8,3],[7,-6]],[[34114,85360],[-4,1],[3,2],[1,-3]],[[34094,85366],[0,11],[10,-10],[-10,-1]],[[33881,85380],[5,-11],[-11,9],[6,2]],[[34146,85376],[-3,-3],[-14,5],[17,-2]],[[33889,85384],[8,0],[-2,-6],[-6,6]],[[34076,85387],[8,-1],[-3,-6],[-5,7]],[[34172,85383],[-6,3],[5,-1],[1,-2]],[[34071,85387],[-3,1],[0,2],[3,-3]],[[34107,85397],[13,-6],[-11,-7],[-2,13]],[[34194,85405],[1,-5],[-6,-1],[5,6]],[[34164,85403],[-8,3],[10,1],[-2,-4]],[[34094,85396],[-19,1],[4,19],[17,2],[-2,-22]],[[34106,85416],[-7,-8],[0,6],[7,2]],[[33885,85418],[-18,-13],[-32,5],[24,14],[26,-6]],[[34120,85412],[21,18],[-3,18],[18,-21],[-36,-15]],[[34164,85431],[-5,1],[4,4],[1,-5]],[[34324,83964],[-21,-26],[3,21],[18,5]],[[34456,83958],[-76,-40],[4,48],[46,34],[26,-13],[0,-29]],[[34361,84183],[5,8],[-3,-25],[-2,17]],[[34267,84503],[-7,10],[8,-4],[-1,-6]],[[34374,84535],[34,-2],[-8,-14],[-26,16]],[[34426,84709],[2,-15],[-7,13],[5,2]],[[34259,84618],[-15,-14],[-53,25],[-20,-21],[-20,14],[23,16],[-33,-15],[-20,21],[-43,110],[15,24],[-33,2],[-10,-88],[-47,22],[3,117],[44,-9],[66,-62],[44,45],[50,-24],[43,20],[28,-18],[-10,18],[16,8],[41,-20],[-8,-17],[46,-39],[-22,38],[8,28],[28,-1],[-12,-24],[19,-22],[39,9],[2,-49],[-36,17],[-106,-14],[110,-48],[13,-27],[-60,15],[-67,-47],[-22,15],[11,11],[-31,-11],[19,-5]],[[34449,84734],[3,0],[-4,-4],[1,4]],[[34398,84793],[-10,5],[3,5],[7,-10]],[[34298,84811],[-10,9],[4,4],[6,-13]],[[34398,84808],[8,23],[12,-13],[-20,-10]],[[34200,84834],[-5,3],[3,1],[2,-4]],[[34266,84871],[40,-17],[7,-7],[-95,9],[48,15]],[[34328,84865],[-9,4],[2,1],[7,-5]],[[34268,84961],[-13,-19],[-39,8],[52,11]],[[34318,84972],[10,2],[-25,-14],[15,12]],[[34356,84980],[12,1],[-16,-6],[4,5]],[[34433,85025],[22,4],[-15,-18],[-7,14]],[[34435,85060],[-10,6],[5,1],[5,-7]],[[34170,84860],[-65,33],[144,19],[125,49],[127,21],[47,32],[58,109],[-15,5],[10,26],[16,-2],[-3,-26],[80,88],[96,63],[32,-9],[-52,-137],[-161,-119],[-17,-33],[-101,-42],[-23,14],[-79,-49],[-94,-24],[-125,-18]],[[34369,85066],[0,14],[5,-5],[-5,-9]],[[34440,85091],[6,6],[-1,-10],[-5,4]],[[34438,85086],[-36,14],[16,20],[11,-2],[9,-32]],[[34449,85101],[-3,3],[6,2],[-3,-5]],[[34411,85118],[-78,-24],[35,46],[37,-6],[-13,28],[24,-12],[-5,-32]],[[34413,85163],[17,-4],[-10,-1],[-7,5]],[[34414,85190],[16,-15],[-21,2],[5,13]],[[34396,85194],[-11,-12],[-2,5],[13,7]],[[34247,85236],[-3,4],[4,4],[-1,-8]],[[34269,85242],[6,11],[3,-6],[-9,-5]],[[34250,85247],[5,3],[1,-3],[-6,0]],[[34512,85255],[-10,5],[6,-1],[4,-4]],[[34266,85274],[6,-8],[-23,-14],[17,22]],[[34205,85293],[0,-2],[-1,-1],[1,3]],[[34258,85295],[4,-2],[-7,0],[3,2]],[[34448,85307],[-5,-7],[-1,8],[6,-1]],[[34283,85309],[-2,0],[3,2],[-1,-2]],[[34324,85334],[-6,-16],[-26,18],[16,-7],[16,5]],[[34511,85335],[-13,-13],[-21,6],[9,16],[25,-9]],[[34499,85344],[-4,3],[4,0],[0,-3]],[[34350,85364],[24,-4],[-4,-8],[-24,-5],[4,17]],[[34505,85357],[-8,5],[6,1],[2,-6]],[[34387,85393],[8,-2],[-3,-11],[-5,13]],[[34197,85398],[5,-3],[0,-4],[-5,7]],[[34468,85401],[-3,0],[2,3],[1,-3]],[[34211,85403],[-10,2],[11,3],[-1,-5]],[[34472,85404],[-4,1],[2,3],[2,-4]],[[34461,85406],[-7,1],[-1,6],[8,-7]],[[34204,85408],[-2,7],[4,-2],[-2,-5]],[[34314,85413],[-5,5],[5,0],[0,-5]],[[34470,85425],[3,4],[23,-11],[-26,7]],[[34417,85432],[6,1],[2,-4],[-8,3]],[[34404,85437],[0,3],[2,-4],[-2,1]],[[34322,85442],[19,1],[-19,-6],[0,5]],[[34498,85438],[-3,5],[4,-1],[-1,-4]],[[34225,85435],[-5,2],[-4,11],[9,-13]],[[34323,85446],[-4,8],[9,-3],[-5,-5]],[[34217,85449],[5,7],[0,-6],[-5,-1]],[[34480,85454],[-1,0],[2,2],[-1,-2]],[[34415,85451],[2,11],[10,-9],[-12,-2]],[[34395,85456],[0,2],[3,-2],[-3,0]],[[34235,85457],[3,2],[4,-3],[-7,1]],[[34248,85458],[1,7],[2,-5],[-3,-2]],[[34486,85470],[4,-5],[-4,-2],[0,7]],[[34239,85479],[8,-3],[-19,-7],[11,10]],[[34356,85512],[-2,-34],[-31,11],[6,20],[27,3]],[[34471,85508],[-4,5],[4,-3],[0,-2]],[[34383,85515],[-11,-8],[-10,6],[0,11],[21,-9]],[[34517,85536],[-26,-15],[0,22],[26,-7]],[[34455,85611],[2,-1],[1,-3],[-3,4]],[[34495,85620],[8,0],[-8,-5],[0,5]],[[34369,85636],[-11,-36],[-26,-20],[21,118],[34,3],[29,-41],[-47,-24]],[[34485,85678],[16,-7],[-2,-9],[-8,-1],[-6,17]],[[34568,84096],[-30,-7],[-8,-29],[-20,58],[-39,-3],[-9,15],[-1,129],[48,51],[101,-71],[-42,-143]],[[34671,84196],[-3,-24],[-3,27],[6,-3]],[[34533,84555],[25,31],[15,-1],[-10,-34],[-30,4]],[[34569,84816],[37,0],[-17,21],[20,-12],[146,69],[17,-17],[-14,-13],[47,-2],[-27,-52],[-130,-50],[-28,41],[-51,15]],[[34649,85002],[6,5],[-2,-4],[-4,-1]],[[34676,85029],[19,9],[-31,-24],[12,15]],[[34694,85253],[-16,-14],[-19,-4],[18,25],[17,-7]],[[34690,85270],[-5,1],[3,4],[2,-5]],[[34510,85278],[-4,1],[5,3],[-1,-4]],[[34664,85303],[20,-4],[-17,-2],[-3,6]],[[34617,85302],[-3,1],[2,1],[1,-2]],[[34551,85308],[8,0],[-7,-4],[-1,4]],[[34550,85310],[-3,0],[-1,4],[4,-4]],[[34576,85314],[15,10],[4,-6],[-19,-4]],[[34580,85325],[-21,11],[2,2],[19,-13]],[[34577,85340],[6,0],[-4,-7],[-2,7]],[[34605,85336],[-5,1],[4,2],[1,-3]],[[34586,85341],[-2,1],[2,1],[0,-2]],[[34515,85344],[-8,6],[7,-1],[1,-5]],[[34637,85348],[-2,1],[1,4],[1,-5]],[[34610,85355],[-3,1],[4,4],[-1,-5]],[[34569,85355],[-15,5],[8,1],[7,-6]],[[34555,85380],[-5,1],[3,2],[2,-3]],[[34532,85393],[13,-6],[-4,-8],[-9,14]],[[34555,85394],[-4,14],[12,-5],[-8,-9]],[[34627,85456],[-2,-13],[14,-15],[-26,7],[14,21]],[[34638,85439],[3,7],[1,-6],[-4,-1]],[[34618,85443],[-11,4],[6,0],[5,-4]],[[34508,85451],[17,1],[11,12],[-15,-20],[-13,7]],[[34660,85454],[-5,1],[5,4],[0,-5]],[[34634,85464],[-12,0],[0,7],[12,-7]],[[34673,85470],[-3,1],[3,1],[0,-2]],[[34510,85504],[6,0],[-7,-10],[1,10]],[[34573,85503],[4,1],[0,-2],[-4,1]],[[34529,85504],[-5,2],[8,1],[-3,-3]],[[34586,85532],[-4,1],[1,4],[3,-5]],[[34611,85530],[-4,6],[18,9],[-14,-15]],[[34604,85538],[-8,9],[6,-1],[2,-8]],[[34595,85550],[-4,2],[1,2],[3,-4]],[[34582,85553],[-2,2],[2,1],[0,-3]],[[34517,85562],[-11,-14],[-8,5],[19,9]],[[34571,85568],[0,3],[1,-3],[-1,0]],[[34543,85591],[13,-1],[-13,-2],[0,3]],[[34555,85594],[-3,1],[3,0],[0,-1]],[[34538,85595],[-2,4],[3,-4],[-1,0]],[[34658,85595],[-18,3],[6,9],[12,-12]],[[34622,85600],[-10,0],[13,10],[-3,-10]],[[34555,85604],[3,4],[11,3],[-14,-7]],[[34664,85617],[-16,-7],[23,20],[-7,-13]],[[34587,85627],[-1,2],[4,2],[-3,-4]],[[34675,85642],[5,0],[-7,-4],[2,4]],[[34605,85647],[6,-1],[-2,-4],[-4,5]],[[34535,85657],[-8,-21],[-23,1],[31,20]],[[34586,85650],[-18,-13],[19,26],[-1,-13]],[[34615,85680],[24,-1],[11,-11],[-45,-14],[10,26]],[[34690,85682],[-12,-12],[4,27],[8,-15]],[[34650,85681],[1,6],[8,-6],[-9,0]],[[34640,85683],[-4,2],[1,4],[3,-6]],[[34577,85704],[-5,9],[8,-3],[-3,-6]],[[34530,85718],[7,-4],[-9,-8],[2,12]],[[34596,85735],[3,-3],[-2,-4],[-1,7]],[[34539,85732],[1,3],[2,-2],[-3,-1]],[[34539,85736],[-1,1],[5,0],[-4,-1]],[[34606,85745],[-1,5],[3,-5],[-2,0]],[[34624,85761],[1,-16],[-13,5],[12,11]],[[34591,85759],[4,-5],[-14,-5],[10,10]],[[34670,85757],[2,2],[0,-2],[-2,0]],[[34583,85763],[-13,-9],[-3,11],[16,-2]],[[34640,85765],[-11,8],[10,2],[1,-10]],[[34565,85774],[2,-2],[-2,0],[0,2]],[[34607,85792],[10,4],[-6,-9],[-4,5]],[[34644,85813],[16,-8],[-15,2],[-1,6]],[[34674,85831],[11,4],[-11,-13],[0,9]],[[34921,83830],[-71,-69],[-34,-15],[-48,9],[13,30],[62,25],[11,29],[81,52],[-14,-61]],[[34859,84633],[1,21],[4,-18],[-5,-3]],[[34850,84701],[56,-41],[2,-17],[-58,58]],[[34928,84797],[-17,3],[-32,40],[23,-1],[26,-42]],[[34721,85055],[9,5],[-9,-10],[0,5]],[[34926,85313],[35,18],[28,-16],[9,-43],[-56,-78],[-196,-136],[90,82],[6,54],[46,38],[-7,23],[26,5],[19,53]],[[34704,85282],[8,-4],[-4,0],[-4,4]],[[34898,85281],[-4,9],[5,-2],[-1,-7]],[[34778,85295],[-20,-20],[19,27],[1,-7]],[[34718,85282],[-4,13],[14,1],[-10,-14]],[[34786,85303],[0,8],[2,-5],[-2,-3]],[[34737,85305],[-2,5],[4,-2],[-2,-3]],[[34698,85325],[0,6],[9,-4],[-9,-2]],[[34734,85344],[6,12],[6,-39],[-43,26],[31,1]],[[34907,85331],[-11,2],[11,15],[0,-17]],[[34952,85340],[-32,-18],[17,13],[-16,14],[11,23],[20,-32]],[[34702,85360],[15,8],[17,-6],[-3,-9],[-29,7]],[[34782,85428],[-11,0],[7,7],[4,-7]],[[34777,85493],[-33,30],[24,5],[9,-35]],[[34735,85512],[-10,14],[12,11],[-7,-13],[5,-12]],[[34708,85520],[0,9],[6,-6],[-6,-3]],[[34821,85523],[-1,11],[8,-4],[-7,-7]],[[34942,85527],[1,5],[4,0],[-5,-5]],[[34800,85541],[9,-8],[-13,-10],[4,18]],[[34943,85541],[3,3],[6,-4],[-9,1]],[[34751,85541],[14,10],[-4,-13],[-10,3]],[[34854,85555],[-19,-26],[-19,28],[20,-10],[-3,21],[21,-13]],[[34773,85557],[1,14],[4,-9],[-5,-5]],[[34791,85561],[-3,4],[3,3],[0,-7]],[[34714,85582],[3,-12],[-5,7],[2,5]],[[34847,85594],[17,-8],[-6,-12],[1,10],[-12,10]],[[34722,85551],[-10,-17],[-28,10],[47,26],[25,65],[9,-35],[-45,-63],[2,14]],[[34804,85583],[7,7],[-2,-7],[-5,0]],[[34826,85599],[-3,-11],[-12,6],[15,5]],[[34781,85603],[26,21],[-14,-52],[-12,31]],[[34773,85595],[5,9],[-2,-9],[-3,0]],[[34871,85605],[-20,9],[7,24],[17,-7],[-4,-26]],[[34818,85609],[6,41],[10,-34],[-16,-7]],[[34774,85635],[2,12],[4,-7],[-6,-5]],[[34688,85672],[1,3],[4,-2],[-5,-1]],[[34699,85670],[-5,7],[9,8],[-4,-15]],[[34745,85767],[19,-11],[-40,-27],[21,38]],[[34711,85759],[-11,-15],[-5,13],[16,2]],[[34722,85761],[3,6],[2,-4],[-5,-2]],[[34729,85764],[4,1],[0,-1],[-4,0]],[[34711,85771],[2,4],[2,-1],[-4,-3]],[[34735,85779],[-5,6],[4,-1],[1,-5]],[[34763,85797],[-11,-26],[-2,21],[13,5]],[[34919,85795],[2,-17],[-13,7],[11,10]],[[34735,85790],[5,4],[2,-4],[-7,0]],[[34856,85796],[1,-3],[-11,-1],[10,4]],[[34715,85812],[-10,-16],[-38,-8],[48,24]],[[34739,85799],[-3,7],[6,-3],[-3,-4]],[[34917,85817],[9,-16],[-13,11],[4,5]],[[34852,85807],[-3,9],[7,-7],[-4,-2]],[[34873,85822],[-14,-13],[2,10],[12,3]],[[34893,85823],[-11,3],[17,9],[-6,-12]],[[34926,85825],[-4,9],[5,-4],[-1,-5]],[[34802,85839],[0,3],[1,-2],[-1,-1]],[[34765,85846],[-1,15],[23,-5],[-22,-10]],[[34950,85868],[7,1],[-1,-4],[-6,3]],[[34765,85890],[-2,-30],[-34,0],[36,30]],[[34704,85884],[-3,2],[1,1],[2,-3]],[[34837,85898],[-3,3],[4,0],[-1,-3]],[[34805,85906],[-11,-8],[7,19],[4,-11]],[[34851,85912],[-3,2],[3,1],[0,-3]],[[34846,85915],[-3,2],[3,0],[0,-2]],[[34821,85920],[-2,0],[2,3],[0,-3]],[[34829,85934],[-4,-4],[-4,8],[8,-4]],[[34833,85953],[8,4],[-5,-6],[-3,2]],[[34907,85977],[-2,1],[2,1],[0,-2]],[[34900,85979],[-3,2],[5,1],[-2,-3]],[[34817,85996],[3,-18],[-15,0],[12,18]],[[34986,84073],[55,6],[12,35],[20,-3],[-37,-84],[-46,-36],[-52,30],[48,52]],[[35000,84256],[-10,10],[3,1],[7,-11]],[[35516,85060],[-121,-78],[-121,-140],[-35,-83],[-95,-63],[-68,-115],[-7,19],[-7,-71],[-70,-158],[-67,-32],[-14,26],[31,17],[-13,30],[69,121],[7,68],[45,31],[19,59],[-16,22],[-96,33],[8,66],[47,13],[-49,8],[35,33],[69,1],[22,36],[148,48],[-25,-59],[94,136],[35,71],[-20,11],[69,112],[61,42],[58,12],[4,-25],[-56,-103],[23,-34],[26,0],[-12,-31],[22,-23]],[[35426,85509],[-25,-11],[32,-59],[28,0],[-34,-40],[22,-33],[-28,8],[-10,-20],[-44,29],[-13,-2],[38,-37],[-20,-42],[-32,-9],[-10,22],[-9,-35],[33,10],[9,-15],[-78,-160],[10,-11],[-32,-8],[7,-54],[-35,-38],[-164,-58],[-60,10],[-15,-38],[-27,19],[-106,-48],[-73,11],[84,37],[-57,24],[-245,-87],[-67,-54],[-79,-17],[33,16],[-28,0],[-7,50],[94,22],[77,66],[90,10],[-6,23],[85,52],[120,52],[50,43],[14,-7],[90,119],[29,89],[-30,0],[-30,-32],[-35,72],[60,-26],[-10,43],[29,1],[9,39],[128,145],[-23,-93],[22,-4],[51,123],[32,11],[15,40],[79,69],[2,-78],[-34,-78],[32,-45],[88,134],[-2,82],[46,3],[21,-51],[-33,-48],[-18,15],[-4,-47],[-35,-6],[-20,-88],[19,-10]],[[34956,85535],[3,1],[-1,-1],[-2,0]],[[34972,85559],[6,-15],[-11,2],[5,13]],[[35368,85557],[-4,10],[5,-3],[-1,-7]],[[34978,85576],[12,7],[-12,-17],[0,10]],[[34960,85574],[1,12],[5,-3],[-6,-9]],[[35377,85587],[-8,15],[9,-5],[-1,-10]],[[34976,85593],[-1,5],[3,1],[-2,-6]],[[35016,85597],[2,9],[9,-7],[-11,-2]],[[35115,85600],[-5,3],[3,4],[2,-7]],[[35007,85613],[4,2],[3,-4],[-7,2]],[[34955,85626],[8,-7],[-4,-4],[-4,11]],[[35074,85620],[-3,3],[3,3],[0,-6]],[[35036,85616],[-4,17],[5,-2],[-1,-15]],[[35087,85627],[-3,1],[5,0],[-2,-1]],[[34961,85628],[-1,5],[4,-2],[-3,-3]],[[35006,85642],[3,13],[4,-14],[-7,1]],[[35056,85640],[-22,12],[-5,7],[17,2],[10,-21]],[[35210,85645],[-16,17],[18,3],[-2,-20]],[[35074,85661],[1,-8],[-8,-1],[7,9]],[[34996,85662],[10,8],[-3,-11],[-7,3]],[[35087,85667],[-5,2],[6,1],[-1,-3]],[[35065,85690],[7,-19],[-17,7],[10,12]],[[35116,85686],[19,0],[-8,-9],[-11,9]],[[35140,85682],[-4,3],[7,1],[-3,-4]],[[35233,85689],[0,5],[10,2],[-10,-7]],[[35105,85681],[-8,23],[44,-2],[-20,-1],[-16,-20]],[[35143,85689],[11,10],[2,-7],[-13,-3]],[[35157,85700],[4,1],[2,-2],[-6,1]],[[35028,85706],[20,8],[5,-22],[-25,14]],[[35184,85711],[15,12],[-11,-15],[-4,3]],[[35173,85714],[-2,1],[11,5],[-9,-6]],[[35197,85730],[-5,2],[5,2],[0,-4]],[[35266,85761],[26,27],[14,-22],[-25,-19],[-15,14]],[[35309,85778],[-5,7],[5,-2],[0,-5]],[[35079,85815],[18,-12],[-27,-1],[9,13]],[[35233,85745],[-62,33],[30,-34],[-36,-13],[13,12],[-25,2],[14,-35],[-91,6],[25,16],[30,-14],[-28,37],[68,25],[13,25],[59,5],[-11,12],[63,55],[-6,34],[50,-14],[-28,-34],[37,23],[9,-10],[-21,-7],[23,-29],[-23,-21],[-13,21],[-12,-19],[28,-28],[-55,17],[-51,-65]],[[35377,85825],[12,-27],[-27,2],[15,25]],[[35067,85820],[8,-4],[-7,-12],[-1,16]],[[35386,85829],[-4,2],[2,1],[2,-3]],[[35123,85823],[24,18],[10,-7],[-5,-13],[-29,2]],[[35177,85836],[-7,3],[1,3],[6,-6]],[[35230,85856],[-15,-14],[-14,23],[-32,-3],[-12,8],[63,4],[10,-18]],[[35066,85870],[1,-19],[-31,-5],[6,14],[24,10]],[[34970,85879],[-12,-8],[-1,10],[13,-2]],[[35173,85881],[-3,0],[1,3],[2,-3]],[[35239,85891],[-12,-6],[4,9],[8,-3]],[[34978,85895],[4,-2],[-2,-6],[-2,8]],[[35276,85890],[-3,2],[4,0],[-1,-2]],[[35149,85921],[63,2],[6,-33],[-24,12],[-54,-26],[-42,27],[23,11],[25,-27],[3,34]],[[35267,85907],[5,8],[9,-16],[-14,8]],[[35019,85933],[3,4],[0,-4],[-3,0]],[[35109,85939],[9,5],[0,-4],[-9,-1]],[[35025,85942],[1,3],[3,-3],[-4,0]],[[34987,85952],[8,12],[2,-10],[-10,-2]],[[35016,85963],[1,3],[0,-4],[-1,1]],[[35003,85973],[10,-1],[-4,-5],[-6,6]],[[35064,85979],[-43,-9],[7,16],[36,-7]],[[35228,85991],[-19,6],[11,9],[8,-15]],[[35053,85986],[10,28],[25,-1],[-17,-28],[-18,1]],[[35072,86028],[2,0],[1,-2],[-3,2]],[[35065,86035],[3,-2],[-2,0],[-1,2]],[[35113,86025],[20,20],[4,-14],[-24,-6]],[[35012,86042],[0,5],[2,-3],[-2,-2]],[[35112,86055],[5,-3],[-6,-1],[1,4]],[[35149,86087],[-8,-6],[-7,11],[15,-5]],[[35375,86125],[3,-19],[-12,9],[9,10]],[[35251,86149],[-4,-11],[-6,5],[10,6]],[[35362,86690],[22,-27],[-39,15],[17,12]],[[35330,87073],[8,-12],[-11,6],[3,6]],[[35403,85621],[5,5],[0,-4],[-5,-1]],[[35367,85604],[2,49],[12,-16],[11,15],[-7,25],[28,-35],[-46,-38]],[[35528,85687],[-9,3],[7,8],[2,-11]],[[35418,85660],[-28,58],[13,-11],[21,26],[-6,-73]],[[35547,85713],[-7,-16],[-2,14],[9,2]],[[35527,85309],[17,69],[16,16],[31,-7],[7,19],[-42,7],[-14,53],[44,67],[11,71],[80,83],[-14,35],[29,179],[284,329],[-97,-216],[-44,-154],[-66,-91],[-14,-112],[-58,-42],[-74,-275],[-70,-56],[-26,25]],[[35405,85813],[-6,32],[11,-26],[-5,-6]],[[35439,85796],[31,83],[32,11],[-3,-113],[-60,19]],[[35436,85845],[-7,-11],[3,16],[4,-5]],[[35608,85873],[3,-27],[-29,11],[-2,21],[28,-5]],[[35560,85862],[6,12],[0,-23],[-6,11]],[[35432,85871],[13,6],[-1,-5],[-12,-1]],[[35455,85890],[-4,2],[4,1],[0,-3]],[[35619,85978],[4,-25],[-19,-23],[-14,23],[29,25]],[[35636,85982],[-12,0],[9,29],[3,-29]],[[35652,85985],[18,39],[-10,-47],[-8,8]],[[35483,86158],[48,-14],[99,47],[34,39],[-25,-72],[14,-28],[-45,-21],[-9,-21],[14,10],[27,14],[-49,-100],[-19,-3],[11,-28],[-24,-15],[-56,34],[-100,-1],[16,-17],[96,-2],[13,-26],[-22,-43],[2,20],[-127,-70],[-25,31],[6,40],[-79,14],[34,3],[-28,66],[25,7],[-15,-17],[26,-5],[5,-20],[6,31],[42,-2],[-14,4],[26,20],[-37,-20],[-3,32],[30,5],[-5,16],[32,-5],[11,60],[57,65],[23,2],[-15,-30]],[[35696,86068],[-32,-39],[26,56],[6,-17]],[[35759,86146],[20,5],[3,-1],[-20,-22],[-3,18]],[[35866,86144],[4,12],[9,-7],[-13,-5]],[[35402,86177],[-2,-20],[-6,1],[-5,9],[13,10]],[[35441,86173],[0,-11],[-4,0],[4,11]],[[35823,86185],[-28,10],[9,23],[27,-16],[-8,-17]],[[35836,86230],[10,-13],[-14,-12],[-8,10],[12,15]],[[35839,86246],[-21,-31],[-7,14],[28,17]],[[35848,86239],[8,-2],[-5,-10],[-3,12]],[[35840,86238],[0,3],[3,-1],[-3,-2]],[[35661,86297],[-32,-56],[-90,-56],[-37,8],[-19,49],[62,60],[21,5],[-12,-17],[35,-9],[52,35],[20,-19]],[[35729,86275],[-19,-19],[-14,-2],[4,13],[29,8]],[[36065,86308],[39,15],[-49,-53],[10,38]],[[35650,86373],[59,42],[-1,-26],[-55,-63],[-3,47]],[[36264,86706],[-15,-116],[-54,-139],[11,-101],[-61,-46],[-12,48],[23,9],[-18,13],[-6,-13],[0,28],[33,88],[-22,126],[59,50],[32,78],[74,43],[-44,-68]],[[35932,86569],[9,-8],[-8,-12],[-1,20]],[[35920,86599],[33,39],[-63,-128],[30,89]],[[35554,86717],[118,63],[27,0],[-60,-41],[-85,-22]],[[36397,86889],[-54,-82],[-29,-5],[61,80],[22,7]],[[35727,86859],[13,22],[39,-7],[-54,-34],[-87,-16],[89,35]],[[35893,86871],[-30,-27],[-5,7],[35,20]],[[35711,86875],[-3,9],[9,-3],[-6,-6]],[[35761,86894],[12,6],[-1,-9],[-11,3]],[[35697,86908],[16,9],[4,-20],[-9,2],[-11,9]],[[35954,86904],[74,35],[9,-2],[-36,-52],[-41,2],[-6,17]],[[35977,87043],[50,14],[31,-12],[-123,-65],[111,35],[-153,-87],[-28,-24],[12,-18],[-43,-4],[6,14],[-37,17],[56,31],[-142,-39],[100,65],[56,2],[0,25],[38,-3],[-5,24],[63,0],[17,9],[-9,16]],[[35367,87027],[56,-21],[-63,16],[7,5]],[[35603,87026],[-21,5],[-5,8],[26,-13]],[[36262,87046],[34,-2],[-34,-18],[0,20]],[[35488,87047],[2,4],[2,-1],[-4,-3]],[[35395,87068],[-38,-13],[-6,17],[78,41],[-19,-31],[31,-38],[-32,-19],[-46,27],[32,16]],[[36307,87081],[14,1],[-15,-10],[1,9]],[[35507,87078],[-11,-24],[-19,24],[7,-23],[-34,-12],[-31,47],[11,18],[18,-12],[-15,14],[135,42],[134,-93],[-66,0],[-1,14],[-22,-12],[17,-21],[-77,1],[-1,17],[-45,-50],[-45,7],[-5,15],[25,-2],[-7,13],[17,-6],[32,33],[-17,10]],[[36039,87096],[47,34],[11,-14],[-8,-27],[-50,7]],[[35265,87154],[57,25],[1,22],[28,-13],[-13,-15],[20,12],[85,-15],[25,21],[36,-26],[-57,-2],[-44,-39],[-30,26],[22,-31],[-69,6],[35,-5],[17,-11],[2,-4],[-70,-30],[-34,50],[17,13],[-18,-9],[-10,25]],[[36106,87139],[47,33],[20,-16],[16,35],[40,-17],[-121,-72],[-2,37]],[[35874,87169],[-5,15],[40,-12],[-35,-3]],[[35444,87181],[-5,2],[3,1],[2,-3]],[[36362,87235],[-32,-40],[-213,-115],[144,91],[-42,28],[36,32],[37,-12],[-1,22],[27,-9],[0,21],[121,34],[-19,-38],[-58,-14]],[[35953,87208],[9,13],[8,-24],[-17,11]],[[35651,87215],[1,3],[18,-11],[-19,8]],[[35647,87217],[2,1],[1,-2],[-3,1]],[[35655,87202],[-53,1],[-4,26],[20,-12],[-2,18],[39,-33]],[[35946,87223],[-3,4],[7,3],[-4,-7]],[[35828,87225],[-11,7],[12,0],[-1,-7]],[[35861,87241],[-2,-11],[-14,6],[16,5]],[[36104,87289],[-15,12],[8,2],[7,-14]],[[35898,87302],[15,5],[6,-5],[-2,-6],[-19,6]],[[36164,87331],[31,-15],[-38,7],[7,8]],[[36134,87328],[3,23],[11,-1],[3,-28],[-17,6]],[[36002,87360],[-11,9],[10,0],[1,-9]],[[36356,87473],[-16,10],[2,4],[14,-14]],[[36260,87543],[1,3],[3,-5],[-4,2]],[[36267,87557],[3,-9],[-8,11],[5,-2]],[[36286,87551],[-11,17],[11,-2],[0,-15]],[[36263,87561],[-4,7],[6,-2],[-2,-5]],[[37003,85327],[29,-17],[-16,-13],[-34,11],[21,19]],[[36961,85293],[-131,-102],[-72,1],[-16,-53],[-59,-25],[151,179],[-80,89],[-95,29],[15,38],[-47,31],[56,89],[63,43],[47,-55],[43,4],[90,-111],[68,-40],[-12,-48],[-40,-36],[19,-33]],[[37085,85364],[17,27],[8,-24],[-25,-3]],[[37344,85516],[-32,-24],[6,-31],[-32,5],[-7,-25],[-43,-11],[-16,-41],[20,-22],[-28,-13],[-42,12],[-9,-29],[-35,-13],[-13,23],[27,39],[-23,47],[30,38],[-15,14],[44,84],[39,21],[34,65],[43,2],[43,77],[63,-27],[48,36],[39,-18],[2,-73],[21,-7],[-69,-44],[-7,-29],[-26,8],[-43,-46],[-24,-1],[5,-17]],[[37043,85666],[15,20],[4,-11],[-19,-9]],[[37219,85666],[-6,27],[37,0],[-4,-26],[-27,-1]],[[36844,85729],[101,49],[30,-82],[-85,-40],[-55,4],[9,69]],[[36808,85757],[-35,-2],[23,24],[12,-22]],[[37415,85774],[13,13],[6,-7],[-3,-6],[-16,0]],[[37492,85791],[22,47],[3,-42],[-25,-5]],[[36912,85920],[10,4],[2,-39],[-21,-14],[-15,14],[24,35]],[[37222,85913],[5,7],[1,-6],[-6,-1]],[[37238,86081],[25,16],[-2,-8],[-23,-8]],[[37208,86173],[15,-40],[-123,-38],[61,31],[2,30],[45,17]],[[37072,86256],[32,-8],[-17,0],[-15,8]],[[37473,86252],[7,13],[1,-15],[-8,2]],[[37099,86261],[2,7],[4,-4],[-6,-3]],[[37037,86250],[19,28],[13,7],[2,-27],[-34,-8]],[[37083,86266],[8,8],[-1,-6],[-7,-2]],[[37077,86284],[6,16],[3,-6],[-9,-10]],[[37397,86287],[-8,30],[2,11],[34,-42],[-28,1]],[[37088,86307],[0,5],[2,-3],[-2,-2]],[[37524,86323],[-18,38],[43,-8],[3,-26],[-28,-4]],[[37357,86362],[22,3],[3,-4],[-6,-4],[-19,5]],[[37419,86393],[74,53],[15,-13],[-89,-40]],[[37526,86442],[-32,6],[14,15],[-25,-13],[51,29],[-8,-37]],[[38512,86652],[27,-20],[-13,-19],[-60,13],[46,26]],[[38452,86707],[0,5],[10,1],[-10,-6]],[[38485,86698],[-14,17],[2,9],[27,-4],[-15,-22]],[[38054,86909],[67,49],[101,27],[34,-50],[22,-1],[-22,-67],[-70,12],[-76,-14],[-2,22],[-34,-3],[-20,25]],[[36395,87105],[-22,-22],[-51,3],[51,4],[22,15]],[[36464,87163],[17,1],[-38,-24],[21,23]],[[37054,87264],[-36,-18],[-90,7],[-150,-70],[-16,27],[24,28],[77,26],[191,0]],[[36926,87442],[-111,-49],[-57,-30],[-21,-35],[-100,-24],[24,26],[-1,17],[-29,5],[12,12],[-103,-54],[-85,-17],[154,71],[120,82],[76,32],[66,3],[-28,-17],[72,28],[-38,-10],[17,28],[156,87],[141,45],[46,-30],[-97,-47],[-45,-55],[-21,10],[-10,-36],[-120,-57],[-23,2],[7,2],[-2,11]],[[36349,87533],[18,13],[-11,-15],[-7,2]],[[36364,87553],[-5,2],[6,2],[-1,-4]],[[36379,87582],[-6,3],[13,7],[-7,-10]],[[36596,87567],[-11,27],[19,12],[9,-10],[-17,-29]],[[36365,87602],[13,8],[7,-5],[-3,-8],[-17,5]],[[36595,87624],[13,1],[-1,-7],[-12,6]],[[36717,87681],[-5,28],[83,22],[41,-45],[-85,-28],[-34,23]],[[38058,87634],[-71,-3],[-59,19],[-4,17],[-104,-24],[-53,11],[-159,-20],[-220,-108],[-26,33],[49,80],[25,-20],[-23,-2],[-24,-41],[124,55],[12,-19],[67,29],[-36,13],[-18,-25],[-24,28],[1,-19],[-55,0],[-15,16],[23,22],[-9,20],[48,-5],[-1,13],[-46,-1],[-1,20],[-29,8],[-79,-46],[-82,-5],[80,50],[41,-1],[110,52],[39,-10],[112,26],[118,-20],[378,100],[287,0],[-39,-15],[-2,-28],[-86,-6],[4,-19],[-128,-47],[-125,-128]],[[37390,87754],[22,-3],[-25,-7],[3,10]],[[36855,87821],[28,14],[-16,-43],[-22,1],[-15,29],[25,-1]],[[37536,87928],[85,63],[66,-6],[-46,-44],[51,29],[108,-14],[-10,-22],[-29,-5],[23,-1],[13,-39],[-66,-23],[-1,22],[-2,-21],[-26,3],[-47,24],[-13,38],[-1,-44],[-23,29],[-47,-33],[-76,-16],[41,60]],[[37802,87992],[-23,11],[16,3],[7,-14]],[[37751,88001],[-18,-7],[8,12],[10,-5]],[[38157,88026],[2,9],[14,2],[-16,-11]],[[38115,88090],[17,-19],[5,-50],[-26,41],[4,28]],[[38219,88060],[-6,6],[11,-7],[-5,1]],[[38215,88068],[1,2],[0,-3],[-1,1]],[[38214,88072],[-6,1],[1,1],[5,-2]],[[38142,88080],[28,-13],[-22,19],[-4,18],[3,8],[40,-61],[-38,12],[7,-23],[-14,40]],[[38196,88083],[7,-7],[2,-6],[-13,7],[4,6]],[[38191,88079],[-3,0],[-3,3],[6,-3]],[[38192,88083],[-9,3],[2,4],[7,-7]],[[38108,88101],[-4,19],[4,-2],[0,-17]],[[38120,88096],[0,49],[4,-48],[-4,-1]],[[38171,88123],[2,22],[4,5],[9,-6],[-15,-21]],[[38162,88144],[4,-15],[-11,1],[7,14]],[[38120,88150],[2,1],[1,0],[-3,-1]],[[38148,88157],[2,6],[2,-3],[-4,-3]],[[38182,88165],[-13,-19],[10,29],[3,-10]],[[38279,88159],[0,4],[1,-1],[-1,-3]],[[36915,88180],[3,-6],[-13,-5],[10,11]],[[36962,88187],[-8,5],[-3,10],[11,-15]],[[38634,88563],[1,-11],[-10,11],[9,0]],[[38758,88568],[-112,-35],[3,52],[2,-10],[48,-16],[-1,19],[60,-10]],[[38669,88573],[-9,0],[-4,6],[13,-6]],[[38642,88776],[71,-43],[-64,13],[-7,30]],[[24249,14996],[2,29],[-79,-24]],[[24058,14857],[30,-23],[-7,-16],[-48,5],[-26,30]],[[22532,15070],[-14,10],[-219,226]],[[22299,15306],[-1,198],[67,469],[-2,44]],[[22305,16130],[19,36]],[[24614,18263],[51,-33]],[[24665,18230],[87,-3],[270,-179],[232,-221],[61,-115],[115,-127]],[[25430,17585],[187,-142],[134,-161],[260,-150],[397,-399]],[[26408,16733],[516,-426],[323,-179]],[[27247,16128],[-47,-57],[-33,-184],[-138,-243],[-124,-81],[-61,-8],[-185,-85],[-34,-136],[-153,-115],[-62,-70],[11,-31],[85,-28],[1,-218],[-69,-85],[-257,-176],[-190,-53],[-23,5],[23,26],[-23,19],[-38,3],[-234,-71],[-21,-22],[-265,-52],[-263,-100],[-23,13],[-353,-97],[-621,-226],[-55,168]],[[28731,25358],[6,91],[-76,37]],[[28205,25543],[-61,29],[-44,49]],[[28100,25621],[48,58],[-30,85],[-18,16],[-27,-26],[-63,23],[-36,-13],[1,70],[-36,27],[-4,-26],[-39,-14],[-69,24],[-28,44],[35,119],[-60,32],[25,61],[-35,10],[-48,94],[-61,-40],[-70,64],[87,71],[-13,16],[-24,-13],[-55,12],[31,154],[-16,-14],[-34,23],[-27,-40],[-16,64],[26,2],[-31,25],[-14,-11],[14,-27],[-32,24],[60,166],[-73,102],[-15,81],[128,143],[127,431],[64,58],[193,79]],[[27965,27575],[95,151],[-8,68]],[[28052,27794],[41,57],[-5,117],[41,8],[12,35],[56,33],[68,-37],[41,29],[30,-21],[60,39],[34,-14],[3,55],[12,-8],[1,33],[52,67],[-30,42],[31,11],[-49,91],[23,52],[-33,40],[-35,4],[4,18],[-49,3],[-4,30],[-32,25],[14,57],[-27,10],[18,33],[-40,35],[4,35],[-40,17],[14,23],[-39,44]],[[28228,28757],[23,49],[5,107],[-99,88],[-22,86],[-22,8],[-61,110],[-17,113],[-26,14],[9,32],[-20,9],[25,24],[-12,21],[21,37],[96,121],[0,50],[88,90],[-22,66],[-18,-1],[-23,42],[25,15],[-12,86],[38,16],[7,40],[67,-13],[64,21],[-360,645],[133,-9],[14,6],[-11,28],[57,52],[34,-6],[53,21],[68,-37],[29,-58],[149,-26],[118,68],[64,4],[110,-33],[-31,-6],[-18,-25],[14,-10],[628,36],[25,-13],[-1,-60],[34,-8],[0,50],[26,31],[24,1],[-12,-29],[42,-36],[13,16],[32,-18],[8,16],[24,-6],[-67,90],[37,59],[71,-36],[32,-41],[31,7],[51,-81],[63,-7],[34,29],[36,-12],[97,39],[17,-27],[-1,46],[21,-3],[64,72],[46,83],[29,-1],[7,126],[40,2],[25,43],[20,-2],[-15,25],[29,7],[-1,41],[54,22],[-9,28],[19,32],[73,71],[-4,42],[22,-2],[9,24],[26,-7],[17,46],[42,6],[37,-26],[44,-1],[24,24],[55,-2],[69,-67],[76,13],[59,-48],[96,42],[68,3],[113,-46],[96,4],[30,-29],[152,41],[39,-7],[39,42],[341,90],[82,104],[88,48],[52,100],[82,23],[-12,18],[14,30],[32,0],[-17,38],[18,-6],[27,42],[-19,15],[19,2],[-2,21],[26,-19],[74,38],[32,-6],[7,38],[-68,51],[26,12],[0,46],[45,-18],[43,11],[-8,-29],[46,-1],[15,60],[19,3],[-7,39],[33,24],[-9,28],[66,48],[4,30],[24,-19],[39,19],[-3,27],[18,-12],[21,31],[21,-17],[59,36],[6,44],[-26,7],[23,23],[-16,6],[34,15],[-10,28],[34,-1],[-9,52],[30,2],[-22,27],[48,17],[-2,60],[149,26],[34,33],[18,-16],[14,41],[40,6],[-3,25],[85,18],[19,-12],[151,-978]],[[33345,31614],[-52,-56],[33,-18],[11,-45],[77,-7],[-55,-95],[9,-53],[-24,-23],[31,-253],[-23,-97],[20,-5],[20,56],[24,-20],[15,33],[19,-28],[-19,-53],[45,1],[18,-30],[58,-4],[48,-41],[15,22],[34,-24],[17,27],[10,-30],[25,33],[40,-15],[11,35],[-5,-16],[34,-19],[-13,-38],[65,6],[27,-29],[36,15],[72,-31],[-2,-20],[51,-31],[126,-161],[-19,-13],[31,-26],[-4,-48],[29,-10],[-11,-30],[-21,-4],[32,-41],[-27,-4],[97,-38],[13,-31],[105,-56],[2,-38],[102,-140],[29,-134],[44,-19],[40,8],[46,-37],[8,-92],[-50,-14],[-19,-30],[10,-36],[-25,18],[-3,-46],[-55,-48],[-3,-31],[32,-40],[-55,-55],[-36,14],[2,-24],[-20,-8],[-1,-36],[28,-24],[-13,-25],[27,-23]],[[34458,29439],[-23,-39],[-30,-25]],[[33907,29216],[-97,-10],[-26,-56]],[[33662,28858],[-74,-116],[-6,-25]],[[34021,28085],[22,-43]],[[34043,28042],[-1240,-254],[-106,-29],[-53,-49],[-26,-57],[-41,-17],[-87,15],[-28,-14],[-4,-72],[-60,-17],[-10,-36],[-43,-11],[4,-17],[-20,5],[-44,-41],[-13,-55],[17,-56],[-17,-17],[35,-3],[32,-57],[-54,-39],[2,-50],[-61,-17],[-18,-25],[-3,-23],[28,-11],[11,-33],[-36,-34],[27,-19],[-42,-4],[-7,-24],[-59,31],[-20,-8],[11,-22],[-45,-9],[40,-24],[-39,-6],[16,-33],[-36,-33],[-20,4],[8,-19],[-37,13],[-32,-35],[-12,14],[-19,-24],[-35,7],[0,-36],[18,5],[7,-17],[-57,-25],[-14,10],[1,-35],[-32,3],[14,-26],[-20,12],[-22,-14],[11,-14],[-27,13],[10,26],[-50,-22],[5,20],[-54,0],[22,-46],[27,-5],[-21,-20],[21,-2],[-28,-27],[12,-17],[-105,32],[5,-19],[-36,1],[-33,-33],[17,-15],[-20,-4],[5,-30],[-42,4],[-19,34],[-16,-13],[-23,23]],[[31463,26600],[-24,-20],[-17,16]],[[31422,26596],[24,-36],[0,-36]],[[31446,26524],[-17,-5],[28,-16],[-35,-41],[-20,2],[-1,-52],[-56,-47],[22,-39],[-28,-2],[23,-22],[-4,-84],[33,-13],[-86,-26],[-5,14],[-44,-7],[5,-35],[44,-3],[-32,-18],[30,-73],[-22,-38]],[[31281,26019],[-82,-20],[-5,-18],[36,-27]],[[31230,25954],[-3,-65],[85,2],[25,-37],[31,17],[38,-7],[38,-59],[39,-13],[-28,-55],[80,-26],[15,-65]],[[31550,25646],[64,-24],[-2,-37],[-71,-7]],[[31541,25578],[17,-38],[-24,-34],[81,-119],[-53,-19],[12,-36],[-81,-67],[-14,-73],[49,-43],[-40,-79],[-30,-7],[-61,47],[-66,-51]],[[31331,25059],[2,-56],[-68,-40]],[[31265,24963],[-10,-89],[-28,-23],[-71,35]],[[31156,24886],[-152,-47],[-88,74],[-91,25],[-44,33],[-82,143],[-159,-33],[-21,-20]],[[30519,25061],[73,-72]],[[30592,24989],[20,-47],[-9,-49],[-173,-64],[-69,-79],[46,-110],[97,-91],[-137,-78],[-27,36],[-51,-3],[-10,-17],[20,-21],[-16,-31],[50,-5],[3,-59],[56,-35],[25,6],[5,-31],[44,-4],[11,-25],[-26,-37],[38,10]],[[30489,24255],[98,-24],[47,-103]],[[30634,24128],[103,24]],[[30737,24152],[55,-48]],[[31422,26596],[19,6],[-4,6],[-15,-12]],[[28206,27751],[-77,9],[-13,-6],[90,-3]],[[30955,26606],[9,17],[-4,0],[-5,-17]],[[31201,26795],[31,69],[-42,-69],[11,0]],[[31343,26873],[-43,8],[-24,-6],[67,-2]],[[31461,26835],[-16,19],[-20,3],[36,-22]],[[31446,26616],[9,0],[72,68],[-81,-68]],[[7219,84811],[180,63]],[[7399,84874],[56,-38],[-4,28],[56,44],[-74,76],[-8,106],[80,58],[85,-12],[-30,62],[11,88],[-35,37],[-28,112],[-43,16],[10,16],[-25,-6],[-9,29],[36,7],[10,42],[-22,14],[58,19],[-21,24],[20,22],[-34,8],[14,8],[-26,14],[8,33],[-67,56],[10,39],[-24,9],[31,40],[-19,23],[35,-13],[7,33],[48,-28],[69,-13],[13,14],[-56,83],[-36,17],[32,36],[-41,57],[54,31],[96,-14],[23,-21],[30,19],[108,-24],[162,-120],[47,-7],[38,-52],[135,7],[66,-21],[130,29],[20,25],[-107,112],[-44,108],[-10,150],[-35,111],[130,126],[86,-36],[37,37],[28,137],[-36,101],[15,75],[-21,22],[32,104],[-38,64],[56,72],[13,113],[-56,172],[-116,53],[-116,-13],[-104,69],[-77,18],[12,55],[108,121],[2,43],[-169,26],[-26,100],[-89,68],[-32,2],[-21,66],[-39,29],[44,13],[34,68],[73,-25],[80,26],[66,-6],[22,12],[-10,36],[50,-13],[40,18],[170,-61],[38,25],[114,2],[53,43],[-17,30],[68,88],[-17,137],[-42,42],[22,28],[3,61],[67,64],[-15,34],[26,11],[46,-18],[24,23],[70,1],[28,39],[91,40],[93,-5],[35,61],[-22,134],[98,22],[-23,110],[26,26],[21,-5],[11,65],[55,9],[50,92],[-10,20],[39,36],[-60,36],[2,34],[-40,10],[-22,35],[101,63],[23,70],[42,28],[6,34],[57,34],[50,11],[68,-64],[27,43],[-34,69],[-54,53],[5,34],[-100,177],[12,19],[-73,59],[-20,77],[-113,94],[42,134],[-73,89],[37,43],[-23,50],[-59,22],[3,55],[-42,65],[-8,52],[-102,69],[-79,15],[-45,54],[11,34],[-45,32],[26,51],[-47,32],[3,43],[28,32],[-6,52],[37,21],[-27,6],[-2,26],[91,38],[13,49],[33,16],[-19,65],[-37,23],[28,66],[45,15],[35,49],[-13,40],[16,47],[-21,29],[94,88],[136,36],[53,-42],[52,4],[56,-30],[245,-45],[37,-64],[137,-71],[68,28],[47,-10],[3,-46],[37,-21],[26,-54],[-15,-40],[41,-94],[151,-62],[8,-53],[-43,-68],[134,-87],[17,-32],[-9,-102],[69,8],[5,-35],[43,-6],[-11,-50],[-84,-103],[-15,-66],[-64,-30],[-14,-42],[20,-40],[90,-15],[30,-56],[44,-13],[13,-26],[114,23],[120,-13],[-43,-120],[6,-52],[162,-6],[28,-96],[45,1],[113,-158],[44,20],[78,-31],[47,53],[25,-37],[-27,-51],[34,-77],[-1,-62],[27,-32],[46,0],[29,-72],[52,21],[21,-25],[90,-17],[19,12],[8,127],[48,-45],[102,-40],[83,12]],[[11627,89700],[27,23]],[[11654,89723],[61,-30],[44,-31]],[[12691,89412],[49,-40],[89,28]],[[12829,89400],[111,-1],[35,25]],[[12975,89424],[106,18],[133,8]],[[14591,87889],[82,23],[68,-21],[28,-40],[100,-35]],[[14869,87816],[38,-40],[18,-122]],[[15077,87639],[148,-36],[69,10],[66,87]],[[15473,87756],[161,220],[79,5],[61,-26]],[[16443,87804],[124,-53],[94,7]],[[16916,87900],[66,32],[0,-148]],[[17203,87573],[9,-105],[63,-20],[101,55]],[[17426,87476],[75,17]],[[17501,87493],[19,-56],[47,-38],[126,-45],[1,-226],[-18,-52],[61,-41],[-4,-51],[42,-96],[-44,1],[-30,-47],[58,-17],[75,-81],[-42,-130],[-46,-55],[55,-38],[-44,-126],[57,-45],[63,-4],[5,-27],[63,-37],[105,-26],[10,-35],[88,-37]],[[18148,86184],[6,-34],[-45,1]],[[17759,85932],[38,-144],[58,-134],[91,-53],[58,-76]],[[18843,83812],[-214,-31]],[[17717,83354],[-174,-78],[-48,-57],[-20,21]],[[17475,83240],[-20,-21],[-18,-54]],[[17437,83165],[-50,-21],[27,-77],[2,-122],[-129,-7],[-6,-45],[-53,-7],[-37,48],[-36,12],[-52,-46],[-75,-16],[-91,86],[-34,53],[5,38],[-51,14],[-47,-15],[-80,8],[-17,-43],[-61,-7],[6,89],[-90,72],[-59,7],[-42,79]],[[16467,83265],[-106,97],[2,70],[-27,48],[-32,8],[-187,-7],[-69,15],[-48,41],[13,77],[-35,51],[-108,86],[-78,27],[-77,-44],[-48,7],[-34,-21],[-20,-58],[-35,-12],[-78,59],[19,32],[-74,-16],[-25,11],[-50,80],[3,104],[-33,52],[-2,87],[-84,33],[-16,37],[-66,-10],[-42,22],[-30,108],[-110,-12],[-18,-33],[-55,22],[-165,162],[-96,42],[-6,-52],[-35,9],[-69,80],[-39,26],[-23,-6],[-7,28],[-26,5],[-2,39],[-48,3],[-25,57],[-36,-26],[-26,9],[49,83],[-14,64],[-131,120],[3,17],[-69,37],[-37,-6],[-26,26],[16,31],[-25,36],[-74,20],[-34,-38],[-84,-22],[-14,-36],[22,-19],[-30,-51],[-44,-1],[-85,56],[5,59],[-29,5],[33,18],[14,61],[-79,15],[-12,25],[-98,-3],[-3,25],[-62,24],[-67,1],[-24,38],[12,14],[-21,13],[-62,-17],[-144,6],[-132,-46],[-42,2],[-70,139],[-44,5],[-54,35],[-92,-80],[-77,-32],[-44,12],[-49,-41],[-91,-24],[37,-54],[-62,-84],[12,-79],[-121,-74],[-68,18],[-160,-6],[-29,32],[-82,0],[-30,23],[-106,-100],[-91,-17],[-44,51],[-132,-12],[-124,25],[-52,-46],[-40,-5],[-30,-43],[-142,-110],[-44,-66],[-75,27],[-46,41],[-141,-43],[12,-62],[-59,-8],[-33,-29],[28,-21],[33,-103],[-12,-37],[-78,-22],[-106,-97],[8,-76],[61,-61],[-51,-81],[57,-105],[-131,-92],[-45,26],[-47,-23],[-2,-19],[-151,13],[-31,-87],[43,-55],[-6,-111],[48,-36],[19,-54],[-52,-24],[-7,-32],[-76,-19],[-62,21],[-129,-41],[-88,-1],[-48,39],[-16,53],[14,38],[-27,28],[-19,76],[-67,-26],[-59,27],[-58,78],[-7,40],[-187,66],[-60,84],[-49,0],[-63,29],[-55,-20],[-83,23],[-66,-32],[-97,58],[-90,-29],[-106,34],[-39,64],[-1,46],[-128,133],[19,92],[-109,76],[-5,26],[-107,-35],[-46,-59],[-39,-107],[-36,22],[-71,-15],[-59,12],[-38,-56],[-47,-25],[-110,22],[-121,123],[-94,-27],[-184,96],[-149,21],[-7,45],[-51,50],[-155,-91],[-57,9],[-99,63],[-41,-7],[-32,22],[12,21],[-42,13],[-13,51],[64,134],[-76,75],[-69,29],[51,28],[163,-21]],[[24124,75396],[17,-25],[-14,-86],[27,-55],[-8,-65],[-41,9],[-2,60],[-38,89],[9,43],[40,-8],[10,38]],[[24609,75291],[5,0],[-2,-4],[-3,4]],[[24619,75295],[-3,3],[6,-3],[-3,0]],[[24570,75351],[-9,-2],[-3,3],[12,-1]],[[24566,75366],[5,-10],[-5,3],[0,7]],[[24618,75435],[44,-46],[-32,11],[-12,35]],[[24482,75451],[0,18],[6,-10],[-6,-8]],[[24471,75483],[3,0],[7,-3],[-10,3]],[[24458,75493],[-2,-12],[-15,7],[17,5]],[[24478,75490],[-1,-5],[-4,8],[5,-3]],[[21368,76044],[-88,39],[1,85],[-201,225]],[[19829,78872],[-89,46],[-62,-8],[-52,17]],[[18451,79347],[-92,-25],[-108,0],[-64,54],[-37,-3],[-9,28],[58,48],[-16,33],[46,33],[36,61],[120,99],[79,22],[27,42],[52,27],[22,103],[35,12],[-2,32],[81,48],[-27,2],[26,6],[-25,12],[-157,12],[-31,35],[-1,46],[-48,15],[-35,42],[-87,28],[-80,91],[4,28],[41,14],[-12,61],[-109,-18],[-90,-48],[-70,1],[-28,-23],[-46,12],[-100,-17],[-37,33],[-75,4],[-50,45],[-36,-1],[-45,28],[-21,61],[-296,167],[-114,16],[-44,-13],[-113,24],[-76,-12],[-230,104],[-115,1],[-13,60],[-32,29],[-120,13],[-81,-33],[-112,80],[-31,81],[7,115],[26,6],[-12,27],[19,10],[12,66],[32,15],[-45,76],[35,78],[-17,83],[19,55],[-41,48],[23,72],[206,84],[-19,17],[52,4],[93,43],[57,52],[35,5],[8,38],[190,-31],[42,62],[-86,43],[-64,99],[-49,15],[-22,57],[-136,62],[-7,43],[54,36],[-8,13],[-80,9],[4,30],[-48,-5],[-176,-78],[-39,-39],[9,-20],[-58,-31],[39,-31],[-31,-91],[-104,-59],[-212,0],[-146,-49],[-71,28],[12,10],[-36,-6],[-33,-129],[-71,-42],[-110,-15],[-93,-71],[-85,-18],[-19,24],[-55,-5],[-58,46],[-66,-24],[-80,20],[-37,-14],[-69,46],[-36,145],[67,115],[-30,-7],[-163,104],[-56,3],[24,25],[-2,52],[-32,67],[34,43],[66,19],[6,27],[-27,38],[184,8],[127,79],[19,39],[43,-13],[206,62],[137,163],[66,-2],[60,36],[54,-9],[26,47],[-26,37],[14,47],[54,38],[8,64],[43,72],[90,26],[43,33],[99,-8],[54,24],[118,-23],[69,90],[86,30],[74,174],[114,-106]],[[17437,83165],[38,75]],[[17848,83412],[218,51],[210,-129]],[[19080,82857],[59,24],[137,17],[61,-62]],[[22269,81628],[60,-131]],[[25506,79393],[-58,-65],[3,-180],[-96,-29],[-26,-27],[-140,-34],[-119,-63],[-96,-94],[-34,-137],[9,-37],[8,-18],[97,19],[-126,-154],[-69,-158],[-31,-154],[11,-72],[41,-39],[-47,-33],[13,-64],[-184,-225],[-48,-119],[-32,-16],[-93,54],[-77,-46],[-99,-140],[-99,-219],[-119,-500],[-37,-42],[15,-38],[-53,-291],[2,-364],[41,-178],[-10,-30],[-50,30],[-40,-21],[-32,-53],[-9,-84],[-47,-10],[-6,-19],[51,-253],[55,-106],[85,-54],[-10,-19],[39,-72],[-18,-6],[31,-5],[-7,-30],[-31,-7],[-36,-50],[-23,-82]],[[23977,75152],[-216,-60],[-82,89]],[[23588,75283],[-34,-33],[-78,-28],[-64,-64],[-138,7]],[[24682,75257],[5,4],[4,-9],[-9,5]],[[24691,75260],[10,5],[9,-6],[-19,1]],[[24678,75376],[-2,-1],[-3,5],[5,-4]],[[24828,75480],[38,-12],[-7,-51],[-36,25],[5,38]],[[24821,75490],[-4,3],[11,4],[-7,-7]],[[24693,75543],[1,-4],[-2,1],[1,3]],[[24708,75547],[-2,-8],[-5,5],[7,3]],[[24675,75567],[18,-12],[-1,-10],[-8,4],[-9,18]],[[24831,75641],[49,-39],[-34,-79],[-52,-26],[-74,59],[3,80],[33,-22],[75,27]],[[25311,78863],[13,11],[41,-13],[-54,2]],[[29277,82000],[-82,-79],[52,150],[25,20],[20,-35],[-15,-56]],[[29244,82233],[-24,27],[12,26],[-20,129],[19,7],[24,-129],[-11,-60]],[[27136,81693],[20,87],[-24,46]],[[27132,81826],[-46,23],[-324,24],[-52,26]],[[26710,81899],[-46,56],[-6,45],[88,139],[14,95]],[[26451,82402],[4,144],[-48,193],[-64,76]],[[26156,82874],[-51,178],[-86,79],[-64,17],[162,58]],[[26110,83230],[-106,49],[17,31],[67,10],[80,68],[50,11],[128,-86]],[[26615,83302],[140,-10]],[[26755,83292],[-52,76]],[[27045,83540],[-12,32]],[[27207,83624],[62,-38],[226,129]],[[27554,83658],[93,-1],[69,45]],[[27997,83684],[-77,-79],[-7,-34],[34,-6],[218,-160]],[[29587,83113],[-73,-45],[-17,-44],[-41,-8],[-63,-59],[-121,-57],[-153,-165],[32,-59],[-39,-27],[16,-21],[-36,-100],[35,-54],[78,-50],[21,-122],[-25,-61],[21,-138],[-126,-431],[-28,-44],[13,-83],[99,-190],[136,-105],[-85,-338],[-63,-60]],[[28540,81263],[-81,-81],[-129,-33]],[[28112,81217],[-160,190],[-121,74]],[[30434,19882],[31,57],[-36,66],[44,-6],[64,-90],[-75,-43],[-28,16]],[[25508,20459],[-279,192]],[[25229,20651],[-59,4],[-90,-39],[-278,-249]],[[24802,20367],[-197,-58],[-151,107]],[[24454,20416],[-242,43],[-7,38],[-95,24],[7,28],[52,26],[-89,26],[15,129],[-22,163],[189,-25],[98,253],[538,526],[1,255]],[[24899,21902],[1054,-82]],[[27928,21640],[88,-31]],[[28177,21429],[81,-46]],[[28216,21384],[-79,-73],[-51,-15],[-2,-17]],[[28084,21279],[-62,6],[-20,-31]],[[28038,21209],[49,-76]],[[28471,21126],[72,48],[12,-9],[35,48],[26,-2],[8,30],[22,7],[36,-27]],[[29472,21555],[36,24],[58,-2]],[[29641,21326],[44,-19],[69,8],[44,32],[106,158]],[[30161,21681],[9,-70]],[[30627,21020],[49,-84],[-261,-11],[-13,-518],[-164,-146],[160,-106],[-24,-72],[29,-88],[-160,-103],[-15,-88]],[[27247,16128],[-399,237],[-440,368]],[[25430,17585],[-460,587]],[[24970,18172],[72,-1],[151,-129],[38,34],[29,-6],[120,68],[-12,46],[46,52],[48,-32],[68,-2],[52,66],[64,25],[3,28],[136,-13],[63,91],[173,-130],[124,142],[12,118],[-19,60],[26,72],[1,128],[105,-39],[256,53],[34,-9],[23,-59],[39,-34],[25,13],[15,-19],[27,37],[44,0]],[[26733,18732],[72,55]],[[26805,18787],[-9,110],[-56,11],[26,27],[-9,56],[26,11],[-7,69],[79,65],[130,-43]],[[26985,19093],[130,-90],[228,-236]],[[27965,18395],[440,-207],[107,-77],[225,-245]],[[29298,17361],[-318,-282],[22,-26],[20,-110],[-1,-141],[57,-25],[11,-164],[-106,-224],[-146,-203],[-106,-114],[-57,-16],[-6,-30],[-187,-113],[-258,-86],[-230,-44],[-31,9],[9,21],[-25,21],[-151,-51],[-74,11],[-24,20],[-2,91],[-246,205],[-143,75],[-59,-57]],[[22238,88999],[43,-46]],[[22281,88953],[-78,-94]],[[22203,88859],[-59,-140],[-55,6],[-54,-54],[-50,-13],[-24,19],[-35,-62],[-95,35],[-33,-38],[-67,5],[-20,-46],[-170,-31],[-41,-50],[-33,65],[-41,27],[-151,-5],[-16,47],[-102,29],[-40,-4],[-35,-30],[-102,-3],[-47,-63],[23,-27],[-100,23]],[[20856,88549],[-33,34],[-106,-29]],[[20717,88554],[-23,11],[-30,42],[1,108],[-57,36],[-128,31],[42,91],[-169,150],[-6,53],[-25,20],[51,34]],[[20373,89130],[-30,79]],[[20343,89209],[-92,10],[-53,76],[84,79],[-17,93],[-180,18],[-84,50],[-17,44],[-78,22],[-25,41],[-72,7],[-64,-42],[4,38],[-37,26],[-4,46],[-107,-18],[-67,48],[-97,12],[-45,68],[-104,3]],[[19288,89830],[-20,36]],[[19381,90400],[-75,98]],[[17733,92667],[37,27]],[[18101,93125],[-87,57],[19,38],[70,-5]],[[18788,93167],[28,-3],[111,101]],[[20819,95404],[65,35],[190,-10]],[[21912,95299],[103,100],[80,10]],[[22095,95409],[114,-21]],[[22418,94945],[66,9],[78,-56],[88,-184]],[[22469,94089],[-75,-103],[-156,33]],[[22340,91316],[28,-33]],[[21866,89562],[73,-185]],[[21980,89224],[59,-37],[139,-181]],[[28052,27794],[4,-92],[-91,-127]],[[28100,25621],[122,-108]],[[28222,25513],[-115,-235]],[[27620,24667],[-36,45]],[[27548,24686],[-18,41],[-201,112],[-135,33],[-82,-58]],[[27077,24850],[-18,-32],[10,-30],[68,-43]],[[26356,24587],[-22,3],[66,-4],[131,-39],[102,30],[-82,154],[-39,298],[-204,291],[-24,17],[-59,-6],[-148,-74],[-83,-105],[-48,15],[-18,26],[9,52],[-76,89],[-96,-12],[-73,100],[-259,149],[-35,63],[-25,206],[-24,40],[-94,2],[-136,43],[-78,-15],[-142,58],[-101,77],[-102,135],[-20,86],[30,78],[-30,50],[-1,71],[-20,-21],[-69,37],[-112,-13],[-55,-34],[-20,11],[-4,34],[45,82],[-24,86],[63,84],[5,116],[43,75],[-9,30],[-86,40],[54,97],[-31,93],[77,39],[35,78],[66,23],[15,111],[-20,0],[1,30],[-85,-7],[-13,23],[-34,7],[-7,40],[-17,-18],[-13,17],[32,50],[-14,26],[18,51],[30,8],[-4,56],[-36,51],[14,6],[-10,42],[32,5],[-13,21],[24,97],[-34,96],[-56,36],[10,19],[-55,27],[9,20],[-25,-5],[-6,28],[-60,-10],[-12,-24],[-14,18],[-18,-16],[-5,21],[-26,-15],[-1,19],[-49,-4],[4,30],[-18,-28],[-32,0],[-23,33],[-32,-13],[-12,16],[14,11],[-25,15],[19,39],[-44,39],[-9,73],[27,54],[-26,60],[119,7],[52,79],[9,88],[32,8],[89,97],[186,75],[44,-5],[228,-164],[172,-54],[26,11],[169,155],[-22,115],[106,92],[57,14],[35,95],[45,44],[4,56],[-36,83],[29,93],[62,57],[117,24],[56,-24],[121,11],[141,-68],[19,-47],[50,-16],[13,-36],[80,-36],[98,17],[146,-54],[92,62],[93,4],[27,31],[41,7],[27,-78],[114,-74],[95,17],[97,-31],[52,10],[110,-47],[41,-44],[-17,-46],[188,-148],[-1,-50],[122,16],[82,69],[35,-34],[28,0],[181,91],[119,2],[95,-33],[106,-83],[69,0],[10,-29],[42,-17],[114,7],[-15,-39]],[[24970,18172],[183,-234],[-387,281],[-101,11]],[[24665,18230],[-192,117]],[[23897,19025],[-699,435]],[[23198,19460],[30,28],[-10,27],[278,372],[131,-47],[72,-85],[46,-23],[60,59],[172,-203]],[[23977,19588],[178,-41],[137,9]],[[24292,19556],[16,60],[124,-34],[25,72],[-27,15],[47,82],[-8,42],[86,-3],[39,-20],[29,38],[89,4],[43,117],[-50,93],[-71,44],[4,66],[-76,-5],[-41,58],[3,25],[-14,-7],[-33,46],[48,17],[58,54]],[[24583,20320],[70,-5],[149,52]],[[24802,20367],[314,275],[113,9]],[[26512,19723],[207,-175],[203,-264]],[[27049,19151],[132,-205],[-196,147]],[[26805,18787],[-25,-24],[-47,-31]],[[18239,85979],[-80,101],[-11,104]],[[17501,87493],[36,28]],[[18026,89138],[-40,46],[58,-22],[57,6]],[[18925,89726],[154,-90],[30,-3]],[[19342,89587],[37,32],[1,36],[-30,40],[3,27]],[[19353,89722],[-58,7],[30,68]],[[19325,89797],[-37,33]],[[20343,89209],[16,-28],[14,-51]],[[20717,88554],[95,31],[37,-16],[-11,-98],[18,78]],[[22203,88859],[59,76],[19,18]],[[22281,88953],[69,-9],[70,-92]],[[23807,87658],[71,-17],[-20,-25]],[[22658,86497],[-435,-93],[-195,24],[-116,29],[-108,96],[-50,267]],[[21689,86913],[-49,163],[-7,29]],[[21058,87048],[-53,-204],[-149,-134],[-185,-125]],[[20690,85643],[168,-155],[21,-111]],[[20879,85377],[71,-153],[33,-117]],[[20983,85107],[-121,-18],[-4,-14],[-61,0]],[[21664,87079],[33,158],[-1,1],[-32,-159]],[[10351,94046],[25,18],[80,-14],[48,-29]],[[10635,93701],[95,-51]],[[11867,91541],[200,-200],[-53,-42]],[[11467,91063],[-50,-91]],[[11588,89819],[71,-79],[-32,-40]],[[7399,84874],[-40,-4],[-140,-59]],[[7219,84811],[-187,21],[-46,40],[-67,3],[-16,21],[-29,-27],[-73,20],[5,19],[-58,9],[-43,44],[-17,-3],[1,-33],[-47,-31],[-157,10],[-21,29],[-53,-41],[-29,-55],[-51,24],[13,76],[-41,39],[12,37],[-21,59],[-62,4],[-40,34],[-14,169],[-46,18],[-13,41],[-39,16],[-9,68],[-71,55],[-7,77],[-111,147],[0,48],[-34,67],[-148,46],[-55,-26],[-114,8],[-63,30],[-25,-8],[-38,29],[-50,66],[43,82],[-43,97],[8,20],[-132,92],[61,74],[-32,17],[-50,86],[-52,26],[-35,-11],[-18,-30],[-34,35],[-90,25],[2,53],[31,9],[7,26],[-35,64],[48,81],[-32,104],[37,51],[-61,13],[-63,70],[-62,32],[-144,55],[-38,-28],[-59,1],[-38,-37],[-89,-4],[-15,41],[-57,-4],[22,33],[-46,35],[9,20],[41,7],[-8,21],[79,39],[11,34],[59,3],[13,40],[24,-4],[19,59],[43,-10],[139,23],[29,-15],[84,23],[21,86],[-69,93],[47,141],[-18,28],[46,34],[-18,17],[20,42],[-22,54],[82,49],[10,43],[64,46],[-6,68],[28,72],[111,157],[-105,2],[-45,-24],[6,-15],[-42,-34],[1,-44],[-55,-18],[-5,-29],[-34,32],[-98,-58],[-57,-10],[-19,23],[54,57],[-6,50],[55,25],[-13,74],[42,46],[-25,41],[103,4],[32,20],[-1,36],[43,42],[-4,64],[82,72],[39,10],[-3,41],[60,23],[25,51],[107,68],[-14,45],[57,75],[177,119],[-26,105],[-35,28],[29,93],[-51,101],[17,27],[-19,3],[-10,38],[20,19],[-31,19],[43,22],[22,142],[-54,32],[-9,44],[64,58],[3,51],[-37,46],[2,25],[-80,61],[7,54],[-32,6],[-31,-19],[-64,-87],[-201,-23],[-102,-43],[-41,4],[-26,-24],[-78,-12],[-49,-56],[-132,110],[10,55],[-22,78],[34,56],[7,69],[-51,23],[25,92],[-27,27],[35,73],[-35,240],[-56,44],[-91,-1],[-105,-40],[8,-39],[-48,-50],[63,-158],[-32,-52],[37,-80],[26,-261],[-66,-19],[-35,-37],[11,-36],[-48,-14],[-33,-55],[-73,-6],[-37,-29],[-78,-84],[-8,-41],[-43,-39],[-52,-10],[-37,-57],[-77,-31],[-75,33],[-211,1],[-76,-57],[-45,3],[-8,58],[-72,96],[31,33],[-44,84],[-5,63],[-46,56],[-13,50],[-35,27],[18,18],[4,171],[91,167],[-24,52],[-74,52],[16,111],[-54,134],[20,64],[-95,26],[-16,36],[-87,23],[-38,33],[37,105],[36,27],[-15,38],[28,6],[-32,61],[-308,119],[-19,28],[-168,99],[-152,49],[-61,43],[-118,130],[-5,39],[37,73],[94,14],[81,50],[-9,55],[-55,29],[-104,-5],[-61,33],[-81,111],[-97,54],[-128,30],[-2,29],[28,9],[4,25],[-52,44],[17,47],[-42,77],[21,25],[-101,-1],[-93,75],[-34,-14],[-87,18],[-24,137],[-133,83],[-44,9],[-70,-19],[-56,16],[-8,126],[-93,101],[-98,27],[-42,-40],[-39,25],[-92,10],[-11,82],[-39,29],[4,66],[-69,2],[-26,-17],[-11,16],[-92,8],[-21,35],[-22,2],[13,68],[-30,51],[-31,9],[11,27],[-25,29],[29,51],[-67,30],[-60,1],[-136,90],[-82,23],[16,92],[100,92],[-34,23],[-83,-5],[-23,21],[-63,108],[38,81],[-193,154],[5,40],[58,71],[-2,43],[25,6],[6,26],[46,-6],[152,36],[116,-40],[41,19],[61,-36],[115,15],[87,-67],[61,-17],[34,63],[-8,42],[-95,137],[-39,6],[13,30],[-16,33],[40,-11],[37,11],[-3,13],[43,-2],[-13,45],[16,14],[-20,11],[67,18],[10,63],[24,8],[28,54],[50,11],[27,34],[59,136],[104,79],[41,9],[4,11],[-18,4],[13,15],[-14,14],[17,23],[203,55],[0,35],[-61,65],[10,40],[37,0],[20,22],[105,0],[209,244],[100,20],[-16,34],[-61,0],[-43,25],[-26,69],[-47,36],[-31,64],[-2,63],[74,33],[78,-35],[28,7],[160,99],[52,146],[81,41],[-32,62],[5,63],[76,89],[47,19],[42,-7],[27,55],[94,11],[83,-15],[57,-63],[111,-56],[48,-59],[51,-13],[-12,-36],[18,-33],[97,-75],[24,-117],[108,19],[23,99],[65,58],[55,2],[136,-122],[151,-91],[32,-47],[216,86],[122,-58],[22,-82],[89,-17],[58,-66],[120,-1],[16,-56],[69,-66],[147,-24],[-35,-46],[43,-58],[188,-28],[55,32],[109,-48],[16,-47],[125,-19],[-2,-46],[31,-7],[5,-21],[44,-3],[21,-47],[-38,-32],[-9,-41],[76,-43],[-31,-61],[119,-78],[-47,-56],[123,-71],[15,-86],[76,-19],[14,-105],[34,-37],[81,6],[58,-19],[46,19],[52,-44],[125,17],[62,-57],[-11,-50],[101,-23],[156,-103],[37,22],[89,-6],[46,43],[86,-31],[65,24],[-4,102],[-53,68],[25,36],[-20,38],[27,19],[44,96],[75,2],[-2,17],[31,14],[111,-7],[48,65],[78,45],[23,45],[62,28],[60,-32],[23,38],[143,75],[3,18],[-138,139],[-25,61],[9,28],[21,-4],[25,99],[63,77],[-2,24],[58,5],[3,72],[57,37],[91,-25],[127,10],[34,73],[46,12],[84,73],[65,-20],[116,53],[27,40],[-11,98],[40,44],[-11,31],[18,44],[-21,31],[-3,69],[102,90],[8,39],[50,29],[-6,26],[35,59],[36,18],[-2,167],[52,22],[46,-32],[220,-34],[118,-73],[-4,-19],[33,-23],[124,-18],[31,-25],[21,-66],[149,-62],[6,-74],[-86,-47],[21,-54],[-31,-61],[34,-24],[4,-47],[53,-60],[71,-30],[63,-59],[-32,-55],[0,-47],[13,-27],[47,-19],[3,-41],[77,-43],[3,-47],[49,-21],[21,-57],[128,-51],[-16,-36],[165,-63],[18,-64]],[[1217,94785],[36,-25],[-72,85],[36,-60]],[[1275,94745],[23,6],[-38,5],[15,-11]],[[3097,92778],[6,-7],[-2,20],[-4,-13]],[[3489,93138],[-83,-45],[-12,-12],[95,57]],[[4428,91938],[-155,90],[-58,21],[213,-111]],[[5524,89492],[3,-1],[0,6],[-3,-5]],[[34405,29375],[53,64]],[[33345,31614],[-150,992],[89,7],[7,-26],[4,16],[14,-16],[43,4],[131,94],[75,18],[48,66],[78,-20],[70,38],[71,1],[42,29],[23,-66],[30,-5],[62,28],[72,2],[45,52],[33,-50],[87,-45],[81,-83],[18,-58],[35,-7],[4,-41],[33,-19],[-12,-85],[76,-60],[-5,-25],[106,-57],[18,-44],[32,39],[81,-5],[17,73],[36,41],[-25,40],[38,47],[12,70],[114,45],[42,83],[272,103],[31,49],[73,21],[6,39],[36,-8],[22,40],[46,-6],[24,60],[-18,68],[63,44],[-72,124],[16,28],[-13,68],[52,37],[20,75],[84,124],[-18,16],[26,43],[-23,39],[69,50],[26,101],[-69,51],[-1,52],[-44,26],[1,34],[17,31],[77,45],[7,69],[76,77],[-46,56],[-21,80],[43,103],[-34,74],[25,16],[-82,94],[12,19],[-31,68],[1,36],[30,14],[-31,34],[9,67],[37,19],[3,40],[36,15],[-28,12],[5,17],[-33,50],[-22,4],[-21,61],[-47,28],[-5,30],[56,93],[-30,62],[9,53],[-29,-2],[-4,19],[19,147],[-21,47],[24,34],[-15,47],[-21,58],[-32,8],[12,70],[-23,12],[3,22],[-37,-7],[-32,77],[-92,34],[-29,80],[-72,25],[1,73],[-41,10],[-42,42],[-14,90],[-31,18],[33,53],[-6,41],[22,1],[19,30],[-60,45],[19,38],[-21,4],[6,38],[-59,45],[22,31],[-16,25],[10,46],[21,26],[-14,33],[105,29],[-50,60],[11,78],[-48,21],[3,112],[21,13],[350,897],[360,797]],[[36358,39067],[45,65],[56,13]],[[39297,39341],[47,3],[44,-49]],[[39388,39295],[66,11],[23,-42]],[[41416,37683],[-20,-47],[50,-58]],[[42720,36860],[56,35],[52,-49]],[[42828,36846],[-19,-20],[34,-56]],[[44900,35376],[-49,-74],[22,-92]],[[44925,35133],[-28,-57],[-36,-10]],[[43606,33815],[-102,52],[-67,-13]],[[43089,33735],[-101,-72],[-8,-68]],[[42892,32757],[-124,-147]],[[41913,32559],[25,-26],[-12,-20],[-45,-25]],[[41814,32498],[-64,-22],[-73,40]],[[40640,32283],[-47,12],[-11,-72]],[[39403,31937],[-223,-77]],[[39138,31913],[-3,24],[-12,-53]],[[37898,29558],[-165,72],[-70,76]],[[37005,29940],[-94,-65],[-134,104]],[[36657,30032],[-37,-34],[-19,40]],[[36652,30206],[-31,69],[-130,47]],[[37390,35722],[-12,1],[-63,-48],[75,47]],[[37496,35644],[0,7],[-76,67],[-10,1],[86,-75]],[[37435,35529],[62,89],[-1,15],[-61,-104]],[[38960,32165],[17,-17],[-33,73],[16,-56]],[[39029,32072],[36,-17],[-42,39],[6,-22]],[[39128,31991],[0,7],[-11,10],[11,-17]],[[31815,22450],[77,-81]],[[30774,22453],[-89,12],[-65,70]],[[30564,23322],[92,65],[35,-14]],[[30691,23373],[8,-28],[-12,-87]],[[30954,23288],[50,11],[11,48],[-54,52],[-5,38],[85,70],[24,48],[-12,51],[-153,157]],[[30814,24013],[-35,118],[-42,21]],[[30634,24128],[-27,89],[-118,38]],[[30592,24989],[-66,50],[-7,22]],[[31156,24886],[87,-30],[22,107]],[[31265,24963],[73,51],[-7,45]],[[31541,25578],[81,19],[-15,31],[-57,18]],[[31230,25954],[-36,40],[87,25]],[[31446,26524],[-12,66],[12,-11],[17,21]],[[34043,28042],[66,-21]],[[34845,27335],[109,34],[28,-33],[58,-23],[-19,-161]],[[35094,27127],[5,-59],[58,-21],[47,8]],[[35350,26877],[61,62],[-21,-148]],[[35476,23462],[-187,-107],[-193,-50]],[[35017,23317],[-85,148]],[[31949,22486],[-87,27],[-40,-26],[-7,-37]],[[23198,19460],[-166,103]],[[22654,20096],[-229,212],[-147,114]],[[22086,20515],[-134,126],[-30,35]],[[22138,20888],[47,30],[-27,156]],[[22488,21248],[-3,242],[-104,240],[-89,121],[-203,116]],[[19939,24009],[23,172],[58,-1],[269,-113],[171,25],[65,-51],[68,-6],[345,-166],[6,35],[51,12],[45,65],[41,9],[0,41],[60,9],[23,84],[55,5],[-9,16],[37,68],[55,44],[23,-1],[1,19],[74,25],[-8,27],[30,23],[-2,26],[97,173],[46,6],[59,-75],[63,-35],[85,55],[59,4],[63,-42],[6,-36],[79,-23],[19,30],[113,-186]],[[24691,21915],[208,-13]],[[24454,20416],[129,-96]],[[24292,19556],[-157,-8],[-158,40]]],"bbox":[102.145,6.93106,117.39326,23.39217],"transform":{"scale":[0.00015248412484124844,0.00016461274612746124],"translate":[102.145,6.93106]}}
