{
"type": "FeatureCollection",
"name": "provinces_1989",
"crs": { "type": "name", "properties": { "name": "urn:ogc:def:crs:OGC:1.3:CRS84" } },
"features": [
{ "type": "Feature", "properties": { "NAME_1": "An Giang", "id": "0", "GID_1": "VNM.1_1", "GID_0": "VNM", "COUNTRY": "Vietnam", "VARNAME_1": "An Giang", "NL_NAME_1": "NA", "TYPE_1": "Tỉnh", "ENGTYPE_1": "Province", "CC_1": "NA", "HASC_1": "VN.AG", "ISO_1": "VN-44" }, "geometry": { "type": "Polygon", "coordinates": [ [ [ 105.54862, 10.42948 ], [ 105.54648, 10.42055 ], [ 105.55215, 10.41645 ], [ 105.53962, 10.41322 ], [ 105.53184, 10.40821 ], [ 105.52969, 10.4004 ], [ 105.5238, 10.4001 ], [ 105.52899, 10.37715 ], [ 105.52064, 10.36954 ], [ 105.52105, 10.3634 ], [ 105.50106, 10.35495 ], [ 105.49107, 10.34551 ], [ 105.49152, 10.3384 ], [ 105.48775, 10.33459 ], [ 105.49544, 10.32535 ], [ 105.48727, 10.32386 ], [ 105.48458, 10.31641 ], [ 105.4771, 10.31057 ], [ 105.4267, 10.30302 ], [ 105.44145, 10.26969 ], [ 105.33623, 10.23442 ], [ 105.31204, 10.27393 ], [ 105.30655, 10.26894 ], [ 105.30128, 10.27698 ], [ 105.28746, 10.2621 ], [ 105.28889, 10.2599 ], [ 105.26712, 10.23888 ], [ 105.26096, 10.24589 ], [ 105.25316, 10.23852 ], [ 105.23127, 10.20876 ], [ 105.22755, 10.21303 ], [ 105.20611, 10.18355 ], [ 105.12556, 10.25346 ], [ 105.01719, 10.31604 ], [ 105.0191, 10.31871 ], [ 104.86469, 10.35557 ], [ 104.82786, 10.40347 ], [ 104.8297, 10.40597 ], [ 104.80463, 10.44878 ], [ 104.79781, 10.46603 ], [ 104.77838, 10.48738 ], [ 104.78281, 10.50352 ], [ 104.77868, 10.5184 ], [ 104.86907, 10.5222 ], [ 104.8969, 10.54707 ], [ 104.93407, 10.61079 ], [ 104.95685, 10.63783 ], [ 105.0983, 10.72101 ], [ 105.09203, 10.75601 ], [ 105.07751, 10.77504 ], [ 105.06428, 10.78126 ], [ 105.06134, 10.79863 ], [ 105.05692, 10.80164 ], [ 105.05857, 10.81915 ], [ 105.03572, 10.86749 ], [ 105.02943, 10.89239 ], [ 105.04497, 10.90157 ], [ 105.04184, 10.91128 ], [ 105.05333, 10.91648 ], [ 105.05079, 10.92496 ], [ 105.05382, 10.9304 ], [ 105.06699, 10.9388 ], [ 105.07914, 10.93642 ], [ 105.08022, 10.95463 ], [ 105.11235, 10.9621 ], [ 105.11665, 10.96056 ], [ 105.11781, 10.94739 ], [ 105.10374, 10.92762 ], [ 105.10351, 10.92053 ], [ 105.15501, 10.92333 ], [ 105.18139, 10.91188 ], [ 105.18937, 10.91185 ], [ 105.1854, 10.88319 ], [ 105.19423, 10.8471 ], [ 105.19932, 10.84533 ], [ 105.20949, 10.84947 ], [ 105.21955, 10.82658 ], [ 105.23466, 10.80574 ], [ 105.26134, 10.79988 ], [ 105.26195, 10.79195 ], [ 105.25842, 10.78424 ], [ 105.26056, 10.77235 ], [ 105.27238, 10.76471 ], [ 105.29975, 10.76219 ], [ 105.30379, 10.75882 ], [ 105.30003, 10.74701 ], [ 105.27841, 10.7337 ], [ 105.27548, 10.72853 ], [ 105.27848, 10.72295 ], [ 105.30295, 10.71637 ], [ 105.33707, 10.72326 ], [ 105.35034, 10.71484 ], [ 105.34605, 10.69244 ], [ 105.33795, 10.67345 ], [ 105.33982, 10.64939 ], [ 105.34694, 10.62379 ], [ 105.37109, 10.57321 ], [ 105.39368, 10.56887 ], [ 105.41512, 10.55053 ], [ 105.44582, 10.55283 ], [ 105.47874, 10.53547 ], [ 105.48838, 10.54227 ], [ 105.51317, 10.54704 ], [ 105.53197, 10.53784 ], [ 105.55025, 10.52135 ], [ 105.57048, 10.47859 ], [ 105.57527, 10.44742 ], [ 105.57401, 10.42873 ], [ 105.5548, 10.43428 ], [ 105.54862, 10.42948 ] ] ] } },
{ "type": "Feature", "properties": { "NAME_1": "Bà Rịa - Vũng Tàu", "id": "1", "GID_1": "VNM.7_1", "GID_0": "VNM", "COUNTRY": "Vietnam", "VARNAME_1": "Ba Ria - Vung Tau", "NL_NAME_1": "NA", "TYPE_1": "Tỉnh", "ENGTYPE_1": "Province", "CC_1": "NA", "HASC_1": "VN.BV", "ISO_1": "NA" }, "geometry": { "type": "MultiPolygon", "coordinates": [ [ [ [ 107.08888, 10.32337 ], [ 107.08856, 10.32416 ], [ 107.09013, 10.32397 ], [ 107.08888, 10.32337 ] ] ], [ [ [ 107.10492, 10.41394 ], [ 107.09533, 10.39351 ], [ 107.08981, 10.39513 ], [ 107.0991, 10.41056 ], [ 107.10492, 10.41394 ] ] ], [ [ [ 107.05548, 10.38109 ], [ 107.05891, 10.38727 ], [ 107.07072, 10.38385 ], [ 107.07676, 10.38953 ], [ 107.07226, 10.39052 ], [ 107.07347, 10.3922 ], [ 107.09239, 10.38786 ], [ 107.1006, 10.39285 ], [ 107.10741, 10.4075 ], [ 107.1181, 10.41671 ], [ 107.11345, 10.43587 ], [ 107.07635, 10.43173 ], [ 107.05576, 10.44617 ], [ 107.04146, 10.4656 ], [ 106.99658, 10.46049 ], [ 106.99735, 10.50322 ], [ 107.00697, 10.51051 ], [ 107.0271, 10.5378 ], [ 107.02728, 10.54206 ], [ 107.02501, 10.54591 ], [ 107.01472, 10.54795 ], [ 107.01069, 10.55462 ], [ 107.02666, 10.58348 ], [ 107.0266, 10.58846 ], [ 107.01745, 10.60652 ], [ 106.99953, 10.62014 ], [ 106.99621, 10.62664 ], [ 106.99916, 10.63466 ], [ 107.00603, 10.63765 ], [ 107.01673, 10.63249 ], [ 107.01323, 10.6434 ], [ 107.04484, 10.6576 ], [ 107.09646, 10.65201 ], [ 107.1012, 10.66328 ], [ 107.12132, 10.67327 ], [ 107.12516, 10.68253 ], [ 107.13378, 10.68513 ], [ 107.14073, 10.7187 ], [ 107.13918, 10.72784 ], [ 107.14358, 10.72375 ], [ 107.14554, 10.72641 ], [ 107.14346, 10.72916 ], [ 107.14627, 10.72987 ], [ 107.1389, 10.7325 ], [ 107.13667, 10.74392 ], [ 107.15446, 10.74427 ], [ 107.18935, 10.77203 ], [ 107.20684, 10.77462 ], [ 107.20651, 10.75806 ], [ 107.21099, 10.75847 ], [ 107.21095, 10.75259 ], [ 107.21533, 10.75308 ], [ 107.21638, 10.75743 ], [ 107.22726, 10.75939 ], [ 107.22713, 10.76332 ], [ 107.23098, 10.76426 ], [ 107.24414, 10.76003 ], [ 107.24393, 10.75643 ], [ 107.30048, 10.75501 ], [ 107.29951, 10.75046 ], [ 107.30422, 10.74929 ], [ 107.30173, 10.74553 ], [ 107.30536, 10.72856 ], [ 107.30154, 10.72994 ], [ 107.30377, 10.72554 ], [ 107.30087, 10.71907 ], [ 107.30534, 10.7131 ], [ 107.29979, 10.7037 ], [ 107.30778, 10.69403 ], [ 107.29974, 10.68377 ], [ 107.31799, 10.66856 ], [ 107.33184, 10.67748 ], [ 107.33801, 10.67839 ], [ 107.34423, 10.67471 ], [ 107.35222, 10.67854 ], [ 107.35081, 10.68437 ], [ 107.3544, 10.68549 ], [ 107.34952, 10.68839 ], [ 107.3497, 10.69241 ], [ 107.35384, 10.69662 ], [ 107.34797, 10.70576 ], [ 107.35773, 10.71417 ], [ 107.36089, 10.72811 ], [ 107.36827, 10.73316 ], [ 107.37143, 10.73144 ], [ 107.37108, 10.73436 ], [ 107.37994, 10.7412 ], [ 107.38312, 10.75128 ], [ 107.38932, 10.75669 ], [ 107.39158, 10.75548 ], [ 107.39416, 10.76293 ], [ 107.39738, 10.76302 ], [ 107.40076, 10.76902 ], [ 107.40871, 10.7744 ], [ 107.41917, 10.77103 ], [ 107.42625, 10.78773 ], [ 107.4307, 10.78825 ], [ 107.43825, 10.80025 ], [ 107.44464, 10.80451 ], [ 107.45382, 10.80292 ], [ 107.45795, 10.79136 ], [ 107.47163, 10.79362 ], [ 107.47388, 10.79165 ], [ 107.48453, 10.76927 ], [ 107.49651, 10.76739 ], [ 107.505, 10.77144 ], [ 107.50252, 10.76318 ], [ 107.50742, 10.75597 ], [ 107.50607, 10.74621 ], [ 107.51123, 10.74367 ], [ 107.51576, 10.73513 ], [ 107.52589, 10.73162 ], [ 107.52821, 10.724 ], [ 107.53501, 10.72138 ], [ 107.5443, 10.70599 ], [ 107.54317, 10.69949 ], [ 107.54655, 10.69459 ], [ 107.53822, 10.67859 ], [ 107.54491, 10.67145 ], [ 107.55119, 10.64995 ], [ 107.56261, 10.6333 ], [ 107.56232, 10.62777 ], [ 107.56828, 10.61899 ], [ 107.5676, 10.6155 ], [ 107.56345, 10.61904 ], [ 107.56271, 10.61624 ], [ 107.57137, 10.60095 ], [ 107.56799, 10.58555 ], [ 107.56965, 10.57942 ], [ 107.56609, 10.57552 ], [ 107.57072, 10.56842 ], [ 107.55836, 10.55821 ], [ 107.52862, 10.52334 ], [ 107.51573, 10.50315 ], [ 107.48857, 10.49736 ], [ 107.47012, 10.49805 ], [ 107.4425, 10.4677 ], [ 107.43518, 10.46993 ], [ 107.41622, 10.4667 ], [ 107.37368, 10.46824 ], [ 107.36047, 10.46486 ], [ 107.3457, 10.45543 ], [ 107.33622, 10.45547 ], [ 107.33346, 10.4506 ], [ 107.32166, 10.44656 ], [ 107.29528, 10.42486 ], [ 107.25462, 10.37936 ], [ 107.2394, 10.3787 ], [ 107.22208, 10.39824 ], [ 107.21008, 10.40534 ], [ 107.16606, 10.39978 ], [ 107.15479, 10.38625 ], [ 107.14154, 10.38142 ], [ 107.1142, 10.36317 ], [ 107.09869, 10.34503 ], [ 107.08371, 10.3203 ], [ 107.08044, 10.32706 ], [ 107.07203, 10.33295 ], [ 107.0722, 10.34749 ], [ 107.06071, 10.35513 ], [ 107.06215, 10.36762 ], [ 107.05544, 10.37366 ], [ 107.05548, 10.38109 ] ] ] ] } },
{ "type": "Feature", "properties": { "NAME_1": "Bình Thuận", "id": "10", "GID_1": "VNM.11_1", "GID_0": "VNM", "COUNTRY": "Vietnam", "VARNAME_1": "Binh Thuan", "NL_NAME_1": "NA", "TYPE_1": "Tỉnh", "ENGTYPE_1": "Province", "CC_1": "NA", "HASC_1": "VN.BU", "ISO_1": "NA" }, "geometry": { "type": "MultiPolygon", "coordinates": [ [ [ [ 108.95541, 10.54605 ], [ 108.95805, 10.54832 ], [ 108.9545, 10.53902 ], [ 108.95937, 10.52141 ], [ 108.96753, 10.51662 ], [ 108.96773, 10.5097 ], [ 108.95959, 10.50331 ], [ 108.95007, 10.50268 ], [ 108.93143, 10.51377 ], [ 108.92649, 10.53987 ], [ 108.92238, 10.54625 ], [ 108.924, 10.54917 ], [ 108.93049, 10.55348 ], [ 108.94373, 10.55394 ], [ 108.95134, 10.55211 ], [ 108.95541, 10.54605 ] ] ], [ [ [ 108.95248, 10.55651 ], [ 108.95217, 10.55726 ], [ 108.95368, 10.5579 ], [ 108.95248, 10.55651 ] ] ], [ [ [ 107.80301, 10.65048 ], [ 107.80246, 10.64985 ], [ 107.80191, 10.65075 ], [ 107.80301, 10.65048 ] ] ], [ [ [ 107.99033, 10.69523 ], [ 107.99352, 10.69704 ], [ 107.99382, 10.69478 ], [ 107.99033, 10.69523 ] ] ], [ [ [ 108.30094, 10.91145 ], [ 108.30188, 10.90904 ], [ 108.30074, 10.90861 ], [ 108.30094, 10.91145 ] ] ], [ [ [ 107.56232, 10.62777 ], [ 107.56261, 10.6333 ], [ 107.55563, 10.64168 ], [ 107.55632, 10.64509 ], [ 107.55119, 10.64995 ], [ 107.54491, 10.67145 ], [ 107.53822, 10.67859 ], [ 107.54655, 10.69459 ], [ 107.54317, 10.69949 ], [ 107.5443, 10.70599 ], [ 107.53501, 10.72138 ], [ 107.52821, 10.724 ], [ 107.52589, 10.73162 ], [ 107.51576, 10.73513 ], [ 107.51123, 10.74367 ], [ 107.50607, 10.74621 ], [ 107.50742, 10.75597 ], [ 107.50252, 10.76318 ], [ 107.505, 10.77144 ], [ 107.52205, 10.77354 ], [ 107.55448, 10.79317 ], [ 107.57384, 10.81396 ], [ 107.5765, 10.83836 ], [ 107.55966, 10.86737 ], [ 107.56025, 10.93656 ], [ 107.54275, 10.97827 ], [ 107.53699, 10.97756 ], [ 107.53095, 10.99324 ], [ 107.52398, 10.99526 ], [ 107.51932, 11.00199 ], [ 107.51827, 10.99957 ], [ 107.51323, 11.00265 ], [ 107.50632, 11.01365 ], [ 107.5006, 11.01564 ], [ 107.48106, 11.00675 ], [ 107.47421, 11.00679 ], [ 107.46513, 11.01589 ], [ 107.44926, 11.0209 ], [ 107.44888, 11.02591 ], [ 107.44351, 11.03089 ], [ 107.43234, 11.03429 ], [ 107.43071, 11.03208 ], [ 107.42704, 11.03663 ], [ 107.42072, 11.0371 ], [ 107.42209, 11.04146 ], [ 107.41261, 11.04177 ], [ 107.41233, 11.0457 ], [ 107.40613, 11.04285 ], [ 107.40305, 11.04837 ], [ 107.39446, 11.04985 ], [ 107.40006, 11.05392 ], [ 107.41685, 11.05107 ], [ 107.42612, 11.06554 ], [ 107.42287, 11.07643 ], [ 107.43201, 11.08251 ], [ 107.43055, 11.08703 ], [ 107.43791, 11.08871 ], [ 107.44053, 11.08382 ], [ 107.44368, 11.08546 ], [ 107.45405, 11.11138 ], [ 107.44453, 11.12504 ], [ 107.43922, 11.12554 ], [ 107.43473, 11.13652 ], [ 107.44289, 11.13946 ], [ 107.44523, 11.14911 ], [ 107.44921, 11.14666 ], [ 107.45801, 11.15158 ], [ 107.45467, 11.1597 ], [ 107.46219, 11.16775 ], [ 107.46066, 11.17668 ], [ 107.46591, 11.18046 ], [ 107.4706, 11.1784 ], [ 107.46725, 11.1836 ], [ 107.47166, 11.18589 ], [ 107.47089, 11.19234 ], [ 107.47993, 11.19041 ], [ 107.4732, 11.19948 ], [ 107.47812, 11.20265 ], [ 107.47985, 11.19825 ], [ 107.48421, 11.20461 ], [ 107.47823, 11.20968 ], [ 107.48826, 11.2164 ], [ 107.48228, 11.22123 ], [ 107.4907, 11.22502 ], [ 107.49856, 11.22025 ], [ 107.49335, 11.2249 ], [ 107.49957, 11.22872 ], [ 107.49603, 11.23558 ], [ 107.49682, 11.24214 ], [ 107.50066, 11.24246 ], [ 107.50245, 11.23542 ], [ 107.50787, 11.23724 ], [ 107.50923, 11.24352 ], [ 107.51464, 11.24505 ], [ 107.51678, 11.25168 ], [ 107.51949, 11.24791 ], [ 107.52417, 11.25183 ], [ 107.52368, 11.27227 ], [ 107.51839, 11.28412 ], [ 107.52408, 11.29966 ], [ 107.51765, 11.30948 ], [ 107.52079, 11.31522 ], [ 107.5356, 11.32561 ], [ 107.53556, 11.3332 ], [ 107.54134, 11.34123 ], [ 107.54362, 11.35135 ], [ 107.54381, 11.36655 ], [ 107.55592, 11.37131 ], [ 107.56659, 11.38179 ], [ 107.57623, 11.3816 ], [ 107.59396, 11.358 ], [ 107.61438, 11.34247 ], [ 107.63596, 11.33739 ], [ 107.64661, 11.33815 ], [ 107.66497, 11.32663 ], [ 107.68398, 11.32248 ], [ 107.71679, 11.33962 ], [ 107.72565, 11.36837 ], [ 107.72533, 11.36109 ], [ 107.73022, 11.35795 ], [ 107.73665, 11.36127 ], [ 107.73777, 11.36673 ], [ 107.7966, 11.37212 ], [ 107.90824, 11.36347 ], [ 107.93394, 11.35739 ], [ 107.94093, 11.34687 ], [ 107.95819, 11.35026 ], [ 107.97428, 11.34295 ], [ 107.99361, 11.34047 ], [ 108.00271, 11.33212 ], [ 108.02931, 11.32653 ], [ 108.02728, 11.3167 ], [ 108.03194, 11.30453 ], [ 108.03066, 11.29888 ], [ 108.03812, 11.28138 ], [ 108.04408, 11.27764 ], [ 108.04246, 11.25968 ], [ 108.05283, 11.24565 ], [ 108.05302, 11.24066 ], [ 108.0463, 11.23518 ], [ 108.04825, 11.21985 ], [ 108.04604, 11.21512 ], [ 108.05755, 11.21875 ], [ 108.05793, 11.24357 ], [ 108.07729, 11.25628 ], [ 108.08801, 11.26846 ], [ 108.10084, 11.26502 ], [ 108.10439, 11.26666 ], [ 108.10804, 11.27511 ], [ 108.11241, 11.27712 ], [ 108.11179, 11.28429 ], [ 108.11615, 11.29287 ], [ 108.12296, 11.28052 ], [ 108.13605, 11.29337 ], [ 108.1876, 11.3073 ], [ 108.19731, 11.32268 ], [ 108.21961, 11.33297 ], [ 108.22098, 11.33889 ], [ 108.22883, 11.34674 ], [ 108.25847, 11.36238 ], [ 108.27722, 11.38449 ], [ 108.27885, 11.39471 ], [ 108.2921, 11.40029 ], [ 108.30676, 11.41364 ], [ 108.3024, 11.42744 ], [ 108.29867, 11.4278 ], [ 108.29258, 11.44132 ], [ 108.28529, 11.44738 ], [ 108.28022, 11.44625 ], [ 108.27763, 11.43979 ], [ 108.27302, 11.43966 ], [ 108.25774, 11.47447 ], [ 108.27158, 11.48769 ], [ 108.26551, 11.49666 ], [ 108.2798, 11.51463 ], [ 108.29655, 11.51467 ], [ 108.30789, 11.52445 ], [ 108.32363, 11.53144 ], [ 108.33005, 11.52168 ], [ 108.34014, 11.52549 ], [ 108.34231, 11.52966 ], [ 108.35012, 11.51671 ], [ 108.35057, 11.50669 ], [ 108.35413, 11.50446 ], [ 108.35787, 11.50802 ], [ 108.36293, 11.50618 ], [ 108.37431, 11.50931 ], [ 108.38177, 11.52443 ], [ 108.39583, 11.51792 ], [ 108.41486, 11.52727 ], [ 108.426, 11.51608 ], [ 108.43504, 11.51365 ], [ 108.44547, 11.51753 ], [ 108.4665, 11.51742 ], [ 108.47268, 11.52417 ], [ 108.49537, 11.52966 ], [ 108.51668, 11.51845 ], [ 108.51734, 11.51408 ], [ 108.52465, 11.51353 ], [ 108.527, 11.50775 ], [ 108.54033, 11.50533 ], [ 108.54509, 11.51115 ], [ 108.55596, 11.51504 ], [ 108.56488, 11.52998 ], [ 108.56575, 11.53733 ], [ 108.57019, 11.53889 ], [ 108.57399, 11.54639 ], [ 108.57256, 11.55139 ], [ 108.58021, 11.55576 ], [ 108.64234, 11.55033 ], [ 108.65903, 11.5039 ], [ 108.66415, 11.4998 ], [ 108.67941, 11.47246 ], [ 108.71233, 11.46079 ], [ 108.72491, 11.46846 ], [ 108.76162, 11.46967 ], [ 108.75695, 11.41128 ], [ 108.78335, 11.39345 ], [ 108.78464, 11.38786 ], [ 108.80098, 11.3824 ], [ 108.84374, 11.3762 ], [ 108.84555, 11.36446 ], [ 108.85785, 11.3543 ], [ 108.86539, 11.35042 ], [ 108.87696, 11.35396 ], [ 108.87586, 11.33821 ], [ 108.87218, 11.33387 ], [ 108.85096, 11.33451 ], [ 108.84452, 11.33183 ], [ 108.83858, 11.32379 ], [ 108.82774, 11.31969 ], [ 108.81618, 11.32182 ], [ 108.8092, 11.31662 ], [ 108.78644, 11.31241 ], [ 108.78163, 11.30646 ], [ 108.7766, 11.28821 ], [ 108.75936, 11.28517 ], [ 108.75464, 11.27999 ], [ 108.75149, 11.25842 ], [ 108.74537, 11.24212 ], [ 108.74556, 11.23152 ], [ 108.7332, 11.20896 ], [ 108.72984, 11.18417 ], [ 108.71194, 11.17548 ], [ 108.70724, 11.16493 ], [ 108.70373, 11.16529 ], [ 108.70247, 11.17825 ], [ 108.695, 11.18346 ], [ 108.65315, 11.1936 ], [ 108.6291, 11.1877 ], [ 108.61805, 11.17576 ], [ 108.6127, 11.1826 ], [ 108.58947, 11.18367 ], [ 108.58024, 11.17984 ], [ 108.5621, 11.16274 ], [ 108.54635, 11.16047 ], [ 108.53439, 11.15281 ], [ 108.5304, 11.1549 ], [ 108.52259, 11.15114 ], [ 108.5119, 11.14056 ], [ 108.49485, 11.11071 ], [ 108.48452, 11.08599 ], [ 108.47519, 11.04831 ], [ 108.45964, 11.03931 ], [ 108.44603, 11.0479 ], [ 108.43456, 11.04695 ], [ 108.42452, 11.04003 ], [ 108.41422, 11.02657 ], [ 108.41096, 11.03244 ], [ 108.3902, 11.03074 ], [ 108.38346, 11.03478 ], [ 108.37434, 11.03273 ], [ 108.36278, 11.02425 ], [ 108.34766, 10.99899 ], [ 108.33814, 10.95274 ], [ 108.33107, 10.95136 ], [ 108.32378, 10.96005 ], [ 108.31059, 10.95756 ], [ 108.29839, 10.93906 ], [ 108.2952, 10.9138 ], [ 108.28892, 10.91258 ], [ 108.28136, 10.91564 ], [ 108.28244, 10.9345 ], [ 108.27684, 10.94205 ], [ 108.2297, 10.95474 ], [ 108.21321, 10.9514 ], [ 108.18959, 10.93674 ], [ 108.17594, 10.93602 ], [ 108.16039, 10.93003 ], [ 108.14234, 10.93259 ], [ 108.1375, 10.93061 ], [ 108.1371, 10.93463 ], [ 108.13477, 10.9342 ], [ 108.1172, 10.92578 ], [ 108.10535, 10.91588 ], [ 108.10655, 10.92024 ], [ 108.10101, 10.92022 ], [ 108.08507, 10.9141 ], [ 108.06291, 10.88371 ], [ 108.06292, 10.88519 ], [ 108.05875, 10.88834 ], [ 108.05927, 10.89176 ], [ 108.05694, 10.89047 ], [ 108.06265, 10.88327 ], [ 108.03799, 10.83272 ], [ 108.028, 10.8014 ], [ 108.01476, 10.73661 ], [ 108.00849, 10.73239 ], [ 108.00613, 10.72219 ], [ 107.9956, 10.70899 ], [ 107.99401, 10.70024 ], [ 107.97353, 10.70625 ], [ 107.96337, 10.70077 ], [ 107.9563, 10.70775 ], [ 107.91076, 10.7211 ], [ 107.88087, 10.71942 ], [ 107.8447, 10.7037 ], [ 107.83749, 10.70581 ], [ 107.82124, 10.70086 ], [ 107.77632, 10.65254 ], [ 107.75508, 10.64047 ], [ 107.72752, 10.63139 ], [ 107.70692, 10.63256 ], [ 107.69365, 10.62879 ], [ 107.67767, 10.62135 ], [ 107.66278, 10.60864 ], [ 107.61982, 10.59354 ], [ 107.57072, 10.56842 ], [ 107.56609, 10.57552 ], [ 107.56965, 10.57942 ], [ 107.56799, 10.58555 ], [ 107.57137, 10.60095 ], [ 107.56271, 10.61624 ], [ 107.56345, 10.61904 ], [ 107.5676, 10.6155 ], [ 107.56828, 10.61899 ], [ 107.56232, 10.62777 ] ] ], [ [ [ 108.8339, 11.22926 ], [ 108.82929, 11.2218 ], [ 108.82054, 11.22444 ], [ 108.82208, 11.22828 ], [ 108.83314, 11.23125 ], [ 108.8339, 11.22926 ] ] ], [ [ [ 108.96636, 10.48411 ], [ 108.96577, 10.48476 ], [ 108.96645, 10.48559 ], [ 108.96636, 10.48411 ] ] ], [ [ [ 108.96875, 10.49367 ], [ 108.96456, 10.48508 ], [ 108.96229, 10.48522 ], [ 108.96347, 10.49481 ], [ 108.96875, 10.49367 ] ] ], [ [ [ 108.96326, 10.49846 ], [ 108.96269, 10.49883 ], [ 108.96365, 10.50031 ], [ 108.96326, 10.49846 ] ] ], [ [ [ 108.96281, 10.50125 ], [ 108.96239, 10.50056 ], [ 108.9618, 10.50095 ], [ 108.96281, 10.50125 ] ] ], [ [ [ 108.95842, 10.55123 ], [ 108.95792, 10.55156 ], [ 108.95866, 10.55489 ], [ 108.95842, 10.55123 ] ] ], [ [ [ 108.95738, 10.55534 ], [ 108.95566, 10.55605 ], [ 108.95704, 10.5568 ], [ 108.95738, 10.55534 ] ] ] ] } },
{ "type": "Feature", "properties": { "NAME_1": "Bình Trị Thiên", "id": "45", "GID_1": "VNM.46_1", "GID_0": "VNM", "COUNTRY": "Vietnam", "VARNAME_1": "Quang Binh", "NL_NAME_1": "NA", "TYPE_1": "Tỉnh", "ENGTYPE_1": "Province", "CC_1": "NA", "HASC_1": "VN.QB", "ISO_1": "NA" }, "geometry": { "type": "MultiPolygon", "coordinates": [ [ [ [ 106.72398, 16.4349 ], [ 106.72947, 16.42907 ], [ 106.72656, 16.42522 ], [ 106.71653, 16.43277 ], [ 106.69551, 16.43988 ], [ 106.6873, 16.43938 ], [ 106.68748, 16.44551 ], [ 106.69302, 16.4492 ], [ 106.68297, 16.45793 ], [ 106.67605, 16.45193 ], [ 106.67344, 16.4762 ], [ 106.66064, 16.47319 ], [ 106.66398, 16.48654 ], [ 106.65935, 16.49251 ], [ 106.66531, 16.50334 ], [ 106.65356, 16.51055 ], [ 106.65264, 16.51913 ], [ 106.64701, 16.52233 ], [ 106.64743, 16.54028 ], [ 106.66108, 16.55516 ], [ 106.67217, 16.5597 ], [ 106.66196, 16.57368 ], [ 106.66743, 16.58384 ], [ 106.65672, 16.58146 ], [ 106.64834, 16.59357 ], [ 106.64501, 16.59397 ], [ 106.63115, 16.59086 ], [ 106.62863, 16.58198 ], [ 106.62423, 16.58966 ], [ 106.62651, 16.60111 ], [ 106.60831, 16.60728 ], [ 106.59761, 16.6062 ], [ 106.58778, 16.60098 ], [ 106.58215, 16.60596 ], [ 106.584, 16.61358 ], [ 106.59074, 16.6167 ], [ 106.59011, 16.62231 ], [ 106.56448, 16.64226 ], [ 106.56721, 16.65259 ], [ 106.56546, 16.66713 ], [ 106.55799, 16.67392 ], [ 106.5518, 16.69436 ], [ 106.55081, 16.86746 ], [ 106.5396, 16.87192 ], [ 106.53038, 16.88644 ], [ 106.51907, 16.88973 ], [ 106.5159, 16.8973 ], [ 106.52034, 16.90213 ], [ 106.5163, 16.90686 ], [ 106.51641, 16.91439 ], [ 106.51933, 16.9221 ], [ 106.52528, 16.92142 ], [ 106.52429, 16.92583 ], [ 106.5478, 16.92591 ], [ 106.54984, 16.99784 ], [ 106.54799, 17.009 ], [ 106.54272, 16.99522 ], [ 106.53731, 16.99312 ], [ 106.53044, 16.97808 ], [ 106.51598, 16.97098 ], [ 106.48724, 16.9814 ], [ 106.47102, 16.983 ], [ 106.46404, 16.98916 ], [ 106.46033, 17.00076 ], [ 106.43925, 16.99501 ], [ 106.42751, 17.00569 ], [ 106.42406, 17.03084 ], [ 106.40216, 17.0518 ], [ 106.41705, 17.07731 ], [ 106.41027, 17.08098 ], [ 106.40737, 17.08858 ], [ 106.3898, 17.10365 ], [ 106.37283, 17.11074 ], [ 106.36922, 17.12545 ], [ 106.35698, 17.13379 ], [ 106.35353, 17.14549 ], [ 106.34918, 17.14743 ], [ 106.35531, 17.15541 ], [ 106.35464, 17.15925 ], [ 106.33707, 17.16857 ], [ 106.32704, 17.18043 ], [ 106.32136, 17.1919 ], [ 106.32557, 17.19771 ], [ 106.30307, 17.20784 ], [ 106.30758, 17.21718 ], [ 106.31346, 17.21926 ], [ 106.32478, 17.21584 ], [ 106.33404, 17.22999 ], [ 106.33346, 17.2355 ], [ 106.30777, 17.23825 ], [ 106.30795, 17.24145 ], [ 106.31602, 17.24349 ], [ 106.3171, 17.25121 ], [ 106.30945, 17.25198 ], [ 106.30427, 17.25736 ], [ 106.30755, 17.27706 ], [ 106.30322, 17.29534 ], [ 106.27449, 17.29577 ], [ 106.27412, 17.28567 ], [ 106.28005, 17.27591 ], [ 106.27721, 17.26564 ], [ 106.26035, 17.25355 ], [ 106.25138, 17.25146 ], [ 106.24915, 17.24385 ], [ 106.24503, 17.24958 ], [ 106.23512, 17.25029 ], [ 106.21021, 17.26922 ], [ 106.20041, 17.2733 ], [ 106.17174, 17.29806 ], [ 106.16397, 17.29959 ], [ 106.16203, 17.3047 ], [ 106.14501, 17.31227 ], [ 106.14212, 17.32553 ], [ 106.1353, 17.32951 ], [ 106.13158, 17.33698 ], [ 106.10742, 17.35433 ], [ 106.09209, 17.36009 ], [ 105.86123, 17.62744 ], [ 105.84518, 17.62771 ], [ 105.83623, 17.64093 ], [ 105.83174, 17.64136 ], [ 105.8307, 17.64874 ], [ 105.82003, 17.65473 ], [ 105.81738, 17.65954 ], [ 105.80721, 17.65501 ], [ 105.80352, 17.66278 ], [ 105.79617, 17.66262 ], [ 105.79082, 17.67033 ], [ 105.78349, 17.6706 ], [ 105.78093, 17.67639 ], [ 105.75123, 17.66931 ], [ 105.74378, 17.72166 ], [ 105.72981, 17.72822 ], [ 105.72669, 17.74595 ], [ 105.71949, 17.7561 ], [ 105.70372, 17.75989 ], [ 105.70013, 17.76548 ], [ 105.69263, 17.76785 ], [ 105.69124, 17.78223 ], [ 105.67908, 17.80638 ], [ 105.68518, 17.83039 ], [ 105.67886, 17.82902 ], [ 105.67373, 17.84002 ], [ 105.65781, 17.85292 ], [ 105.64814, 17.85371 ], [ 105.64349, 17.85944 ], [ 105.62295, 17.8708 ], [ 105.61279, 17.8856 ], [ 105.62122, 17.8933 ], [ 105.62554, 17.90347 ], [ 105.62579, 17.91888 ], [ 105.62951, 17.92912 ], [ 105.62735, 17.94982 ], [ 105.63485, 17.96051 ], [ 105.64179, 17.9626 ], [ 105.64287, 17.99219 ], [ 105.70624, 17.99292 ], [ 105.71312, 18.00279 ], [ 105.72282, 18.00679 ], [ 105.72118, 18.02048 ], [ 105.72539, 18.0269 ], [ 105.73119, 18.03378 ], [ 105.73973, 18.03667 ], [ 105.77746, 18.01658 ], [ 105.78856, 18.02437 ], [ 105.80875, 18.02527 ], [ 105.80733, 18.03125 ], [ 105.81646, 18.03723 ], [ 105.82827, 18.03108 ], [ 105.83535, 18.04054 ], [ 105.83398, 18.04502 ], [ 105.813, 18.05286 ], [ 105.82002, 18.06053 ], [ 105.83938, 18.0661 ], [ 105.84882, 18.06403 ], [ 105.85191, 18.06731 ], [ 105.87073, 18.06635 ], [ 105.89421, 18.08919 ], [ 105.91231, 18.08673 ], [ 105.91875, 18.08015 ], [ 105.93193, 18.08902 ], [ 105.94597, 18.07314 ], [ 105.95122, 18.05747 ], [ 105.96213, 18.05903 ], [ 105.96742, 18.05487 ], [ 105.97574, 18.06256 ], [ 105.98618, 18.06379 ], [ 106.01586, 18.03432 ], [ 106.0184, 18.02718 ], [ 106.02337, 18.02392 ], [ 106.05026, 18.02212 ], [ 106.05737, 18.01638 ], [ 106.0778, 17.98783 ], [ 106.06979, 17.9861 ], [ 106.0481, 17.96549 ], [ 106.04923, 17.9576 ], [ 106.04572, 17.9467 ], [ 106.07818, 17.93284 ], [ 106.11882, 17.92738 ], [ 106.1309, 17.92072 ], [ 106.17264, 17.91454 ], [ 106.19062, 17.92325 ], [ 106.19931, 17.91629 ], [ 106.20845, 17.92569 ], [ 106.22311, 17.93004 ], [ 106.23617, 17.92731 ], [ 106.24026, 17.93048 ], [ 106.26304, 17.91416 ], [ 106.27498, 17.91962 ], [ 106.2837, 17.91039 ], [ 106.29113, 17.92035 ], [ 106.2848, 17.93403 ], [ 106.2892, 17.94301 ], [ 106.29627, 17.94561 ], [ 106.29784, 17.95398 ], [ 106.3057, 17.96237 ], [ 106.32393, 17.96316 ], [ 106.3295, 17.97877 ], [ 106.34045, 17.99157 ], [ 106.36166, 17.9906 ], [ 106.38594, 17.98282 ], [ 106.40034, 17.98155 ], [ 106.41001, 17.97283 ], [ 106.41729, 17.97444 ], [ 106.42285, 17.96965 ], [ 106.43516, 17.97285 ], [ 106.44421, 17.96887 ], [ 106.44447, 17.95209 ], [ 106.4503, 17.94961 ], [ 106.46829, 17.95628 ], [ 106.47929, 17.95343 ], [ 106.49171, 17.95947 ], [ 106.51105, 17.95993 ], [ 106.506, 17.95865 ], [ 106.50585, 17.95136 ], [ 106.51143, 17.94263 ], [ 106.51576, 17.9416 ], [ 106.50835, 17.93547 ], [ 106.50167, 17.92356 ], [ 106.48417, 17.92197 ], [ 106.47215, 17.90687 ], [ 106.46791, 17.89365 ], [ 106.45004, 17.8674 ], [ 106.44641, 17.85632 ], [ 106.44603, 17.82207 ], [ 106.45847, 17.77452 ], [ 106.47397, 17.73793 ], [ 106.4955, 17.70275 ], [ 106.50498, 17.67694 ], [ 106.53072, 17.63595 ], [ 106.54095, 17.62275 ], [ 106.54803, 17.61954 ], [ 106.56905, 17.57734 ], [ 106.58991, 17.54393 ], [ 106.62727, 17.49499 ], [ 106.62788, 17.48908 ], [ 106.65547, 17.45094 ], [ 106.70753, 17.3943 ], [ 106.7749, 17.33044 ], [ 106.81648, 17.29566 ], [ 106.99123, 17.16534 ], [ 107.03823, 17.13196 ], [ 107.0958, 17.10002 ], [ 107.11293, 17.08572 ], [ 107.11752, 17.08536 ], [ 107.11456, 17.08141 ], [ 107.11718, 17.07594 ], [ 107.11217, 17.07163 ], [ 107.11588, 17.04409 ], [ 107.10964, 17.03742 ], [ 107.11345, 17.02586 ], [ 107.11096, 17.01993 ], [ 107.11676, 17.00377 ], [ 107.14207, 16.96446 ], [ 107.16725, 16.93397 ], [ 107.20027, 16.90416 ], [ 107.23138, 16.86906 ], [ 107.30942, 16.80234 ], [ 107.38895, 16.74319 ], [ 107.55491, 16.61523 ], [ 107.59626, 16.58825 ], [ 107.66396, 16.55515 ], [ 107.7105, 16.52467 ], [ 107.79703, 16.45652 ], [ 107.89333, 16.37227 ], [ 107.90209, 16.36649 ], [ 107.90514, 16.36763 ], [ 107.93961, 16.34413 ], [ 107.9443, 16.34386 ], [ 107.94643, 16.34723 ], [ 107.95544, 16.34384 ], [ 107.95537, 16.33789 ], [ 107.96936, 16.3229 ], [ 107.98067, 16.31691 ], [ 108.00947, 16.31392 ], [ 108.02017, 16.31955 ], [ 108.02522, 16.32652 ], [ 108.01697, 16.33513 ], [ 108.01886, 16.34303 ], [ 108.02342, 16.3434 ], [ 108.02816, 16.3362 ], [ 108.03445, 16.33554 ], [ 108.03409, 16.33047 ], [ 108.04198, 16.31565 ], [ 108.03775, 16.30913 ], [ 108.09048, 16.22712 ], [ 108.09331, 16.22885 ], [ 108.11858, 16.21234 ], [ 108.12447, 16.21645 ], [ 108.13407, 16.21734 ], [ 108.14009, 16.21285 ], [ 108.14835, 16.22109 ], [ 108.1687, 16.20882 ], [ 108.18163, 16.21245 ], [ 108.18272, 16.21544 ], [ 108.1945, 16.20965 ], [ 108.17752, 16.20576 ], [ 108.17107, 16.2013 ], [ 108.1571, 16.20618 ], [ 108.15576, 16.20036 ], [ 108.14372, 16.19897 ], [ 108.11875, 16.18112 ], [ 108.1, 16.18682 ], [ 108.09214, 16.1804 ], [ 108.06484, 16.18416 ], [ 108.05685, 16.17944 ], [ 108.03813, 16.19062 ], [ 108.01501, 16.19429 ], [ 108.00552, 16.20534 ], [ 107.98813, 16.21404 ], [ 107.9687, 16.1937 ], [ 107.95545, 16.18934 ], [ 107.92921, 16.19798 ], [ 107.91141, 16.21572 ], [ 107.9054, 16.21405 ], [ 107.8952, 16.2052 ], [ 107.88985, 16.20622 ], [ 107.88686, 16.19979 ], [ 107.87475, 16.19598 ], [ 107.87614, 16.18839 ], [ 107.86741, 16.18342 ], [ 107.8748, 16.17219 ], [ 107.87551, 16.16182 ], [ 107.87289, 16.1578 ], [ 107.8588, 16.15342 ], [ 107.85771, 16.14042 ], [ 107.86015, 16.13559 ], [ 107.8555, 16.12535 ], [ 107.8559, 16.11387 ], [ 107.83312, 16.09728 ], [ 107.82248, 16.08324 ], [ 107.82455, 16.07018 ], [ 107.81522, 16.05326 ], [ 107.80698, 16.05326 ], [ 107.80157, 16.06019 ], [ 107.78718, 16.06765 ], [ 107.78118, 16.06264 ], [ 107.77399, 16.06688 ], [ 107.77526, 16.06096 ], [ 107.7694, 16.05123 ], [ 107.76243, 16.05005 ], [ 107.75699, 16.04345 ], [ 107.74461, 16.04161 ], [ 107.72676, 16.03068 ], [ 107.72808, 16.01867 ], [ 107.72456, 16.00809 ], [ 107.70746, 15.99544 ], [ 107.67958, 15.99823 ], [ 107.67226, 16.01185 ], [ 107.66383, 16.01852 ], [ 107.65071, 16.01922 ], [ 107.63296, 16.03047 ], [ 107.6204, 16.03254 ], [ 107.62529, 16.05043 ], [ 107.6193, 16.06358 ], [ 107.59553, 16.0561 ], [ 107.57137, 16.05502 ], [ 107.55287, 16.04391 ], [ 107.5604, 16.03052 ], [ 107.56067, 16.02171 ], [ 107.54588, 16.01047 ], [ 107.52793, 16.01587 ], [ 107.519, 16.01441 ], [ 107.51064, 16.01699 ], [ 107.50231, 16.03303 ], [ 107.49038, 16.04106 ], [ 107.48148, 16.03476 ], [ 107.47629, 16.03523 ], [ 107.46746, 16.02496 ], [ 107.44613, 16.03943 ], [ 107.44499, 16.05365 ], [ 107.4484, 16.06218 ], [ 107.46274, 16.07553 ], [ 107.45786, 16.07788 ], [ 107.45427, 16.08692 ], [ 107.44884, 16.09126 ], [ 107.44524, 16.0912 ], [ 107.44261, 16.08337 ], [ 107.43404, 16.08349 ], [ 107.42805, 16.07854 ], [ 107.41014, 16.0839 ], [ 107.40354, 16.07918 ], [ 107.39831, 16.06264 ], [ 107.38807, 16.06385 ], [ 107.37791, 16.07456 ], [ 107.36673, 16.06288 ], [ 107.34624, 16.06288 ], [ 107.33368, 16.05574 ], [ 107.32763, 16.06826 ], [ 107.31908, 16.06995 ], [ 107.31374, 16.07834 ], [ 107.3078, 16.08155 ], [ 107.28392, 16.1189 ], [ 107.27254, 16.11626 ], [ 107.26895, 16.11932 ], [ 107.26271, 16.13649 ], [ 107.25501, 16.13556 ], [ 107.24488, 16.148 ], [ 107.22789, 16.14287 ], [ 107.22414, 16.13728 ], [ 107.20845, 16.14627 ], [ 107.19456, 16.14507 ], [ 107.17632, 16.15844 ], [ 107.17206, 16.16506 ], [ 107.15871, 16.17019 ], [ 107.1558, 16.18331 ], [ 107.14952, 16.18847 ], [ 107.14834, 16.20914 ], [ 107.14452, 16.21405 ], [ 107.15536, 16.23094 ], [ 107.14928, 16.23803 ], [ 107.15328, 16.24153 ], [ 107.15373, 16.2527 ], [ 107.15697, 16.2564 ], [ 107.14558, 16.27105 ], [ 107.08772, 16.31188 ], [ 107.08106, 16.31298 ], [ 107.07044, 16.30387 ], [ 107.05135, 16.30676 ], [ 107.04428, 16.30048 ], [ 107.02623, 16.31292 ], [ 107.02087, 16.30555 ], [ 107.01373, 16.30601 ], [ 107.01184, 16.31161 ], [ 107.00407, 16.31616 ], [ 106.97902, 16.30465 ], [ 106.96626, 16.30386 ], [ 106.96322, 16.3165 ], [ 106.96815, 16.33204 ], [ 106.96662, 16.34884 ], [ 106.96215, 16.35856 ], [ 106.93809, 16.36423 ], [ 106.89771, 16.39158 ], [ 106.89648, 16.40109 ], [ 106.89141, 16.40867 ], [ 106.8959, 16.41218 ], [ 106.9002, 16.42576 ], [ 106.89102, 16.42667 ], [ 106.88675, 16.42158 ], [ 106.87165, 16.42922 ], [ 106.87157, 16.43579 ], [ 106.8887, 16.45209 ], [ 106.88413, 16.46782 ], [ 106.87643, 16.47016 ], [ 106.87859, 16.48417 ], [ 106.88663, 16.49094 ], [ 106.88963, 16.50182 ], [ 106.88716, 16.50927 ], [ 106.89068, 16.5112 ], [ 106.88657, 16.52181 ], [ 106.87878, 16.52507 ], [ 106.87424, 16.53281 ], [ 106.86821, 16.533 ], [ 106.86298, 16.5414 ], [ 106.84042, 16.5488 ], [ 106.83025, 16.54883 ], [ 106.82867, 16.53742 ], [ 106.82265, 16.5295 ], [ 106.82855, 16.52192 ], [ 106.80557, 16.47736 ], [ 106.8018, 16.46391 ], [ 106.79615, 16.47541 ], [ 106.77017, 16.46757 ], [ 106.77489, 16.45913 ], [ 106.77217, 16.45133 ], [ 106.77473, 16.44346 ], [ 106.77114, 16.43159 ], [ 106.76269, 16.42515 ], [ 106.74578, 16.42418 ], [ 106.74622, 16.41747 ], [ 106.73952, 16.41134 ], [ 106.73417, 16.42489 ], [ 106.73546, 16.43879 ], [ 106.73249, 16.43993 ], [ 106.72398, 16.4349 ] ], [ [ 106.68594, 16.95619 ], [ 106.693346887666124, 16.954909109651723 ], [ 106.69295, 16.95555 ], [ 106.68594, 16.95619 ] ], [ [ 106.70201, 16.94092 ], [ 106.714185312941865, 16.941513066819518 ], [ 106.71243, 16.94289 ], [ 106.70201, 16.94092 ] ], [ [ 106.717936542003386, 16.938570462319113 ], [ 106.72337, 16.9302 ], [ 106.72194, 16.93543 ], [ 106.717936542003386, 16.938570462319113 ] ], [ [ 106.75934, 16.92856 ], [ 106.77087, 16.92948 ], [ 106.770788933274005, 16.930590833245351 ], [ 106.75934, 16.92856 ] ], [ [ 106.77936, 16.97714 ], [ 106.78332464611772, 16.984353981803459 ], [ 106.78252, 16.98404 ], [ 106.77936, 16.97714 ] ], [ [ 106.78840801935317, 16.986337570192145 ], [ 106.79218, 16.98606 ], [ 106.80479, 16.99273 ], [ 106.78840801935317, 16.986337570192145 ] ] ], [ [ [ 106.46516, 17.87507 ], [ 106.47212, 17.88136 ], [ 106.47024, 17.88301 ], [ 106.47316, 17.88709 ], [ 106.47492, 17.87985 ], [ 106.46917, 17.87143 ], [ 106.46516, 17.87507 ] ] ], [ [ [ 106.4981, 17.90896 ], [ 106.4956, 17.90706 ], [ 106.49268, 17.91236 ], [ 106.49529, 17.91483 ], [ 106.4981, 17.90896 ] ] ], [ [ [ 106.52608, 17.93802 ], [ 106.53509, 17.93632 ], [ 106.53391, 17.93152 ], [ 106.52786, 17.93392 ], [ 106.52608, 17.93802 ] ] ], [ [ [ 106.52239, 17.93972 ], [ 106.51922, 17.9417 ], [ 106.52306, 17.94389 ], [ 106.52239, 17.93972 ] ] ], [ [ [ 107.34306, 17.14963 ], [ 107.34299, 17.14973 ], [ 107.34309, 17.14976 ], [ 107.34306, 17.14963 ] ] ], [ [ [ 107.33145, 17.1574 ], [ 107.33139, 17.15748 ], [ 107.33147, 17.15755 ], [ 107.33145, 17.1574 ] ] ], [ [ [ 107.33347, 17.15319 ], [ 107.33163, 17.1625 ], [ 107.33407, 17.16564 ], [ 107.3412, 17.16621 ], [ 107.34586, 17.16173 ], [ 107.34835, 17.15677 ], [ 107.34302, 17.15048 ], [ 107.33347, 17.15319 ] ] ], [ [ [ 107.33138, 17.16042 ], [ 107.33137, 17.16054 ], [ 107.33155, 17.1605 ], [ 107.33138, 17.16042 ] ] ], [ [ [ 107.33147, 17.16249 ], [ 107.33117, 17.16275 ], [ 107.33135, 17.16278 ], [ 107.33147, 17.16249 ] ] ] ] } },
{ "type": "Feature", "properties": { "NAME_1": "Bắc Thái", "id": "3", "GID_1": "VNM.4_1", "GID_0": "VNM", "COUNTRY": "Vietnam", "VARNAME_1": "Bac Kan", "NL_NAME_1": "NA", "TYPE_1": "Tỉnh", "ENGTYPE_1": "Province", "CC_1": "NA", "HASC_1": "VN.BK", "ISO_1": "NA" }, "geometry": { "type": "Polygon", "coordinates": [ [ [ 105.87167, 21.32974 ], [ 105.86861, 21.32683 ], [ 105.86304, 21.338 ], [ 105.85745, 21.33983 ], [ 105.85587, 21.34503 ], [ 105.8589, 21.34572 ], [ 105.85239, 21.34908 ], [ 105.85471, 21.35234 ], [ 105.85169, 21.35546 ], [ 105.85462, 21.36757 ], [ 105.85915, 21.36661 ], [ 105.85618, 21.3765 ], [ 105.84943, 21.3743 ], [ 105.84716, 21.37736 ], [ 105.83971, 21.37739 ], [ 105.83198, 21.37329 ], [ 105.8164, 21.38298 ], [ 105.81271, 21.38043 ], [ 105.80125, 21.38521 ], [ 105.78796, 21.37573 ], [ 105.79014, 21.37326 ], [ 105.78465, 21.35965 ], [ 105.7752, 21.36074 ], [ 105.77304, 21.37049 ], [ 105.75977, 21.37806 ], [ 105.76564, 21.38973 ], [ 105.76311, 21.39959 ], [ 105.75556, 21.41038 ], [ 105.74515, 21.41595 ], [ 105.72959, 21.40891 ], [ 105.72091, 21.41586 ], [ 105.72462, 21.43208 ], [ 105.71347, 21.43017 ], [ 105.70451, 21.44073 ], [ 105.69755, 21.43903 ], [ 105.68736, 21.44284 ], [ 105.67493, 21.45811 ], [ 105.66671, 21.45994 ], [ 105.65259, 21.45731 ], [ 105.64404, 21.47 ], [ 105.63131, 21.47906 ], [ 105.63532, 21.49282 ], [ 105.61848, 21.49857 ], [ 105.61171, 21.50566 ], [ 105.60426, 21.52827 ], [ 105.59946, 21.53226 ], [ 105.58392, 21.53495 ], [ 105.58313, 21.53998 ], [ 105.56367, 21.55715 ], [ 105.55574, 21.5709 ], [ 105.54559, 21.57223 ], [ 105.53595, 21.58137 ], [ 105.52672, 21.58261 ], [ 105.51407, 21.60275 ], [ 105.4966, 21.61843 ], [ 105.49986, 21.63261 ], [ 105.49756, 21.63874 ], [ 105.49031, 21.64371 ], [ 105.48355, 21.65974 ], [ 105.47927, 21.67412 ], [ 105.48714, 21.68084 ], [ 105.48795, 21.68875 ], [ 105.47751, 21.69714 ], [ 105.49034, 21.70381 ], [ 105.49416, 21.71599 ], [ 105.50038, 21.71747 ], [ 105.49942, 21.72304 ], [ 105.50419, 21.72977 ], [ 105.51576, 21.73635 ], [ 105.51633, 21.73998 ], [ 105.50904, 21.75039 ], [ 105.51859, 21.75609 ], [ 105.5258, 21.76782 ], [ 105.51598, 21.77423 ], [ 105.50031, 21.77052 ], [ 105.4949, 21.77424 ], [ 105.49339, 21.7796 ], [ 105.49795, 21.79309 ], [ 105.49311, 21.80446 ], [ 105.49382, 21.82817 ], [ 105.49681, 21.83191 ], [ 105.51076, 21.83268 ], [ 105.51682, 21.82668 ], [ 105.52798, 21.83491 ], [ 105.52857, 21.85242 ], [ 105.51838, 21.87587 ], [ 105.52088, 21.88471 ], [ 105.52493, 21.88791 ], [ 105.54447, 21.89219 ], [ 105.54685, 21.89683 ], [ 105.54498, 21.90402 ], [ 105.55294, 21.90854 ], [ 105.55184, 21.94355 ], [ 105.5491, 21.94761 ], [ 105.55569, 21.95748 ], [ 105.559091428086944, 21.957509159998729 ], [ 105.55148, 21.96277 ], [ 105.53224, 21.96794 ], [ 105.52493, 21.98148 ], [ 105.51655, 21.98705 ], [ 105.51201, 21.98449 ], [ 105.51122, 21.98971 ], [ 105.505, 21.99265 ], [ 105.50565, 22.00801 ], [ 105.49476, 22.01073 ], [ 105.48753, 22.04755 ], [ 105.47508, 22.05823 ], [ 105.47339, 22.06839 ], [ 105.46297, 22.07442 ], [ 105.46944, 22.08104 ], [ 105.46819, 22.08934 ], [ 105.4749, 22.09737 ], [ 105.47034, 22.10302 ], [ 105.46486, 22.10401 ], [ 105.46315, 22.11554 ], [ 105.46943, 22.12498 ], [ 105.47523, 22.12654 ], [ 105.47468, 22.13716 ], [ 105.48211, 22.14613 ], [ 105.49354, 22.15083 ], [ 105.49296, 22.15816 ], [ 105.47602, 22.16361 ], [ 105.46978, 22.16055 ], [ 105.46243, 22.16938 ], [ 105.46147, 22.17812 ], [ 105.46421, 22.18138 ], [ 105.46004, 22.18963 ], [ 105.45573, 22.18725 ], [ 105.45021, 22.19082 ], [ 105.43113, 22.21632 ], [ 105.43473, 22.21737 ], [ 105.43561, 22.2278 ], [ 105.44129, 22.23045 ], [ 105.43969, 22.2374 ], [ 105.436, 22.2395 ], [ 105.43883, 22.25473 ], [ 105.43566, 22.25878 ], [ 105.45381, 22.26822 ], [ 105.46277, 22.26464 ], [ 105.47279, 22.27282 ], [ 105.46014, 22.28383 ], [ 105.49194, 22.29355 ], [ 105.47961, 22.3041 ], [ 105.47887, 22.30834 ], [ 105.48265, 22.31691 ], [ 105.4976, 22.32012 ], [ 105.49628, 22.34121 ], [ 105.51411, 22.34866 ], [ 105.51321, 22.35648 ], [ 105.51693, 22.36658 ], [ 105.5136, 22.37645 ], [ 105.51998, 22.38982 ], [ 105.5183, 22.4004 ], [ 105.53598, 22.40772 ], [ 105.55499, 22.40238 ], [ 105.56373, 22.40566 ], [ 105.57121, 22.41927 ], [ 105.55943, 22.41019 ], [ 105.55282, 22.41213 ], [ 105.55034, 22.4206 ], [ 105.55503, 22.42872 ], [ 105.54861, 22.43746 ], [ 105.55629, 22.43907 ], [ 105.56004, 22.46297 ], [ 105.59833, 22.48903 ], [ 105.59424, 22.49401 ], [ 105.59618, 22.5033 ], [ 105.59167, 22.50815 ], [ 105.59869, 22.52219 ], [ 105.59519, 22.52569 ], [ 105.59066, 22.54458 ], [ 105.57798, 22.55915 ], [ 105.57126, 22.5621 ], [ 105.56335, 22.56022 ], [ 105.55881, 22.57281 ], [ 105.55182, 22.57604 ], [ 105.54637, 22.5896 ], [ 105.54898, 22.59927 ], [ 105.52891, 22.61925 ], [ 105.53159, 22.63321 ], [ 105.54019, 22.63574 ], [ 105.54355, 22.65304 ], [ 105.55004, 22.65743 ], [ 105.5607, 22.65744 ], [ 105.56422, 22.66572 ], [ 105.57584, 22.664 ], [ 105.58195, 22.66923 ], [ 105.60283, 22.66731 ], [ 105.59983, 22.68631 ], [ 105.62201, 22.70039 ], [ 105.6485, 22.69847 ], [ 105.65311, 22.71093 ], [ 105.66541, 22.72417 ], [ 105.6729, 22.7252 ], [ 105.68626, 22.71779 ], [ 105.69175, 22.7184 ], [ 105.69586, 22.72903 ], [ 105.70055, 22.71903 ], [ 105.71094, 22.73281 ], [ 105.72147, 22.73084 ], [ 105.72707, 22.7388 ], [ 105.73339, 22.74068 ], [ 105.74047, 22.7412 ], [ 105.75025, 22.72711 ], [ 105.75763, 22.72674 ], [ 105.75938, 22.72037 ], [ 105.75193, 22.71233 ], [ 105.75692, 22.70094 ], [ 105.76183, 22.69656 ], [ 105.77691, 22.69205 ], [ 105.77328, 22.68427 ], [ 105.75034, 22.66452 ], [ 105.74048, 22.64957 ], [ 105.74039, 22.64351 ], [ 105.73127, 22.64116 ], [ 105.72686, 22.63616 ], [ 105.72941, 22.63381 ], [ 105.72788, 22.63123 ], [ 105.73997, 22.62728 ], [ 105.7412, 22.62068 ], [ 105.75345, 22.60859 ], [ 105.74563, 22.59409 ], [ 105.75032, 22.59155 ], [ 105.75115, 22.58618 ], [ 105.76134, 22.58589 ], [ 105.76606, 22.58888 ], [ 105.77782, 22.57699 ], [ 105.77885, 22.57177 ], [ 105.77052, 22.56477 ], [ 105.77325, 22.55823 ], [ 105.76755, 22.5562 ], [ 105.77417, 22.55403 ], [ 105.7718, 22.54984 ], [ 105.78742, 22.55046 ], [ 105.79471, 22.53499 ], [ 105.80429, 22.52377 ], [ 105.82149, 22.52042 ], [ 105.83236, 22.52644 ], [ 105.83247, 22.51734 ], [ 105.84133, 22.51503 ], [ 105.85687, 22.52149 ], [ 105.86622, 22.52026 ], [ 105.89947, 22.50704 ], [ 105.89822, 22.50433 ], [ 105.90576, 22.49524 ], [ 105.91362, 22.49776 ], [ 105.9235, 22.51525 ], [ 105.9239, 22.52123 ], [ 105.9325, 22.52813 ], [ 105.9471, 22.52875 ], [ 105.95256, 22.52297 ], [ 105.95825, 22.52452 ], [ 105.96579, 22.52859 ], [ 105.97124, 22.53681 ], [ 105.97765, 22.53676 ], [ 105.98642, 22.54414 ], [ 105.99147, 22.54325 ], [ 106.00291, 22.54842 ], [ 106.00521, 22.55447 ], [ 106.01935, 22.56024 ], [ 106.02634, 22.55808 ], [ 106.03751, 22.56216 ], [ 106.04223, 22.56541 ], [ 106.04796, 22.57811 ], [ 106.06638, 22.56954 ], [ 106.07126, 22.5729 ], [ 106.08274, 22.57214 ], [ 106.08243, 22.56726 ], [ 106.0754, 22.56234 ], [ 106.07333, 22.55488 ], [ 106.07929, 22.55192 ], [ 106.08735, 22.5528 ], [ 106.09534, 22.54681 ], [ 106.09222, 22.53868 ], [ 106.09452, 22.53322 ], [ 106.10107, 22.53562 ], [ 106.09484, 22.52803 ], [ 106.10228, 22.52197 ], [ 106.10049, 22.5177 ], [ 106.11927, 22.51033 ], [ 106.11474, 22.48317 ], [ 106.11971, 22.47208 ], [ 106.10972, 22.46313 ], [ 106.1029, 22.45096 ], [ 106.09412, 22.44556 ], [ 106.09448, 22.44118 ], [ 106.10162, 22.43556 ], [ 106.09908, 22.41445 ], [ 106.10559, 22.40922 ], [ 106.10415, 22.40241 ], [ 106.1117, 22.39887 ], [ 106.12217, 22.4025 ], [ 106.12209, 22.39937 ], [ 106.13147, 22.39936 ], [ 106.13963, 22.39445 ], [ 106.15661, 22.40985 ], [ 106.16782, 22.40911 ], [ 106.16804, 22.40326 ], [ 106.17713, 22.40141 ], [ 106.1761, 22.39476 ], [ 106.18414, 22.39002 ], [ 106.18728, 22.37987 ], [ 106.20889, 22.36816 ], [ 106.22, 22.34929 ], [ 106.20562, 22.33204 ], [ 106.20123, 22.32275 ], [ 106.20071, 22.30961 ], [ 106.21144, 22.29074 ], [ 106.22312, 22.28847 ], [ 106.22421, 22.28265 ], [ 106.23512, 22.2789 ], [ 106.24451, 22.26852 ], [ 106.24706, 22.25695 ], [ 106.24206, 22.24646 ], [ 106.24289, 22.23825 ], [ 106.2375, 22.22164 ], [ 106.23188, 22.22044 ], [ 106.22144, 22.20735 ], [ 106.22337, 22.20112 ], [ 106.22128, 22.19706 ], [ 106.23389, 22.18204 ], [ 106.23164, 22.17438 ], [ 106.21703, 22.16653 ], [ 106.21287, 22.15848 ], [ 106.19649, 22.14278 ], [ 106.19141, 22.14371 ], [ 106.18799, 22.13416 ], [ 106.18096, 22.12893 ], [ 106.18469, 22.12543 ], [ 106.18554, 22.11771 ], [ 106.17668, 22.11034 ], [ 106.17333, 22.11267 ], [ 106.16869, 22.11045 ], [ 106.16808, 22.10561 ], [ 106.16282, 22.10286 ], [ 106.15716, 22.08172 ], [ 106.14158, 22.08216 ], [ 106.13946, 22.08582 ], [ 106.12294, 22.08536 ], [ 106.11423, 22.07261 ], [ 106.10789, 22.07625 ], [ 106.10036, 22.07173 ], [ 106.09928, 22.05524 ], [ 106.10278, 22.04575 ], [ 106.09561, 22.03659 ], [ 106.09672, 22.03024 ], [ 106.10867, 22.02089 ], [ 106.11126, 22.01354 ], [ 106.10743, 21.9975 ], [ 106.11458, 21.99274 ], [ 106.11307, 21.98348 ], [ 106.11539, 21.97848 ], [ 106.11226, 21.96258 ], [ 106.09991, 21.96007 ], [ 106.09781, 21.95421 ], [ 106.09905, 21.95097 ], [ 106.10958, 21.95213 ], [ 106.11182, 21.95046 ], [ 106.10979, 21.9465 ], [ 106.098505032395124, 21.938673481745067 ], [ 106.10686, 21.93295 ], [ 106.11097, 21.93381 ], [ 106.12195, 21.92422 ], [ 106.12763, 21.92494 ], [ 106.13128, 21.92147 ], [ 106.13178, 21.91617 ], [ 106.12708, 21.9105 ], [ 106.12972, 21.90492 ], [ 106.12744, 21.89935 ], [ 106.11585, 21.89509 ], [ 106.11344, 21.89073 ], [ 106.11744, 21.87836 ], [ 106.1115, 21.86528 ], [ 106.11137, 21.8504 ], [ 106.11754, 21.84347 ], [ 106.11229, 21.84005 ], [ 106.10665, 21.84088 ], [ 106.1078, 21.832 ], [ 106.10034, 21.82854 ], [ 106.09496, 21.82023 ], [ 106.10768, 21.80336 ], [ 106.10639, 21.79029 ], [ 106.11118, 21.78714 ], [ 106.11185, 21.78165 ], [ 106.13708, 21.78497 ], [ 106.1497, 21.76098 ], [ 106.16839, 21.75422 ], [ 106.16859, 21.74978 ], [ 106.17357, 21.74923 ], [ 106.18237, 21.74161 ], [ 106.19436, 21.74162 ], [ 106.1967, 21.73541 ], [ 106.2076, 21.73294 ], [ 106.21133, 21.72836 ], [ 106.21841, 21.7271 ], [ 106.22498, 21.7331 ], [ 106.23627, 21.7242 ], [ 106.2378, 21.71592 ], [ 106.2328, 21.69888 ], [ 106.2244, 21.69212 ], [ 106.22548, 21.67904 ], [ 106.20583, 21.66352 ], [ 106.20425, 21.65552 ], [ 106.19096, 21.64507 ], [ 106.19239, 21.63729 ], [ 106.19847, 21.63262 ], [ 106.19472, 21.62675 ], [ 106.19725, 21.61891 ], [ 106.18516, 21.60433 ], [ 106.17392, 21.60955 ], [ 106.15954, 21.62627 ], [ 106.14213, 21.62305 ], [ 106.12702, 21.61606 ], [ 106.09399, 21.62466 ], [ 106.07977, 21.61894 ], [ 106.06729, 21.60463 ], [ 106.05687, 21.60299 ], [ 106.04861, 21.5811 ], [ 106.03316, 21.57136 ], [ 106.03355, 21.56424 ], [ 106.03042, 21.56197 ], [ 106.04801, 21.55876 ], [ 106.05064, 21.55211 ], [ 106.05611, 21.54915 ], [ 106.05054, 21.54569 ], [ 106.0537, 21.53867 ], [ 106.04738, 21.5305 ], [ 106.04462, 21.51849 ], [ 106.0409, 21.51627 ], [ 106.045, 21.51354 ], [ 106.04548, 21.50861 ], [ 106.03778, 21.49022 ], [ 106.04787, 21.48175 ], [ 106.04553, 21.47511 ], [ 106.04073, 21.47266 ], [ 106.04371, 21.46382 ], [ 106.05199, 21.46237 ], [ 106.0463, 21.4421 ], [ 106.03201, 21.43801 ], [ 106.02542, 21.43129 ], [ 106.03105, 21.42527 ], [ 106.03438, 21.41022 ], [ 106.02745, 21.39936 ], [ 106.02934, 21.39409 ], [ 106.02007, 21.39555 ], [ 106.01762, 21.40279 ], [ 106.00858, 21.40597 ], [ 105.99561, 21.40479 ], [ 105.99629, 21.40815 ], [ 105.99074, 21.41018 ], [ 105.99085, 21.41292 ], [ 105.98668, 21.41407 ], [ 105.98488, 21.411 ], [ 105.97924, 21.41361 ], [ 105.97207, 21.41997 ], [ 105.96528, 21.43572 ], [ 105.96117, 21.43629 ], [ 105.95756, 21.43224 ], [ 105.95863, 21.42377 ], [ 105.95439, 21.41325 ], [ 105.95895, 21.40216 ], [ 105.95504, 21.40093 ], [ 105.95338, 21.40676 ], [ 105.94003, 21.39908 ], [ 105.94509, 21.39125 ], [ 105.94335, 21.37701 ], [ 105.93851, 21.3714 ], [ 105.90933, 21.37465 ], [ 105.89564, 21.35106 ], [ 105.90762, 21.35233 ], [ 105.90736, 21.34861 ], [ 105.89601, 21.34303 ], [ 105.88647, 21.34598 ], [ 105.8808, 21.33806 ], [ 105.8918, 21.32554 ], [ 105.87167, 21.32974 ] ], [ [ 105.64985, 22.02509 ], [ 105.65171552102754, 22.025748693985516 ], [ 105.64055, 22.02701 ], [ 105.64985, 22.02509 ] ], [ [ 105.69233, 22.0393 ], [ 105.67479, 22.04716 ], [ 105.66895, 22.04762 ], [ 105.69233, 22.0393 ] ] ] } },
{ "type": "Feature", "properties": { "NAME_1": "Bến Tre", "id": "6", "GID_1": "VNM.6_1", "GID_0": "VNM", "COUNTRY": "Vietnam", "VARNAME_1": "Ben Tre", "NL_NAME_1": "NA", "TYPE_1": "Tỉnh", "ENGTYPE_1": "Province", "CC_1": "NA", "HASC_1": "VN.BR", "ISO_1": "NA" }, "geometry": { "type": "Polygon", "coordinates": [ [ [ 106.73414, 10.04032 ], [ 106.70862, 10.02783 ], [ 106.69714, 10.0267 ], [ 106.69047, 10.02129 ], [ 106.68085, 10.005 ], [ 106.66679, 9.99998 ], [ 106.65055, 9.97886 ], [ 106.64931, 9.9358 ], [ 106.66283, 9.92589 ], [ 106.67075, 9.90322 ], [ 106.67961, 9.89674 ], [ 106.68732, 9.88049 ], [ 106.66457, 9.84006 ], [ 106.62742, 9.80007 ], [ 106.61243, 9.78883 ], [ 106.57461, 9.83194 ], [ 106.527, 9.87211 ], [ 106.5023, 9.90315 ], [ 106.482, 9.92065 ], [ 106.40921, 9.95909 ], [ 106.34589, 10.00454 ], [ 106.31442, 10.02029 ], [ 106.29518, 10.04131 ], [ 106.26958, 10.08363 ], [ 106.2502, 10.1054 ], [ 106.2277, 10.13958 ], [ 106.20409, 10.165 ], [ 106.18771, 10.1777 ], [ 106.17656, 10.17377 ], [ 106.16626, 10.18786 ], [ 106.14399, 10.20419 ], [ 106.14108, 10.21512 ], [ 106.12531, 10.2287 ], [ 106.10322, 10.23986 ], [ 106.03792, 10.2487 ], [ 106.03429, 10.25616 ], [ 106.03814, 10.25934 ], [ 106.03491, 10.27224 ], [ 106.02814, 10.27323 ], [ 106.02921, 10.28975 ], [ 106.03464, 10.29879 ], [ 106.07671, 10.27826 ], [ 106.08869, 10.27625 ], [ 106.10374, 10.28371 ], [ 106.14289, 10.28406 ], [ 106.20564, 10.314 ], [ 106.22152, 10.31763 ], [ 106.25478, 10.32164 ], [ 106.28802, 10.33061 ], [ 106.30013, 10.31958 ], [ 106.30469, 10.31916 ], [ 106.36793, 10.33958 ], [ 106.38749, 10.33969 ], [ 106.39827, 10.33618 ], [ 106.44833, 10.3065 ], [ 106.47725, 10.30665 ], [ 106.54195, 10.26556 ], [ 106.59042, 10.25083 ], [ 106.67781, 10.23665 ], [ 106.69123, 10.23091 ], [ 106.70928, 10.21234 ], [ 106.75432, 10.19097 ], [ 106.75331, 10.18066 ], [ 106.77623, 10.17017 ], [ 106.78992, 10.14851 ], [ 106.78533, 10.12686 ], [ 106.7903, 10.11756 ], [ 106.78937, 10.10818 ], [ 106.78378, 10.09737 ], [ 106.73414, 10.04032 ] ] ] } },
{ "type": "Feature", "properties": { "NAME_1": "Cao Bằng", "id": "13", "GID_1": "VNM.14_1", "GID_0": "VNM", "COUNTRY": "Vietnam", "VARNAME_1": "Cao Bang", "NL_NAME_1": "NA", "TYPE_1": "Tỉnh", "ENGTYPE_1": "Province", "CC_1": "NA", "HASC_1": "VN.CB", "ISO_1": "NA" }, "geometry": { "type": "Polygon", "coordinates": [ [ [ 106.46656, 22.35906 ], [ 106.45258, 22.35661 ], [ 106.43626, 22.36348 ], [ 106.42493, 22.35862 ], [ 106.41397, 22.37031 ], [ 106.40019, 22.37047 ], [ 106.39603, 22.37384 ], [ 106.38745, 22.36451 ], [ 106.3801, 22.36333 ], [ 106.37883, 22.35947 ], [ 106.36067, 22.35746 ], [ 106.342, 22.37378 ], [ 106.34439, 22.39175 ], [ 106.3325, 22.40207 ], [ 106.33431, 22.40876 ], [ 106.32898, 22.41236 ], [ 106.31924, 22.40751 ], [ 106.31222, 22.41055 ], [ 106.29613, 22.42594 ], [ 106.28763, 22.42678 ], [ 106.2851, 22.43763 ], [ 106.27699, 22.4479 ], [ 106.26401, 22.45349 ], [ 106.25922, 22.45056 ], [ 106.24928, 22.45845 ], [ 106.2393, 22.46148 ], [ 106.23052, 22.4549 ], [ 106.22162, 22.45531 ], [ 106.21722, 22.45242 ], [ 106.2108, 22.44097 ], [ 106.20058, 22.43186 ], [ 106.19988, 22.4223 ], [ 106.19299, 22.41607 ], [ 106.19434, 22.40691 ], [ 106.18735, 22.40053 ], [ 106.18473, 22.38694 ], [ 106.1761, 22.39476 ], [ 106.17713, 22.40141 ], [ 106.16804, 22.40326 ], [ 106.16782, 22.40911 ], [ 106.15661, 22.40985 ], [ 106.13963, 22.39445 ], [ 106.13147, 22.39936 ], [ 106.12209, 22.39937 ], [ 106.12217, 22.4025 ], [ 106.1117, 22.39887 ], [ 106.1048, 22.4015 ], [ 106.10559, 22.40922 ], [ 106.09908, 22.41445 ], [ 106.10162, 22.43556 ], [ 106.09448, 22.44118 ], [ 106.09412, 22.44556 ], [ 106.1029, 22.45096 ], [ 106.10972, 22.46313 ], [ 106.11971, 22.47208 ], [ 106.11474, 22.48317 ], [ 106.11927, 22.51033 ], [ 106.10049, 22.5177 ], [ 106.10228, 22.52197 ], [ 106.09484, 22.52803 ], [ 106.10107, 22.53562 ], [ 106.09452, 22.53322 ], [ 106.09222, 22.53868 ], [ 106.09534, 22.54681 ], [ 106.08735, 22.5528 ], [ 106.07929, 22.55192 ], [ 106.07333, 22.55488 ], [ 106.0754, 22.56234 ], [ 106.08243, 22.56726 ], [ 106.08079, 22.57391 ], [ 106.06638, 22.56954 ], [ 106.04796, 22.57811 ], [ 106.04223, 22.56541 ], [ 106.03751, 22.56216 ], [ 106.02634, 22.55808 ], [ 106.01935, 22.56024 ], [ 106.00521, 22.55447 ], [ 106.00291, 22.54842 ], [ 105.99147, 22.54325 ], [ 105.98642, 22.54414 ], [ 105.97765, 22.53676 ], [ 105.97124, 22.53681 ], [ 105.96579, 22.52859 ], [ 105.95825, 22.52452 ], [ 105.95256, 22.52297 ], [ 105.9471, 22.52875 ], [ 105.9325, 22.52813 ], [ 105.9239, 22.52123 ], [ 105.9235, 22.51525 ], [ 105.91362, 22.49776 ], [ 105.90576, 22.49524 ], [ 105.89822, 22.50433 ], [ 105.89947, 22.50704 ], [ 105.86622, 22.52026 ], [ 105.85687, 22.52149 ], [ 105.84133, 22.51503 ], [ 105.83247, 22.51734 ], [ 105.83236, 22.52644 ], [ 105.82149, 22.52042 ], [ 105.80429, 22.52377 ], [ 105.79471, 22.53499 ], [ 105.78742, 22.55046 ], [ 105.7718, 22.54984 ], [ 105.77417, 22.55403 ], [ 105.76755, 22.5562 ], [ 105.77325, 22.55823 ], [ 105.77052, 22.56477 ], [ 105.77885, 22.57177 ], [ 105.77782, 22.57699 ], [ 105.76606, 22.58888 ], [ 105.76134, 22.58589 ], [ 105.75115, 22.58618 ], [ 105.75032, 22.59155 ], [ 105.74563, 22.59409 ], [ 105.75345, 22.60859 ], [ 105.7412, 22.62068 ], [ 105.73997, 22.62728 ], [ 105.72788, 22.63123 ], [ 105.72941, 22.63381 ], [ 105.72686, 22.63616 ], [ 105.73127, 22.64116 ], [ 105.74039, 22.64351 ], [ 105.74048, 22.64957 ], [ 105.75034, 22.66452 ], [ 105.77328, 22.68427 ], [ 105.77691, 22.69205 ], [ 105.76183, 22.69656 ], [ 105.75692, 22.70094 ], [ 105.75193, 22.71233 ], [ 105.75938, 22.72037 ], [ 105.75869, 22.72484 ], [ 105.75542, 22.72824 ], [ 105.75025, 22.72711 ], [ 105.74047, 22.7412 ], [ 105.72707, 22.7388 ], [ 105.72147, 22.73084 ], [ 105.71094, 22.73281 ], [ 105.70055, 22.71903 ], [ 105.69586, 22.72903 ], [ 105.69175, 22.7184 ], [ 105.68626, 22.71779 ], [ 105.6729, 22.7252 ], [ 105.66541, 22.72417 ], [ 105.65311, 22.71093 ], [ 105.6485, 22.69847 ], [ 105.62201, 22.70039 ], [ 105.59983, 22.68631 ], [ 105.60283, 22.66731 ], [ 105.58195, 22.66923 ], [ 105.57584, 22.664 ], [ 105.56566, 22.66633 ], [ 105.5607, 22.65744 ], [ 105.54705, 22.656 ], [ 105.54091, 22.64889 ], [ 105.54144, 22.63874 ], [ 105.5374, 22.63345 ], [ 105.51411, 22.63657 ], [ 105.49883, 22.63372 ], [ 105.49369, 22.64498 ], [ 105.49692, 22.65972 ], [ 105.48756, 22.67375 ], [ 105.50204, 22.69837 ], [ 105.4912, 22.70802 ], [ 105.48166, 22.7094 ], [ 105.47639, 22.71855 ], [ 105.47523, 22.7282 ], [ 105.4787, 22.73856 ], [ 105.46899, 22.74981 ], [ 105.47154, 22.75499 ], [ 105.45001, 22.75903 ], [ 105.44425, 22.77188 ], [ 105.42489, 22.77598 ], [ 105.42155, 22.7804 ], [ 105.42322, 22.78483 ], [ 105.41393, 22.7862 ], [ 105.40672, 22.79374 ], [ 105.39747, 22.796 ], [ 105.38213, 22.81233 ], [ 105.37275, 22.81168 ], [ 105.35881, 22.81672 ], [ 105.34877, 22.81318 ], [ 105.34431, 22.8195 ], [ 105.3434, 22.82813 ], [ 105.32772, 22.83331 ], [ 105.32383, 22.84485 ], [ 105.30853, 22.84956 ], [ 105.3007, 22.85614 ], [ 105.28037, 22.85665 ], [ 105.27325, 22.86464 ], [ 105.26628, 22.86621 ], [ 105.26744, 22.88142 ], [ 105.28153, 22.87738 ], [ 105.30442, 22.87646 ], [ 105.30729, 22.91215 ], [ 105.31248, 22.91559 ], [ 105.32279, 22.9162 ], [ 105.33281, 22.92861 ], [ 105.33286, 22.93423 ], [ 105.34564, 22.93323 ], [ 105.36206, 22.94006 ], [ 105.36429, 22.9519 ], [ 105.36173, 22.96087 ], [ 105.36463, 22.96519 ], [ 105.36037, 22.97217 ], [ 105.36155, 22.97946 ], [ 105.37484, 22.99013 ], [ 105.41315, 22.99522 ], [ 105.41857, 23.00167 ], [ 105.42628, 22.99867 ], [ 105.44179, 23.00381 ], [ 105.44915, 22.99932 ], [ 105.46835, 23.00748 ], [ 105.48746, 23.00919 ], [ 105.49435, 23.03318 ], [ 105.49772, 23.03925 ], [ 105.50388, 23.04198 ], [ 105.50414, 23.04781 ], [ 105.50857, 23.05218 ], [ 105.50831, 23.06038 ], [ 105.52045, 23.0758 ], [ 105.51709, 23.08345 ], [ 105.52728, 23.10812 ], [ 105.53129, 23.11149 ], [ 105.55028, 23.11052 ], [ 105.56297, 23.11962 ], [ 105.5613, 23.11596 ], [ 105.56594, 23.11278 ], [ 105.56343, 23.10872 ], [ 105.56654, 23.10133 ], [ 105.56001, 23.08803 ], [ 105.56535, 23.08529 ], [ 105.56767, 23.07718 ], [ 105.57733, 23.06893 ], [ 105.59017, 23.06946 ], [ 105.59466, 23.07563 ], [ 105.60277, 23.0768 ], [ 105.61809, 23.06542 ], [ 105.62778, 23.07125 ], [ 105.63276, 23.07997 ], [ 105.63869, 23.0811 ], [ 105.64629, 23.08096 ], [ 105.65277, 23.07414 ], [ 105.66029, 23.07432 ], [ 105.66097, 23.07104 ], [ 105.67374, 23.06571 ], [ 105.67484, 23.06225 ], [ 105.71221, 23.06223 ], [ 105.70885, 23.0704 ], [ 105.71088, 23.0715 ], [ 105.71588, 23.06495 ], [ 105.72472, 23.06078 ], [ 105.72232, 23.05755 ], [ 105.72497, 23.0543 ], [ 105.7308, 23.05475 ], [ 105.7278, 23.04302 ], [ 105.73167, 23.03611 ], [ 105.73648, 23.03685 ], [ 105.74088, 23.03197 ], [ 105.75123, 23.03448 ], [ 105.75846, 23.03151 ], [ 105.75842, 23.02872 ], [ 105.77895, 23.02314 ], [ 105.80337, 22.99125 ], [ 105.81544, 22.98882 ], [ 105.81804, 22.99494 ], [ 105.82365, 22.99678 ], [ 105.83704, 22.98766 ], [ 105.83871, 22.9802 ], [ 105.84421, 22.97604 ], [ 105.83853, 22.97107 ], [ 105.84483, 22.96947 ], [ 105.85187, 22.97281 ], [ 105.85491, 22.97019 ], [ 105.85107, 22.96017 ], [ 105.84688, 22.96138 ], [ 105.84602, 22.95723 ], [ 105.85421, 22.95119 ], [ 105.85459, 22.9435 ], [ 105.86678, 22.93868 ], [ 105.87277, 22.93271 ], [ 105.87119, 22.92246 ], [ 105.87817, 22.91659 ], [ 105.88745, 22.92025 ], [ 105.88271, 22.92741 ], [ 105.89017, 22.93835 ], [ 105.90907, 22.93974 ], [ 105.92297, 22.94687 ], [ 105.93928, 22.9384 ], [ 105.95709, 22.93859 ], [ 105.95731, 22.94793 ], [ 105.96182, 22.95074 ], [ 105.98033, 22.94652 ], [ 105.98155, 22.94267 ], [ 105.99212, 22.93918 ], [ 105.99418, 22.94213 ], [ 105.99757, 22.941 ], [ 106.00483, 22.95351 ], [ 106.00845, 22.96901 ], [ 106.00146, 22.98952 ], [ 106.00294, 22.99201 ], [ 106.0125, 22.99327 ], [ 106.018, 22.98985 ], [ 106.03836, 22.99355 ], [ 106.04276, 22.99059 ], [ 106.04916, 22.99471 ], [ 106.06367, 22.99116 ], [ 106.07526, 22.99842 ], [ 106.08418, 22.99989 ], [ 106.0899, 22.99274 ], [ 106.09285, 22.99644 ], [ 106.09618, 22.99578 ], [ 106.10007, 22.98685 ], [ 106.10455, 22.98615 ], [ 106.10851, 22.99005 ], [ 106.11787, 22.98533 ], [ 106.13151, 22.98968 ], [ 106.1354, 22.99552 ], [ 106.14503, 22.99671 ], [ 106.1568, 22.98784 ], [ 106.17357, 22.98253 ], [ 106.18106, 22.98315 ], [ 106.18777, 22.98804 ], [ 106.19402, 22.98472 ], [ 106.20034, 22.98689 ], [ 106.21083, 22.97109 ], [ 106.21702, 22.97058 ], [ 106.21965, 22.96318 ], [ 106.22414, 22.96396 ], [ 106.22459, 22.95729 ], [ 106.23585, 22.9546 ], [ 106.23748, 22.95178 ], [ 106.23423, 22.94309 ], [ 106.24185, 22.94133 ], [ 106.24119, 22.93588 ], [ 106.24693, 22.935 ], [ 106.24855, 22.92647 ], [ 106.25996, 22.91932 ], [ 106.26596, 22.90683 ], [ 106.26149, 22.90542 ], [ 106.25908, 22.89699 ], [ 106.24946, 22.89418 ], [ 106.25111, 22.88959 ], [ 106.26425, 22.8842 ], [ 106.25642, 22.88041 ], [ 106.2597, 22.87753 ], [ 106.27196, 22.87616 ], [ 106.27867, 22.86883 ], [ 106.28777, 22.86808 ], [ 106.29333, 22.87773 ], [ 106.30346, 22.87435 ], [ 106.311, 22.86499 ], [ 106.31402, 22.86969 ], [ 106.32167, 22.86809 ], [ 106.32349, 22.87433 ], [ 106.32656, 22.87479 ], [ 106.34585, 22.85569 ], [ 106.34946, 22.85577 ], [ 106.35738, 22.8594 ], [ 106.36334, 22.86678 ], [ 106.3616, 22.87084 ], [ 106.36422, 22.87951 ], [ 106.37481, 22.88411 ], [ 106.40376, 22.88087 ], [ 106.40578, 22.87556 ], [ 106.41587, 22.87642 ], [ 106.41096, 22.88773 ], [ 106.41843, 22.89202 ], [ 106.42452, 22.89148 ], [ 106.43288, 22.88235 ], [ 106.43771, 22.88984 ], [ 106.44292, 22.89153 ], [ 106.4474, 22.90352 ], [ 106.45438, 22.90392 ], [ 106.4618, 22.89547 ], [ 106.46444, 22.90136 ], [ 106.47189, 22.9017 ], [ 106.47438, 22.90996 ], [ 106.48577, 22.90229 ], [ 106.49355, 22.90783 ], [ 106.49706, 22.90478 ], [ 106.50378, 22.91453 ], [ 106.49943, 22.91858 ], [ 106.50246, 22.92312 ], [ 106.50076, 22.92989 ], [ 106.50667, 22.9313 ], [ 106.51255, 22.94669 ], [ 106.52514, 22.94806 ], [ 106.5293, 22.94053 ], [ 106.54238, 22.94228 ], [ 106.54075, 22.93483 ], [ 106.54333, 22.92991 ], [ 106.56525, 22.91881 ], [ 106.57217, 22.92472 ], [ 106.58006, 22.92493 ], [ 106.58801, 22.93248 ], [ 106.60152, 22.92913 ], [ 106.60518, 22.92618 ], [ 106.60463, 22.92138 ], [ 106.60863, 22.9203 ], [ 106.61011, 22.90924 ], [ 106.61565, 22.90123 ], [ 106.63142, 22.89107 ], [ 106.62971, 22.88652 ], [ 106.63804, 22.88617 ], [ 106.63965, 22.88026 ], [ 106.63657, 22.87706 ], [ 106.64493, 22.87482 ], [ 106.64851, 22.86718 ], [ 106.6546, 22.8664 ], [ 106.66666, 22.87622 ], [ 106.66519, 22.88747 ], [ 106.66973, 22.89266 ], [ 106.67585, 22.89223 ], [ 106.68008, 22.88692 ], [ 106.69197, 22.89191 ], [ 106.70647, 22.88851 ], [ 106.71194, 22.87911 ], [ 106.71794, 22.87685 ], [ 106.71651, 22.87128 ], [ 106.70894, 22.86893 ], [ 106.7072, 22.8643 ], [ 106.71569, 22.85573 ], [ 106.72291, 22.85594 ], [ 106.73704, 22.84795 ], [ 106.75355, 22.83225 ], [ 106.76868, 22.827 ], [ 106.76507, 22.81138 ], [ 106.77448, 22.81746 ], [ 106.7853, 22.81407 ], [ 106.80604, 22.81996 ], [ 106.81822, 22.82017 ], [ 106.82226, 22.81752 ], [ 106.8233, 22.81265 ], [ 106.82726, 22.81318 ], [ 106.8377, 22.8032 ], [ 106.83139, 22.80065 ], [ 106.83202, 22.796 ], [ 106.82422, 22.7883 ], [ 106.82176, 22.78273 ], [ 106.82362, 22.77856 ], [ 106.81444, 22.77027 ], [ 106.80355, 22.76729 ], [ 106.79597, 22.76998 ], [ 106.79247, 22.76463 ], [ 106.78592, 22.76697 ], [ 106.78456, 22.7652 ], [ 106.79058, 22.7595 ], [ 106.78808, 22.75391 ], [ 106.77724, 22.74986 ], [ 106.77432, 22.74397 ], [ 106.76825, 22.74456 ], [ 106.76471, 22.7414 ], [ 106.76982, 22.73727 ], [ 106.76088, 22.73272 ], [ 106.76549, 22.7249 ], [ 106.76498, 22.71807 ], [ 106.78, 22.70824 ], [ 106.76575, 22.70555 ], [ 106.76749, 22.70223 ], [ 106.75986, 22.69479 ], [ 106.75378, 22.69609 ], [ 106.75291, 22.69227 ], [ 106.76083, 22.68536 ], [ 106.75779, 22.67479 ], [ 106.74123, 22.67018 ], [ 106.73579, 22.65583 ], [ 106.7308, 22.65492 ], [ 106.73342, 22.64976 ], [ 106.72578, 22.64513 ], [ 106.72224, 22.6379 ], [ 106.72749, 22.63498 ], [ 106.72915, 22.62995 ], [ 106.72379, 22.61728 ], [ 106.71468, 22.61462 ], [ 106.71722, 22.60879 ], [ 106.72255, 22.60914 ], [ 106.73048, 22.60224 ], [ 106.72878, 22.59387 ], [ 106.72293, 22.59185 ], [ 106.72343, 22.58789 ], [ 106.70889, 22.578 ], [ 106.69337, 22.58489 ], [ 106.68497, 22.5797 ], [ 106.67808, 22.58237 ], [ 106.67521, 22.57865 ], [ 106.6531, 22.57544 ], [ 106.63417, 22.59113 ], [ 106.62985, 22.60548 ], [ 106.61007, 22.60457 ], [ 106.60389, 22.5886 ], [ 106.60805, 22.58551 ], [ 106.60817, 22.58038 ], [ 106.60073, 22.57621 ], [ 106.60368, 22.56459 ], [ 106.60033, 22.55297 ], [ 106.59009, 22.54934 ], [ 106.59077, 22.53575 ], [ 106.58176, 22.52 ], [ 106.58193, 22.483 ], [ 106.58461, 22.47673 ], [ 106.57764, 22.46909 ], [ 106.57298, 22.47193 ], [ 106.57455, 22.47591 ], [ 106.56819, 22.47328 ], [ 106.56398, 22.46535 ], [ 106.55895, 22.46542 ], [ 106.56022, 22.46119 ], [ 106.55711, 22.45855 ], [ 106.56043, 22.45653 ], [ 106.55865, 22.44745 ], [ 106.56433, 22.44615 ], [ 106.56745, 22.44044 ], [ 106.56474, 22.43772 ], [ 106.56805, 22.43103 ], [ 106.56436, 22.4237 ], [ 106.55518, 22.41981 ], [ 106.53532, 22.41889 ], [ 106.52854, 22.41281 ], [ 106.53239, 22.40796 ], [ 106.52414, 22.40428 ], [ 106.5198, 22.39751 ], [ 106.50391, 22.40528 ], [ 106.49271, 22.40257 ], [ 106.48971, 22.40056 ], [ 106.49376, 22.39778 ], [ 106.4927, 22.39449 ], [ 106.48347, 22.39042 ], [ 106.48981, 22.38781 ], [ 106.49024, 22.38474 ], [ 106.47924, 22.37944 ], [ 106.4891, 22.37612 ], [ 106.48732, 22.36829 ], [ 106.46857, 22.36239 ], [ 106.46656, 22.35906 ] ] ] } },
{ "type": "Feature", "properties": { "NAME_1": "Cần Thơ", "id": "12", "GID_1": "VNM.12_1", "GID_0": "VNM", "COUNTRY": "Vietnam", "VARNAME_1": "Can Tho", "NL_NAME_1": "NA", "TYPE_1": "Thành phố", "ENGTYPE_1": "City", "CC_1": "NA", "HASC_1": "VN.CN", "ISO_1": "NA" }, "geometry": { "type": "Polygon", "coordinates": [ [ [ 105.48919, 9.58213 ], [ 105.47602, 9.58445 ], [ 105.47739, 9.59119 ], [ 105.4702, 9.59736 ], [ 105.46856, 9.59152 ], [ 105.46225, 9.58683 ], [ 105.45617, 9.59032 ], [ 105.44917, 9.58692 ], [ 105.44651, 9.59708 ], [ 105.44116, 9.59467 ], [ 105.42998, 9.60107 ], [ 105.42873, 9.59523 ], [ 105.41776, 9.59277 ], [ 105.41795, 9.60019 ], [ 105.41517, 9.602 ], [ 105.41048, 9.59786 ], [ 105.39904, 9.59838 ], [ 105.39561, 9.58839 ], [ 105.38999, 9.59055 ], [ 105.37924, 9.58585 ], [ 105.37385, 9.59615 ], [ 105.3751, 9.61054 ], [ 105.39019, 9.62584 ], [ 105.39942, 9.62197 ], [ 105.39955, 9.63166 ], [ 105.40702, 9.64365 ], [ 105.40118, 9.6464 ], [ 105.40671, 9.65217 ], [ 105.39385, 9.66032 ], [ 105.38666, 9.65796 ], [ 105.37668, 9.66135 ], [ 105.37138, 9.65896 ], [ 105.36862, 9.66354 ], [ 105.37395, 9.66956 ], [ 105.3731, 9.67253 ], [ 105.35709, 9.66849 ], [ 105.3531, 9.67619 ], [ 105.34026, 9.67568 ], [ 105.33794, 9.68813 ], [ 105.32759, 9.70002 ], [ 105.35511, 9.7116 ], [ 105.37256, 9.73097 ], [ 105.39031, 9.73552 ], [ 105.39359, 9.74479 ], [ 105.40405, 9.75078 ], [ 105.41123, 9.74859 ], [ 105.4153, 9.75521 ], [ 105.41412, 9.75962 ], [ 105.40694, 9.75978 ], [ 105.40483, 9.76899 ], [ 105.41434, 9.77079 ], [ 105.40981, 9.77172 ], [ 105.41143, 9.77749 ], [ 105.41676, 9.77389 ], [ 105.41382, 9.77878 ], [ 105.41929, 9.77735 ], [ 105.41768, 9.78282 ], [ 105.42194, 9.77845 ], [ 105.42253, 9.78526 ], [ 105.42715, 9.78337 ], [ 105.42555, 9.78691 ], [ 105.43731, 9.79268 ], [ 105.43391, 9.79609 ], [ 105.4309, 9.81622 ], [ 105.46155, 9.82528 ], [ 105.52107, 9.85911 ], [ 105.51667, 9.86315 ], [ 105.53957, 9.91301 ], [ 105.53275, 9.91929 ], [ 105.36452, 10.07341 ], [ 105.3568, 10.08252 ], [ 105.3531, 10.10061 ], [ 105.31713, 10.14125 ], [ 105.31049, 10.13482 ], [ 105.30334, 10.14364 ], [ 105.29822, 10.13855 ], [ 105.2758, 10.16081 ], [ 105.22567, 10.20096 ], [ 105.25316, 10.23852 ], [ 105.26096, 10.24589 ], [ 105.26712, 10.23888 ], [ 105.28889, 10.2599 ], [ 105.28746, 10.2621 ], [ 105.30128, 10.27698 ], [ 105.30655, 10.26894 ], [ 105.31204, 10.27393 ], [ 105.33623, 10.23442 ], [ 105.44145, 10.26969 ], [ 105.4267, 10.30302 ], [ 105.4771, 10.31057 ], [ 105.48458, 10.31641 ], [ 105.48727, 10.32386 ], [ 105.49544, 10.32535 ], [ 105.51275, 10.30801 ], [ 105.54208, 10.29274 ], [ 105.59933, 10.23907 ], [ 105.61652, 10.21373 ], [ 105.62486, 10.18637 ], [ 105.64634, 10.16682 ], [ 105.65694, 10.15131 ], [ 105.78886, 10.06285 ], [ 105.81313, 10.03077 ], [ 105.82613, 10.00538 ], [ 105.84434, 9.98276 ], [ 105.87676, 9.95124 ], [ 105.89821, 9.93746 ], [ 105.89121, 9.92943 ], [ 105.88374, 9.92772 ], [ 105.88498, 9.92438 ], [ 105.87553, 9.91601 ], [ 105.87309, 9.90891 ], [ 105.87524, 9.90511 ], [ 105.87186, 9.90181 ], [ 105.8744, 9.90041 ], [ 105.86903, 9.89098 ], [ 105.87222, 9.88986 ], [ 105.86887, 9.88457 ], [ 105.87187, 9.88061 ], [ 105.86954, 9.88033 ], [ 105.86392, 9.85247 ], [ 105.861, 9.85321 ], [ 105.85648, 9.84083 ], [ 105.84853, 9.8072 ], [ 105.8553, 9.80551 ], [ 105.84415, 9.7638 ], [ 105.84338, 9.74881 ], [ 105.7102, 9.66873 ], [ 105.66908, 9.63339 ], [ 105.66724, 9.64191 ], [ 105.65919, 9.6354 ], [ 105.64917, 9.63435 ], [ 105.64642, 9.62549 ], [ 105.63918, 9.62358 ], [ 105.63526, 9.61869 ], [ 105.61733, 9.61537 ], [ 105.61505, 9.62204 ], [ 105.60688, 9.62004 ], [ 105.59514, 9.608 ], [ 105.59492, 9.60295 ], [ 105.58709, 9.60916 ], [ 105.5871, 9.61253 ], [ 105.57589, 9.61506 ], [ 105.57496, 9.60937 ], [ 105.56895, 9.60334 ], [ 105.56239, 9.60638 ], [ 105.55824, 9.60377 ], [ 105.55687, 9.59635 ], [ 105.54695, 9.59673 ], [ 105.54909, 9.59211 ], [ 105.54506, 9.58522 ], [ 105.53481, 9.59747 ], [ 105.52175, 9.59482 ], [ 105.52103, 9.5888 ], [ 105.5146, 9.58973 ], [ 105.51082, 9.58397 ], [ 105.5043, 9.58623 ], [ 105.50387, 9.59127 ], [ 105.49292, 9.59071 ], [ 105.48919, 9.58213 ] ] ] } },
{ "type": "Feature", "properties": { "NAME_1": "Gia Lai", "id": "20", "GID_1": "VNM.21_1", "GID_0": "VNM", "COUNTRY": "Vietnam", "VARNAME_1": "Gia Lai", "NL_NAME_1": "NA", "TYPE_1": "Tỉnh", "ENGTYPE_1": "Province", "CC_1": "NA", "HASC_1": "VN.GL", "ISO_1": "VN-30" }, "geometry": { "type": "Polygon", "coordinates": [ [ [ 108.6506, 13.00298 ], [ 108.6451, 13.01049 ], [ 108.62747, 13.00748 ], [ 108.61858, 13.01036 ], [ 108.61405, 13.00735 ], [ 108.60645, 13.01799 ], [ 108.60053, 13.01793 ], [ 108.59167, 13.02952 ], [ 108.57747, 13.02813 ], [ 108.56797, 13.01968 ], [ 108.53771, 13.03225 ], [ 108.51314, 13.03443 ], [ 108.51111, 13.04599 ], [ 108.51669, 13.06025 ], [ 108.52136, 13.06334 ], [ 108.51785, 13.06746 ], [ 108.5189, 13.0717 ], [ 108.49991, 13.08442 ], [ 108.49669, 13.09426 ], [ 108.48845, 13.09869 ], [ 108.49285, 13.10452 ], [ 108.49078, 13.10844 ], [ 108.4726, 13.11832 ], [ 108.46487, 13.11689 ], [ 108.46112, 13.12011 ], [ 108.45702, 13.12758 ], [ 108.4603, 13.13414 ], [ 108.46729, 13.13572 ], [ 108.46996, 13.14086 ], [ 108.46454, 13.1411 ], [ 108.46428, 13.14702 ], [ 108.46131, 13.14887 ], [ 108.46378, 13.1624 ], [ 108.43682, 13.1793 ], [ 108.42365, 13.19772 ], [ 108.41638, 13.22228 ], [ 108.42217, 13.22685 ], [ 108.4174, 13.23458 ], [ 108.42149, 13.2407 ], [ 108.41087, 13.24771 ], [ 108.40942, 13.25612 ], [ 108.40521, 13.26042 ], [ 108.39854, 13.25568 ], [ 108.38859, 13.25696 ], [ 108.37694, 13.26689 ], [ 108.37224, 13.26737 ], [ 108.37327, 13.28822 ], [ 108.3686, 13.29526 ], [ 108.36903, 13.30174 ], [ 108.37247, 13.30253 ], [ 108.36208, 13.31485 ], [ 108.35577, 13.31542 ], [ 108.35288, 13.32974 ], [ 108.34572, 13.33206 ], [ 108.34701, 13.33917 ], [ 108.33708, 13.33787 ], [ 108.31558, 13.34713 ], [ 108.2967, 13.35173 ], [ 108.28854, 13.35044 ], [ 108.28133, 13.36125 ], [ 108.2641, 13.37226 ], [ 108.2587, 13.36943 ], [ 108.24603, 13.37108 ], [ 108.24265, 13.36814 ], [ 108.23815, 13.37334 ], [ 108.21314, 13.36821 ], [ 108.20916, 13.3765 ], [ 108.20329, 13.37332 ], [ 108.19743, 13.37875 ], [ 108.1778, 13.38371 ], [ 108.17423, 13.3915 ], [ 108.16466, 13.39437 ], [ 108.16245, 13.4004 ], [ 108.15109, 13.39955 ], [ 108.14139, 13.40868 ], [ 108.13718, 13.40701 ], [ 108.12974, 13.41132 ], [ 108.12554, 13.40907 ], [ 108.11298, 13.41648 ], [ 108.10689, 13.40968 ], [ 108.08979, 13.40888 ], [ 108.08067, 13.39987 ], [ 108.07941, 13.4045 ], [ 108.07298, 13.39962 ], [ 108.06943, 13.40934 ], [ 108.06473, 13.40639 ], [ 108.06406, 13.40933 ], [ 108.05736, 13.40748 ], [ 108.05345, 13.41234 ], [ 108.04536, 13.40094 ], [ 108.04093, 13.39929 ], [ 108.03595, 13.40282 ], [ 108.03337, 13.39567 ], [ 108.02699, 13.3951 ], [ 108.02187, 13.38703 ], [ 108.01485, 13.38615 ], [ 108.00941, 13.38099 ], [ 107.99793, 13.39048 ], [ 107.99345, 13.38893 ], [ 107.98383, 13.39273 ], [ 107.98041, 13.39069 ], [ 107.98116, 13.38372 ], [ 107.9742, 13.38125 ], [ 107.9586, 13.38036 ], [ 107.94958, 13.38541 ], [ 107.9495, 13.38064 ], [ 107.94405, 13.38012 ], [ 107.94252, 13.37339 ], [ 107.92071, 13.37982 ], [ 107.9072, 13.38888 ], [ 107.88657, 13.38486 ], [ 107.87653, 13.39361 ], [ 107.85168, 13.3893 ], [ 107.83923, 13.40051 ], [ 107.81686, 13.39285 ], [ 107.80143, 13.39379 ], [ 107.79761, 13.38746 ], [ 107.79994, 13.38121 ], [ 107.79222, 13.38186 ], [ 107.78617, 13.3757 ], [ 107.76814, 13.36931 ], [ 107.76497, 13.36489 ], [ 107.7621, 13.36756 ], [ 107.76324, 13.37193 ], [ 107.75201, 13.36978 ], [ 107.74868, 13.36339 ], [ 107.73694, 13.36731 ], [ 107.72964, 13.36614 ], [ 107.72068, 13.36944 ], [ 107.71716, 13.3742 ], [ 107.71008, 13.36967 ], [ 107.70438, 13.3749 ], [ 107.69302, 13.37068 ], [ 107.68895, 13.36205 ], [ 107.68448, 13.36379 ], [ 107.67434, 13.35726 ], [ 107.67082, 13.3496 ], [ 107.66288, 13.35038 ], [ 107.65509, 13.34296 ], [ 107.64983, 13.34256 ], [ 107.64893, 13.32568 ], [ 107.64035, 13.32899 ], [ 107.6392, 13.32214 ], [ 107.63097, 13.32123 ], [ 107.62914, 13.31454 ], [ 107.61615, 13.312 ], [ 107.6147, 13.30764 ], [ 107.60281, 13.30149 ], [ 107.62768, 13.3665 ], [ 107.61681, 13.5265 ], [ 107.57275, 13.62442 ], [ 107.57054, 13.66268 ], [ 107.55232, 13.69405 ], [ 107.53581, 13.74146 ], [ 107.49344, 13.77281 ], [ 107.46947, 13.77962 ], [ 107.45138, 13.7946 ], [ 107.46173, 13.8161 ], [ 107.45553, 13.82835 ], [ 107.46626, 13.83977 ], [ 107.47327, 13.85321 ], [ 107.47169, 13.85754 ], [ 107.45395, 13.87082 ], [ 107.47066, 13.89228 ], [ 107.47265, 13.91931 ], [ 107.4587, 13.92149 ], [ 107.45786, 13.92267 ], [ 107.45772, 13.92369 ], [ 107.47045, 13.93551 ], [ 107.46909, 13.95303 ], [ 107.502, 13.97081 ], [ 107.51241, 13.98408 ], [ 107.52571, 13.98236 ], [ 107.52121, 14.0135 ], [ 107.5417, 14.01132 ], [ 107.54579, 14.02172 ], [ 107.55106, 14.02512 ], [ 107.57037, 14.01902 ], [ 107.59245, 14.02233 ], [ 107.60067, 14.02922 ], [ 107.60155, 14.04581 ], [ 107.61281, 14.05361 ], [ 107.61398, 14.06341 ], [ 107.63343, 14.05369 ], [ 107.64998, 14.06655 ], [ 107.65092, 14.07607 ], [ 107.65736, 14.08502 ], [ 107.64854, 14.09915 ], [ 107.65765, 14.10342 ], [ 107.66109, 14.13071 ], [ 107.66517, 14.13756 ], [ 107.65839, 14.16365 ], [ 107.67081, 14.17581 ], [ 107.67818, 14.18844 ], [ 107.67822, 14.19997 ], [ 107.68365, 14.20642 ], [ 107.68777, 14.22113 ], [ 107.69955, 14.21552 ], [ 107.70708, 14.21681 ], [ 107.7156, 14.21351 ], [ 107.7234, 14.21571 ], [ 107.76006, 14.20222 ], [ 107.76363, 14.20435 ], [ 107.76382, 14.21318 ], [ 107.77328, 14.2191 ], [ 107.7785, 14.21615 ], [ 107.78365, 14.22548 ], [ 107.78975, 14.22098 ], [ 107.79921, 14.2198 ], [ 107.80687, 14.21263 ], [ 107.8175, 14.21375 ], [ 107.82832, 14.23289 ], [ 107.83448, 14.23182 ], [ 107.83784, 14.2346 ], [ 107.83617, 14.2672 ], [ 107.85014, 14.27539 ], [ 107.8603, 14.27328 ], [ 107.8728, 14.27625 ], [ 107.87683, 14.28236 ], [ 107.90287, 14.27456 ], [ 107.91933, 14.25995 ], [ 107.93333, 14.24093 ], [ 107.94942, 14.243 ], [ 107.97293, 14.23719 ], [ 107.98941, 14.24594 ], [ 108.01226, 14.24055 ], [ 108.03439, 14.26856 ], [ 108.03475, 14.27355 ], [ 108.03975, 14.27675 ], [ 108.06002, 14.26552 ], [ 108.05865, 14.26777 ], [ 108.06866, 14.28352 ], [ 108.07304, 14.30538 ], [ 108.08121, 14.31035 ], [ 108.08107, 14.31361 ], [ 108.0889, 14.31469 ], [ 108.08755, 14.3241 ], [ 108.08055, 14.32701 ], [ 108.07905, 14.33314 ], [ 108.10436, 14.33764 ], [ 108.10459, 14.34364 ], [ 108.11221, 14.34552 ], [ 108.10852, 14.35348 ], [ 108.11546, 14.36331 ], [ 108.13461, 14.35534 ], [ 108.13953, 14.35693 ], [ 108.1396, 14.36019 ], [ 108.14944, 14.36035 ], [ 108.14801, 14.35567 ], [ 108.14217, 14.35355 ], [ 108.14697, 14.34747 ], [ 108.15394, 14.34908 ], [ 108.15166, 14.35342 ], [ 108.15544, 14.3536 ], [ 108.16041, 14.36306 ], [ 108.16252, 14.36187 ], [ 108.16982, 14.3682 ], [ 108.1875, 14.36797 ], [ 108.19286, 14.37391 ], [ 108.19863, 14.373 ], [ 108.19841, 14.37655 ], [ 108.20305, 14.37475 ], [ 108.20935, 14.38675 ], [ 108.22062, 14.39101 ], [ 108.22935, 14.39194 ], [ 108.23238, 14.38933 ], [ 108.24311, 14.39736 ], [ 108.25246, 14.39002 ], [ 108.26657, 14.38635 ], [ 108.29408, 14.39022 ], [ 108.29662, 14.39759 ], [ 108.2917, 14.40575 ], [ 108.2976, 14.41704 ], [ 108.30621, 14.42184 ], [ 108.32358, 14.4419 ], [ 108.3267, 14.4577 ], [ 108.36399, 14.49475 ], [ 108.38329, 14.52036 ], [ 108.38302, 14.52612 ], [ 108.37149, 14.5369 ], [ 108.37392, 14.54855 ], [ 108.35934, 14.56282 ], [ 108.35697, 14.56976 ], [ 108.35824, 14.58007 ], [ 108.36706, 14.58563 ], [ 108.37494, 14.60091 ], [ 108.3826, 14.59842 ], [ 108.38588, 14.60221 ], [ 108.39811, 14.60078 ], [ 108.40926, 14.58963 ], [ 108.41552, 14.57081 ], [ 108.44205, 14.55432 ], [ 108.45837, 14.55287 ], [ 108.48902, 14.54406 ], [ 108.50523, 14.54482 ], [ 108.52824, 14.55529 ], [ 108.53232, 14.57755 ], [ 108.54756, 14.58905 ], [ 108.55129, 14.5844 ], [ 108.56025, 14.58417 ], [ 108.57099, 14.57799 ], [ 108.57487, 14.57091 ], [ 108.59333, 14.56431 ], [ 108.5967, 14.55363 ], [ 108.5956, 14.54646 ], [ 108.60642, 14.5335 ], [ 108.61317, 14.5316 ], [ 108.61856, 14.54088 ], [ 108.62757, 14.54373 ], [ 108.62978, 14.53026 ], [ 108.63506, 14.52495 ], [ 108.62985, 14.51788 ], [ 108.63672, 14.50545 ], [ 108.63199, 14.49659 ], [ 108.6394, 14.48553 ], [ 108.63709, 14.48011 ], [ 108.64352, 14.47444 ], [ 108.64012, 14.46519 ], [ 108.64053, 14.45302 ], [ 108.63171, 14.44605 ], [ 108.62112, 14.44942 ], [ 108.6169, 14.4559 ], [ 108.61015, 14.45395 ], [ 108.6011, 14.45861 ], [ 108.61335, 14.43934 ], [ 108.6114, 14.42472 ], [ 108.61777, 14.41704 ], [ 108.61413, 14.41233 ], [ 108.61837, 14.4091 ], [ 108.62736, 14.38938 ], [ 108.62588, 14.38544 ], [ 108.63441, 14.37234 ], [ 108.62428, 14.35512 ], [ 108.63495, 14.34741 ], [ 108.64034, 14.32748 ], [ 108.64713, 14.32084 ], [ 108.64352, 14.30944 ], [ 108.64745, 14.2967 ], [ 108.66099, 14.28034 ], [ 108.65472, 14.27092 ], [ 108.65559, 14.25955 ], [ 108.66617, 14.25166 ], [ 108.66855, 14.24206 ], [ 108.66573, 14.2337 ], [ 108.67039, 14.22987 ], [ 108.67053, 14.22402 ], [ 108.67672, 14.2233 ], [ 108.67474, 14.20729 ], [ 108.68225, 14.199 ], [ 108.6814, 14.19021 ], [ 108.67442, 14.18299 ], [ 108.67804, 14.17823 ], [ 108.66719, 14.16634 ], [ 108.67166, 14.16035 ], [ 108.67902, 14.15739 ], [ 108.67669, 14.14918 ], [ 108.6827, 14.1418 ], [ 108.68288, 14.13234 ], [ 108.69368, 14.12021 ], [ 108.69234, 14.11507 ], [ 108.69934, 14.11351 ], [ 108.69981, 14.10666 ], [ 108.71233, 14.09649 ], [ 108.72168, 14.06587 ], [ 108.73384, 14.05257 ], [ 108.75502, 14.04555 ], [ 108.75752, 14.02586 ], [ 108.75269, 14.01863 ], [ 108.75829, 14.00076 ], [ 108.76386, 13.99304 ], [ 108.75232, 13.98038 ], [ 108.75708, 13.96946 ], [ 108.7523, 13.95668 ], [ 108.75534, 13.94721 ], [ 108.74868, 13.94752 ], [ 108.74439, 13.93366 ], [ 108.74722, 13.91446 ], [ 108.74234, 13.91065 ], [ 108.74891, 13.90012 ], [ 108.76375, 13.89255 ], [ 108.76301, 13.88561 ], [ 108.77203, 13.86644 ], [ 108.78195, 13.85601 ], [ 108.79193, 13.85347 ], [ 108.79774, 13.84525 ], [ 108.79305, 13.84017 ], [ 108.79736, 13.83452 ], [ 108.79453, 13.83373 ], [ 108.79617, 13.81476 ], [ 108.8011, 13.80722 ], [ 108.81979, 13.80098 ], [ 108.8231, 13.7934 ], [ 108.8271, 13.79267 ], [ 108.82516, 13.77067 ], [ 108.82861, 13.76067 ], [ 108.83425, 13.75771 ], [ 108.83398, 13.73288 ], [ 108.82661, 13.72118 ], [ 108.83318, 13.70894 ], [ 108.82924, 13.70311 ], [ 108.81396, 13.69617 ], [ 108.82236, 13.67033 ], [ 108.8211, 13.6539 ], [ 108.83199, 13.62591 ], [ 108.84126, 13.61139 ], [ 108.8392, 13.60081 ], [ 108.84631, 13.59463 ], [ 108.85126, 13.58431 ], [ 108.85113, 13.56902 ], [ 108.8448, 13.56379 ], [ 108.8276, 13.56437 ], [ 108.82067, 13.56737 ], [ 108.81469, 13.57632 ], [ 108.78947, 13.57806 ], [ 108.7853, 13.57763 ], [ 108.78041, 13.56887 ], [ 108.77425, 13.57027 ], [ 108.76795, 13.56148 ], [ 108.74912, 13.56684 ], [ 108.74789, 13.55613 ], [ 108.74136, 13.5569 ], [ 108.73609, 13.54821 ], [ 108.73229, 13.53898 ], [ 108.7326, 13.52872 ], [ 108.72667, 13.51938 ], [ 108.71414, 13.51766 ], [ 108.7124, 13.49967 ], [ 108.70313, 13.486 ], [ 108.71489, 13.47292 ], [ 108.71323, 13.46348 ], [ 108.72596, 13.46326 ], [ 108.73467, 13.45688 ], [ 108.7439, 13.4565 ], [ 108.75216, 13.4625 ], [ 108.75667, 13.45854 ], [ 108.76063, 13.46468 ], [ 108.77822, 13.4685 ], [ 108.78005, 13.46608 ], [ 108.78951, 13.46839 ], [ 108.79232, 13.47306 ], [ 108.7954, 13.47194 ], [ 108.79594, 13.46474 ], [ 108.79022, 13.4534 ], [ 108.79642, 13.45223 ], [ 108.79638, 13.44702 ], [ 108.79999, 13.44604 ], [ 108.80566, 13.4349 ], [ 108.80402, 13.41889 ], [ 108.80729, 13.39314 ], [ 108.80372, 13.38991 ], [ 108.8063, 13.36555 ], [ 108.81007, 13.35902 ], [ 108.80806, 13.357 ], [ 108.82424, 13.34356 ], [ 108.82677, 13.33585 ], [ 108.84001, 13.32312 ], [ 108.85265, 13.29302 ], [ 108.86069, 13.28673 ], [ 108.86746, 13.28846 ], [ 108.87305, 13.27912 ], [ 108.86777, 13.26134 ], [ 108.87036, 13.24585 ], [ 108.86362, 13.2251 ], [ 108.84998, 13.21695 ], [ 108.85098, 13.20853 ], [ 108.84779, 13.20273 ], [ 108.85493, 13.19382 ], [ 108.84835, 13.1901 ], [ 108.84921, 13.18 ], [ 108.84484, 13.18205 ], [ 108.84306, 13.17439 ], [ 108.83861, 13.17059 ], [ 108.84221, 13.16479 ], [ 108.83832, 13.16186 ], [ 108.82724, 13.16463 ], [ 108.82359, 13.15347 ], [ 108.81342, 13.15891 ], [ 108.80419, 13.14573 ], [ 108.80361, 13.1517 ], [ 108.79707, 13.15227 ], [ 108.7956, 13.14121 ], [ 108.79089, 13.14751 ], [ 108.7862, 13.14136 ], [ 108.77641, 13.14691 ], [ 108.77718, 13.13766 ], [ 108.76181, 13.13499 ], [ 108.75984, 13.12569 ], [ 108.76909, 13.11964 ], [ 108.76005, 13.11487 ], [ 108.75716, 13.10229 ], [ 108.74924, 13.09183 ], [ 108.75676, 13.03369 ], [ 108.71439, 13.01743 ], [ 108.69276, 13.01679 ], [ 108.67952, 12.9974 ], [ 108.67566, 12.99643 ], [ 108.66631, 13.00478 ], [ 108.65909, 12.99869 ], [ 108.6506, 13.00298 ] ] ] } },
{ "type": "Feature", "properties": { "NAME_1": "Hoà Bình", "id": "29", "GID_1": "VNM.30_1", "GID_0": "VNM", "COUNTRY": "Vietnam", "VARNAME_1": "Hoa Binh", "NL_NAME_1": "NA", "TYPE_1": "Tỉnh", "ENGTYPE_1": "Province", "CC_1": "NA", "HASC_1": "VN.HO", "ISO_1": "NA" }, "geometry": { "type": "Polygon", "coordinates": [ [ [ 105.72986, 20.33877 ], [ 105.72379, 20.32908 ], [ 105.7013, 20.32097 ], [ 105.68842, 20.30614 ], [ 105.67664, 20.30602 ], [ 105.63441, 20.34392 ], [ 105.62539, 20.34933 ], [ 105.61937, 20.34849 ], [ 105.59907, 20.36397 ], [ 105.58104, 20.36986 ], [ 105.57098, 20.35954 ], [ 105.56279, 20.35785 ], [ 105.54271, 20.36212 ], [ 105.54067, 20.36804 ], [ 105.52979, 20.37173 ], [ 105.52524, 20.36856 ], [ 105.52257, 20.36029 ], [ 105.50385, 20.36044 ], [ 105.47656, 20.37518 ], [ 105.46062, 20.3752 ], [ 105.43671, 20.38439 ], [ 105.42714, 20.38327 ], [ 105.42152, 20.37808 ], [ 105.40617, 20.37257 ], [ 105.35732, 20.39179 ], [ 105.34565, 20.39074 ], [ 105.3424, 20.39653 ], [ 105.32358, 20.40381 ], [ 105.30276, 20.42122 ], [ 105.30099, 20.41628 ], [ 105.29679, 20.4163 ], [ 105.28065, 20.42556 ], [ 105.27666, 20.43137 ], [ 105.26981, 20.42885 ], [ 105.25836, 20.43421 ], [ 105.26717, 20.45505 ], [ 105.26249, 20.45611 ], [ 105.26215, 20.46538 ], [ 105.241, 20.47574 ], [ 105.23964, 20.47947 ], [ 105.24459, 20.48805 ], [ 105.23055, 20.4973 ], [ 105.23119, 20.50319 ], [ 105.20135, 20.51845 ], [ 105.19064, 20.51697 ], [ 105.1841, 20.52135 ], [ 105.17827, 20.51643 ], [ 105.17015, 20.51508 ], [ 105.16196, 20.52338 ], [ 105.16174, 20.53514 ], [ 105.15314, 20.54315 ], [ 105.14128, 20.54386 ], [ 105.13033, 20.55671 ], [ 105.11147, 20.56375 ], [ 105.10594, 20.57338 ], [ 105.09359, 20.56686 ], [ 105.08817, 20.57486 ], [ 105.07856, 20.57824 ], [ 105.05436, 20.57039 ], [ 105.05302, 20.5611 ], [ 105.04585, 20.5566 ], [ 105.04134, 20.56019 ], [ 105.02394, 20.55903 ], [ 105.00967, 20.57214 ], [ 104.99658, 20.57791 ], [ 104.9817, 20.5737 ], [ 104.97998, 20.57609 ], [ 104.98467, 20.58482 ], [ 104.98402, 20.59209 ], [ 104.97541, 20.59533 ], [ 104.96979, 20.60424 ], [ 104.96329, 20.60816 ], [ 104.96066, 20.61746 ], [ 104.96291, 20.62187 ], [ 104.95049, 20.64176 ], [ 104.93186, 20.64888 ], [ 104.90166, 20.66957 ], [ 104.88445, 20.66822 ], [ 104.86648, 20.66178 ], [ 104.85298, 20.66365 ], [ 104.84663, 20.65215 ], [ 104.83719, 20.66059 ], [ 104.84158, 20.68578 ], [ 104.83691, 20.69767 ], [ 104.84938, 20.70293 ], [ 104.84104, 20.71082 ], [ 104.83871, 20.71901 ], [ 104.84485, 20.7312 ], [ 104.83644, 20.73428 ], [ 104.8383, 20.74801 ], [ 104.84257, 20.75161 ], [ 104.85899, 20.75424 ], [ 104.87513, 20.7676 ], [ 104.88223, 20.76759 ], [ 104.89085, 20.76145 ], [ 104.89488, 20.76322 ], [ 104.89719, 20.75775 ], [ 104.90647, 20.75328 ], [ 104.91085, 20.755 ], [ 104.91739, 20.75148 ], [ 104.92379, 20.74332 ], [ 104.93829, 20.74495 ], [ 104.94578, 20.73649 ], [ 104.95201, 20.74079 ], [ 104.98558, 20.72246 ], [ 105.0134, 20.72525 ], [ 105.0183, 20.72763 ], [ 105.01375, 20.73194 ], [ 105.01351, 20.7406 ], [ 104.9989, 20.75056 ], [ 104.99309, 20.75067 ], [ 104.99106, 20.75432 ], [ 105.00574, 20.78226 ], [ 105.00546, 20.78905 ], [ 105.01241, 20.78534 ], [ 105.0253, 20.80226 ], [ 104.99776, 20.81438 ], [ 105.00689, 20.84439 ], [ 104.9976, 20.8467 ], [ 105.00086, 20.85711 ], [ 104.99045, 20.87081 ], [ 104.99087, 20.87731 ], [ 104.98061, 20.88951 ], [ 104.97574, 20.90913 ], [ 104.96341, 20.91302 ], [ 104.95147, 20.92589 ], [ 104.93947, 20.93219 ], [ 104.92313, 20.96357 ], [ 104.90304, 20.97823 ], [ 104.8961, 20.98892 ], [ 104.89034, 21.00961 ], [ 104.88002, 21.02356 ], [ 104.86623, 21.03317 ], [ 104.85304, 21.0765 ], [ 104.85729, 21.07898 ], [ 104.86789, 21.07591 ], [ 104.87294, 21.085 ], [ 104.87144, 21.09254 ], [ 104.87668, 21.09871 ], [ 104.90637, 21.11258 ], [ 104.91217, 21.11197 ], [ 104.9173, 21.09372 ], [ 104.92619, 21.08434 ], [ 104.92126, 21.07516 ], [ 104.91126, 21.07181 ], [ 104.91121, 21.06704 ], [ 104.9297, 21.06546 ], [ 104.93812, 21.05614 ], [ 104.95643, 21.05686 ], [ 104.9632, 21.06024 ], [ 104.97089, 21.0525 ], [ 104.99261, 21.04844 ], [ 104.9982, 21.04151 ], [ 105.0078, 21.03924 ], [ 105.01669, 21.03164 ], [ 105.02136, 21.02134 ], [ 105.01864, 21.01526 ], [ 105.03036, 21.02235 ], [ 105.03834, 21.01239 ], [ 105.05087, 21.00812 ], [ 105.05524, 21.01055 ], [ 105.06208, 21.00246 ], [ 105.06758, 21.00158 ], [ 105.08961, 20.96987 ], [ 105.09164, 20.96108 ], [ 105.10873, 20.95617 ], [ 105.12262, 20.94166 ], [ 105.13212, 20.9381 ], [ 105.1453, 20.9386 ], [ 105.14763, 20.94162 ], [ 105.16128, 20.93958 ], [ 105.16194, 20.94335 ], [ 105.17739, 20.94503 ], [ 105.19, 20.95201 ], [ 105.19218, 20.95848 ], [ 105.19875, 20.95698 ], [ 105.20657, 20.95085 ], [ 105.19396, 20.92983 ], [ 105.19814, 20.9249 ], [ 105.19611, 20.92076 ], [ 105.20198, 20.91668 ], [ 105.20924, 20.91793 ], [ 105.21404, 20.92423 ], [ 105.22456, 20.92667 ], [ 105.21883, 20.93231 ], [ 105.22245, 20.93627 ], [ 105.22964, 20.93576 ], [ 105.2303, 20.93869 ], [ 105.24409, 20.94206 ], [ 105.2426, 20.94438 ], [ 105.24719, 20.94563 ], [ 105.26064, 20.93622 ], [ 105.26593, 20.93747 ], [ 105.26659, 20.94133 ], [ 105.27145, 20.94079 ], [ 105.27577, 20.92484 ], [ 105.29002, 20.92994 ], [ 105.29376, 20.92431 ], [ 105.31294, 20.92418 ], [ 105.31697, 20.92936 ], [ 105.31623, 20.93555 ], [ 105.34457, 20.94073 ], [ 105.32864, 20.9852 ], [ 105.32729, 20.99961 ], [ 105.32111, 21.00894 ], [ 105.31528, 21.0113 ], [ 105.32177, 21.01466 ], [ 105.32086, 21.01868 ], [ 105.3238, 21.01747 ], [ 105.32491, 21.02137 ], [ 105.32892, 21.01739 ], [ 105.32647, 21.00873 ], [ 105.33334, 21.00815 ], [ 105.33878, 21.01363 ], [ 105.34774, 21.01408 ], [ 105.35337, 21.00742 ], [ 105.37543, 21.01446 ], [ 105.38696, 21.02464 ], [ 105.39375, 21.00342 ], [ 105.40323, 20.99807 ], [ 105.41779, 20.99779 ], [ 105.42233, 20.98366 ], [ 105.43625, 20.97477 ], [ 105.4438, 20.95596 ], [ 105.46172, 20.94649 ], [ 105.47957, 20.94775 ], [ 105.49048, 20.9341 ], [ 105.52509, 20.91878 ], [ 105.53849, 20.92765 ], [ 105.54654, 20.92174 ], [ 105.5529, 20.92714 ], [ 105.5608, 20.92459 ], [ 105.5744, 20.92987 ], [ 105.58051, 20.92866 ], [ 105.58128, 20.92361 ], [ 105.58475, 20.92259 ], [ 105.57912, 20.92068 ], [ 105.58052, 20.91632 ], [ 105.56842, 20.91101 ], [ 105.56834, 20.90187 ], [ 105.56335, 20.89514 ], [ 105.56141, 20.89719 ], [ 105.55935, 20.89002 ], [ 105.54315, 20.88172 ], [ 105.54414, 20.8767 ], [ 105.55075, 20.87872 ], [ 105.55288, 20.88256 ], [ 105.55463, 20.87936 ], [ 105.55933, 20.88108 ], [ 105.56143, 20.87548 ], [ 105.57529, 20.86728 ], [ 105.58012, 20.85808 ], [ 105.58466, 20.85793 ], [ 105.58556, 20.84506 ], [ 105.58791, 20.84555 ], [ 105.58029, 20.83591 ], [ 105.57973, 20.82675 ], [ 105.57474, 20.82226 ], [ 105.56071, 20.81979 ], [ 105.55525, 20.80602 ], [ 105.55815, 20.80364 ], [ 105.55932, 20.80677 ], [ 105.58353, 20.8119 ], [ 105.58406, 20.81756 ], [ 105.5882, 20.82071 ], [ 105.58914, 20.8311 ], [ 105.59563, 20.83099 ], [ 105.59801, 20.83385 ], [ 105.59626, 20.84165 ], [ 105.61343, 20.83603 ], [ 105.61954, 20.83185 ], [ 105.61774, 20.83044 ], [ 105.62609, 20.83261 ], [ 105.6306, 20.82944 ], [ 105.63351, 20.83064 ], [ 105.63206, 20.83774 ], [ 105.63644, 20.83932 ], [ 105.63522, 20.83316 ], [ 105.64214, 20.82761 ], [ 105.64035, 20.82258 ], [ 105.63835, 20.82479 ], [ 105.63039, 20.82103 ], [ 105.63088, 20.81733 ], [ 105.6271, 20.81569 ], [ 105.632, 20.81399 ], [ 105.63059, 20.81091 ], [ 105.63464, 20.80196 ], [ 105.63059, 20.7935 ], [ 105.64809, 20.79368 ], [ 105.65166, 20.75467 ], [ 105.65782, 20.74134 ], [ 105.66653, 20.73408 ], [ 105.66157, 20.72343 ], [ 105.68336, 20.69631 ], [ 105.68022, 20.68346 ], [ 105.66959, 20.67956 ], [ 105.66946, 20.67592 ], [ 105.6752, 20.6636 ], [ 105.67741, 20.67175 ], [ 105.67958, 20.6696 ], [ 105.6792, 20.64542 ], [ 105.6868, 20.63775 ], [ 105.67843, 20.62848 ], [ 105.67036, 20.63202 ], [ 105.6639, 20.62815 ], [ 105.66725, 20.62352 ], [ 105.66621, 20.61793 ], [ 105.68693, 20.61605 ], [ 105.69172, 20.62211 ], [ 105.69672, 20.61945 ], [ 105.70134, 20.62147 ], [ 105.70559, 20.60896 ], [ 105.70407, 20.60259 ], [ 105.70831, 20.59883 ], [ 105.7217, 20.59607 ], [ 105.72717, 20.60459 ], [ 105.73158, 20.60013 ], [ 105.74397, 20.59826 ], [ 105.76517, 20.5755 ], [ 105.77368, 20.54894 ], [ 105.78274, 20.53974 ], [ 105.79525, 20.51154 ], [ 105.80013, 20.51329 ], [ 105.80798, 20.49866 ], [ 105.81899, 20.50604 ], [ 105.82007, 20.49452 ], [ 105.82445, 20.48905 ], [ 105.83803, 20.48036 ], [ 105.85245, 20.47815 ], [ 105.85432, 20.43237 ], [ 105.85737, 20.42654 ], [ 105.84868, 20.42615 ], [ 105.84369, 20.42071 ], [ 105.82325, 20.41801 ], [ 105.80035, 20.43751 ], [ 105.79222, 20.45406 ], [ 105.7874, 20.45318 ], [ 105.78866, 20.44774 ], [ 105.78245, 20.43652 ], [ 105.77691, 20.436 ], [ 105.7728, 20.44256 ], [ 105.7517, 20.43886 ], [ 105.75678, 20.41763 ], [ 105.75934, 20.41645 ], [ 105.75267, 20.41305 ], [ 105.75208, 20.40718 ], [ 105.75656, 20.39764 ], [ 105.75384, 20.39745 ], [ 105.7546, 20.38855 ], [ 105.75975, 20.37815 ], [ 105.75668, 20.36725 ], [ 105.74637, 20.36668 ], [ 105.74618, 20.38198 ], [ 105.73063, 20.38549 ], [ 105.73324, 20.39877 ], [ 105.72788, 20.39949 ], [ 105.72841, 20.40198 ], [ 105.70547, 20.41191 ], [ 105.6857, 20.41095 ], [ 105.68575, 20.40534 ], [ 105.68909, 20.40197 ], [ 105.69483, 20.40271 ], [ 105.69918, 20.39731 ], [ 105.69642, 20.39268 ], [ 105.69244, 20.39248 ], [ 105.71276, 20.36617 ], [ 105.71027, 20.36019 ], [ 105.72986, 20.33877 ] ] ] } },
{ "type": "Feature", "properties": { "NAME_1": "Hoàng Liên Sơn", "id": "37", "GID_1": "VNM.38_1", "GID_0": "VNM", "COUNTRY": "Vietnam", "VARNAME_1": "Lao Cai", "NL_NAME_1": "NA", "TYPE_1": "Tỉnh", "ENGTYPE_1": "Province", "CC_1": "NA", "HASC_1": "VN.LO", "ISO_1": "NA" }, "geometry": { "type": "Polygon", "coordinates": [ [ [ 104.77793, 21.32594 ], [ 104.76791, 21.33169 ], [ 104.76817, 21.34677 ], [ 104.75716, 21.34786 ], [ 104.75723, 21.35294 ], [ 104.74878, 21.35249 ], [ 104.74797, 21.36779 ], [ 104.74393, 21.36836 ], [ 104.73451, 21.38148 ], [ 104.73343, 21.40613 ], [ 104.72443, 21.40057 ], [ 104.71036, 21.39972 ], [ 104.70313, 21.40586 ], [ 104.69732, 21.40017 ], [ 104.69012, 21.40075 ], [ 104.68557, 21.37709 ], [ 104.67834, 21.37537 ], [ 104.65228, 21.38476 ], [ 104.64476, 21.38342 ], [ 104.62036, 21.40153 ], [ 104.61555, 21.40205 ], [ 104.60674, 21.41588 ], [ 104.59061, 21.4226 ], [ 104.58385, 21.42027 ], [ 104.57887, 21.40883 ], [ 104.57016, 21.41288 ], [ 104.56176, 21.40947 ], [ 104.55025, 21.40961 ], [ 104.53252, 21.41437 ], [ 104.52087, 21.40425 ], [ 104.51392, 21.38825 ], [ 104.50446, 21.37677 ], [ 104.48723, 21.36764 ], [ 104.48238, 21.35774 ], [ 104.47195, 21.3514 ], [ 104.444, 21.35756 ], [ 104.42986, 21.35454 ], [ 104.42078, 21.35999 ], [ 104.42073, 21.37493 ], [ 104.41226, 21.38662 ], [ 104.39831, 21.39153 ], [ 104.38718, 21.40171 ], [ 104.36991, 21.39865 ], [ 104.36263, 21.40231 ], [ 104.35381, 21.41504 ], [ 104.34777, 21.41835 ], [ 104.34361, 21.41766 ], [ 104.34054, 21.40933 ], [ 104.33203, 21.40811 ], [ 104.32274, 21.41872 ], [ 104.31905, 21.42877 ], [ 104.30362, 21.43383 ], [ 104.29857, 21.43902 ], [ 104.30209, 21.45253 ], [ 104.30044, 21.45758 ], [ 104.28702, 21.4637 ], [ 104.28198, 21.47207 ], [ 104.28412, 21.49156 ], [ 104.29509, 21.51039 ], [ 104.29276, 21.52631 ], [ 104.28255, 21.5372 ], [ 104.27696, 21.55122 ], [ 104.288, 21.56826 ], [ 104.29781, 21.57129 ], [ 104.29151, 21.59561 ], [ 104.28786, 21.59994 ], [ 104.29939, 21.60427 ], [ 104.3195, 21.62016 ], [ 104.33049, 21.63788 ], [ 104.33965, 21.6417 ], [ 104.33888, 21.65313 ], [ 104.316, 21.65667 ], [ 104.29678, 21.65297 ], [ 104.28791, 21.6615 ], [ 104.2722, 21.6651 ], [ 104.26075, 21.66365 ], [ 104.25587, 21.66601 ], [ 104.25423, 21.67104 ], [ 104.23199, 21.67306 ], [ 104.21187, 21.67135 ], [ 104.21088, 21.66404 ], [ 104.19648, 21.64801 ], [ 104.17419, 21.64874 ], [ 104.15997, 21.65574 ], [ 104.12352, 21.6514 ], [ 104.10763, 21.6454 ], [ 104.10128, 21.64737 ], [ 104.09222, 21.64259 ], [ 104.08018, 21.64947 ], [ 104.04878, 21.65765 ], [ 104.02766, 21.67217 ], [ 104.02089, 21.66859 ], [ 104.01504, 21.67076 ], [ 104.00706, 21.66575 ], [ 104.00533, 21.67281 ], [ 103.99593, 21.67573 ], [ 103.98749, 21.67397 ], [ 103.98455, 21.67833 ], [ 103.96815, 21.66379 ], [ 103.96545, 21.66892 ], [ 103.9373, 21.66983 ], [ 103.93809, 21.69059 ], [ 103.92207, 21.70065 ], [ 103.92179, 21.70763 ], [ 103.91199, 21.71638 ], [ 103.91757, 21.72418 ], [ 103.9156, 21.73484 ], [ 103.93111, 21.74361 ], [ 103.93829, 21.73869 ], [ 103.94255, 21.74354 ], [ 103.95313, 21.7409 ], [ 103.95152, 21.75697 ], [ 103.95545, 21.75383 ], [ 103.95927, 21.75726 ], [ 103.96392, 21.75575 ], [ 103.96687, 21.77089 ], [ 103.96091, 21.77538 ], [ 103.956, 21.78726 ], [ 103.95187, 21.78821 ], [ 103.95299, 21.79716 ], [ 103.94496, 21.80519 ], [ 103.94471, 21.81004 ], [ 103.93877, 21.81165 ], [ 103.93557, 21.81917 ], [ 103.91759, 21.82918 ], [ 103.92015, 21.83674 ], [ 103.88927, 21.86525 ], [ 103.88689, 21.8917 ], [ 103.88914, 21.90057 ], [ 103.88597, 21.90626 ], [ 103.88816, 21.91338 ], [ 103.89348, 21.92117 ], [ 103.90559, 21.92105 ], [ 103.91964, 21.93221 ], [ 103.92564, 21.92953 ], [ 103.92905, 21.92332 ], [ 103.94302, 21.91771 ], [ 103.96061, 21.93551 ], [ 103.96304, 21.94778 ], [ 103.97123, 21.95955 ], [ 103.97697, 21.96003 ], [ 103.984573201070731, 21.966622589251379 ], [ 103.97365, 21.9764 ], [ 103.96775, 21.98833 ], [ 103.95448, 21.99993 ], [ 103.96141, 22.00413 ], [ 103.96545, 22.01283 ], [ 103.95309, 22.02623 ], [ 103.95727, 22.04893 ], [ 103.95373, 22.06191 ], [ 103.94366, 22.075 ], [ 103.94325, 22.07996 ], [ 103.93845, 22.08154 ], [ 103.94433, 22.10597 ], [ 103.93616, 22.12252 ], [ 103.93938, 22.1263 ], [ 103.93813, 22.1398 ], [ 103.91598, 22.14366 ], [ 103.90765, 22.15569 ], [ 103.89915, 22.15794 ], [ 103.88793, 22.17434 ], [ 103.86845, 22.17838 ], [ 103.86532, 22.18266 ], [ 103.87238, 22.18933 ], [ 103.873, 22.19917 ], [ 103.85724, 22.20575 ], [ 103.85162, 22.2199 ], [ 103.84238, 22.22591 ], [ 103.84277, 22.24241 ], [ 103.8291, 22.26003 ], [ 103.82458, 22.27256 ], [ 103.79014, 22.30119 ], [ 103.77495, 22.30301 ], [ 103.77157, 22.30932 ], [ 103.76119, 22.31157 ], [ 103.77311, 22.32635 ], [ 103.7692, 22.33185 ], [ 103.78184, 22.33761 ], [ 103.77739, 22.34237 ], [ 103.78111, 22.34712 ], [ 103.77953, 22.34918 ], [ 103.76665, 22.35552 ], [ 103.76591, 22.37311 ], [ 103.76841, 22.37951 ], [ 103.76529, 22.39034 ], [ 103.74662, 22.40809 ], [ 103.731, 22.41545 ], [ 103.72333, 22.41225 ], [ 103.71518, 22.41364 ], [ 103.71149, 22.40854 ], [ 103.70075, 22.40544 ], [ 103.69651, 22.40848 ], [ 103.67583, 22.40348 ], [ 103.64597, 22.40449 ], [ 103.62634, 22.3962 ], [ 103.60365, 22.41045 ], [ 103.60356, 22.42439 ], [ 103.5883, 22.42873 ], [ 103.58837, 22.43616 ], [ 103.58121, 22.43876 ], [ 103.57735, 22.44678 ], [ 103.57169, 22.44734 ], [ 103.56875, 22.45719 ], [ 103.5565, 22.46307 ], [ 103.55508, 22.47084 ], [ 103.56605, 22.48483 ], [ 103.57678, 22.49068 ], [ 103.58265, 22.49839 ], [ 103.58785, 22.50688 ], [ 103.58591, 22.51144 ], [ 103.59546, 22.52586 ], [ 103.58449, 22.53122 ], [ 103.58092, 22.54975 ], [ 103.56633, 22.56837 ], [ 103.5722, 22.57875 ], [ 103.54793, 22.58851 ], [ 103.53307, 22.58417 ], [ 103.53088, 22.59279 ], [ 103.54713, 22.61336 ], [ 103.54543, 22.61848 ], [ 103.55136, 22.62708 ], [ 103.55284, 22.63731 ], [ 103.57136, 22.64223 ], [ 103.57984, 22.66437 ], [ 103.5784, 22.6711 ], [ 103.56771, 22.67974 ], [ 103.56498, 22.70074 ], [ 103.57684, 22.72078 ], [ 103.58373, 22.72322 ], [ 103.58281, 22.72721 ], [ 103.59834, 22.74209 ], [ 103.59933, 22.74809 ], [ 103.6043, 22.74907 ], [ 103.60642, 22.75703 ], [ 103.60989, 22.75643 ], [ 103.60858, 22.76385 ], [ 103.62041, 22.77427 ], [ 103.61843, 22.78546 ], [ 103.62365, 22.78565 ], [ 103.63096, 22.79157 ], [ 103.631, 22.78705 ], [ 103.63792, 22.78651 ], [ 103.63464, 22.79082 ], [ 103.63938, 22.79118 ], [ 103.63807, 22.79581 ], [ 103.64107, 22.79799 ], [ 103.64066, 22.79254 ], [ 103.64726, 22.79453 ], [ 103.6507, 22.79079 ], [ 103.65874, 22.7896 ], [ 103.66838, 22.76721 ], [ 103.67877, 22.76371 ], [ 103.68695, 22.75011 ], [ 103.70259, 22.74495 ], [ 103.72659, 22.72413 ], [ 103.73997, 22.70951 ], [ 103.73631, 22.70191 ], [ 103.74747, 22.69505 ], [ 103.7494, 22.68899 ], [ 103.76722, 22.68902 ], [ 103.78187, 22.67041 ], [ 103.80156, 22.65254 ], [ 103.82407, 22.61737 ], [ 103.84085, 22.6056 ], [ 103.84628, 22.59603 ], [ 103.85921, 22.58856 ], [ 103.87464, 22.56722 ], [ 103.8825, 22.56405 ], [ 103.88602, 22.57017 ], [ 103.88931, 22.57004 ], [ 103.91499, 22.54404 ], [ 103.91447, 22.53511 ], [ 103.91911, 22.53362 ], [ 103.92619, 22.53952 ], [ 103.93221, 22.52795 ], [ 103.9445, 22.52531 ], [ 103.95327, 22.51211 ], [ 103.96434, 22.50574 ], [ 103.96858, 22.5115 ], [ 103.97253, 22.50675 ], [ 103.97865, 22.50655 ], [ 103.99014, 22.51936 ], [ 104.00606, 22.51707 ], [ 104.01259, 22.52375 ], [ 104.00537, 22.53831 ], [ 104.00934, 22.54366 ], [ 104.01501, 22.54337 ], [ 104.01164, 22.54781 ], [ 104.01469, 22.55019 ], [ 104.00993, 22.5627 ], [ 104.01635, 22.5654 ], [ 104.00543, 22.57582 ], [ 104.01431, 22.57892 ], [ 104.01444, 22.5909 ], [ 104.02008, 22.59641 ], [ 104.02113, 22.606 ], [ 104.02697, 22.61587 ], [ 104.02451, 22.62048 ], [ 104.02955, 22.62582 ], [ 104.02779, 22.636 ], [ 104.0313, 22.64229 ], [ 104.03242, 22.66357 ], [ 104.03991, 22.6812 ], [ 104.03222, 22.68415 ], [ 104.02879, 22.68953 ], [ 104.03591, 22.70385 ], [ 104.03929, 22.72371 ], [ 104.04704, 22.73533 ], [ 104.0658, 22.75732 ], [ 104.0788, 22.76201 ], [ 104.07848, 22.76582 ], [ 104.0881, 22.76993 ], [ 104.09502, 22.78927 ], [ 104.11495, 22.81169 ], [ 104.13077, 22.81164 ], [ 104.13322, 22.80503 ], [ 104.14065, 22.80609 ], [ 104.16206, 22.81576 ], [ 104.16508, 22.82213 ], [ 104.17538, 22.8202 ], [ 104.18335, 22.82612 ], [ 104.19038, 22.82071 ], [ 104.19756, 22.82626 ], [ 104.21562, 22.83176 ], [ 104.22054, 22.82887 ], [ 104.24077, 22.84098 ], [ 104.24075, 22.84371 ], [ 104.25121, 22.83961 ], [ 104.2571, 22.84407 ], [ 104.26668, 22.84032 ], [ 104.27073, 22.83006 ], [ 104.26575, 22.81973 ], [ 104.2663, 22.80818 ], [ 104.25488, 22.77749 ], [ 104.25929, 22.77119 ], [ 104.2585, 22.76611 ], [ 104.2706, 22.75336 ], [ 104.26884, 22.74024 ], [ 104.27777, 22.74013 ], [ 104.29632, 22.73018 ], [ 104.29733, 22.73252 ], [ 104.30828, 22.72981 ], [ 104.32058, 22.73206 ], [ 104.33955, 22.72236 ], [ 104.34131, 22.70359 ], [ 104.33569, 22.69674 ], [ 104.3351, 22.68976 ], [ 104.35945, 22.67327 ], [ 104.39841, 22.68051 ], [ 104.41045, 22.65936 ], [ 104.4059, 22.65415 ], [ 104.4155, 22.63464 ], [ 104.43761, 22.61896 ], [ 104.46222, 22.61318 ], [ 104.45905, 22.60416 ], [ 104.46391, 22.59791 ], [ 104.46635, 22.57481 ], [ 104.45314, 22.57269 ], [ 104.44189, 22.5765 ], [ 104.42452, 22.57317 ], [ 104.4247, 22.56454 ], [ 104.421, 22.55873 ], [ 104.4235, 22.5502 ], [ 104.41547, 22.53649 ], [ 104.41492, 22.52772 ], [ 104.43459, 22.52244 ], [ 104.44028, 22.50746 ], [ 104.45437, 22.49498 ], [ 104.47047, 22.48948 ], [ 104.47392, 22.48359 ], [ 104.44881, 22.46013 ], [ 104.44902, 22.44995 ], [ 104.46141, 22.43591 ], [ 104.46619, 22.42497 ], [ 104.49094, 22.41975 ], [ 104.49053, 22.41333 ], [ 104.49712, 22.40491 ], [ 104.50813, 22.40416 ], [ 104.53063, 22.38686 ], [ 104.53637, 22.38717 ], [ 104.55, 22.38039 ], [ 104.55407, 22.37323 ], [ 104.54667, 22.36211 ], [ 104.55335, 22.3547 ], [ 104.56934, 22.35538 ], [ 104.57998, 22.3499 ], [ 104.58107, 22.34564 ], [ 104.57355, 22.34158 ], [ 104.56493, 22.33068 ], [ 104.57861, 22.31583 ], [ 104.58015, 22.30624 ], [ 104.5589, 22.28409 ], [ 104.55208, 22.2843 ], [ 104.54329, 22.27761 ], [ 104.54757, 22.2673 ], [ 104.5481, 22.25015 ], [ 104.55294, 22.2417 ], [ 104.57471, 22.24553 ], [ 104.57892, 22.25197 ], [ 104.58604, 22.25138 ], [ 104.58704, 22.23751 ], [ 104.58577, 22.2638 ], [ 104.60927, 22.29186 ], [ 104.61412, 22.29133 ], [ 104.61746, 22.28702 ], [ 104.62894, 22.28711 ], [ 104.6421, 22.27683 ], [ 104.65051, 22.28036 ], [ 104.66046, 22.27352 ], [ 104.6701, 22.27679 ], [ 104.6768, 22.26483 ], [ 104.6864, 22.26141 ], [ 104.70522, 22.26357 ], [ 104.72232, 22.25747 ], [ 104.72343, 22.24712 ], [ 104.72969, 22.23453 ], [ 104.72978, 22.22547 ], [ 104.72054, 22.2144 ], [ 104.72493, 22.19847 ], [ 104.73417, 22.19776 ], [ 104.74164, 22.18535 ], [ 104.75616, 22.18745 ], [ 104.75587, 22.17442 ], [ 104.7632, 22.16964 ], [ 104.78004, 22.16609 ], [ 104.77977, 22.17095 ], [ 104.78342, 22.17255 ], [ 104.79973, 22.17009 ], [ 104.81301, 22.1728 ], [ 104.81887, 22.17989 ], [ 104.81729, 22.18571 ], [ 104.83011, 22.17735 ], [ 104.84897, 22.18515 ], [ 104.85086, 22.17469 ], [ 104.85547, 22.17022 ], [ 104.85403, 22.15735 ], [ 104.86356, 22.14247 ], [ 104.85987, 22.13565 ], [ 104.86189, 22.13218 ], [ 104.85968, 22.12599 ], [ 104.86489, 22.11231 ], [ 104.86492, 22.09655 ], [ 104.87146, 22.09181 ], [ 104.87377, 22.08027 ], [ 104.88197, 22.07243 ], [ 104.8952, 22.07183 ], [ 104.90297, 22.06385 ], [ 104.91256, 22.06543 ], [ 104.91812, 22.05874 ], [ 104.92812, 22.06172 ], [ 104.93474, 22.05862 ], [ 104.94106, 22.05314 ], [ 104.94063, 22.04421 ], [ 104.94653, 22.03565 ], [ 104.95604, 22.03498 ], [ 104.96236, 22.02905 ], [ 104.96764, 22.03132 ], [ 104.97353, 22.04082 ], [ 104.99012, 22.0452 ], [ 104.99772, 22.04288 ], [ 104.99227, 22.02036 ], [ 104.99643, 22.01484 ], [ 104.98971, 22.00262 ], [ 104.99265, 21.99662 ], [ 104.99074, 21.99369 ], [ 104.99559, 21.99348 ], [ 104.99985, 21.98795 ], [ 104.99253, 21.97203 ], [ 104.99534, 21.96179 ], [ 104.98652, 21.93643 ], [ 104.98972, 21.93124 ], [ 104.99755, 21.92866 ], [ 105.00976, 21.93725 ], [ 105.01922, 21.93572 ], [ 105.0189, 21.92693 ], [ 105.02295, 21.9243 ], [ 105.02161, 21.91614 ], [ 105.01429, 21.90719 ], [ 105.01488, 21.89759 ], [ 105.02586, 21.89179 ], [ 105.03703, 21.89127 ], [ 105.04157, 21.88544 ], [ 105.0412, 21.87369 ], [ 105.04577, 21.86394 ], [ 105.05875, 21.85805 ], [ 105.06152, 21.84993 ], [ 105.07721, 21.83024 ], [ 105.08893, 21.82818 ], [ 105.09964, 21.81443 ], [ 105.10033, 21.81205 ], [ 105.08817, 21.80652 ], [ 105.08067, 21.78747 ], [ 105.0714, 21.78022 ], [ 105.08091, 21.77073 ], [ 105.07504, 21.75863 ], [ 105.06896, 21.75156 ], [ 105.05636, 21.7479 ], [ 105.0761, 21.73566 ], [ 105.07368, 21.72904 ], [ 105.07693, 21.72203 ], [ 105.08309, 21.72418 ], [ 105.0917, 21.7128 ], [ 105.08685, 21.70269 ], [ 105.09606, 21.70048 ], [ 105.10034, 21.68528 ], [ 105.09441, 21.67815 ], [ 105.08526, 21.68357 ], [ 105.07298, 21.6815 ], [ 105.06116, 21.69008 ], [ 105.05886, 21.68578 ], [ 105.04406, 21.6905 ], [ 105.03896, 21.69747 ], [ 105.03077, 21.70108 ], [ 105.02475, 21.69576 ], [ 105.02512, 21.69242 ], [ 105.02054, 21.69625 ], [ 105.02283, 21.69244 ], [ 105.01968, 21.68818 ], [ 104.99953, 21.68755 ], [ 105.00206, 21.6841 ], [ 105.00071, 21.67944 ], [ 104.99168, 21.67887 ], [ 104.98005, 21.67298 ], [ 104.98643, 21.66795 ], [ 104.9858, 21.6622 ], [ 104.97301, 21.65705 ], [ 104.97014, 21.65101 ], [ 104.97277, 21.64915 ], [ 104.97147, 21.64583 ], [ 104.95505, 21.66027 ], [ 104.95024, 21.65534 ], [ 104.9378, 21.65129 ], [ 104.93402, 21.64256 ], [ 104.9225, 21.64055 ], [ 104.90707, 21.63124 ], [ 104.90357, 21.62219 ], [ 104.90515, 21.60928 ], [ 104.891, 21.60928 ], [ 104.88807, 21.6128 ], [ 104.89361, 21.60432 ], [ 104.89191, 21.59596 ], [ 104.89759, 21.58133 ], [ 104.89877, 21.56518 ], [ 104.88779, 21.55767 ], [ 104.872, 21.55537 ], [ 104.86784, 21.54874 ], [ 104.86849, 21.54214 ], [ 104.87817, 21.53562 ], [ 104.8855, 21.52205 ], [ 104.8825, 21.50859 ], [ 104.88486, 21.50051 ], [ 104.89397, 21.48386 ], [ 104.89679, 21.4694 ], [ 104.91167, 21.44758 ], [ 104.91145, 21.43306 ], [ 104.9057, 21.42809 ], [ 104.90768, 21.41423 ], [ 104.89487, 21.39292 ], [ 104.88651, 21.39325 ], [ 104.88286, 21.39046 ], [ 104.88449, 21.387 ], [ 104.88187, 21.38405 ], [ 104.88471, 21.37972 ], [ 104.8836, 21.37327 ], [ 104.89375, 21.36477 ], [ 104.9004, 21.35083 ], [ 104.8973, 21.34515 ], [ 104.88282, 21.34199 ], [ 104.86842, 21.35358 ], [ 104.86284, 21.36554 ], [ 104.85355, 21.3647 ], [ 104.85419, 21.35193 ], [ 104.84458, 21.35195 ], [ 104.84884, 21.3387 ], [ 104.81912, 21.3381 ], [ 104.81511, 21.33403 ], [ 104.80219, 21.33069 ], [ 104.79463, 21.33516 ], [ 104.77793, 21.32594 ] ], [ [ 103.995858040623915, 21.952735009273031 ], [ 103.9951, 21.9572 ], [ 103.99286212962474, 21.959203128727495 ], [ 103.995858040623915, 21.952735009273031 ] ], [ [ 103.996461910329927, 21.946627010148372 ], [ 103.99683, 21.94701 ], [ 103.996678769622278, 21.947900773149748 ], [ 103.996461910329927, 21.946627010148372 ] ], [ [ 103.99154, 21.93556 ], [ 103.99726, 21.92703 ], [ 103.99016, 21.94007 ], [ 103.99154, 21.93556 ] ], [ [ 104.417871338777829, 22.012030752944504 ], [ 104.41683, 22.01053 ], [ 104.418748841051922, 22.00789565889481 ], [ 104.417871338777829, 22.012030752944504 ] ], [ [ 104.41423, 22.02919 ], [ 104.412092849811174, 22.030333826861629 ], [ 104.414722243583739, 22.026870378075188 ], [ 104.41423, 22.02919 ] ], [ [ 104.39763, 22.04803 ], [ 104.39284, 22.04849 ], [ 104.399285286514498, 22.045634988376463 ], [ 104.39763, 22.04803 ] ] ] } },
{ "type": "Feature", "properties": { "NAME_1": "Hà Bắc", "id": "2", "GID_1": "VNM.3_1", "GID_0": "VNM", "COUNTRY": "Vietnam", "VARNAME_1": "Bac Giang", "NL_NAME_1": "NA", "TYPE_1": "Tỉnh", "ENGTYPE_1": "Province", "CC_1": "NA", "HASC_1": "VN.BG", "ISO_1": "NA" }, "geometry": { "type": "Polygon", "coordinates": [ [ [ 106.12744, 20.98374 ], [ 106.11524, 20.98337 ], [ 106.11568, 20.99575 ], [ 106.10921, 20.99971 ], [ 106.1021, 20.9973 ], [ 106.08984, 21.00715 ], [ 106.08395, 21.0045 ], [ 106.08246, 20.99834 ], [ 106.07698, 20.99545 ], [ 106.06721, 21.00078 ], [ 106.05805, 21.00042 ], [ 106.05517, 21.00635 ], [ 106.05111, 21.00696 ], [ 106.05027, 21.00354 ], [ 106.04198, 21.00359 ], [ 106.02968, 20.9931 ], [ 106.02468, 20.99605 ], [ 106.02164, 20.99448 ], [ 106.01659, 21.00186 ], [ 106.01238, 21.00226 ], [ 106.01134, 20.99882 ], [ 106.00123, 21.00032 ], [ 105.9991, 21.00662 ], [ 106.01037, 21.0108 ], [ 106.00446, 21.01171 ], [ 106.00459, 21.02203 ], [ 106.00948, 21.02435 ], [ 106.00645, 21.02886 ], [ 106.01646, 21.03441 ], [ 106.02001, 21.04753 ], [ 106.01398, 21.05091 ], [ 106.01441, 21.05594 ], [ 106.00823, 21.0555 ], [ 106.00909, 21.06369 ], [ 106.00122, 21.06911 ], [ 105.99952, 21.07447 ], [ 105.99364, 21.06896 ], [ 105.96838, 21.07205 ], [ 105.96201, 21.07794 ], [ 105.95794, 21.09126 ], [ 105.94025, 21.08342 ], [ 105.94092, 21.08905 ], [ 105.93456, 21.09659 ], [ 105.93641, 21.10165 ], [ 105.93425, 21.10587 ], [ 105.9294, 21.11262 ], [ 105.92145, 21.11669 ], [ 105.92418, 21.12056 ], [ 105.91558, 21.11898 ], [ 105.9128, 21.12652 ], [ 105.91928, 21.12992 ], [ 105.91782, 21.13198 ], [ 105.92188, 21.13535 ], [ 105.92518, 21.1345 ], [ 105.92626, 21.14035 ], [ 105.92561, 21.14698 ], [ 105.91955, 21.15542 ], [ 105.92285, 21.16277 ], [ 105.91928, 21.16319 ], [ 105.91688, 21.17158 ], [ 105.9212, 21.17371 ], [ 105.92018, 21.17835 ], [ 105.92366, 21.18274 ], [ 105.9122, 21.19235 ], [ 105.90712, 21.19244 ], [ 105.90265, 21.2012 ], [ 105.91116, 21.20117 ], [ 105.91375, 21.20336 ], [ 105.90993, 21.20733 ], [ 105.91556, 21.20942 ], [ 105.9105, 21.22441 ], [ 105.90365, 21.2238 ], [ 105.90653, 21.23226 ], [ 105.91934, 21.231 ], [ 105.92764, 21.2393 ], [ 105.9263, 21.24472 ], [ 105.93501, 21.24541 ], [ 105.937301433164109, 21.243316591924138 ], [ 105.93863, 21.24667 ], [ 105.92301, 21.26944 ], [ 105.92323, 21.2876 ], [ 105.93028, 21.29136 ], [ 105.93076, 21.29486 ], [ 105.91628, 21.29496 ], [ 105.91645, 21.30555 ], [ 105.90891, 21.30161 ], [ 105.90102, 21.30397 ], [ 105.89685, 21.30884 ], [ 105.89795, 21.32715 ], [ 105.89001, 21.32681 ], [ 105.88078, 21.33663 ], [ 105.88647, 21.34598 ], [ 105.89601, 21.34303 ], [ 105.90736, 21.34861 ], [ 105.90762, 21.35233 ], [ 105.89564, 21.35106 ], [ 105.91154, 21.37618 ], [ 105.91696, 21.37261 ], [ 105.9231, 21.37488 ], [ 105.93977, 21.3722 ], [ 105.94335, 21.37701 ], [ 105.94509, 21.39125 ], [ 105.94003, 21.39908 ], [ 105.95338, 21.40676 ], [ 105.95504, 21.40093 ], [ 105.95895, 21.40216 ], [ 105.95439, 21.41325 ], [ 105.95863, 21.42377 ], [ 105.95756, 21.43224 ], [ 105.96117, 21.43629 ], [ 105.96528, 21.43572 ], [ 105.97207, 21.41997 ], [ 105.97924, 21.41361 ], [ 105.98488, 21.411 ], [ 105.98668, 21.41407 ], [ 105.99085, 21.41292 ], [ 105.99074, 21.41018 ], [ 105.99629, 21.40815 ], [ 105.99561, 21.40479 ], [ 106.00858, 21.40597 ], [ 106.01762, 21.40279 ], [ 106.02007, 21.39555 ], [ 106.02934, 21.39409 ], [ 106.02745, 21.39936 ], [ 106.03438, 21.41022 ], [ 106.03105, 21.42527 ], [ 106.02542, 21.43129 ], [ 106.03201, 21.43801 ], [ 106.0463, 21.4421 ], [ 106.05199, 21.46237 ], [ 106.04371, 21.46382 ], [ 106.04073, 21.47266 ], [ 106.04553, 21.47511 ], [ 106.04787, 21.48175 ], [ 106.03778, 21.49022 ], [ 106.04548, 21.50861 ], [ 106.045, 21.51354 ], [ 106.0409, 21.51627 ], [ 106.04462, 21.51849 ], [ 106.04738, 21.5305 ], [ 106.0537, 21.53867 ], [ 106.05054, 21.54569 ], [ 106.05611, 21.54915 ], [ 106.05064, 21.55211 ], [ 106.04801, 21.55876 ], [ 106.03042, 21.56197 ], [ 106.03355, 21.56424 ], [ 106.03316, 21.57136 ], [ 106.04861, 21.5811 ], [ 106.05687, 21.60299 ], [ 106.06729, 21.60463 ], [ 106.07977, 21.61894 ], [ 106.09929, 21.6252 ], [ 106.10162, 21.62197 ], [ 106.12702, 21.61606 ], [ 106.14213, 21.62305 ], [ 106.16244, 21.62476 ], [ 106.17392, 21.60955 ], [ 106.18516, 21.60433 ], [ 106.16898, 21.59511 ], [ 106.17095, 21.5889 ], [ 106.16722, 21.57762 ], [ 106.16977, 21.57296 ], [ 106.16788, 21.56075 ], [ 106.1709, 21.54946 ], [ 106.16734, 21.54081 ], [ 106.17016, 21.53558 ], [ 106.16871, 21.51237 ], [ 106.21202, 21.49675 ], [ 106.22089, 21.49689 ], [ 106.22385, 21.4937 ], [ 106.23765, 21.49479 ], [ 106.2418, 21.48639 ], [ 106.24542, 21.48535 ], [ 106.24497, 21.48159 ], [ 106.24964, 21.48728 ], [ 106.25653, 21.48683 ], [ 106.26311, 21.49161 ], [ 106.26892, 21.49002 ], [ 106.27418, 21.49369 ], [ 106.28783, 21.49131 ], [ 106.28239, 21.47275 ], [ 106.28638, 21.47117 ], [ 106.28663, 21.46679 ], [ 106.28295, 21.45218 ], [ 106.29003, 21.45593 ], [ 106.28819, 21.44979 ], [ 106.29585, 21.44303 ], [ 106.29884, 21.44666 ], [ 106.3059, 21.44224 ], [ 106.30412, 21.44832 ], [ 106.31001, 21.45184 ], [ 106.31598, 21.44413 ], [ 106.32592, 21.44822 ], [ 106.32961, 21.44611 ], [ 106.32899, 21.44076 ], [ 106.33327, 21.43519 ], [ 106.32465, 21.42469 ], [ 106.32727, 21.41898 ], [ 106.32449, 21.40972 ], [ 106.34065, 21.3972 ], [ 106.34669, 21.401 ], [ 106.35107, 21.39581 ], [ 106.36154, 21.39585 ], [ 106.36719, 21.39904 ], [ 106.37241, 21.39434 ], [ 106.37838, 21.39396 ], [ 106.38763, 21.39754 ], [ 106.39532, 21.40529 ], [ 106.4118, 21.40557 ], [ 106.41603, 21.40841 ], [ 106.41545, 21.41544 ], [ 106.40794, 21.41978 ], [ 106.40482, 21.42608 ], [ 106.41746, 21.43733 ], [ 106.42657, 21.43997 ], [ 106.43314, 21.43804 ], [ 106.43839, 21.44365 ], [ 106.44331, 21.43652 ], [ 106.45061, 21.43612 ], [ 106.45323, 21.43937 ], [ 106.46578, 21.43729 ], [ 106.47171, 21.44217 ], [ 106.47281, 21.44763 ], [ 106.48273, 21.44867 ], [ 106.49437, 21.48271 ], [ 106.50955, 21.48672 ], [ 106.52133, 21.49959 ], [ 106.50711, 21.5222 ], [ 106.52206, 21.53548 ], [ 106.52654, 21.54471 ], [ 106.52745, 21.55774 ], [ 106.55235, 21.5828 ], [ 106.55228, 21.58937 ], [ 106.55753, 21.59417 ], [ 106.56543, 21.59575 ], [ 106.57081, 21.60252 ], [ 106.59614, 21.59922 ], [ 106.61535, 21.60785 ], [ 106.63541, 21.60076 ], [ 106.64562, 21.60647 ], [ 106.65636, 21.60321 ], [ 106.67027, 21.60874 ], [ 106.67794, 21.60274 ], [ 106.70194, 21.59369 ], [ 106.70055, 21.57077 ], [ 106.71016, 21.56079 ], [ 106.72679, 21.5552 ], [ 106.73421, 21.54455 ], [ 106.74336, 21.54153 ], [ 106.7555, 21.54095 ], [ 106.75903, 21.54435 ], [ 106.7585, 21.5522 ], [ 106.76202, 21.55408 ], [ 106.75819, 21.55684 ], [ 106.75768, 21.56224 ], [ 106.75566, 21.56151 ], [ 106.7598, 21.5702 ], [ 106.7865, 21.57734 ], [ 106.79263, 21.56603 ], [ 106.80724, 21.55882 ], [ 106.82011, 21.56255 ], [ 106.84327, 21.55973 ], [ 106.84792, 21.55379 ], [ 106.85062, 21.54139 ], [ 106.86514, 21.53338 ], [ 106.86503, 21.52802 ], [ 106.86028, 21.52267 ], [ 106.85368, 21.52578 ], [ 106.85, 21.51604 ], [ 106.84038, 21.51297 ], [ 106.83887, 21.50847 ], [ 106.84323, 21.50239 ], [ 106.84261, 21.49567 ], [ 106.84557, 21.4939 ], [ 106.85126, 21.49888 ], [ 106.85493, 21.4961 ], [ 106.86758, 21.49746 ], [ 106.88923, 21.49093 ], [ 106.89226, 21.47727 ], [ 106.90248, 21.47044 ], [ 106.89882, 21.46349 ], [ 106.89262, 21.46015 ], [ 106.8914, 21.45143 ], [ 106.91084, 21.43083 ], [ 106.91718, 21.43077 ], [ 106.92638, 21.44103 ], [ 106.93017, 21.437 ], [ 106.92892, 21.42569 ], [ 106.94044, 21.43476 ], [ 106.94557, 21.43462 ], [ 106.95078, 21.42471 ], [ 106.95599, 21.42385 ], [ 106.96879, 21.43609 ], [ 106.98682, 21.43953 ], [ 106.99095, 21.43643 ], [ 106.9921, 21.43029 ], [ 107.00382, 21.42149 ], [ 106.99221, 21.41442 ], [ 106.99183, 21.40821 ], [ 106.98573, 21.40209 ], [ 106.98675, 21.39017 ], [ 106.9932, 21.37715 ], [ 106.98826, 21.35862 ], [ 107.01802, 21.34481 ], [ 107.01801, 21.34058 ], [ 107.02294, 21.33588 ], [ 107.0218, 21.33152 ], [ 107.03204, 21.32515 ], [ 107.03358, 21.31487 ], [ 107.01999, 21.2992 ], [ 107.0032, 21.29326 ], [ 106.9995, 21.29537 ], [ 106.98373, 21.29206 ], [ 106.97246, 21.28404 ], [ 106.97569, 21.27083 ], [ 106.98398, 21.26539 ], [ 106.98586, 21.2569 ], [ 106.97723, 21.23948 ], [ 106.97835, 21.22638 ], [ 106.96899, 21.22503 ], [ 106.96256, 21.21019 ], [ 106.95623, 21.20642 ], [ 106.95537, 21.19024 ], [ 106.9474, 21.18847 ], [ 106.94271, 21.17332 ], [ 106.93582, 21.16888 ], [ 106.92715, 21.173 ], [ 106.91635, 21.18437 ], [ 106.89262, 21.1789 ], [ 106.88215, 21.18327 ], [ 106.87378, 21.17394 ], [ 106.85972, 21.17724 ], [ 106.85693, 21.18823 ], [ 106.84076, 21.18597 ], [ 106.82604, 21.18856 ], [ 106.82661, 21.16347 ], [ 106.83359, 21.15292 ], [ 106.81937, 21.15635 ], [ 106.80476, 21.15463 ], [ 106.79491, 21.14907 ], [ 106.76917, 21.15245 ], [ 106.76747, 21.15574 ], [ 106.74479, 21.15592 ], [ 106.73306, 21.16121 ], [ 106.71513, 21.16074 ], [ 106.70647, 21.16844 ], [ 106.70171, 21.16712 ], [ 106.69638, 21.17035 ], [ 106.68198, 21.16658 ], [ 106.6799, 21.16985 ], [ 106.65235, 21.1736 ], [ 106.64089, 21.18059 ], [ 106.63828, 21.17838 ], [ 106.64037, 21.17407 ], [ 106.63837, 21.16822 ], [ 106.63103, 21.17191 ], [ 106.60973, 21.17017 ], [ 106.605, 21.1797 ], [ 106.58881, 21.17814 ], [ 106.59086, 21.18378 ], [ 106.57993, 21.19243 ], [ 106.56475, 21.18869 ], [ 106.55777, 21.19431 ], [ 106.5472, 21.19099 ], [ 106.54247, 21.19242 ], [ 106.53012, 21.2219 ], [ 106.51941, 21.22514 ], [ 106.50732, 21.22182 ], [ 106.49245, 21.22801 ], [ 106.489, 21.23699 ], [ 106.48735, 21.22873 ], [ 106.4743, 21.23039 ], [ 106.46643, 21.22599 ], [ 106.45565, 21.23266 ], [ 106.4437, 21.22876 ], [ 106.42585, 21.23171 ], [ 106.42274, 21.2234 ], [ 106.41682, 21.22206 ], [ 106.4129, 21.20807 ], [ 106.39982, 21.2022 ], [ 106.39336, 21.20301 ], [ 106.3856, 21.19654 ], [ 106.37414, 21.19541 ], [ 106.3704, 21.18084 ], [ 106.36436, 21.17877 ], [ 106.36668, 21.17377 ], [ 106.35252, 21.17085 ], [ 106.34591, 21.1739 ], [ 106.3457, 21.16523 ], [ 106.34064, 21.17263 ], [ 106.33202, 21.17481 ], [ 106.33075, 21.1814 ], [ 106.32281, 21.18466 ], [ 106.32465, 21.19218 ], [ 106.31306, 21.19295 ], [ 106.30921, 21.18198 ], [ 106.32125, 21.15854 ], [ 106.32159, 21.1432 ], [ 106.31303, 21.12999 ], [ 106.29898, 21.12157 ], [ 106.29536, 21.10677 ], [ 106.30212, 21.08746 ], [ 106.3023, 21.07366 ], [ 106.31063, 21.05888 ], [ 106.29274, 21.03953 ], [ 106.29536, 21.02194 ], [ 106.27573, 21.00677 ], [ 106.27224, 21.00124 ], [ 106.27296, 20.99169 ], [ 106.267, 20.98781 ], [ 106.24635, 20.99776 ], [ 106.24485, 20.99141 ], [ 106.23344, 20.99549 ], [ 106.23032, 20.99257 ], [ 106.2203, 20.99566 ], [ 106.2211, 20.98987 ], [ 106.19177, 20.97912 ], [ 106.18206, 20.97889 ], [ 106.16754, 20.96931 ], [ 106.16321, 20.97554 ], [ 106.16954, 20.98477 ], [ 106.16795, 20.98746 ], [ 106.15942, 20.99019 ], [ 106.15067, 20.98889 ], [ 106.1381, 21.00128 ], [ 106.13192, 20.99931 ], [ 106.12744, 20.98374 ] ], [ [ 106.293648615514044, 21.12740163007398 ], [ 106.2912, 21.13008 ], [ 106.287273708503108, 21.130546315852854 ], [ 106.293648615514044, 21.12740163007398 ] ] ] } },
{ "type": "Feature", "properties": { "NAME_1": "Hà Giang", "id": "21", "GID_1": "VNM.26_1", "GID_0": "VNM", "COUNTRY": "Vietnam", "VARNAME_1": "Ha Giang", "NL_NAME_1": "NA", "TYPE_1": "Tỉnh", "ENGTYPE_1": "Province", "CC_1": "NA", "HASC_1": "VN.HG", "ISO_1": "NA" }, "geometry": { "type": "Polygon", "coordinates": [ [ [ 104.72978, 22.22547 ], [ 104.72924, 22.23786 ], [ 104.72343, 22.24712 ], [ 104.72397, 22.25496 ], [ 104.71648, 22.26117 ], [ 104.70017, 22.26402 ], [ 104.6864, 22.26141 ], [ 104.6768, 22.26483 ], [ 104.6701, 22.27679 ], [ 104.66046, 22.27352 ], [ 104.65051, 22.28036 ], [ 104.6421, 22.27683 ], [ 104.62894, 22.28711 ], [ 104.61746, 22.28702 ], [ 104.61412, 22.29133 ], [ 104.60927, 22.29186 ], [ 104.58577, 22.2638 ], [ 104.58604, 22.25138 ], [ 104.57892, 22.25197 ], [ 104.57471, 22.24553 ], [ 104.5515, 22.24224 ], [ 104.5481, 22.25015 ], [ 104.54757, 22.2673 ], [ 104.5426, 22.27636 ], [ 104.55208, 22.2843 ], [ 104.5589, 22.28409 ], [ 104.58015, 22.30624 ], [ 104.57861, 22.31583 ], [ 104.56493, 22.33068 ], [ 104.57355, 22.34158 ], [ 104.58107, 22.34564 ], [ 104.57998, 22.3499 ], [ 104.56934, 22.35538 ], [ 104.55335, 22.3547 ], [ 104.54667, 22.36211 ], [ 104.55407, 22.37323 ], [ 104.55, 22.38039 ], [ 104.53637, 22.38717 ], [ 104.53063, 22.38686 ], [ 104.50813, 22.40416 ], [ 104.49712, 22.40491 ], [ 104.49053, 22.41333 ], [ 104.49094, 22.41975 ], [ 104.46619, 22.42497 ], [ 104.46141, 22.43591 ], [ 104.44902, 22.44995 ], [ 104.44881, 22.46013 ], [ 104.47392, 22.48359 ], [ 104.47047, 22.48948 ], [ 104.45437, 22.49498 ], [ 104.44028, 22.50746 ], [ 104.43459, 22.52244 ], [ 104.41492, 22.52772 ], [ 104.41547, 22.53649 ], [ 104.4235, 22.5502 ], [ 104.421, 22.55873 ], [ 104.4247, 22.56454 ], [ 104.42452, 22.57317 ], [ 104.44189, 22.5765 ], [ 104.45314, 22.57269 ], [ 104.46635, 22.57481 ], [ 104.46391, 22.59791 ], [ 104.45905, 22.60416 ], [ 104.46222, 22.61318 ], [ 104.43761, 22.61896 ], [ 104.4155, 22.63464 ], [ 104.4059, 22.65415 ], [ 104.41045, 22.65936 ], [ 104.39841, 22.68051 ], [ 104.35945, 22.67327 ], [ 104.33721, 22.68795 ], [ 104.3344, 22.69095 ], [ 104.34131, 22.70359 ], [ 104.34103, 22.709 ], [ 104.34742, 22.70367 ], [ 104.35245, 22.69241 ], [ 104.36465, 22.69234 ], [ 104.37138, 22.68824 ], [ 104.3779, 22.69126 ], [ 104.38596, 22.70314 ], [ 104.39924, 22.70196 ], [ 104.40113, 22.70846 ], [ 104.40457, 22.7099 ], [ 104.40344, 22.71385 ], [ 104.40791, 22.72413 ], [ 104.42195, 22.73672 ], [ 104.47089, 22.75748 ], [ 104.49147, 22.77794 ], [ 104.49678, 22.77854 ], [ 104.49827, 22.78638 ], [ 104.5137, 22.78981 ], [ 104.52893, 22.81909 ], [ 104.5369, 22.82635 ], [ 104.54247, 22.82524 ], [ 104.55458, 22.83542 ], [ 104.54749, 22.83631 ], [ 104.54663, 22.84047 ], [ 104.57012, 22.84416 ], [ 104.57748, 22.85367 ], [ 104.58997, 22.85256 ], [ 104.59618, 22.84655 ], [ 104.60518, 22.82855 ], [ 104.59779, 22.82383 ], [ 104.59751, 22.81703 ], [ 104.6006, 22.81624 ], [ 104.60963, 22.81922 ], [ 104.61282, 22.81628 ], [ 104.6173, 22.82153 ], [ 104.61618, 22.82487 ], [ 104.62086, 22.82209 ], [ 104.62401, 22.83088 ], [ 104.61725, 22.83549 ], [ 104.62035, 22.8454 ], [ 104.62324, 22.84649 ], [ 104.63058, 22.83582 ], [ 104.65636, 22.83306 ], [ 104.66588, 22.82615 ], [ 104.6717, 22.81725 ], [ 104.70289, 22.82664 ], [ 104.72276, 22.82016 ], [ 104.73325, 22.82313 ], [ 104.73586, 22.83037 ], [ 104.73309, 22.84054 ], [ 104.7244, 22.84978 ], [ 104.73778, 22.85872 ], [ 104.75665, 22.85895 ], [ 104.76374, 22.87014 ], [ 104.7654, 22.88566 ], [ 104.76952, 22.8882 ], [ 104.77767, 22.9052 ], [ 104.79159, 22.90535 ], [ 104.79659, 22.91116 ], [ 104.80083, 22.91112 ], [ 104.81911, 22.92309 ], [ 104.83052, 22.92462 ], [ 104.83911, 22.92141 ], [ 104.84301, 22.93014 ], [ 104.86471, 22.94678 ], [ 104.86568, 22.96241 ], [ 104.86053, 22.96862 ], [ 104.86089, 22.97845 ], [ 104.84775, 22.97878 ], [ 104.84443, 22.98514 ], [ 104.83596, 22.98671 ], [ 104.83897, 22.99124 ], [ 104.83647, 22.99313 ], [ 104.83776, 22.99651 ], [ 104.82942, 22.99825 ], [ 104.83024, 23.01617 ], [ 104.828, 23.02641 ], [ 104.82004, 23.03778 ], [ 104.82083, 23.05537 ], [ 104.81347, 23.05825 ], [ 104.8153, 23.06743 ], [ 104.81212, 23.07088 ], [ 104.81735, 23.07515 ], [ 104.81541, 23.07948 ], [ 104.80891, 23.08017 ], [ 104.80663, 23.08408 ], [ 104.80156, 23.11624 ], [ 104.82077, 23.11817 ], [ 104.82603, 23.10783 ], [ 104.83163, 23.11575 ], [ 104.83548, 23.11618 ], [ 104.8394, 23.11172 ], [ 104.83979, 23.11952 ], [ 104.84428, 23.11765 ], [ 104.85436, 23.12302 ], [ 104.85686, 23.1288 ], [ 104.86028, 23.12921 ], [ 104.86275, 23.12337 ], [ 104.87572, 23.12559 ], [ 104.88216, 23.14464 ], [ 104.87965, 23.14984 ], [ 104.88335, 23.15627 ], [ 104.88155, 23.16526 ], [ 104.89638, 23.17945 ], [ 104.90846, 23.18083 ], [ 104.91624, 23.17666 ], [ 104.9164, 23.16944 ], [ 104.92227, 23.17026 ], [ 104.92241, 23.16661 ], [ 104.92735, 23.16515 ], [ 104.92415, 23.16032 ], [ 104.92812, 23.15648 ], [ 104.93227, 23.15755 ], [ 104.94732, 23.15076 ], [ 104.95154, 23.16321 ], [ 104.94712, 23.17052 ], [ 104.95598, 23.1806 ], [ 104.95678, 23.19238 ], [ 104.9626, 23.20087 ], [ 104.9799, 23.20598 ], [ 104.98693, 23.20061 ], [ 104.99739, 23.20296 ], [ 104.99889, 23.21363 ], [ 105.00468, 23.21714 ], [ 105.02445, 23.21885 ], [ 105.03522, 23.23225 ], [ 105.04098, 23.23328 ], [ 105.04716, 23.24011 ], [ 105.05092, 23.24815 ], [ 105.05724, 23.24784 ], [ 105.06139, 23.25574 ], [ 105.0699, 23.25783 ], [ 105.07696, 23.26511 ], [ 105.0831, 23.26691 ], [ 105.0879, 23.26311 ], [ 105.09155, 23.26403 ], [ 105.10212, 23.25663 ], [ 105.09834, 23.24798 ], [ 105.11125, 23.24628 ], [ 105.12699, 23.25682 ], [ 105.13499, 23.256 ], [ 105.14133, 23.26239 ], [ 105.14432, 23.26116 ], [ 105.15582, 23.26673 ], [ 105.17464, 23.28866 ], [ 105.18065, 23.2867 ], [ 105.18233, 23.27734 ], [ 105.19556, 23.2815 ], [ 105.19942, 23.27844 ], [ 105.19952, 23.27288 ], [ 105.20811, 23.27214 ], [ 105.21104, 23.26617 ], [ 105.22243, 23.26954 ], [ 105.22625, 23.26685 ], [ 105.22684, 23.26029 ], [ 105.23461, 23.26164 ], [ 105.23823, 23.27643 ], [ 105.24229, 23.2771 ], [ 105.23553, 23.28303 ], [ 105.23573, 23.28645 ], [ 105.24663, 23.29033 ], [ 105.25062, 23.29901 ], [ 105.25048, 23.30954 ], [ 105.25669, 23.3124 ], [ 105.25877, 23.31821 ], [ 105.25038, 23.33209 ], [ 105.25346, 23.33781 ], [ 105.25807, 23.34275 ], [ 105.27293, 23.33972 ], [ 105.28387, 23.34231 ], [ 105.28784, 23.3589 ], [ 105.30263, 23.37147 ], [ 105.30817, 23.38183 ], [ 105.3251, 23.39217 ], [ 105.33079, 23.38324 ], [ 105.35003, 23.36637 ], [ 105.35143, 23.34553 ], [ 105.37003, 23.32 ], [ 105.38317, 23.31082 ], [ 105.38613, 23.31445 ], [ 105.40201, 23.29569 ], [ 105.41846, 23.28507 ], [ 105.42954, 23.29173 ], [ 105.42627, 23.29632 ], [ 105.42962, 23.30235 ], [ 105.44136, 23.29982 ], [ 105.45052, 23.27855 ], [ 105.46178, 23.26917 ], [ 105.47301, 23.2512 ], [ 105.48125, 23.24573 ], [ 105.48697, 23.23426 ], [ 105.49297, 23.23228 ], [ 105.49152, 23.22095 ], [ 105.49796, 23.20987 ], [ 105.49852, 23.2027 ], [ 105.51706, 23.19662 ], [ 105.52686, 23.18861 ], [ 105.54292, 23.19353 ], [ 105.5533, 23.18713 ], [ 105.56068, 23.16849 ], [ 105.56994, 23.1608 ], [ 105.57394, 23.16104 ], [ 105.57031, 23.15084 ], [ 105.57213, 23.14872 ], [ 105.56362, 23.14348 ], [ 105.56543, 23.13317 ], [ 105.55956, 23.12851 ], [ 105.56465, 23.1192 ], [ 105.55821, 23.11825 ], [ 105.55028, 23.11052 ], [ 105.53129, 23.11149 ], [ 105.52728, 23.10812 ], [ 105.51709, 23.08345 ], [ 105.52045, 23.0758 ], [ 105.50831, 23.06038 ], [ 105.50857, 23.05218 ], [ 105.50414, 23.04781 ], [ 105.50388, 23.04198 ], [ 105.49772, 23.03925 ], [ 105.49435, 23.03318 ], [ 105.48746, 23.00919 ], [ 105.46835, 23.00748 ], [ 105.44915, 22.99932 ], [ 105.44179, 23.00381 ], [ 105.42628, 22.99867 ], [ 105.41857, 23.00167 ], [ 105.41315, 22.99522 ], [ 105.37484, 22.99013 ], [ 105.36155, 22.97946 ], [ 105.36037, 22.97217 ], [ 105.36463, 22.96519 ], [ 105.36173, 22.96087 ], [ 105.36429, 22.9519 ], [ 105.36206, 22.94006 ], [ 105.34564, 22.93323 ], [ 105.33286, 22.93423 ], [ 105.33281, 22.92861 ], [ 105.32279, 22.9162 ], [ 105.31248, 22.91559 ], [ 105.30729, 22.91215 ], [ 105.30442, 22.87646 ], [ 105.28153, 22.87738 ], [ 105.26744, 22.88142 ], [ 105.26628, 22.86621 ], [ 105.27325, 22.86464 ], [ 105.28037, 22.85665 ], [ 105.3007, 22.85614 ], [ 105.30853, 22.84956 ], [ 105.32383, 22.84485 ], [ 105.32772, 22.83331 ], [ 105.3434, 22.82813 ], [ 105.34431, 22.8195 ], [ 105.34877, 22.81318 ], [ 105.35881, 22.81672 ], [ 105.37275, 22.81168 ], [ 105.38213, 22.81233 ], [ 105.39747, 22.796 ], [ 105.40672, 22.79374 ], [ 105.41393, 22.7862 ], [ 105.42322, 22.78483 ], [ 105.42155, 22.7804 ], [ 105.42489, 22.77598 ], [ 105.44425, 22.77188 ], [ 105.45001, 22.75903 ], [ 105.47154, 22.75499 ], [ 105.46899, 22.74981 ], [ 105.4787, 22.73856 ], [ 105.47523, 22.7282 ], [ 105.47639, 22.71855 ], [ 105.48166, 22.7094 ], [ 105.4912, 22.70802 ], [ 105.50204, 22.69837 ], [ 105.48756, 22.67375 ], [ 105.49692, 22.65972 ], [ 105.49369, 22.64498 ], [ 105.49833, 22.63153 ], [ 105.4863, 22.61846 ], [ 105.4772, 22.62057 ], [ 105.46035, 22.60921 ], [ 105.45058, 22.60726 ], [ 105.45152, 22.6104 ], [ 105.44662, 22.61242 ], [ 105.44667, 22.60748 ], [ 105.44257, 22.60399 ], [ 105.44221, 22.60998 ], [ 105.43723, 22.60873 ], [ 105.43806, 22.60456 ], [ 105.41005, 22.61386 ], [ 105.39791, 22.62938 ], [ 105.3837, 22.62821 ], [ 105.36828, 22.63613 ], [ 105.36192, 22.6358 ], [ 105.35841, 22.63983 ], [ 105.32725, 22.64127 ], [ 105.31961, 22.63582 ], [ 105.32375, 22.6308 ], [ 105.31989, 22.62739 ], [ 105.32198, 22.62368 ], [ 105.31621, 22.62027 ], [ 105.31268, 22.60892 ], [ 105.31101, 22.61516 ], [ 105.28218, 22.61917 ], [ 105.28499, 22.63254 ], [ 105.27074, 22.64901 ], [ 105.26199, 22.64843 ], [ 105.25101, 22.65394 ], [ 105.24468, 22.64859 ], [ 105.24244, 22.65561 ], [ 105.23586, 22.66059 ], [ 105.23046, 22.66292 ], [ 105.21793, 22.66148 ], [ 105.21162, 22.66539 ], [ 105.20576, 22.67752 ], [ 105.17402, 22.68338 ], [ 105.16924, 22.69021 ], [ 105.16055, 22.69119 ], [ 105.14848, 22.69778 ], [ 105.13862, 22.68673 ], [ 105.13544, 22.67193 ], [ 105.1304, 22.66998 ], [ 105.13956, 22.66399 ], [ 105.14004, 22.65604 ], [ 105.1478, 22.65036 ], [ 105.14931, 22.64207 ], [ 105.15679, 22.63212 ], [ 105.15376, 22.62924 ], [ 105.15966, 22.62224 ], [ 105.15238, 22.61866 ], [ 105.14303, 22.62553 ], [ 105.13926, 22.61322 ], [ 105.12682, 22.60487 ], [ 105.1332, 22.5889 ], [ 105.1237, 22.58487 ], [ 105.12179, 22.57892 ], [ 105.11387, 22.57496 ], [ 105.12022, 22.56734 ], [ 105.12035, 22.55592 ], [ 105.12746, 22.53558 ], [ 105.12045, 22.51441 ], [ 105.10741, 22.49075 ], [ 105.11283, 22.48416 ], [ 105.10989, 22.47408 ], [ 105.11118, 22.46511 ], [ 105.11792, 22.4567 ], [ 105.08713, 22.43905 ], [ 105.09624, 22.42936 ], [ 105.10095, 22.4146 ], [ 105.08996, 22.39478 ], [ 105.07771, 22.39604 ], [ 105.07362, 22.38743 ], [ 105.07288, 22.38233 ], [ 105.08461, 22.36534 ], [ 105.08334, 22.35398 ], [ 105.07636, 22.35231 ], [ 105.04841, 22.35748 ], [ 105.04128, 22.35308 ], [ 105.04913, 22.34414 ], [ 105.05187, 22.33586 ], [ 105.06214, 22.32992 ], [ 105.05922, 22.32278 ], [ 105.05999, 22.31282 ], [ 105.04463, 22.31158 ], [ 105.04414, 22.30614 ], [ 105.04897, 22.30119 ], [ 105.04811, 22.28871 ], [ 105.03114, 22.28374 ], [ 105.02067, 22.27615 ], [ 105.01703, 22.26864 ], [ 105.0098, 22.26758 ], [ 105.00752, 22.28038 ], [ 105.00357, 22.28391 ], [ 105.00873, 22.29482 ], [ 104.99629, 22.30203 ], [ 104.99353, 22.31472 ], [ 104.98811, 22.31647 ], [ 104.98415, 22.32354 ], [ 104.98031, 22.3252 ], [ 104.96645, 22.31898 ], [ 104.94998, 22.32091 ], [ 104.93908, 22.33316 ], [ 104.91932, 22.33342 ], [ 104.91177, 22.34044 ], [ 104.90871, 22.34877 ], [ 104.89957, 22.34923 ], [ 104.89603, 22.33838 ], [ 104.89695, 22.3301 ], [ 104.89104, 22.32426 ], [ 104.89649, 22.31625 ], [ 104.91017, 22.31328 ], [ 104.91745, 22.30483 ], [ 104.91497, 22.29712 ], [ 104.92129, 22.29052 ], [ 104.91411, 22.29082 ], [ 104.90549, 22.27545 ], [ 104.8969, 22.27676 ], [ 104.89159, 22.27343 ], [ 104.89243, 22.26919 ], [ 104.9051, 22.26068 ], [ 104.90788, 22.2516 ], [ 104.91628, 22.24664 ], [ 104.91819, 22.24046 ], [ 104.91198, 22.23584 ], [ 104.91396, 22.21607 ], [ 104.91065, 22.21129 ], [ 104.90537, 22.21384 ], [ 104.90323, 22.21118 ], [ 104.90401, 22.20518 ], [ 104.89933, 22.20252 ], [ 104.89466, 22.19 ], [ 104.89689, 22.18641 ], [ 104.89359, 22.18285 ], [ 104.8891, 22.18607 ], [ 104.87917, 22.18603 ], [ 104.87449, 22.19578 ], [ 104.87534, 22.20113 ], [ 104.8643, 22.20237 ], [ 104.86062, 22.19691 ], [ 104.85704, 22.19856 ], [ 104.85461, 22.18964 ], [ 104.83936, 22.17978 ], [ 104.83011, 22.17735 ], [ 104.81729, 22.18571 ], [ 104.81887, 22.17989 ], [ 104.81301, 22.1728 ], [ 104.79973, 22.17009 ], [ 104.78342, 22.17255 ], [ 104.77977, 22.17095 ], [ 104.78004, 22.16609 ], [ 104.77644, 22.1658 ], [ 104.75665, 22.17319 ], [ 104.75616, 22.18745 ], [ 104.74164, 22.18535 ], [ 104.73417, 22.19776 ], [ 104.72493, 22.19847 ], [ 104.72071, 22.21565 ], [ 104.72978, 22.22547 ] ] ] } },
{ "type": "Feature", "properties": { "NAME_1": "Hà Nội", "id": "23", "GID_1": "VNM.27_1", "GID_0": "VNM", "COUNTRY": "Vietnam", "VARNAME_1": "Ha Noi", "NL_NAME_1": "NA", "TYPE_1": "Thành phố", "ENGTYPE_1": "City", "CC_1": "NA", "HASC_1": "VN.HI", "ISO_1": "NA" }, "geometry": { "type": "Polygon", "coordinates": [ [ [ 105.76517, 20.5755 ], [ 105.74397, 20.59826 ], [ 105.73158, 20.60013 ], [ 105.72717, 20.60459 ], [ 105.7217, 20.59607 ], [ 105.70831, 20.59883 ], [ 105.70407, 20.60259 ], [ 105.70559, 20.60896 ], [ 105.70134, 20.62147 ], [ 105.69672, 20.61945 ], [ 105.69172, 20.62211 ], [ 105.68693, 20.61605 ], [ 105.66621, 20.61793 ], [ 105.66725, 20.62352 ], [ 105.6639, 20.62815 ], [ 105.67036, 20.63202 ], [ 105.67843, 20.62848 ], [ 105.6868, 20.63775 ], [ 105.6792, 20.64542 ], [ 105.67958, 20.6696 ], [ 105.67741, 20.67175 ], [ 105.6752, 20.6636 ], [ 105.66946, 20.67592 ], [ 105.66959, 20.67956 ], [ 105.68022, 20.68346 ], [ 105.68336, 20.69631 ], [ 105.66157, 20.72343 ], [ 105.66653, 20.73408 ], [ 105.65782, 20.74134 ], [ 105.65166, 20.75467 ], [ 105.64809, 20.79368 ], [ 105.63059, 20.7935 ], [ 105.63464, 20.80196 ], [ 105.63059, 20.81091 ], [ 105.632, 20.81399 ], [ 105.6271, 20.81569 ], [ 105.63088, 20.81733 ], [ 105.63039, 20.82103 ], [ 105.63835, 20.82479 ], [ 105.64035, 20.82258 ], [ 105.64214, 20.82761 ], [ 105.63522, 20.83316 ], [ 105.63644, 20.83932 ], [ 105.63206, 20.83774 ], [ 105.63351, 20.83064 ], [ 105.6306, 20.82944 ], [ 105.62609, 20.83261 ], [ 105.61774, 20.83044 ], [ 105.61954, 20.83185 ], [ 105.61343, 20.83603 ], [ 105.59626, 20.84165 ], [ 105.59801, 20.83385 ], [ 105.59563, 20.83099 ], [ 105.58914, 20.8311 ], [ 105.5882, 20.82071 ], [ 105.58406, 20.81756 ], [ 105.58353, 20.8119 ], [ 105.55932, 20.80677 ], [ 105.55815, 20.80364 ], [ 105.55525, 20.80602 ], [ 105.56071, 20.81979 ], [ 105.57474, 20.82226 ], [ 105.57973, 20.82675 ], [ 105.58029, 20.83591 ], [ 105.58791, 20.84555 ], [ 105.58556, 20.84506 ], [ 105.58466, 20.85793 ], [ 105.58012, 20.85808 ], [ 105.57529, 20.86728 ], [ 105.56143, 20.87548 ], [ 105.55933, 20.88108 ], [ 105.55463, 20.87936 ], [ 105.55288, 20.88256 ], [ 105.55075, 20.87872 ], [ 105.54414, 20.8767 ], [ 105.54315, 20.88172 ], [ 105.55935, 20.89002 ], [ 105.56141, 20.89719 ], [ 105.56335, 20.89514 ], [ 105.56834, 20.90187 ], [ 105.56842, 20.91101 ], [ 105.58052, 20.91632 ], [ 105.57912, 20.92068 ], [ 105.58475, 20.92259 ], [ 105.58128, 20.92361 ], [ 105.58051, 20.92866 ], [ 105.5744, 20.92987 ], [ 105.5608, 20.92459 ], [ 105.5529, 20.92714 ], [ 105.54654, 20.92174 ], [ 105.53849, 20.92765 ], [ 105.52509, 20.91878 ], [ 105.52178, 20.92178 ], [ 105.5125, 20.9223 ], [ 105.5024, 20.93098 ], [ 105.49048, 20.9341 ], [ 105.47957, 20.94775 ], [ 105.46714, 20.94508 ], [ 105.4438, 20.95596 ], [ 105.43625, 20.97477 ], [ 105.42233, 20.98366 ], [ 105.41779, 20.99779 ], [ 105.40323, 20.99807 ], [ 105.39375, 21.00342 ], [ 105.38696, 21.02464 ], [ 105.37543, 21.01446 ], [ 105.35898, 21.00894 ], [ 105.35337, 21.00742 ], [ 105.34774, 21.01408 ], [ 105.33878, 21.01363 ], [ 105.32961, 21.00798 ], [ 105.32516, 21.01026 ], [ 105.32806, 21.01945 ], [ 105.32491, 21.02137 ], [ 105.3238, 21.01747 ], [ 105.32086, 21.01868 ], [ 105.32177, 21.01466 ], [ 105.31528, 21.0113 ], [ 105.29985, 21.02904 ], [ 105.29404, 21.05468 ], [ 105.30791, 21.08282 ], [ 105.31725, 21.09267 ], [ 105.3205, 21.10991 ], [ 105.3057, 21.13779 ], [ 105.29145, 21.15294 ], [ 105.28914, 21.1703 ], [ 105.29705, 21.18406 ], [ 105.34635, 21.22455 ], [ 105.356, 21.26021 ], [ 105.35673, 21.27806 ], [ 105.36153, 21.28365 ], [ 105.37873, 21.29225 ], [ 105.38681, 21.3015 ], [ 105.39396, 21.30332 ], [ 105.40578, 21.29911 ], [ 105.43161, 21.27431 ], [ 105.44371, 21.26973 ], [ 105.45216, 21.23799 ], [ 105.46207, 21.22271 ], [ 105.46801, 21.18279 ], [ 105.4751, 21.17255 ], [ 105.49471, 21.15992 ], [ 105.52782, 21.15417 ], [ 105.5709, 21.16059 ], [ 105.57587, 21.1644 ], [ 105.60003, 21.16965 ], [ 105.61731, 21.17912 ], [ 105.62585, 21.17553 ], [ 105.6244, 21.18072 ], [ 105.62977, 21.18407 ], [ 105.62168, 21.19481 ], [ 105.6228, 21.19991 ], [ 105.61665, 21.20251 ], [ 105.61519, 21.2076 ], [ 105.62118, 21.20589 ], [ 105.62908, 21.21073 ], [ 105.63873, 21.20726 ], [ 105.63581, 21.21732 ], [ 105.64514, 21.21557 ], [ 105.65822, 21.22039 ], [ 105.65901, 21.22323 ], [ 105.6545, 21.22761 ], [ 105.64536, 21.2271 ], [ 105.64432, 21.23373 ], [ 105.64743, 21.23649 ], [ 105.65195, 21.23812 ], [ 105.66169, 21.235 ], [ 105.66697, 21.23957 ], [ 105.66877, 21.23318 ], [ 105.67491, 21.2362 ], [ 105.67137, 21.23041 ], [ 105.67656, 21.22693 ], [ 105.68137, 21.23465 ], [ 105.68867, 21.23425 ], [ 105.68265, 21.23019 ], [ 105.6873, 21.23046 ], [ 105.68842, 21.22195 ], [ 105.69347, 21.22149 ], [ 105.69823, 21.21331 ], [ 105.69864, 21.21995 ], [ 105.70918, 21.21983 ], [ 105.71557, 21.22469 ], [ 105.71874, 21.22348 ], [ 105.7197, 21.23002 ], [ 105.72425, 21.22532 ], [ 105.73507, 21.23294 ], [ 105.73004, 21.2383 ], [ 105.73682, 21.23534 ], [ 105.73623, 21.24011 ], [ 105.72509, 21.24229 ], [ 105.72923, 21.24894 ], [ 105.72345, 21.25071 ], [ 105.72279, 21.26612 ], [ 105.72924, 21.26905 ], [ 105.72518, 21.27236 ], [ 105.72914, 21.2759 ], [ 105.73263, 21.27501 ], [ 105.73636, 21.28672 ], [ 105.742, 21.28725 ], [ 105.74321, 21.29287 ], [ 105.75335, 21.29488 ], [ 105.77617, 21.33708 ], [ 105.78517, 21.34285 ], [ 105.78304, 21.35383 ], [ 105.78609, 21.35465 ], [ 105.78465, 21.35965 ], [ 105.79014, 21.37326 ], [ 105.78796, 21.37573 ], [ 105.80125, 21.38521 ], [ 105.81271, 21.38043 ], [ 105.8164, 21.38298 ], [ 105.83198, 21.37329 ], [ 105.83971, 21.37739 ], [ 105.84716, 21.37736 ], [ 105.84943, 21.3743 ], [ 105.85618, 21.3765 ], [ 105.85915, 21.36661 ], [ 105.85462, 21.36757 ], [ 105.85239, 21.34908 ], [ 105.8589, 21.34572 ], [ 105.85562, 21.34277 ], [ 105.85859, 21.33824 ], [ 105.86304, 21.338 ], [ 105.86683, 21.32835 ], [ 105.87167, 21.32974 ], [ 105.88953, 21.32527 ], [ 105.89795, 21.32715 ], [ 105.89756, 21.30706 ], [ 105.90891, 21.30161 ], [ 105.91645, 21.30555 ], [ 105.91628, 21.29496 ], [ 105.93076, 21.29486 ], [ 105.93028, 21.29136 ], [ 105.92323, 21.2876 ], [ 105.92301, 21.26944 ], [ 105.93858, 21.24511 ], [ 105.9263, 21.24472 ], [ 105.92764, 21.2393 ], [ 105.91934, 21.231 ], [ 105.90653, 21.23226 ], [ 105.90365, 21.2238 ], [ 105.9105, 21.22441 ], [ 105.91556, 21.20942 ], [ 105.90993, 21.20733 ], [ 105.91375, 21.20336 ], [ 105.91116, 21.20117 ], [ 105.90265, 21.2012 ], [ 105.90712, 21.19244 ], [ 105.9122, 21.19235 ], [ 105.92366, 21.18274 ], [ 105.92018, 21.17835 ], [ 105.9212, 21.17371 ], [ 105.91688, 21.17158 ], [ 105.91928, 21.16319 ], [ 105.92285, 21.16277 ], [ 105.91955, 21.15542 ], [ 105.92644, 21.14446 ], [ 105.92518, 21.1345 ], [ 105.92188, 21.13535 ], [ 105.91782, 21.13198 ], [ 105.91928, 21.12992 ], [ 105.9128, 21.12652 ], [ 105.91558, 21.11898 ], [ 105.92418, 21.12056 ], [ 105.92145, 21.11669 ], [ 105.9294, 21.11262 ], [ 105.93425, 21.10587 ], [ 105.93641, 21.10165 ], [ 105.93456, 21.09659 ], [ 105.94092, 21.08905 ], [ 105.94025, 21.08342 ], [ 105.95794, 21.09126 ], [ 105.96201, 21.07794 ], [ 105.96838, 21.07205 ], [ 105.99364, 21.06896 ], [ 105.99952, 21.07447 ], [ 106.00122, 21.06911 ], [ 106.00909, 21.06369 ], [ 106.00823, 21.0555 ], [ 106.01441, 21.05594 ], [ 106.01398, 21.05091 ], [ 106.02001, 21.04753 ], [ 106.02006, 21.04145 ], [ 106.01295, 21.0304 ], [ 106.00645, 21.02886 ], [ 106.00948, 21.02435 ], [ 106.00459, 21.02203 ], [ 106.00446, 21.01171 ], [ 106.01037, 21.0108 ], [ 105.9991, 21.00662 ], [ 106.00123, 21.00032 ], [ 105.99191, 21.00096 ], [ 105.98515, 20.99681 ], [ 105.97775, 20.99942 ], [ 105.97123, 20.9952 ], [ 105.97243, 20.98968 ], [ 105.96207, 20.98919 ], [ 105.96564, 20.98503 ], [ 105.96181, 20.97594 ], [ 105.96518, 20.97248 ], [ 105.96449, 20.96341 ], [ 105.94859, 20.96949 ], [ 105.93863, 20.9677 ], [ 105.92448, 20.97575 ], [ 105.91576, 20.9751 ], [ 105.90359, 20.94721 ], [ 105.91525, 20.93709 ], [ 105.90912, 20.92653 ], [ 105.9163, 20.91918 ], [ 105.89474, 20.89785 ], [ 105.89828, 20.89092 ], [ 105.92487, 20.87823 ], [ 105.93537, 20.86862 ], [ 105.93613, 20.85608 ], [ 105.93196, 20.85006 ], [ 105.919, 20.84348 ], [ 105.91267, 20.83492 ], [ 105.91158, 20.82132 ], [ 105.91644, 20.80472 ], [ 105.92847, 20.78623 ], [ 105.96642, 20.7755 ], [ 105.96948, 20.76946 ], [ 105.96769, 20.75046 ], [ 105.97015, 20.73458 ], [ 105.96203, 20.72343 ], [ 105.96643, 20.70998 ], [ 105.97441, 20.69948 ], [ 106.00335, 20.70381 ], [ 105.99577, 20.6975 ], [ 105.99786, 20.69234 ], [ 105.99071, 20.68926 ], [ 105.99751, 20.67842 ], [ 105.9923, 20.67871 ], [ 105.99321, 20.68209 ], [ 105.98482, 20.68049 ], [ 105.97845, 20.67372 ], [ 105.97758, 20.66571 ], [ 105.96004, 20.66075 ], [ 105.95705, 20.65658 ], [ 105.95801, 20.65079 ], [ 105.94383, 20.65791 ], [ 105.94677, 20.66822 ], [ 105.94569, 20.67977 ], [ 105.94374, 20.68195 ], [ 105.93268, 20.68014 ], [ 105.90537, 20.66835 ], [ 105.90523, 20.66511 ], [ 105.89616, 20.66883 ], [ 105.89644, 20.65217 ], [ 105.87714, 20.64309 ], [ 105.85859, 20.64479 ], [ 105.84545, 20.65679 ], [ 105.8437, 20.65477 ], [ 105.84076, 20.65917 ], [ 105.82229, 20.66446 ], [ 105.8187, 20.6605 ], [ 105.83365, 20.64708 ], [ 105.81334, 20.63373 ], [ 105.81107, 20.62783 ], [ 105.81292, 20.61761 ], [ 105.80596, 20.61079 ], [ 105.80736, 20.60664 ], [ 105.80113, 20.59268 ], [ 105.79636, 20.56955 ], [ 105.76897, 20.56447 ], [ 105.76517, 20.5755 ] ] ] } },
{ "type": "Feature", "properties": { "NAME_1": "Hải Hưng", "id": "30", "GID_1": "VNM.31_1", "GID_0": "VNM", "COUNTRY": "Vietnam", "VARNAME_1": "Hung Yen", "NL_NAME_1": "NA", "TYPE_1": "Tỉnh", "ENGTYPE_1": "Province", "CC_1": "NA", "HASC_1": "VN.HY", "ISO_1": "NA" }, "geometry": { "type": "Polygon", "coordinates": [ [ [ 106.03461, 20.68195 ], [ 106.02207, 20.69797 ], [ 106.00048, 20.7039 ], [ 105.97441, 20.69948 ], [ 105.96643, 20.70998 ], [ 105.96203, 20.72343 ], [ 105.97015, 20.73458 ], [ 105.96838, 20.77238 ], [ 105.9642, 20.77752 ], [ 105.93742, 20.78331 ], [ 105.92475, 20.78915 ], [ 105.91158, 20.82132 ], [ 105.91526, 20.83987 ], [ 105.93196, 20.85006 ], [ 105.93613, 20.85608 ], [ 105.93537, 20.86862 ], [ 105.92487, 20.87823 ], [ 105.89828, 20.89092 ], [ 105.89474, 20.89785 ], [ 105.9163, 20.91918 ], [ 105.90912, 20.92653 ], [ 105.91525, 20.93709 ], [ 105.90359, 20.94721 ], [ 105.91576, 20.9751 ], [ 105.92448, 20.97575 ], [ 105.93863, 20.9677 ], [ 105.94859, 20.96949 ], [ 105.96449, 20.96341 ], [ 105.96518, 20.97248 ], [ 105.96181, 20.97594 ], [ 105.96564, 20.98503 ], [ 105.96207, 20.98919 ], [ 105.97243, 20.98968 ], [ 105.97123, 20.9952 ], [ 105.97775, 20.99942 ], [ 105.98515, 20.99681 ], [ 105.99191, 21.00096 ], [ 106.01134, 20.99882 ], [ 106.01238, 21.00226 ], [ 106.01659, 21.00186 ], [ 106.02164, 20.99448 ], [ 106.02468, 20.99605 ], [ 106.02968, 20.9931 ], [ 106.04198, 21.00359 ], [ 106.05027, 21.00354 ], [ 106.05111, 21.00696 ], [ 106.05517, 21.00635 ], [ 106.05805, 21.00042 ], [ 106.06721, 21.00078 ], [ 106.07698, 20.99545 ], [ 106.08246, 20.99834 ], [ 106.08395, 21.0045 ], [ 106.08984, 21.00715 ], [ 106.1021, 20.9973 ], [ 106.10921, 20.99971 ], [ 106.11568, 20.99575 ], [ 106.11524, 20.98337 ], [ 106.12744, 20.98374 ], [ 106.128516948659382, 20.982892564989349 ], [ 106.12903, 20.99295 ], [ 106.13192, 20.99931 ], [ 106.1381, 21.00128 ], [ 106.15067, 20.98889 ], [ 106.16605, 20.98874 ], [ 106.16954, 20.98477 ], [ 106.16321, 20.97554 ], [ 106.16754, 20.96931 ], [ 106.18206, 20.97889 ], [ 106.19177, 20.97912 ], [ 106.2211, 20.98987 ], [ 106.2203, 20.99566 ], [ 106.23032, 20.99257 ], [ 106.23344, 20.99549 ], [ 106.24485, 20.99141 ], [ 106.24635, 20.99776 ], [ 106.267, 20.98781 ], [ 106.27296, 20.99169 ], [ 106.27224, 21.00124 ], [ 106.27573, 21.00677 ], [ 106.29536, 21.02194 ], [ 106.29274, 21.03953 ], [ 106.31063, 21.05888 ], [ 106.3023, 21.07366 ], [ 106.30212, 21.08746 ], [ 106.29529, 21.10831 ], [ 106.29898, 21.12157 ], [ 106.31303, 21.12999 ], [ 106.32296, 21.14764 ], [ 106.32125, 21.15854 ], [ 106.31016, 21.17857 ], [ 106.31051, 21.19005 ], [ 106.31477, 21.19345 ], [ 106.32465, 21.19218 ], [ 106.32281, 21.18466 ], [ 106.33075, 21.1814 ], [ 106.33202, 21.17481 ], [ 106.34064, 21.17263 ], [ 106.3457, 21.16523 ], [ 106.34591, 21.1739 ], [ 106.35252, 21.17085 ], [ 106.36668, 21.17377 ], [ 106.36436, 21.17877 ], [ 106.3704, 21.18084 ], [ 106.37414, 21.19541 ], [ 106.3856, 21.19654 ], [ 106.39336, 21.20301 ], [ 106.39982, 21.2022 ], [ 106.4129, 21.20807 ], [ 106.41682, 21.22206 ], [ 106.42274, 21.2234 ], [ 106.42585, 21.23171 ], [ 106.4437, 21.22876 ], [ 106.45565, 21.23266 ], [ 106.46643, 21.22599 ], [ 106.4743, 21.23039 ], [ 106.48735, 21.22873 ], [ 106.489, 21.23699 ], [ 106.49245, 21.22801 ], [ 106.50188, 21.2244 ], [ 106.49843, 21.21121 ], [ 106.50062, 21.20114 ], [ 106.49449, 21.19912 ], [ 106.49694, 21.18474 ], [ 106.48966, 21.18024 ], [ 106.48692, 21.17306 ], [ 106.48924, 21.16642 ], [ 106.48328, 21.16058 ], [ 106.47971, 21.14615 ], [ 106.48369, 21.14504 ], [ 106.48412, 21.1365 ], [ 106.48123, 21.13339 ], [ 106.48453, 21.13055 ], [ 106.48239, 21.12644 ], [ 106.47303, 21.12226 ], [ 106.47274, 21.11852 ], [ 106.46185, 21.11511 ], [ 106.45788, 21.11941 ], [ 106.44162, 21.11707 ], [ 106.44226, 21.10984 ], [ 106.4393, 21.10606 ], [ 106.45073, 21.09474 ], [ 106.44067, 21.07899 ], [ 106.44637, 21.07516 ], [ 106.44769, 21.06974 ], [ 106.45488, 21.06955 ], [ 106.45605, 21.06521 ], [ 106.47542, 21.06956 ], [ 106.48729, 21.06791 ], [ 106.50391, 21.05647 ], [ 106.51744, 21.05988 ], [ 106.51673, 21.05512 ], [ 106.51977, 21.05356 ], [ 106.51674, 21.04607 ], [ 106.52021, 21.04808 ], [ 106.52366, 21.04592 ], [ 106.52499, 21.05036 ], [ 106.53365, 21.04775 ], [ 106.54601, 21.05461 ], [ 106.55458, 21.05269 ], [ 106.56144, 21.05645 ], [ 106.56847, 21.05312 ], [ 106.5741, 21.05714 ], [ 106.60232, 21.03851 ], [ 106.60904, 21.02977 ], [ 106.61137, 21.02046 ], [ 106.59028, 21.0146 ], [ 106.57852, 21.01638 ], [ 106.57343, 21.01073 ], [ 106.56535, 21.01943 ], [ 106.5546, 20.99772 ], [ 106.56527, 20.98071 ], [ 106.58534, 20.97312 ], [ 106.58506, 20.96162 ], [ 106.59267, 20.95299 ], [ 106.59151, 20.94689 ], [ 106.58096, 20.93217 ], [ 106.57578, 20.93034 ], [ 106.57034, 20.93533 ], [ 106.57881, 20.94422 ], [ 106.57071, 20.95166 ], [ 106.56801, 20.95109 ], [ 106.5673, 20.93674 ], [ 106.56165, 20.93246 ], [ 106.55565, 20.93347 ], [ 106.5554, 20.94776 ], [ 106.54621, 20.94777 ], [ 106.54264, 20.94355 ], [ 106.54239, 20.92351 ], [ 106.54849, 20.92185 ], [ 106.54813, 20.91934 ], [ 106.54212, 20.92172 ], [ 106.53305, 20.91167 ], [ 106.52801, 20.91545 ], [ 106.52717, 20.90754 ], [ 106.5404, 20.90007 ], [ 106.53804, 20.89857 ], [ 106.54391, 20.89308 ], [ 106.5396, 20.88696 ], [ 106.54832, 20.88415 ], [ 106.54441, 20.87862 ], [ 106.55209, 20.87686 ], [ 106.55234, 20.87354 ], [ 106.54684, 20.86859 ], [ 106.53575, 20.86657 ], [ 106.52972, 20.85209 ], [ 106.52336, 20.85223 ], [ 106.52494, 20.86211 ], [ 106.51027, 20.86388 ], [ 106.50498, 20.86218 ], [ 106.49979, 20.85267 ], [ 106.49442, 20.8668 ], [ 106.48117, 20.86826 ], [ 106.48315, 20.8645 ], [ 106.47715, 20.85843 ], [ 106.49675, 20.84081 ], [ 106.48869, 20.82117 ], [ 106.51383, 20.82177 ], [ 106.51594, 20.81448 ], [ 106.50841, 20.8006 ], [ 106.49981, 20.80846 ], [ 106.48538, 20.80003 ], [ 106.49735, 20.78185 ], [ 106.49848, 20.77357 ], [ 106.49332, 20.76205 ], [ 106.49834, 20.76006 ], [ 106.48679, 20.75045 ], [ 106.4735, 20.75388 ], [ 106.46598, 20.74309 ], [ 106.45319, 20.74342 ], [ 106.45231, 20.74058 ], [ 106.46519, 20.73021 ], [ 106.46074, 20.72264 ], [ 106.45182, 20.72203 ], [ 106.4529, 20.73014 ], [ 106.44919, 20.73615 ], [ 106.43771, 20.7202 ], [ 106.42884, 20.73131 ], [ 106.41371, 20.73537 ], [ 106.4075, 20.72853 ], [ 106.40182, 20.72904 ], [ 106.38232, 20.71177 ], [ 106.37119, 20.70952 ], [ 106.35689, 20.70084 ], [ 106.34662, 20.70217 ], [ 106.33758, 20.71156 ], [ 106.30096, 20.68995 ], [ 106.2937, 20.69659 ], [ 106.29455, 20.70629 ], [ 106.28834, 20.71061 ], [ 106.28304, 20.7098 ], [ 106.28339, 20.70295 ], [ 106.28981, 20.69536 ], [ 106.28487, 20.69331 ], [ 106.27529, 20.69288 ], [ 106.26748, 20.7029 ], [ 106.26087, 20.70384 ], [ 106.24923, 20.69494 ], [ 106.25366, 20.6901 ], [ 106.26711, 20.6881 ], [ 106.2691, 20.68508 ], [ 106.26898, 20.68273 ], [ 106.23979, 20.66818 ], [ 106.23136, 20.65839 ], [ 106.21673, 20.65448 ], [ 106.22441, 20.64493 ], [ 106.22465, 20.64204 ], [ 106.22037, 20.64118 ], [ 106.2034, 20.64358 ], [ 106.17442, 20.65802 ], [ 106.17104, 20.6557 ], [ 106.16899, 20.64597 ], [ 106.16242, 20.64536 ], [ 106.1465, 20.65864 ], [ 106.13775, 20.65909 ], [ 106.12617, 20.64811 ], [ 106.11034, 20.64194 ], [ 106.11097, 20.63892 ], [ 106.12634, 20.6318 ], [ 106.12745, 20.62783 ], [ 106.0965, 20.61599 ], [ 106.07658, 20.60307 ], [ 106.0614, 20.60648 ], [ 106.03858, 20.62795 ], [ 106.03179, 20.64524 ], [ 106.03718, 20.66371 ], [ 106.03461, 20.68195 ] ] ] } },
{ "type": "Feature", "properties": { "NAME_1": "Hải Phòng", "id": "26", "GID_1": "VNM.23_1", "GID_0": "VNM", "COUNTRY": "Vietnam", "VARNAME_1": "Hai Phong", "NL_NAME_1": "NA", "TYPE_1": "Thành phố", "ENGTYPE_1": "City", "CC_1": "NA", "HASC_1": "VN.HP", "ISO_1": "NA" }, "geometry": { "type": "MultiPolygon", "coordinates": [ [ [ [ 106.81313, 20.66811 ], [ 106.81741, 20.66833 ], [ 106.81786, 20.6668 ], [ 106.81427, 20.6663 ], [ 106.81313, 20.66811 ] ] ], [ [ [ 107.01148, 20.71869 ], [ 107.01045, 20.72238 ], [ 107.01585, 20.71937 ], [ 107.01148, 20.71869 ] ] ], [ [ [ 107.00759, 20.72474 ], [ 107.01025, 20.72508 ], [ 107.01102, 20.72336 ], [ 107.00759, 20.72474 ] ] ], [ [ [ 107.00377, 20.73291 ], [ 107.00439, 20.73362 ], [ 107.00423, 20.73254 ], [ 107.00377, 20.73291 ] ] ], [ [ [ 107.0167, 20.74359 ], [ 107.01746, 20.74257 ], [ 107.01256, 20.73822 ], [ 107.0167, 20.74359 ] ] ], [ [ [ 107.01166, 20.74407 ], [ 107.01234, 20.74314 ], [ 107.01106, 20.74271 ], [ 107.01166, 20.74407 ] ] ], [ [ [ 106.83576, 20.76953 ], [ 106.83796, 20.77581 ], [ 106.84091, 20.76852 ], [ 106.83576, 20.76953 ] ] ], [ [ [ 107.03201, 20.72802 ], [ 107.0339, 20.73069 ], [ 107.03509, 20.7202 ], [ 107.02618, 20.72871 ], [ 107.0244, 20.72252 ], [ 107.01431, 20.73192 ], [ 107.0208, 20.73485 ], [ 107.02426, 20.72764 ], [ 107.02455, 20.73538 ], [ 107.03902, 20.73324 ], [ 107.04216, 20.73643 ], [ 107.04041, 20.73911 ], [ 107.03468, 20.73694 ], [ 107.02401, 20.74075 ], [ 107.01885, 20.73777 ], [ 107.01585, 20.7388 ], [ 107.02023, 20.74192 ], [ 107.01698, 20.74691 ], [ 107.01875, 20.74981 ], [ 107.01157, 20.74981 ], [ 107.0117, 20.74425 ], [ 107.00695, 20.74526 ], [ 107.0066, 20.7498 ], [ 106.999, 20.75027 ], [ 106.99596, 20.74648 ], [ 107.00005, 20.74119 ], [ 106.99663, 20.73918 ], [ 107.0011, 20.73281 ], [ 106.9994, 20.72796 ], [ 106.99387, 20.7453 ], [ 106.99053, 20.7439 ], [ 106.99284, 20.73798 ], [ 106.98946, 20.74077 ], [ 106.98801, 20.7374 ], [ 106.98667, 20.74594 ], [ 106.98394, 20.74348 ], [ 106.98064, 20.74749 ], [ 106.98417, 20.74825 ], [ 106.98261, 20.75027 ], [ 106.97772, 20.74917 ], [ 106.96587, 20.75902 ], [ 106.9763, 20.75791 ], [ 106.97508, 20.76624 ], [ 106.97011, 20.7685 ], [ 106.9717, 20.7729 ], [ 106.96829, 20.77349 ], [ 106.96796, 20.77803 ], [ 106.96312, 20.77673 ], [ 106.96135, 20.78344 ], [ 106.95296, 20.79322 ], [ 106.91844, 20.79771 ], [ 106.91834, 20.80357 ], [ 106.92355, 20.79954 ], [ 106.93434, 20.79751 ], [ 106.93931, 20.79856 ], [ 106.9286, 20.79953 ], [ 106.93104, 20.80195 ], [ 106.93076, 20.80697 ], [ 106.93505, 20.81126 ], [ 106.934400661891331, 20.816155010357651 ], [ 106.93355, 20.81565 ], [ 106.93452, 20.81095 ], [ 106.93024, 20.80715 ], [ 106.93063, 20.80205 ], [ 106.92394, 20.80008 ], [ 106.91343, 20.81829 ], [ 106.91642, 20.81808 ], [ 106.9192, 20.82414 ], [ 106.93113, 20.82747 ], [ 106.93173, 20.8236 ], [ 106.93734, 20.8179 ], [ 106.934429924127457, 20.816172382397571 ], [ 106.93759, 20.81748 ], [ 106.94368, 20.81777 ], [ 106.94482, 20.80982 ], [ 106.94857, 20.80689 ], [ 106.94643, 20.81386 ], [ 106.94878, 20.81393 ], [ 106.94579, 20.81652 ], [ 106.94858, 20.81745 ], [ 106.94568, 20.81919 ], [ 106.94865, 20.82016 ], [ 106.94574, 20.82707 ], [ 106.94871, 20.82988 ], [ 106.94553, 20.83047 ], [ 106.94286, 20.82394 ], [ 106.93794, 20.82584 ], [ 106.94307, 20.82807 ], [ 106.94231, 20.83126 ], [ 106.9484, 20.83297 ], [ 106.95156, 20.84388 ], [ 106.95063, 20.84862 ], [ 106.94885, 20.84423 ], [ 106.94682, 20.84544 ], [ 106.95018, 20.84935 ], [ 106.95216, 20.85584 ], [ 106.95126, 20.86045 ], [ 106.94303, 20.86329 ], [ 106.94752, 20.86798 ], [ 106.95203, 20.86671 ], [ 106.95063, 20.87762 ], [ 106.95337, 20.8784 ], [ 106.95644, 20.87252 ], [ 106.95134, 20.86183 ], [ 106.95515, 20.86095 ], [ 106.9549, 20.85474 ], [ 106.95998, 20.85474 ], [ 106.9594, 20.84678 ], [ 106.96252, 20.85028 ], [ 106.96053, 20.85501 ], [ 106.97166, 20.85631 ], [ 106.97604, 20.84988 ], [ 106.97977, 20.85784 ], [ 106.98276, 20.85496 ], [ 106.97936, 20.84605 ], [ 106.98403, 20.84683 ], [ 106.98791, 20.85177 ], [ 106.98547, 20.85785 ], [ 106.99722, 20.85563 ], [ 106.99062, 20.85993 ], [ 106.9947, 20.86173 ], [ 107.00475, 20.85492 ], [ 107.00047, 20.84424 ], [ 107.00567, 20.85239 ], [ 107.01056, 20.84016 ], [ 107.01606, 20.83923 ], [ 107.0081, 20.85142 ], [ 107.00774, 20.85459 ], [ 107.01369, 20.85459 ], [ 107.00841, 20.8607 ], [ 107.0155, 20.8619 ], [ 107.02032, 20.8577 ], [ 107.01801, 20.86111 ], [ 107.02268, 20.86212 ], [ 107.02216, 20.85817 ], [ 107.02596, 20.85631 ], [ 107.02504, 20.86277 ], [ 107.02769, 20.85962 ], [ 107.02794, 20.86225 ], [ 107.03136, 20.85966 ], [ 107.0349, 20.86209 ], [ 107.03758, 20.85949 ], [ 107.03671, 20.85281 ], [ 107.03921, 20.855 ], [ 107.04057, 20.84961 ], [ 107.04669, 20.84813 ], [ 107.0444, 20.83068 ], [ 107.04119, 20.82752 ], [ 107.04728, 20.81396 ], [ 107.05233, 20.81283 ], [ 107.04713, 20.81846 ], [ 107.05532, 20.82296 ], [ 107.05492, 20.82539 ], [ 107.05213, 20.82176 ], [ 107.04739, 20.82428 ], [ 107.04623, 20.83064 ], [ 107.05003, 20.8352 ], [ 107.0498, 20.82541 ], [ 107.0545, 20.82842 ], [ 107.05437, 20.83146 ], [ 107.0605, 20.83306 ], [ 107.06085, 20.83006 ], [ 107.05653, 20.829 ], [ 107.06115, 20.82613 ], [ 107.05718, 20.82165 ], [ 107.06274, 20.82272 ], [ 107.05859, 20.82036 ], [ 107.06016, 20.81682 ], [ 107.06573, 20.81732 ], [ 107.06344, 20.82181 ], [ 107.0669, 20.82067 ], [ 107.06962, 20.81682 ], [ 107.06513, 20.81243 ], [ 107.07092, 20.8103 ], [ 107.06964, 20.81401 ], [ 107.07573, 20.82419 ], [ 107.07732, 20.82096 ], [ 107.08219, 20.8212 ], [ 107.07938, 20.81832 ], [ 107.09056, 20.81662 ], [ 107.09208, 20.80705 ], [ 107.0959, 20.81009 ], [ 107.10149, 20.80661 ], [ 107.09943, 20.80718 ], [ 107.09845, 20.80633 ], [ 107.09792, 20.80027 ], [ 107.10133, 20.80334 ], [ 107.10339, 20.80066 ], [ 107.10398, 20.80562 ], [ 107.10583, 20.80408 ], [ 107.10907, 20.79797 ], [ 107.1083, 20.7867 ], [ 107.10607, 20.7953 ], [ 107.10165, 20.79303 ], [ 107.10006, 20.79647 ], [ 107.09726, 20.79227 ], [ 107.09683, 20.79581 ], [ 107.08832, 20.79968 ], [ 107.0909, 20.8003 ], [ 107.08817, 20.80192 ], [ 107.0915, 20.80273 ], [ 107.09051, 20.80531 ], [ 107.08359, 20.80135 ], [ 107.08016, 20.80663 ], [ 107.07786, 20.80542 ], [ 107.08046, 20.80077 ], [ 107.08406, 20.80064 ], [ 107.08278, 20.79775 ], [ 107.09216, 20.7938 ], [ 107.09438, 20.79558 ], [ 107.09435, 20.78852 ], [ 107.09739, 20.78808 ], [ 107.09489, 20.78542 ], [ 107.10174, 20.77982 ], [ 107.10089, 20.77757 ], [ 107.09695, 20.78118 ], [ 107.09594, 20.77733 ], [ 107.09228, 20.77977 ], [ 107.0935, 20.7759 ], [ 107.09, 20.77958 ], [ 107.0849, 20.7774 ], [ 107.08299, 20.78111 ], [ 107.08577, 20.78224 ], [ 107.08251, 20.78414 ], [ 107.08534, 20.78477 ], [ 107.08513, 20.78984 ], [ 107.08363, 20.78616 ], [ 107.07664, 20.78932 ], [ 107.08118, 20.78628 ], [ 107.08172, 20.78185 ], [ 107.07848, 20.78254 ], [ 107.08034, 20.7794 ], [ 107.07455, 20.78762 ], [ 107.07494, 20.79204 ], [ 107.07275, 20.7891 ], [ 107.06448, 20.8029 ], [ 107.06671, 20.80378 ], [ 107.06323, 20.80695 ], [ 107.06323, 20.81497 ], [ 107.05906, 20.81684 ], [ 107.05911, 20.81353 ], [ 107.05669, 20.81382 ], [ 107.056, 20.82013 ], [ 107.05144, 20.81768 ], [ 107.06563, 20.79883 ], [ 107.06311, 20.79695 ], [ 107.06599, 20.79379 ], [ 107.06168, 20.7928 ], [ 107.06843, 20.79348 ], [ 107.07468, 20.78544 ], [ 107.07296, 20.78285 ], [ 107.07121, 20.78446 ], [ 107.0581, 20.78299 ], [ 107.05675, 20.78523 ], [ 107.05631, 20.7786 ], [ 107.06491, 20.78324 ], [ 107.06476, 20.78017 ], [ 107.07292, 20.78228 ], [ 107.07511, 20.77941 ], [ 107.07007, 20.78012 ], [ 107.07393, 20.77814 ], [ 107.06529, 20.77378 ], [ 107.06357, 20.77554 ], [ 107.06797, 20.77955 ], [ 107.06283, 20.77812 ], [ 107.06243, 20.78172 ], [ 107.05798, 20.77528 ], [ 107.05279, 20.77449 ], [ 107.04952, 20.77863 ], [ 107.05205, 20.77393 ], [ 107.04266, 20.77296 ], [ 107.04429, 20.76902 ], [ 107.04791, 20.77229 ], [ 107.05456, 20.76753 ], [ 107.05388, 20.77156 ], [ 107.05769, 20.76657 ], [ 107.05201, 20.76632 ], [ 107.04926, 20.76223 ], [ 107.04694, 20.766 ], [ 107.04585, 20.76216 ], [ 107.04355, 20.76499 ], [ 107.04557, 20.76761 ], [ 107.04203, 20.76599 ], [ 107.04205, 20.77147 ], [ 107.03897, 20.77148 ], [ 107.0362, 20.77706 ], [ 107.04308, 20.7753 ], [ 107.03543, 20.7795 ], [ 107.03684, 20.78405 ], [ 107.03346, 20.78726 ], [ 107.03333, 20.7728 ], [ 107.04945, 20.7534 ], [ 107.06104, 20.75248 ], [ 107.07194, 20.74594 ], [ 107.07008, 20.74311 ], [ 107.07214, 20.73839 ], [ 107.0656, 20.736 ], [ 107.06341, 20.73837 ], [ 107.0685, 20.73942 ], [ 107.06505, 20.74536 ], [ 107.05505, 20.74817 ], [ 107.06065, 20.73727 ], [ 107.05646, 20.72813 ], [ 107.05985, 20.72617 ], [ 107.0595, 20.71923 ], [ 107.05532, 20.72033 ], [ 107.0557, 20.71642 ], [ 107.05307, 20.71821 ], [ 107.05322, 20.71422 ], [ 107.04989, 20.71588 ], [ 107.04633, 20.71206 ], [ 107.04422, 20.71502 ], [ 107.04842, 20.71593 ], [ 107.04678, 20.71785 ], [ 107.05133, 20.72139 ], [ 107.04752, 20.72774 ], [ 107.04234, 20.72837 ], [ 107.0454, 20.72604 ], [ 107.04139, 20.72232 ], [ 107.04015, 20.73141 ], [ 107.03796, 20.72854 ], [ 107.03725, 20.73104 ], [ 107.03101, 20.73166 ], [ 107.03201, 20.72802 ] ] ], [ [ [ 106.41721, 20.71681 ], [ 106.40889, 20.72232 ], [ 106.4075, 20.72853 ], [ 106.41158, 20.73402 ], [ 106.42884, 20.73131 ], [ 106.43771, 20.7202 ], [ 106.44919, 20.73615 ], [ 106.4529, 20.73014 ], [ 106.45182, 20.72203 ], [ 106.46074, 20.72264 ], [ 106.46519, 20.73021 ], [ 106.45231, 20.74058 ], [ 106.45319, 20.74342 ], [ 106.46598, 20.74309 ], [ 106.4735, 20.75388 ], [ 106.48679, 20.75045 ], [ 106.49834, 20.76006 ], [ 106.49332, 20.76205 ], [ 106.49848, 20.77357 ], [ 106.49735, 20.78185 ], [ 106.48538, 20.80003 ], [ 106.49981, 20.80846 ], [ 106.50841, 20.8006 ], [ 106.51449, 20.81021 ], [ 106.51598, 20.81922 ], [ 106.51383, 20.82177 ], [ 106.48869, 20.82117 ], [ 106.49675, 20.84081 ], [ 106.47715, 20.85843 ], [ 106.48183, 20.86194 ], [ 106.4834, 20.86967 ], [ 106.48497, 20.86665 ], [ 106.49442, 20.8668 ], [ 106.49979, 20.85267 ], [ 106.50498, 20.86218 ], [ 106.51027, 20.86388 ], [ 106.52494, 20.86211 ], [ 106.52336, 20.85223 ], [ 106.5274, 20.85121 ], [ 106.53216, 20.8545 ], [ 106.53575, 20.86657 ], [ 106.54684, 20.86859 ], [ 106.55234, 20.87354 ], [ 106.55209, 20.87686 ], [ 106.54441, 20.87862 ], [ 106.54832, 20.88415 ], [ 106.5396, 20.88696 ], [ 106.54391, 20.89308 ], [ 106.53804, 20.89857 ], [ 106.5404, 20.90007 ], [ 106.52717, 20.90754 ], [ 106.52746, 20.91465 ], [ 106.53305, 20.91167 ], [ 106.54212, 20.92172 ], [ 106.54813, 20.91934 ], [ 106.54849, 20.92185 ], [ 106.54239, 20.92351 ], [ 106.54443, 20.92714 ], [ 106.54185, 20.93089 ], [ 106.54264, 20.94355 ], [ 106.54621, 20.94777 ], [ 106.5554, 20.94776 ], [ 106.55695, 20.93182 ], [ 106.5673, 20.93674 ], [ 106.56801, 20.95109 ], [ 106.57562, 20.94936 ], [ 106.57824, 20.94234 ], [ 106.57034, 20.93533 ], [ 106.57578, 20.93034 ], [ 106.58096, 20.93217 ], [ 106.59283, 20.95136 ], [ 106.58506, 20.96162 ], [ 106.58534, 20.97312 ], [ 106.56892, 20.97817 ], [ 106.55587, 20.99205 ], [ 106.55609, 21.00285 ], [ 106.56337, 21.01142 ], [ 106.56535, 21.01943 ], [ 106.57343, 21.01073 ], [ 106.57852, 21.01638 ], [ 106.59028, 21.0146 ], [ 106.61137, 21.02046 ], [ 106.62686, 21.01131 ], [ 106.63572, 21.01168 ], [ 106.64708, 21.01934 ], [ 106.65311, 21.01903 ], [ 106.70872, 20.99911 ], [ 106.7237, 20.99672 ], [ 106.74026, 20.99904 ], [ 106.75211, 20.99543 ], [ 106.76575, 20.97953 ], [ 106.76884, 20.97115 ], [ 106.77108, 20.9136 ], [ 106.76601, 20.90136 ], [ 106.75648, 20.89119 ], [ 106.75273, 20.87899 ], [ 106.76328, 20.85314 ], [ 106.78079, 20.83595 ], [ 106.78875, 20.83202 ], [ 106.81665, 20.82902 ], [ 106.83314, 20.81199 ], [ 106.87362, 20.83382 ], [ 106.8755, 20.82942 ], [ 106.87306, 20.82684 ], [ 106.88202, 20.82355 ], [ 106.89532, 20.80941 ], [ 106.90434, 20.80519 ], [ 106.90353, 20.80071 ], [ 106.88614, 20.79343 ], [ 106.87938, 20.79584 ], [ 106.85966, 20.79021 ], [ 106.76999, 20.79553 ], [ 106.76427, 20.7889 ], [ 106.76093, 20.77453 ], [ 106.77216, 20.76908 ], [ 106.78944, 20.72497 ], [ 106.79697, 20.72111 ], [ 106.80135, 20.72249 ], [ 106.79137, 20.70114 ], [ 106.79823, 20.69547 ], [ 106.79608, 20.68437 ], [ 106.80194, 20.68375 ], [ 106.80876, 20.67572 ], [ 106.80242, 20.67425 ], [ 106.80103, 20.67688 ], [ 106.80375, 20.67894 ], [ 106.796, 20.68183 ], [ 106.79227, 20.68725 ], [ 106.79294, 20.69379 ], [ 106.78491, 20.69621 ], [ 106.78514, 20.70147 ], [ 106.77531, 20.70285 ], [ 106.76739, 20.71504 ], [ 106.743, 20.70439 ], [ 106.71833, 20.68688 ], [ 106.70776, 20.68562 ], [ 106.7084, 20.66307 ], [ 106.69023, 20.63258 ], [ 106.65662, 20.61244 ], [ 106.63475, 20.62756 ], [ 106.61966, 20.6251 ], [ 106.61179, 20.62711 ], [ 106.6014, 20.63961 ], [ 106.59164, 20.63529 ], [ 106.58608, 20.62783 ], [ 106.56846, 20.61968 ], [ 106.55867, 20.62673 ], [ 106.54611, 20.6267 ], [ 106.54185, 20.62283 ], [ 106.54001, 20.60835 ], [ 106.52888, 20.60273 ], [ 106.51951, 20.60244 ], [ 106.5156, 20.61138 ], [ 106.49354, 20.61673 ], [ 106.48231, 20.5996 ], [ 106.47162, 20.59825 ], [ 106.46467, 20.61498 ], [ 106.45065, 20.61971 ], [ 106.45511, 20.63906 ], [ 106.4397, 20.66061 ], [ 106.4005, 20.68957 ], [ 106.41404, 20.70652 ], [ 106.41234, 20.71233 ], [ 106.41611, 20.71308 ], [ 106.41721, 20.71681 ] ] ], [ [ [ 106.9357, 20.82285 ], [ 106.9381, 20.82252 ], [ 106.94094, 20.82451 ], [ 106.94218, 20.82389 ], [ 106.94111, 20.81836 ], [ 106.93769, 20.81795 ], [ 106.9357, 20.82285 ] ] ], [ [ [ 106.93485, 20.83043 ], [ 106.94184, 20.82893 ], [ 106.93689, 20.82865 ], [ 106.93797, 20.82276 ], [ 106.93193, 20.82855 ], [ 106.93485, 20.83043 ] ] ], [ [ [ 106.93011, 20.8495 ], [ 106.93463, 20.844 ], [ 106.9374, 20.84637 ], [ 106.93965, 20.84316 ], [ 106.93962, 20.8458 ], [ 106.94555, 20.84498 ], [ 106.94746, 20.83749 ], [ 106.94104, 20.83107 ], [ 106.93558, 20.83284 ], [ 106.93141, 20.82946 ], [ 106.92736, 20.83983 ], [ 106.92931, 20.82784 ], [ 106.92063, 20.82638 ], [ 106.91208, 20.81992 ], [ 106.90607, 20.82664 ], [ 106.92499, 20.84929 ], [ 106.93011, 20.8495 ] ] ], [ [ [ 106.93552, 20.84736 ], [ 106.93616, 20.8475 ], [ 106.93623, 20.84706 ], [ 106.93552, 20.84736 ] ] ], [ [ [ 106.98352, 20.84881 ], [ 106.9843, 20.84799 ], [ 106.98358, 20.84769 ], [ 106.98352, 20.84881 ] ] ], [ [ [ 106.94434, 20.852 ], [ 106.94448, 20.84973 ], [ 106.94648, 20.84585 ], [ 106.9425, 20.84999 ], [ 106.94434, 20.852 ] ] ], [ [ [ 106.94974, 20.85065 ], [ 106.94789, 20.85016 ], [ 106.94859, 20.85164 ], [ 106.94974, 20.85065 ] ] ], [ [ [ 106.94186, 20.85245 ], [ 106.94254, 20.85208 ], [ 106.94246, 20.85161 ], [ 106.94186, 20.85245 ] ] ], [ [ [ 106.94898, 20.85309 ], [ 106.94868, 20.85309 ], [ 106.94853, 20.8534 ], [ 106.94898, 20.85309 ] ] ], [ [ [ 106.94777, 20.85333 ], [ 106.94662, 20.85323 ], [ 106.94753, 20.85474 ], [ 106.94777, 20.85333 ] ] ], [ [ [ 106.94943, 20.85661 ], [ 106.95013, 20.85659 ], [ 106.95016, 20.85633 ], [ 106.94943, 20.85661 ] ] ], [ [ [ 106.94676, 20.85787 ], [ 106.94788, 20.85552 ], [ 106.94643, 20.8561 ], [ 106.94676, 20.85787 ] ] ], [ [ [ 106.95061, 20.85946 ], [ 106.94955, 20.85827 ], [ 106.94881, 20.85864 ], [ 106.95061, 20.85946 ] ] ], [ [ [ 106.94534, 20.85958 ], [ 106.9466, 20.86007 ], [ 106.9463, 20.8591 ], [ 106.94534, 20.85958 ] ] ], [ [ [ 107.00434, 20.85994 ], [ 107.00476, 20.85853 ], [ 107.00047, 20.86087 ], [ 107.00434, 20.85994 ] ] ], [ [ [ 106.95695, 20.8649 ], [ 106.96159, 20.86053 ], [ 106.95812, 20.85738 ], [ 106.95695, 20.8649 ] ] ], [ [ [ 107.00813, 20.86166 ], [ 107.00828, 20.86115 ], [ 107.00799, 20.8613 ], [ 107.00813, 20.86166 ] ] ], [ [ [ 106.98199, 20.86607 ], [ 106.98766, 20.86604 ], [ 106.98741, 20.86435 ], [ 106.98261, 20.86378 ], [ 106.98199, 20.86607 ] ] ], [ [ [ 106.96542, 20.8693 ], [ 106.95875, 20.87784 ], [ 106.96616, 20.87507 ], [ 106.96539, 20.87166 ], [ 106.97147, 20.87123 ], [ 106.97245, 20.8684 ], [ 106.97669, 20.87091 ], [ 106.97421, 20.86824 ], [ 106.97653, 20.86259 ], [ 106.97187, 20.85988 ], [ 106.96979, 20.86322 ], [ 106.96693, 20.85856 ], [ 106.96355, 20.85934 ], [ 106.96024, 20.86367 ], [ 106.96452, 20.86567 ], [ 106.96313, 20.86984 ], [ 106.96542, 20.8693 ] ] ], [ [ [ 106.95933, 20.86779 ], [ 106.96259, 20.8676 ], [ 106.95931, 20.86473 ], [ 106.95676, 20.86842 ], [ 106.95859, 20.87197 ], [ 106.95933, 20.86779 ] ] ], [ [ [ 106.94196, 20.87077 ], [ 106.94257, 20.87251 ], [ 106.94356, 20.87231 ], [ 106.94457, 20.86697 ], [ 106.94012, 20.87015 ], [ 106.94196, 20.87077 ] ] ], [ [ [ 106.97829, 20.86883 ], [ 106.97842, 20.87076 ], [ 106.97929, 20.87055 ], [ 106.97829, 20.86883 ] ] ], [ [ [ 106.93908, 20.87075 ], [ 106.9391, 20.87127 ], [ 106.93959, 20.87071 ], [ 106.93908, 20.87075 ] ] ], [ [ [ 106.94129, 20.87076 ], [ 106.9408, 20.87096 ], [ 106.94132, 20.87159 ], [ 106.94129, 20.87076 ] ] ], [ [ [ 106.94433, 20.86974 ], [ 106.94581, 20.87032 ], [ 106.94668, 20.87427 ], [ 106.94748, 20.87029 ], [ 106.94433, 20.86974 ] ] ], [ [ [ 106.94492, 20.87715 ], [ 106.94486, 20.87682 ], [ 106.94445, 20.87698 ], [ 106.94492, 20.87715 ] ] ], [ [ [ 106.94986, 20.87698 ], [ 106.94766, 20.87734 ], [ 106.9478, 20.87879 ], [ 106.94849, 20.8788 ], [ 106.94986, 20.87698 ] ] ], [ [ [ 106.94813, 20.87973 ], [ 106.94796, 20.8789 ], [ 106.94745, 20.88009 ], [ 106.94813, 20.87973 ] ] ], [ [ [ 107.04569, 20.69996 ], [ 107.04641, 20.70055 ], [ 107.04656, 20.69886 ], [ 107.04569, 20.69996 ] ] ], [ [ [ 107.04388, 20.70463 ], [ 107.04437, 20.70471 ], [ 107.04413, 20.70379 ], [ 107.04388, 20.70463 ] ] ], [ [ [ 107.04301, 20.70287 ], [ 107.03684, 20.70704 ], [ 107.03636, 20.7103 ], [ 107.03912, 20.70883 ], [ 107.03979, 20.7075 ], [ 107.04301, 20.70287 ] ] ], [ [ [ 107.04516, 20.70705 ], [ 107.04665, 20.70725 ], [ 107.04509, 20.70645 ], [ 107.04516, 20.70705 ] ] ], [ [ [ 107.02728, 20.70757 ], [ 107.02796, 20.70782 ], [ 107.02818, 20.70667 ], [ 107.02728, 20.70757 ] ] ], [ [ [ 107.04191, 20.70686 ], [ 107.04065, 20.70718 ], [ 107.04147, 20.70794 ], [ 107.04191, 20.70686 ] ] ], [ [ [ 107.02311, 20.70809 ], [ 107.02317, 20.70682 ], [ 107.02122, 20.70673 ], [ 107.02311, 20.70809 ] ] ], [ [ [ 107.04, 20.70842 ], [ 107.03956, 20.70797 ], [ 107.03958, 20.70828 ], [ 107.04, 20.70842 ] ] ], [ [ [ 107.02717, 20.70999 ], [ 107.02818, 20.71063 ], [ 107.02922, 20.70953 ], [ 107.02717, 20.70999 ] ] ], [ [ [ 107.01826, 20.70991 ], [ 107.01746, 20.71052 ], [ 107.01861, 20.71053 ], [ 107.01826, 20.70991 ] ] ], [ [ [ 107.04736, 20.70941 ], [ 107.04608, 20.71089 ], [ 107.04689, 20.71168 ], [ 107.04736, 20.70941 ] ] ], [ [ [ 107.0436, 20.71179 ], [ 107.04403, 20.71203 ], [ 107.04413, 20.71161 ], [ 107.0436, 20.71179 ] ] ], [ [ [ 107.0516, 20.71365 ], [ 107.05379, 20.71027 ], [ 107.05104, 20.7122 ], [ 107.0516, 20.71365 ] ] ], [ [ [ 107.01977, 20.70933 ], [ 107.01714, 20.71476 ], [ 107.02192, 20.71569 ], [ 107.02585, 20.71058 ], [ 107.01977, 20.70933 ] ] ], [ [ [ 107.01729, 20.71773 ], [ 107.01848, 20.71608 ], [ 107.01615, 20.71648 ], [ 107.01729, 20.71773 ] ] ], [ [ [ 107.05771, 20.7172 ], [ 107.05801, 20.71763 ], [ 107.05827, 20.71683 ], [ 107.05771, 20.7172 ] ] ], [ [ [ 107.02993, 20.71801 ], [ 107.02714, 20.71956 ], [ 107.02992, 20.72086 ], [ 107.02993, 20.71801 ] ] ], [ [ [ 107.0275, 20.72351 ], [ 107.02886, 20.72377 ], [ 107.02751, 20.72241 ], [ 107.0275, 20.72351 ] ] ], [ [ [ 107.03704, 20.72767 ], [ 107.03762, 20.72799 ], [ 107.03796, 20.72648 ], [ 107.03704, 20.72767 ] ] ], [ [ [ 107.0225, 20.73322 ], [ 107.02161, 20.73379 ], [ 107.02238, 20.73386 ], [ 107.0225, 20.73322 ] ] ], [ [ [ 107.06017, 20.74009 ], [ 107.05927, 20.74059 ], [ 107.06077, 20.74122 ], [ 107.06017, 20.74009 ] ] ], [ [ [ 107.06117, 20.74098 ], [ 107.06175, 20.74158 ], [ 107.06205, 20.74103 ], [ 107.06117, 20.74098 ] ] ], [ [ [ 107.0593, 20.74408 ], [ 107.06393, 20.74412 ], [ 107.059, 20.74244 ], [ 107.0593, 20.74408 ] ] ], [ [ [ 107.061, 20.75412 ], [ 107.06102, 20.75389 ], [ 107.0606, 20.75387 ], [ 107.061, 20.75412 ] ] ], [ [ [ 107.05952, 20.75452 ], [ 107.05881, 20.75462 ], [ 107.05955, 20.75503 ], [ 107.05952, 20.75452 ] ] ], [ [ [ 107.06118, 20.7554 ], [ 107.05621, 20.75472 ], [ 107.05444, 20.7591 ], [ 107.06221, 20.75798 ], [ 107.06118, 20.7554 ] ] ], [ [ [ 107.05154, 20.76038 ], [ 107.05242, 20.75932 ], [ 107.05, 20.75892 ], [ 107.05154, 20.76038 ] ] ], [ [ [ 107.05248, 20.76212 ], [ 107.05434, 20.76068 ], [ 107.05157, 20.76079 ], [ 107.05174, 20.76185 ], [ 107.05248, 20.76212 ] ] ], [ [ [ 107.0605, 20.76382 ], [ 107.05803, 20.76061 ], [ 107.05652, 20.76376 ], [ 107.0605, 20.76382 ] ] ], [ [ [ 107.05434, 20.76379 ], [ 107.05078, 20.76329 ], [ 107.05226, 20.76483 ], [ 107.05434, 20.76379 ] ] ], [ [ [ 107.05691, 20.77058 ], [ 107.0576, 20.77152 ], [ 107.05768, 20.77095 ], [ 107.05691, 20.77058 ] ] ], [ [ [ 107.06136, 20.81303 ], [ 107.06181, 20.81038 ], [ 107.06137, 20.81148 ], [ 107.06136, 20.81303 ] ] ], [ [ [ 107.05761, 20.81201 ], [ 107.05739, 20.81289 ], [ 107.05819, 20.81327 ], [ 107.05761, 20.81201 ] ] ], [ [ [ 107.06182, 20.82627 ], [ 107.06094, 20.82847 ], [ 107.06277, 20.82736 ], [ 107.06182, 20.82627 ] ] ], [ [ [ 107.05023, 20.83079 ], [ 107.05348, 20.83028 ], [ 107.05079, 20.82924 ], [ 107.05023, 20.83079 ] ] ], [ [ [ 107.04958, 20.84392 ], [ 107.05238, 20.83977 ], [ 107.04951, 20.83913 ], [ 107.04958, 20.84392 ] ] ], [ [ [ 107.03929, 20.85574 ], [ 107.03928, 20.85519 ], [ 107.03826, 20.85598 ], [ 107.03929, 20.85574 ] ] ], [ [ [ 107.06921, 20.6961 ], [ 107.06963, 20.69681 ], [ 107.07024, 20.69544 ], [ 107.06921, 20.6961 ] ] ], [ [ [ 107.06802, 20.69748 ], [ 107.06858, 20.69777 ], [ 107.0678, 20.69574 ], [ 107.06802, 20.69748 ] ] ], [ [ [ 107.0636, 20.70721 ], [ 107.06294, 20.70748 ], [ 107.06433, 20.70802 ], [ 107.0636, 20.70721 ] ] ], [ [ [ 107.06835, 20.70919 ], [ 107.06907, 20.70843 ], [ 107.06769, 20.70836 ], [ 107.06835, 20.70919 ] ] ], [ [ [ 107.06587, 20.7162 ], [ 107.06816, 20.71104 ], [ 107.064, 20.71376 ], [ 107.06587, 20.7162 ] ] ], [ [ [ 107.0733, 20.72045 ], [ 107.07269, 20.71871 ], [ 107.07132, 20.71908 ], [ 107.0733, 20.72045 ] ] ], [ [ [ 107.06383, 20.72385 ], [ 107.06606, 20.71889 ], [ 107.06427, 20.71782 ], [ 107.06383, 20.72385 ] ] ], [ [ [ 107.06226, 20.72456 ], [ 107.06365, 20.72493 ], [ 107.06327, 20.72399 ], [ 107.06226, 20.72456 ] ] ], [ [ [ 107.07138, 20.72431 ], [ 107.07107, 20.72362 ], [ 107.06898, 20.72472 ], [ 107.06995, 20.72709 ], [ 107.07138, 20.72431 ] ] ], [ [ [ 107.06744, 20.72952 ], [ 107.06807, 20.73185 ], [ 107.06948, 20.72976 ], [ 107.06744, 20.72952 ] ] ], [ [ [ 107.06998, 20.73601 ], [ 107.06662, 20.73207 ], [ 107.0681, 20.72653 ], [ 107.06225, 20.72711 ], [ 107.06499, 20.73099 ], [ 107.06102, 20.73406 ], [ 107.06588, 20.73251 ], [ 107.06998, 20.73601 ] ] ], [ [ [ 107.0696, 20.73434 ], [ 107.07012, 20.73347 ], [ 107.06821, 20.73364 ], [ 107.0696, 20.73434 ] ] ], [ [ [ 107.06101, 20.73712 ], [ 107.06197, 20.73752 ], [ 107.06284, 20.73615 ], [ 107.06101, 20.73712 ] ] ], [ [ [ 107.06175, 20.7393 ], [ 107.06205, 20.74001 ], [ 107.0629, 20.73886 ], [ 107.06175, 20.7393 ] ] ], [ [ [ 107.07321, 20.74469 ], [ 107.07272, 20.74284 ], [ 107.07079, 20.74411 ], [ 107.07321, 20.74469 ] ] ], [ [ [ 107.06338, 20.75533 ], [ 107.06439, 20.75451 ], [ 107.06252, 20.75363 ], [ 107.06338, 20.75533 ] ] ], [ [ [ 107.06443, 20.75632 ], [ 107.06463, 20.75583 ], [ 107.06393, 20.75553 ], [ 107.06443, 20.75632 ] ] ], [ [ [ 107.06314, 20.75759 ], [ 107.06428, 20.75658 ], [ 107.06312, 20.75647 ], [ 107.06314, 20.75759 ] ] ], [ [ [ 107.06553, 20.75949 ], [ 107.06986, 20.75716 ], [ 107.06044, 20.76121 ], [ 107.07078, 20.76078 ], [ 107.06553, 20.75949 ] ] ], [ [ [ 107.0716, 20.76232 ], [ 107.07121, 20.76282 ], [ 107.07157, 20.76274 ], [ 107.0716, 20.76232 ] ] ], [ [ [ 107.06409, 20.76368 ], [ 107.06406, 20.76419 ], [ 107.06566, 20.76389 ], [ 107.06409, 20.76368 ] ] ], [ [ [ 107.06193, 20.76406 ], [ 107.06205, 20.76431 ], [ 107.06247, 20.76387 ], [ 107.06193, 20.76406 ] ] ], [ [ [ 107.06922, 20.766 ], [ 107.06934, 20.76648 ], [ 107.06978, 20.76559 ], [ 107.06922, 20.766 ] ] ], [ [ [ 107.06531, 20.76671 ], [ 107.06433, 20.76697 ], [ 107.06451, 20.76807 ], [ 107.06531, 20.76671 ] ] ], [ [ [ 107.0606, 20.7764 ], [ 107.06307, 20.77589 ], [ 107.06586, 20.76887 ], [ 107.0606, 20.7764 ] ] ], [ [ [ 107.06692, 20.77099 ], [ 107.06879, 20.7749 ], [ 107.07094, 20.77044 ], [ 107.06692, 20.77099 ] ] ], [ [ [ 107.07034, 20.82087 ], [ 107.07027, 20.82119 ], [ 107.07055, 20.82129 ], [ 107.07034, 20.82087 ] ] ], [ [ [ 107.0698, 20.82165 ], [ 107.07008, 20.8216 ], [ 107.06991, 20.82127 ], [ 107.0698, 20.82165 ] ] ], [ [ [ 107.07041, 20.82413 ], [ 107.07103, 20.82428 ], [ 107.06971, 20.82207 ], [ 107.07041, 20.82413 ] ] ], [ [ [ 107.07217, 20.82776 ], [ 107.07465, 20.82664 ], [ 107.07501, 20.82547 ], [ 107.07398, 20.82644 ], [ 107.06655, 20.82236 ], [ 107.06568, 20.82579 ], [ 107.06801, 20.82421 ], [ 107.07217, 20.82776 ] ] ], [ [ [ 107.06398, 20.83086 ], [ 107.06533, 20.83105 ], [ 107.0651, 20.82758 ], [ 107.06398, 20.83086 ] ] ], [ [ [ 107.06808, 20.82915 ], [ 107.06735, 20.82938 ], [ 107.06767, 20.82995 ], [ 107.06808, 20.82915 ] ] ], [ [ [ 107.06967, 20.83019 ], [ 107.069, 20.82997 ], [ 107.06941, 20.83032 ], [ 107.06967, 20.83019 ] ] ], [ [ [ 107.06681, 20.83042 ], [ 107.06601, 20.83069 ], [ 107.06709, 20.83088 ], [ 107.06681, 20.83042 ] ] ], [ [ [ 107.06253, 20.83268 ], [ 107.06292, 20.8328 ], [ 107.06265, 20.83183 ], [ 107.06253, 20.83268 ] ] ], [ [ [ 107.06556, 20.83686 ], [ 107.0658, 20.83631 ], [ 107.06503, 20.83674 ], [ 107.06556, 20.83686 ] ] ], [ [ [ 107.06313, 20.83723 ], [ 107.06465, 20.83893 ], [ 107.06494, 20.83736 ], [ 107.06313, 20.83723 ] ] ], [ [ [ 107.07394, 20.69998 ], [ 107.07489, 20.70458 ], [ 107.07709, 20.70437 ], [ 107.07394, 20.69998 ] ] ], [ [ [ 107.07284, 20.70486 ], [ 107.07344, 20.70502 ], [ 107.07297, 20.70402 ], [ 107.07284, 20.70486 ] ] ], [ [ [ 107.07948, 20.72181 ], [ 107.079, 20.72501 ], [ 107.08272, 20.71908 ], [ 107.07948, 20.72181 ] ] ], [ [ [ 107.08041, 20.73193 ], [ 107.08197, 20.72455 ], [ 107.0817, 20.72367 ], [ 107.07682, 20.72874 ], [ 107.08041, 20.73193 ] ] ], [ [ [ 107.08563, 20.72961 ], [ 107.08597, 20.73046 ], [ 107.08697, 20.72963 ], [ 107.08563, 20.72961 ] ] ], [ [ [ 107.08276, 20.73177 ], [ 107.07962, 20.73561 ], [ 107.0812, 20.73708 ], [ 107.08456, 20.73408 ], [ 107.08276, 20.73177 ] ] ], [ [ [ 107.07853, 20.73557 ], [ 107.07891, 20.73575 ], [ 107.0786, 20.73475 ], [ 107.07853, 20.73557 ] ] ], [ [ [ 107.07986, 20.74112 ], [ 107.07876, 20.73916 ], [ 107.07478, 20.74201 ], [ 107.07986, 20.74112 ] ] ], [ [ [ 107.0868, 20.74557 ], [ 107.08244, 20.7477 ], [ 107.0791, 20.74978 ], [ 107.0868, 20.74557 ] ] ], [ [ [ 107.07777, 20.7514 ], [ 107.08004, 20.75195 ], [ 107.07841, 20.75433 ], [ 107.0768, 20.75131 ], [ 107.07244, 20.75232 ], [ 107.07024, 20.75574 ], [ 107.07151, 20.7588 ], [ 107.07571, 20.75388 ], [ 107.07816, 20.75646 ], [ 107.08232, 20.75131 ], [ 107.07777, 20.7514 ] ] ], [ [ [ 107.07421, 20.75677 ], [ 107.07519, 20.75733 ], [ 107.07528, 20.75707 ], [ 107.07421, 20.75677 ] ] ], [ [ [ 107.0791, 20.75789 ], [ 107.07961, 20.75815 ], [ 107.07898, 20.75727 ], [ 107.0791, 20.75789 ] ] ], [ [ [ 107.08849, 20.75808 ], [ 107.08893, 20.75836 ], [ 107.08876, 20.75778 ], [ 107.08849, 20.75808 ] ] ], [ [ [ 107.08084, 20.76056 ], [ 107.08192, 20.75862 ], [ 107.07774, 20.75986 ], [ 107.08084, 20.76056 ] ] ], [ [ [ 107.07407, 20.76062 ], [ 107.07481, 20.76013 ], [ 107.07378, 20.75993 ], [ 107.07407, 20.76062 ] ] ], [ [ [ 107.0795, 20.76574 ], [ 107.08764, 20.76116 ], [ 107.08711, 20.75688 ], [ 107.08339, 20.75889 ], [ 107.0795, 20.76574 ] ] ], [ [ [ 107.07632, 20.7615 ], [ 107.07712, 20.76221 ], [ 107.07725, 20.76169 ], [ 107.07632, 20.7615 ] ] ], [ [ [ 107.07406, 20.76235 ], [ 107.07195, 20.76285 ], [ 107.07385, 20.76368 ], [ 107.07406, 20.76235 ] ] ], [ [ [ 107.07865, 20.7644 ], [ 107.07899, 20.76203 ], [ 107.07581, 20.76406 ], [ 107.07865, 20.7644 ] ] ], [ [ [ 107.09693, 20.7667 ], [ 107.09747, 20.76691 ], [ 107.09819, 20.76627 ], [ 107.09693, 20.7667 ] ] ], [ [ [ 107.08154, 20.76821 ], [ 107.07549, 20.76419 ], [ 107.07586, 20.76937 ], [ 107.08154, 20.76821 ] ] ], [ [ [ 107.07304, 20.7674 ], [ 107.07325, 20.76759 ], [ 107.07345, 20.76714 ], [ 107.07304, 20.7674 ] ] ], [ [ [ 107.09132, 20.76594 ], [ 107.09601, 20.76902 ], [ 107.08834, 20.76312 ], [ 107.0836, 20.76587 ], [ 107.07976, 20.7763 ], [ 107.08605, 20.7742 ], [ 107.08613, 20.77018 ], [ 107.08887, 20.76888 ], [ 107.08693, 20.77041 ], [ 107.09232, 20.77453 ], [ 107.09441, 20.77144 ], [ 107.08964, 20.76763 ], [ 107.09132, 20.76594 ] ] ], [ [ [ 107.09679, 20.77291 ], [ 107.10077, 20.77392 ], [ 107.09802, 20.76755 ], [ 107.09679, 20.77291 ] ] ], [ [ [ 107.07584, 20.77012 ], [ 107.07209, 20.7723 ], [ 107.07388, 20.77614 ], [ 107.07576, 20.77417 ], [ 107.07584, 20.77012 ] ] ], [ [ [ 107.09495, 20.77312 ], [ 107.09583, 20.77356 ], [ 107.09623, 20.77322 ], [ 107.09495, 20.77312 ] ] ], [ [ [ 107.07833, 20.7729 ], [ 107.07655, 20.77338 ], [ 107.07601, 20.77499 ], [ 107.07833, 20.7729 ] ] ], [ [ [ 107.09827, 20.77593 ], [ 107.09911, 20.77602 ], [ 107.09937, 20.77539 ], [ 107.09827, 20.77593 ] ] ], [ [ [ 107.0755, 20.77656 ], [ 107.07608, 20.7769 ], [ 107.07625, 20.77573 ], [ 107.0755, 20.77656 ] ] ], [ [ [ 107.09797, 20.77739 ], [ 107.09796, 20.77629 ], [ 107.09728, 20.77724 ], [ 107.09797, 20.77739 ] ] ], [ [ [ 107.07862, 20.77659 ], [ 107.0775, 20.77714 ], [ 107.07781, 20.77726 ], [ 107.07862, 20.77659 ] ] ], [ [ [ 107.10168, 20.78166 ], [ 107.09997, 20.78284 ], [ 107.10085, 20.78387 ], [ 107.10168, 20.78166 ] ] ], [ [ [ 107.09654, 20.79322 ], [ 107.0951, 20.79388 ], [ 107.09613, 20.79404 ], [ 107.09654, 20.79322 ] ] ], [ [ [ 107.10065, 20.80396 ], [ 107.103, 20.80738 ], [ 107.1041, 20.80593 ], [ 107.10065, 20.80396 ] ] ], [ [ [ 107.0914, 20.81766 ], [ 107.09112, 20.81732 ], [ 107.09106, 20.81827 ], [ 107.0914, 20.81766 ] ] ], [ [ [ 107.07262, 20.81922 ], [ 107.0722, 20.81978 ], [ 107.07258, 20.81998 ], [ 107.07262, 20.81922 ] ] ], [ [ [ 107.0734, 20.82523 ], [ 107.07291, 20.82517 ], [ 107.07316, 20.8255 ], [ 107.0734, 20.82523 ] ] ], [ [ [ 107.69823, 20.12079 ], [ 107.67921, 20.12318 ], [ 107.69511, 20.13959 ], [ 107.72041, 20.15182 ], [ 107.73267, 20.16388 ], [ 107.74212, 20.16483 ], [ 107.74571, 20.1704 ], [ 107.74413, 20.15789 ], [ 107.73009, 20.13942 ], [ 107.73076, 20.12822 ], [ 107.72575, 20.11987 ], [ 107.72014, 20.11806 ], [ 107.70776, 20.12414 ], [ 107.69823, 20.12079 ] ] ], [ [ [ 107.16247, 20.61229 ], [ 107.16256, 20.61237 ], [ 107.16257, 20.61219 ], [ 107.16247, 20.61229 ] ] ], [ [ [ 107.16345, 20.61325 ], [ 107.16357, 20.61357 ], [ 107.16386, 20.61316 ], [ 107.16345, 20.61325 ] ] ], [ [ [ 107.15117, 20.6154 ], [ 107.15177, 20.61278 ], [ 107.14744, 20.6133 ], [ 107.15117, 20.6154 ] ] ], [ [ [ 107.16674, 20.6144 ], [ 107.16684, 20.61408 ], [ 107.16643, 20.61379 ], [ 107.16674, 20.6144 ] ] ], [ [ [ 107.17261, 20.61466 ], [ 107.17295, 20.6148 ], [ 107.17285, 20.61429 ], [ 107.17261, 20.61466 ] ] ], [ [ [ 107.16846, 20.61329 ], [ 107.16727, 20.61536 ], [ 107.16799, 20.61615 ], [ 107.16846, 20.61329 ] ] ], [ [ [ 107.20959, 20.61309 ], [ 107.20252, 20.61516 ], [ 107.20471, 20.61758 ], [ 107.20959, 20.61309 ] ] ], [ [ [ 107.20999, 20.61542 ], [ 107.21058, 20.6162 ], [ 107.21108, 20.61529 ], [ 107.20999, 20.61542 ] ] ], [ [ [ 107.14669, 20.61571 ], [ 107.14655, 20.61574 ], [ 107.14674, 20.6159 ], [ 107.14669, 20.61571 ] ] ], [ [ [ 107.2115, 20.61564 ], [ 107.2122, 20.61618 ], [ 107.21239, 20.61557 ], [ 107.2115, 20.61564 ] ] ], [ [ [ 107.13801, 20.61713 ], [ 107.13786, 20.61611 ], [ 107.13714, 20.61587 ], [ 107.13801, 20.61713 ] ] ], [ [ [ 107.13088, 20.6157 ], [ 107.12955, 20.61552 ], [ 107.13005, 20.61767 ], [ 107.13088, 20.6157 ] ] ], [ [ [ 107.16843, 20.61791 ], [ 107.17093, 20.61545 ], [ 107.16793, 20.61649 ], [ 107.16843, 20.61791 ] ] ], [ [ [ 107.20845, 20.61651 ], [ 107.20815, 20.61702 ], [ 107.20858, 20.61732 ], [ 107.20845, 20.61651 ] ] ], [ [ [ 107.20631, 20.61741 ], [ 107.20692, 20.61772 ], [ 107.20691, 20.61738 ], [ 107.20631, 20.61741 ] ] ], [ [ [ 107.14043, 20.61998 ], [ 107.14322, 20.6188 ], [ 107.142, 20.6154 ], [ 107.14047, 20.6194 ], [ 107.13678, 20.61959 ], [ 107.14043, 20.61998 ] ] ], [ [ [ 107.20911, 20.6176 ], [ 107.21027, 20.6181 ], [ 107.21029, 20.61778 ], [ 107.20911, 20.6176 ] ] ], [ [ [ 107.13605, 20.62066 ], [ 107.13747, 20.62183 ], [ 107.13881, 20.62062 ], [ 107.13605, 20.62066 ] ] ], [ [ [ 107.13338, 20.62189 ], [ 107.1335, 20.62206 ], [ 107.13354, 20.6217 ], [ 107.13338, 20.62189 ] ] ], [ [ [ 107.13595, 20.62466 ], [ 107.1376, 20.62271 ], [ 107.13516, 20.62187 ], [ 107.13595, 20.62466 ] ] ], [ [ [ 107.20294, 20.62428 ], [ 107.20308, 20.6236 ], [ 107.20275, 20.62342 ], [ 107.20294, 20.62428 ] ] ], [ [ [ 107.15561, 20.62262 ], [ 107.15535, 20.62796 ], [ 107.15709, 20.62911 ], [ 107.15678, 20.62384 ], [ 107.15864, 20.62625 ], [ 107.16223, 20.6257 ], [ 107.15842, 20.62305 ], [ 107.1625, 20.62348 ], [ 107.16059, 20.61971 ], [ 107.15561, 20.62262 ] ] ], [ [ [ 107.14638, 20.6257 ], [ 107.14606, 20.6257 ], [ 107.14613, 20.62592 ], [ 107.14638, 20.6257 ] ] ], [ [ [ 107.13336, 20.62689 ], [ 107.13441, 20.62768 ], [ 107.1339, 20.6255 ], [ 107.13336, 20.62689 ] ] ], [ [ [ 107.16001, 20.62782 ], [ 107.16068, 20.62849 ], [ 107.16089, 20.62686 ], [ 107.16001, 20.62782 ] ] ], [ [ [ 107.13134, 20.65077 ], [ 107.13296, 20.65176 ], [ 107.13304, 20.65087 ], [ 107.13134, 20.65077 ] ] ], [ [ [ 107.13152, 20.65271 ], [ 107.13205, 20.65262 ], [ 107.13182, 20.65188 ], [ 107.13152, 20.65271 ] ] ], [ [ [ 107.13628, 20.6543 ], [ 107.13654, 20.65469 ], [ 107.1366, 20.65398 ], [ 107.13628, 20.6543 ] ] ], [ [ [ 107.1049, 20.77016 ], [ 107.1054, 20.77266 ], [ 107.10615, 20.77099 ], [ 107.1049, 20.77016 ] ] ], [ [ [ 107.10423, 20.78679 ], [ 107.1045, 20.78555 ], [ 107.10336, 20.78616 ], [ 107.10423, 20.78679 ] ] ], [ [ [ 107.1064, 20.78756 ], [ 107.10379, 20.78761 ], [ 107.10521, 20.78837 ], [ 107.1064, 20.78756 ] ] ], [ [ [ 107.10136, 20.79215 ], [ 107.1051, 20.79028 ], [ 107.10136, 20.78943 ], [ 107.10136, 20.79215 ] ] ], [ [ [ 107.10492, 20.80876 ], [ 107.10001, 20.81088 ], [ 107.10026, 20.81379 ], [ 107.10059, 20.81179 ], [ 107.10492, 20.80876 ] ] ] ] } },
{ "type": "Feature", "properties": { "NAME_1": "Hồ Chí Minh", "id": "28", "GID_1": "VNM.25_1", "GID_0": "VNM", "COUNTRY": "Vietnam", "VARNAME_1": "Ho Chi Minh", "NL_NAME_1": "NA", "TYPE_1": "Thành phố", "ENGTYPE_1": "City", "CC_1": "NA", "HASC_1": "VN.HC", "ISO_1": "NA" }, "geometry": { "type": "Polygon", "coordinates": [ [ [ 106.97055, 10.39481 ], [ 106.89455, 10.36509 ], [ 106.83459, 10.35423 ], [ 106.81509, 10.39126 ], [ 106.76315, 10.45245 ], [ 106.74539, 10.48844 ], [ 106.74358, 10.49763 ], [ 106.7491, 10.53071 ], [ 106.74197, 10.56537 ], [ 106.74529, 10.57568 ], [ 106.74122, 10.57911 ], [ 106.73514, 10.57759 ], [ 106.73949, 10.58278 ], [ 106.73702, 10.58633 ], [ 106.73277, 10.5802 ], [ 106.72871, 10.57996 ], [ 106.72023, 10.59631 ], [ 106.72229, 10.59954 ], [ 106.7188, 10.6059 ], [ 106.72387, 10.6119 ], [ 106.72859, 10.60869 ], [ 106.73283, 10.6099 ], [ 106.72764, 10.61569 ], [ 106.73186, 10.62275 ], [ 106.72836, 10.62432 ], [ 106.72906, 10.62809 ], [ 106.73331, 10.62884 ], [ 106.72259, 10.64587 ], [ 106.70092, 10.65395 ], [ 106.69134, 10.6485 ], [ 106.68533, 10.65673 ], [ 106.6851, 10.65099 ], [ 106.6696, 10.6392 ], [ 106.66016, 10.63981 ], [ 106.65694, 10.64355 ], [ 106.65295, 10.63247 ], [ 106.64621, 10.63422 ], [ 106.64099, 10.62667 ], [ 106.63484, 10.62543 ], [ 106.6302, 10.62669 ], [ 106.62949, 10.64204 ], [ 106.6212, 10.64095 ], [ 106.62479, 10.64743 ], [ 106.60542, 10.65877 ], [ 106.60065, 10.65073 ], [ 106.59535, 10.65378 ], [ 106.59565, 10.6511 ], [ 106.59177, 10.65008 ], [ 106.59045, 10.65307 ], [ 106.57975, 10.6561 ], [ 106.577, 10.64887 ], [ 106.57339, 10.64981 ], [ 106.57352, 10.65416 ], [ 106.56629, 10.65644 ], [ 106.5653, 10.65229 ], [ 106.55904, 10.65185 ], [ 106.55788, 10.64855 ], [ 106.55594, 10.65696 ], [ 106.54891, 10.65744 ], [ 106.55359, 10.66854 ], [ 106.55052, 10.68544 ], [ 106.53405, 10.68789 ], [ 106.52724, 10.70926 ], [ 106.53023, 10.71728 ], [ 106.52022, 10.72368 ], [ 106.50935, 10.71718 ], [ 106.50168, 10.72651 ], [ 106.49578, 10.72763 ], [ 106.49158, 10.72433 ], [ 106.46369, 10.75652 ], [ 106.50457, 10.78895 ], [ 106.53293, 10.90036 ], [ 106.45351, 10.94188 ], [ 106.41145, 10.97384 ], [ 106.37297, 10.96974 ], [ 106.35667, 10.99162 ], [ 106.36325, 10.99767 ], [ 106.39204, 10.99979 ], [ 106.41282, 11.00894 ], [ 106.40891, 11.02243 ], [ 106.41331, 11.03194 ], [ 106.42008, 11.03616 ], [ 106.42431, 11.04711 ], [ 106.42035, 11.05192 ], [ 106.42227, 11.05914 ], [ 106.42019, 11.06336 ], [ 106.42575, 11.06656 ], [ 106.42735, 11.07401 ], [ 106.42597, 11.09162 ], [ 106.43085, 11.09206 ], [ 106.43781, 11.11217 ], [ 106.44238, 11.11584 ], [ 106.4484, 11.13087 ], [ 106.44578, 11.13583 ], [ 106.45631, 11.14149 ], [ 106.45775, 11.15292 ], [ 106.45146, 11.15348 ], [ 106.45615, 11.16031 ], [ 106.46385, 11.16001 ], [ 106.47095, 11.15525 ], [ 106.46724, 11.14789 ], [ 106.47228, 11.14334 ], [ 106.49146, 11.14451 ], [ 106.50146, 11.14015 ], [ 106.50764, 11.14197 ], [ 106.51531, 11.12634 ], [ 106.52618, 11.12147 ], [ 106.52602, 11.10528 ], [ 106.5162, 11.1008 ], [ 106.52316, 11.08986 ], [ 106.53017, 11.09241 ], [ 106.53413, 11.0902 ], [ 106.52383, 11.07366 ], [ 106.53432, 11.05755 ], [ 106.54626, 11.05213 ], [ 106.54989, 11.04628 ], [ 106.56461, 11.04493 ], [ 106.57266, 11.05463 ], [ 106.58649, 11.03641 ], [ 106.59104, 11.03691 ], [ 106.59618, 11.04575 ], [ 106.60023, 11.04475 ], [ 106.60329, 11.03957 ], [ 106.59557, 11.02998 ], [ 106.59751, 11.01683 ], [ 106.62006, 11.00816 ], [ 106.62102, 11.00188 ], [ 106.61582, 10.9909 ], [ 106.62506, 10.98108 ], [ 106.63692, 10.97761 ], [ 106.6484, 10.98082 ], [ 106.65205, 10.95275 ], [ 106.65043, 10.93392 ], [ 106.6648, 10.92188 ], [ 106.68076, 10.92352 ], [ 106.68489, 10.92114 ], [ 106.69453, 10.89624 ], [ 106.68931, 10.88119 ], [ 106.69987, 10.86843 ], [ 106.71323, 10.86589 ], [ 106.71539, 10.87276 ], [ 106.72353, 10.87185 ], [ 106.72124, 10.87636 ], [ 106.71259, 10.87795 ], [ 106.71796, 10.88085 ], [ 106.71754, 10.88783 ], [ 106.71448, 10.88679 ], [ 106.7131, 10.88989 ], [ 106.71761, 10.89638 ], [ 106.72925, 10.88943 ], [ 106.73244, 10.89064 ], [ 106.73132, 10.88595 ], [ 106.73669, 10.88459 ], [ 106.73421, 10.88052 ], [ 106.74505, 10.88158 ], [ 106.75043, 10.87722 ], [ 106.746, 10.87173 ], [ 106.75176, 10.86337 ], [ 106.76221, 10.86726 ], [ 106.76053, 10.88125 ], [ 106.76843, 10.8936 ], [ 106.78053, 10.8815 ], [ 106.77995, 10.86839 ], [ 106.78776, 10.86721 ], [ 106.78893, 10.87195 ], [ 106.80524, 10.87505 ], [ 106.80857, 10.87303 ], [ 106.81934, 10.88592 ], [ 106.82492, 10.88822 ], [ 106.82508, 10.89381 ], [ 106.84024, 10.89893 ], [ 106.84359, 10.88396 ], [ 106.85107, 10.87628 ], [ 106.84673, 10.86488 ], [ 106.84957, 10.85624 ], [ 106.85669, 10.84268 ], [ 106.88132, 10.81423 ], [ 106.88097, 10.80474 ], [ 106.86473, 10.78592 ], [ 106.87218, 10.77764 ], [ 106.87456, 10.76952 ], [ 106.86496, 10.76453 ], [ 106.85192, 10.77464 ], [ 106.84569, 10.77513 ], [ 106.82434, 10.75956 ], [ 106.82483, 10.77861 ], [ 106.8164, 10.77991 ], [ 106.80557, 10.77009 ], [ 106.79916, 10.75899 ], [ 106.76774, 10.74193 ], [ 106.75201, 10.7211 ], [ 106.75195, 10.70498 ], [ 106.75731, 10.69409 ], [ 106.77276, 10.67629 ], [ 106.80708, 10.65746 ], [ 106.81406, 10.64055 ], [ 106.82664, 10.6278 ], [ 106.83762, 10.62704 ], [ 106.8428, 10.63802 ], [ 106.85154, 10.63979 ], [ 106.86005, 10.63655 ], [ 106.87291, 10.64808 ], [ 106.88297, 10.6474 ], [ 106.88506, 10.64026 ], [ 106.90339, 10.6248 ], [ 106.91137, 10.60827 ], [ 106.92064, 10.61004 ], [ 106.92654, 10.60348 ], [ 106.94138, 10.59669 ], [ 106.96067, 10.59354 ], [ 106.97459, 10.58237 ], [ 106.98386, 10.57943 ], [ 106.98705, 10.58785 ], [ 106.98605, 10.59603 ], [ 106.99069, 10.60489 ], [ 107.00066, 10.60709 ], [ 107.00292, 10.6109 ], [ 107.00655, 10.60984 ], [ 107.00795, 10.61326 ], [ 107.01906, 10.60439 ], [ 107.02666, 10.58348 ], [ 107.01069, 10.55462 ], [ 107.01472, 10.54795 ], [ 107.02501, 10.54591 ], [ 107.0271, 10.5378 ], [ 107.00697, 10.51051 ], [ 106.99735, 10.50322 ], [ 106.99658, 10.46049 ], [ 106.99147, 10.45095 ], [ 106.9661, 10.44649 ], [ 106.96268, 10.43849 ], [ 106.98229, 10.42475 ], [ 106.98561, 10.4132 ], [ 106.97055, 10.39481 ] ] ] } },
{ "type": "Feature", "properties": { "NAME_1": "Kiên Giang", "id": "32", "GID_1": "VNM.33_1", "GID_0": "VNM", "COUNTRY": "Vietnam", "VARNAME_1": "Kien Giang", "NL_NAME_1": "NA", "TYPE_1": "Tỉnh", "ENGTYPE_1": "Province", "CC_1": "NA", "HASC_1": "VN.KG", "ISO_1": "NA" }, "geometry": { "type": "MultiPolygon", "coordinates": [ [ [ [ 103.46736, 9.2545 ], [ 103.46742, 9.25591 ], [ 103.46895, 9.25602 ], [ 103.46736, 9.2545 ] ] ], [ [ [ 103.48464, 9.28243 ], [ 103.48687, 9.27853 ], [ 103.48547, 9.27704 ], [ 103.4844, 9.27881 ], [ 103.48464, 9.28243 ] ] ], [ [ [ 103.50443, 9.29829 ], [ 103.4961, 9.3009 ], [ 103.48478, 9.28638 ], [ 103.47392, 9.28743 ], [ 103.47186, 9.29185 ], [ 103.47616, 9.29921 ], [ 103.47432, 9.30299 ], [ 103.45875, 9.30371 ], [ 103.46246, 9.31233 ], [ 103.48059, 9.32072 ], [ 103.50481, 9.32049 ], [ 103.51108, 9.31023 ], [ 103.50068, 9.30239 ], [ 103.50443, 9.29829 ] ] ], [ [ [ 103.53334, 9.32401 ], [ 103.53372, 9.31567 ], [ 103.52248, 9.32216 ], [ 103.52806, 9.32771 ], [ 103.53334, 9.32401 ] ] ], [ [ [ 103.54303, 9.32467 ], [ 103.53516, 9.32989 ], [ 103.54191, 9.33575 ], [ 103.54087, 9.33043 ], [ 103.54303, 9.32467 ] ] ], [ [ [ 103.64697, 9.38041 ], [ 103.64723, 9.37955 ], [ 103.64612, 9.37996 ], [ 103.64697, 9.38041 ] ] ], [ [ [ 103.63953, 9.38648 ], [ 103.64165, 9.38469 ], [ 103.64034, 9.3838 ], [ 103.63953, 9.38648 ] ] ], [ [ [ 104.03171, 9.80116 ], [ 104.03233, 9.80192 ], [ 104.03233, 9.80132 ], [ 104.03171, 9.80116 ] ] ], [ [ [ 104.04328, 9.81764 ], [ 104.04201, 9.81985 ], [ 104.04446, 9.82345 ], [ 104.04644, 9.82109 ], [ 104.04328, 9.81764 ] ] ], [ [ [ 104.09853, 9.85119 ], [ 104.0943, 9.84301 ], [ 104.09265, 9.84752 ], [ 104.09596, 9.85183 ], [ 104.09853, 9.85119 ] ] ], [ [ [ 103.9945, 9.90291 ], [ 103.99408, 9.90175 ], [ 103.99207, 9.90326 ], [ 103.9945, 9.90291 ] ] ], [ [ [ 103.98943, 9.90768 ], [ 103.98917, 9.90712 ], [ 103.98877, 9.90814 ], [ 103.98943, 9.90768 ] ] ], [ [ [ 104.02101, 9.90817 ], [ 104.02309, 9.90984 ], [ 104.02375, 9.90801 ], [ 104.02101, 9.90817 ] ] ], [ [ [ 103.98948, 9.9096 ], [ 103.98614, 9.913 ], [ 103.99481, 9.91351 ], [ 103.99329, 9.91035 ], [ 103.98948, 9.9096 ] ] ], [ [ [ 104.01762, 9.91486 ], [ 104.01679, 9.90979 ], [ 104.00947, 9.91071 ], [ 104.01762, 9.91486 ] ] ], [ [ [ 104.02241, 9.9203 ], [ 104.02589, 9.91803 ], [ 104.02562, 9.91631 ], [ 104.02223, 9.91653 ], [ 104.02241, 9.9203 ] ] ], [ [ [ 104.00349, 9.91632 ], [ 103.99792, 9.91826 ], [ 103.99644, 9.92158 ], [ 104.00174, 9.92304 ], [ 104.00349, 9.91632 ] ] ], [ [ [ 103.98221, 9.92251 ], [ 103.98216, 9.91872 ], [ 103.97898, 9.91871 ], [ 103.98221, 9.92251 ] ] ], [ [ [ 103.99326, 9.92789 ], [ 103.99136, 9.92929 ], [ 103.99281, 9.92938 ], [ 103.99326, 9.92789 ] ] ], [ [ [ 104.01829, 9.92741 ], [ 104.01621, 9.93208 ], [ 104.02105, 9.93399 ], [ 104.02329, 9.9304 ], [ 104.01829, 9.92741 ] ] ], [ [ [ 104.02332, 9.95959 ], [ 104.02151, 9.9512 ], [ 104.02509, 9.94772 ], [ 104.02258, 9.93957 ], [ 104.01045, 9.94857 ], [ 104.01389, 9.95444 ], [ 104.01054, 9.95788 ], [ 104.0129, 9.96134 ], [ 104.00978, 9.96989 ], [ 104.01753, 9.96796 ], [ 104.02332, 9.95959 ] ] ], [ [ [ 104.02676, 9.96881 ], [ 104.01791, 9.97354 ], [ 104.01334, 9.98375 ], [ 104.01722, 9.98472 ], [ 104.02377, 9.97933 ], [ 104.02676, 9.96881 ] ] ], [ [ [ 104.04194, 9.99048 ], [ 104.03862, 9.99288 ], [ 104.03639, 9.99706 ], [ 104.04205, 9.99282 ], [ 104.04194, 9.99048 ] ] ], [ [ [ 104.01453, 9.99225 ], [ 104.00919, 9.99145 ], [ 104.0069, 10.00101 ], [ 104.01317, 9.99672 ], [ 104.01453, 9.99225 ] ] ], [ [ [ 104.03581, 9.99886 ], [ 104.03009, 10.00305 ], [ 104.02905, 10.00623 ], [ 104.03492, 10.00233 ], [ 104.03581, 9.99886 ] ] ], [ [ [ 104.23673, 10.20513 ], [ 104.23642, 10.207 ], [ 104.23714, 10.20684 ], [ 104.23673, 10.20513 ] ] ], [ [ [ 104.23686, 10.20853 ], [ 104.23743, 10.21091 ], [ 104.2396, 10.21177 ], [ 104.23686, 10.20853 ] ] ], [ [ [ 103.8841, 10.29989 ], [ 103.87408, 10.30683 ], [ 103.86385, 10.30727 ], [ 103.86108, 10.30191 ], [ 103.85562, 10.30921 ], [ 103.84167, 10.35739 ], [ 103.83257, 10.36265 ], [ 103.83799, 10.37122 ], [ 103.83771, 10.3783 ], [ 103.84744, 10.37452 ], [ 103.85186, 10.37782 ], [ 103.87416, 10.37086 ], [ 103.88879, 10.37012 ], [ 103.91836, 10.36032 ], [ 103.92851, 10.36255 ], [ 103.94225, 10.38188 ], [ 103.94705, 10.40187 ], [ 103.96726, 10.40879 ], [ 103.97308, 10.43986 ], [ 103.98161, 10.44826 ], [ 103.99509, 10.45243 ], [ 104.00703, 10.44759 ], [ 104.03052, 10.4139 ], [ 104.03638, 10.41296 ], [ 104.03973, 10.4161 ], [ 104.05088, 10.40456 ], [ 104.05738, 10.4027 ], [ 104.07909, 10.37045 ], [ 104.07705, 10.36459 ], [ 104.08062, 10.35438 ], [ 104.07458, 10.34973 ], [ 104.07294, 10.33647 ], [ 104.07996, 10.30752 ], [ 104.07494, 10.27195 ], [ 104.08102, 10.24512 ], [ 104.07066, 10.21514 ], [ 104.05618, 10.20118 ], [ 104.04345, 10.15271 ], [ 104.03189, 10.14049 ], [ 104.0304, 10.13238 ], [ 104.03623, 10.11885 ], [ 104.02713, 10.10775 ], [ 104.02556, 10.09167 ], [ 104.01807, 10.08398 ], [ 104.02437, 10.0736 ], [ 104.02813, 10.07881 ], [ 104.04283, 10.06691 ], [ 104.04246, 10.06052 ], [ 104.0386, 10.06034 ], [ 104.03483, 10.0539 ], [ 104.03493, 10.04445 ], [ 104.03849, 10.04063 ], [ 104.03244, 10.03946 ], [ 104.03043, 10.03135 ], [ 104.04232, 10.01327 ], [ 104.05012, 10.01193 ], [ 104.05215, 10.00516 ], [ 104.0383, 10.01604 ], [ 104.03111, 10.01059 ], [ 104.02391, 10.01774 ], [ 104.01476, 10.01618 ], [ 104.01086, 10.00975 ], [ 104.00082, 10.04359 ], [ 103.99228, 10.04716 ], [ 103.98889, 10.05501 ], [ 103.98435, 10.09926 ], [ 103.96725, 10.17986 ], [ 103.94849, 10.24252 ], [ 103.94105, 10.25445 ], [ 103.93015, 10.26325 ], [ 103.91487, 10.2885 ], [ 103.90751, 10.29248 ], [ 103.89755, 10.28983 ], [ 103.8886, 10.29171 ], [ 103.8841, 10.29989 ] ] ], [ [ [ 104.30013, 10.2545 ], [ 104.30189, 10.25533 ], [ 104.30192, 10.25466 ], [ 104.30013, 10.2545 ] ] ], [ [ [ 104.30647, 10.25993 ], [ 104.30514, 10.25998 ], [ 104.30508, 10.26063 ], [ 104.30647, 10.25993 ] ] ], [ [ [ 103.86227, 10.2998 ], [ 103.86168, 10.30044 ], [ 103.86198, 10.30087 ], [ 103.86227, 10.2998 ] ] ], [ [ [ 103.8407, 10.32245 ], [ 103.84072, 10.32291 ], [ 103.84113, 10.32246 ], [ 103.8407, 10.32245 ] ] ], [ [ [ 103.80878, 10.3581 ], [ 103.80811, 10.35822 ], [ 103.80811, 10.35905 ], [ 103.80878, 10.3581 ] ] ], [ [ [ 104.30868, 10.36254 ], [ 104.30954, 10.36285 ], [ 104.3086, 10.36226 ], [ 104.30868, 10.36254 ] ] ], [ [ [ 104.30985, 10.36305 ], [ 104.30994, 10.36315 ], [ 104.30993, 10.3631 ], [ 104.30985, 10.36305 ] ] ], [ [ [ 104.3062, 10.36328 ], [ 104.30597, 10.36338 ], [ 104.30616, 10.36342 ], [ 104.3062, 10.36328 ] ] ], [ [ [ 103.81132, 10.37323 ], [ 103.81324, 10.37233 ], [ 103.81224, 10.37216 ], [ 103.81132, 10.37323 ] ] ], [ [ [ 104.05811, 10.4032 ], [ 104.05872, 10.40519 ], [ 104.06101, 10.40446 ], [ 104.05811, 10.4032 ] ] ], [ [ [ 104.36041, 9.64498 ], [ 104.35913, 9.64773 ], [ 104.36138, 9.64974 ], [ 104.36243, 9.64699 ], [ 104.36041, 9.64498 ] ] ], [ [ [ 104.3518, 9.68788 ], [ 104.35085, 9.69219 ], [ 104.35584, 9.69243 ], [ 104.3554, 9.71176 ], [ 104.36104, 9.70556 ], [ 104.36317, 9.69441 ], [ 104.35798, 9.68966 ], [ 104.36235, 9.66173 ], [ 104.35434, 9.66005 ], [ 104.34697, 9.67149 ], [ 104.34615, 9.68033 ], [ 104.34665, 9.68541 ], [ 104.3518, 9.68788 ] ] ], [ [ [ 104.34207, 9.71201 ], [ 104.3436, 9.71494 ], [ 104.34567, 9.70208 ], [ 104.34207, 9.71201 ] ] ], [ [ [ 104.3548, 9.71883 ], [ 104.35233, 9.7245 ], [ 104.35407, 9.7287 ], [ 104.35556, 9.72321 ], [ 104.3548, 9.71883 ] ] ], [ [ [ 104.34184, 9.73031 ], [ 104.34236, 9.73219 ], [ 104.34345, 9.73216 ], [ 104.34184, 9.73031 ] ] ], [ [ [ 104.31743, 10.28092 ], [ 104.31613, 10.27926 ], [ 104.31344, 10.27879 ], [ 104.31426, 10.27993 ], [ 104.31743, 10.28092 ] ] ], [ [ [ 104.31014, 10.28525 ], [ 104.31068, 10.28618 ], [ 104.31173, 10.28586 ], [ 104.31014, 10.28525 ] ] ], [ [ [ 104.33302, 10.28862 ], [ 104.33546, 10.28562 ], [ 104.32433, 10.28348 ], [ 104.32531, 10.28765 ], [ 104.33302, 10.28862 ] ] ], [ [ [ 104.31293, 10.29144 ], [ 104.31644, 10.29324 ], [ 104.31735, 10.29193 ], [ 104.31293, 10.29144 ] ] ], [ [ [ 104.3401, 10.28983 ], [ 104.33781, 10.29047 ], [ 104.3409, 10.29796 ], [ 104.34378, 10.29612 ], [ 104.3401, 10.28983 ] ] ], [ [ [ 104.33317, 10.29829 ], [ 104.33308, 10.29872 ], [ 104.33375, 10.29902 ], [ 104.33317, 10.29829 ] ] ], [ [ [ 104.35237, 10.29729 ], [ 104.34606, 10.29634 ], [ 104.34939, 10.30133 ], [ 104.35237, 10.29729 ] ] ], [ [ [ 104.33694, 10.29879 ], [ 104.33664, 10.29881 ], [ 104.33697, 10.29908 ], [ 104.33694, 10.29879 ] ] ], [ [ [ 104.342, 10.30145 ], [ 104.34161, 10.30141 ], [ 104.34203, 10.30208 ], [ 104.342, 10.30145 ] ] ], [ [ [ 104.31792, 10.30059 ], [ 104.3171, 10.30472 ], [ 104.32073, 10.30627 ], [ 104.32122, 10.30392 ], [ 104.31792, 10.30059 ] ] ], [ [ [ 104.32478, 10.30691 ], [ 104.32337, 10.30737 ], [ 104.32452, 10.30788 ], [ 104.32478, 10.30691 ] ] ], [ [ [ 104.32026, 10.31178 ], [ 104.32224, 10.31453 ], [ 104.323, 10.31454 ], [ 104.32289, 10.31185 ], [ 104.32026, 10.31178 ] ] ], [ [ [ 104.32961, 10.31904 ], [ 104.33192, 10.32351 ], [ 104.33798, 10.32112 ], [ 104.3297, 10.31263 ], [ 104.32344, 10.31859 ], [ 104.32432, 10.32206 ], [ 104.32961, 10.31904 ] ] ], [ [ [ 104.31944, 10.35395 ], [ 104.31946, 10.35401 ], [ 104.32057, 10.35365 ], [ 104.31944, 10.35395 ] ] ], [ [ [ 104.32123, 10.3546 ], [ 104.32024, 10.35629 ], [ 104.32068, 10.35759 ], [ 104.32143, 10.35489 ], [ 104.32123, 10.3546 ] ] ], [ [ [ 104.32024, 10.35629 ], [ 104.32, 10.35564 ], [ 104.3196, 10.35656 ], [ 104.32024, 10.35629 ] ] ], [ [ [ 104.32058, 10.35845 ], [ 104.32077, 10.3595 ], [ 104.32067, 10.35767 ], [ 104.32058, 10.35845 ] ] ], [ [ [ 104.31963, 10.36089 ], [ 104.31966, 10.3609 ], [ 104.31952, 10.36016 ], [ 104.31963, 10.36089 ] ] ], [ [ [ 104.3239, 10.38832 ], [ 104.32355, 10.38802 ], [ 104.32413, 10.3901 ], [ 104.3239, 10.38832 ] ] ], [ [ [ 104.33006, 10.39334 ], [ 104.32889, 10.39417 ], [ 104.32983, 10.39371 ], [ 104.33006, 10.39334 ] ] ], [ [ [ 104.32694, 10.39417 ], [ 104.32673, 10.39661 ], [ 104.32758, 10.39419 ], [ 104.32694, 10.39417 ] ] ], [ [ [ 104.33121, 10.39642 ], [ 104.33144, 10.39625 ], [ 104.33093, 10.39624 ], [ 104.33121, 10.39642 ] ] ], [ [ [ 104.32708, 10.39802 ], [ 104.32673, 10.39662 ], [ 104.32661, 10.39799 ], [ 104.32708, 10.39802 ] ] ], [ [ [ 104.33164, 10.39857 ], [ 104.33086, 10.39797 ], [ 104.33005, 10.39819 ], [ 104.33102, 10.40167 ], [ 104.33175, 10.40205 ], [ 104.33164, 10.39857 ] ] ], [ [ [ 104.33478, 10.40173 ], [ 104.33185, 10.40211 ], [ 104.33427, 10.40338 ], [ 104.33478, 10.40173 ] ] ], [ [ [ 104.33213, 10.40361 ], [ 104.33215, 10.4035 ], [ 104.33119, 10.40422 ], [ 104.33213, 10.40361 ] ] ], [ [ [ 104.33078, 10.4055 ], [ 104.33061, 10.40488 ], [ 104.33031, 10.40488 ], [ 104.33078, 10.4055 ] ] ], [ [ [ 104.33579, 10.40523 ], [ 104.33626, 10.40608 ], [ 104.33734, 10.40648 ], [ 104.33579, 10.40523 ] ] ], [ [ [ 104.34356, 10.42267 ], [ 104.34328, 10.42247 ], [ 104.34315, 10.42314 ], [ 104.34356, 10.42267 ] ] ], [ [ [ 104.34262, 10.42601 ], [ 104.34259, 10.42616 ], [ 104.34264, 10.42619 ], [ 104.34262, 10.42601 ] ] ], [ [ [ 104.33324, 10.45054 ], [ 104.33316, 10.45066 ], [ 104.33333, 10.45066 ], [ 104.33324, 10.45054 ] ] ], [ [ [ 104.33242, 10.45172 ], [ 104.33224, 10.45224 ], [ 104.33231, 10.4528 ], [ 104.33242, 10.45172 ] ] ], [ [ [ 104.33237, 10.45298 ], [ 104.33257, 10.45357 ], [ 104.33259, 10.45357 ], [ 104.33237, 10.45298 ] ] ], [ [ [ 104.40304, 9.6379 ], [ 104.40155, 9.63087 ], [ 104.40116, 9.63432 ], [ 104.39405, 9.6363 ], [ 104.40737, 9.64118 ], [ 104.40304, 9.6379 ] ] ], [ [ [ 104.36403, 9.64495 ], [ 104.36487, 9.64588 ], [ 104.36668, 9.64127 ], [ 104.36403, 9.64495 ] ] ], [ [ [ 104.39822, 9.64837 ], [ 104.40019, 9.65032 ], [ 104.39936, 9.64873 ], [ 104.39822, 9.64837 ] ] ], [ [ [ 104.38957, 9.65581 ], [ 104.39267, 9.65625 ], [ 104.38957, 9.64543 ], [ 104.38957, 9.65581 ] ] ], [ [ [ 104.36547, 9.65185 ], [ 104.36185, 9.65278 ], [ 104.36166, 9.65471 ], [ 104.36547, 9.65185 ] ] ], [ [ [ 104.39194, 9.6624 ], [ 104.39101, 9.66142 ], [ 104.39127, 9.66249 ], [ 104.39194, 9.6624 ] ] ], [ [ [ 104.38778, 9.66319 ], [ 104.38933, 9.66337 ], [ 104.38829, 9.66261 ], [ 104.38778, 9.66319 ] ] ], [ [ [ 104.39178, 9.66376 ], [ 104.39109, 9.66405 ], [ 104.39185, 9.66443 ], [ 104.39178, 9.66376 ] ] ], [ [ [ 104.40695, 9.67314 ], [ 104.40315, 9.67104 ], [ 104.40315, 9.66386 ], [ 104.39459, 9.65967 ], [ 104.40165, 9.67618 ], [ 104.40695, 9.67314 ] ] ], [ [ [ 104.38539, 9.67862 ], [ 104.38734, 9.67953 ], [ 104.38657, 9.67727 ], [ 104.38539, 9.67862 ] ] ], [ [ [ 104.40187, 9.67994 ], [ 104.40259, 9.68215 ], [ 104.40367, 9.68075 ], [ 104.40187, 9.67994 ] ] ], [ [ [ 104.40518, 9.68576 ], [ 104.40485, 9.6838 ], [ 104.40404, 9.68555 ], [ 104.40518, 9.68576 ] ] ], [ [ [ 104.39621, 9.69073 ], [ 104.39339, 9.6848 ], [ 104.38746, 9.68077 ], [ 104.38868, 9.68806 ], [ 104.39621, 9.69073 ] ] ], [ [ [ 104.38502, 9.69672 ], [ 104.3833, 9.70946 ], [ 104.38869, 9.70836 ], [ 104.38898, 9.70111 ], [ 104.38502, 9.69672 ] ] ], [ [ [ 104.36463, 9.71132 ], [ 104.36675, 9.71174 ], [ 104.36681, 9.70999 ], [ 104.36463, 9.71132 ] ] ], [ [ [ 104.37853, 9.71362 ], [ 104.37894, 9.71402 ], [ 104.37925, 9.71362 ], [ 104.37853, 9.71362 ] ] ], [ [ [ 104.36288, 9.74302 ], [ 104.36691, 9.74076 ], [ 104.36065, 9.73638 ], [ 104.36288, 9.74302 ] ] ], [ [ [ 104.49866, 9.97367 ], [ 104.49973, 9.97311 ], [ 104.49779, 9.97259 ], [ 104.49866, 9.97367 ] ] ], [ [ [ 104.46843, 10.01899 ], [ 104.46842, 10.01976 ], [ 104.46997, 10.02096 ], [ 104.46843, 10.01899 ] ] ], [ [ [ 104.47321, 10.05719 ], [ 104.47389, 10.05776 ], [ 104.47362, 10.05722 ], [ 104.47321, 10.05719 ] ] ], [ [ [ 104.46922, 10.07196 ], [ 104.4705, 10.07306 ], [ 104.47053, 10.07204 ], [ 104.46922, 10.07196 ] ] ], [ [ [ 104.50813, 10.08746 ], [ 104.50762, 10.08531 ], [ 104.50298, 10.08384 ], [ 104.50424, 10.08582 ], [ 104.50813, 10.08746 ] ] ], [ [ [ 104.50932, 10.08858 ], [ 104.51183, 10.08993 ], [ 104.51172, 10.08874 ], [ 104.50932, 10.08858 ] ] ], [ [ [ 104.51685, 10.10364 ], [ 104.51439, 10.09615 ], [ 104.51322, 10.09446 ], [ 104.51387, 10.1057 ], [ 104.51685, 10.10364 ] ] ], [ [ [ 104.50522, 10.1063 ], [ 104.49635, 10.10147 ], [ 104.49897, 10.11165 ], [ 104.50522, 10.1063 ] ] ], [ [ [ 104.50156, 10.11865 ], [ 104.49977, 10.11869 ], [ 104.50084, 10.11943 ], [ 104.50156, 10.11865 ] ] ], [ [ [ 104.49809, 10.11936 ], [ 104.4983, 10.1198 ], [ 104.49851, 10.11969 ], [ 104.49809, 10.11936 ] ] ], [ [ [ 104.49772, 10.12368 ], [ 104.49892, 10.12172 ], [ 104.4982, 10.121 ], [ 104.49772, 10.12368 ] ] ], [ [ [ 104.50333, 10.12255 ], [ 104.50246, 10.12393 ], [ 104.50343, 10.12469 ], [ 104.50333, 10.12255 ] ] ], [ [ [ 104.49772, 10.12368 ], [ 104.49387, 10.1266 ], [ 104.49506, 10.12911 ], [ 104.49843, 10.12655 ], [ 104.49772, 10.12368 ] ] ], [ [ [ 104.49564, 10.13736 ], [ 104.49632, 10.13421 ], [ 104.4938, 10.13517 ], [ 104.49564, 10.13736 ] ] ], [ [ [ 104.49889, 10.14097 ], [ 104.49812, 10.13735 ], [ 104.497, 10.13875 ], [ 104.49889, 10.14097 ] ] ], [ [ [ 104.4951, 10.14079 ], [ 104.49278, 10.13784 ], [ 104.49327, 10.14184 ], [ 104.4951, 10.14079 ] ] ], [ [ [ 104.52323, 10.13808 ], [ 104.51951, 10.13835 ], [ 104.52025, 10.14372 ], [ 104.52088, 10.14077 ], [ 104.52323, 10.13808 ] ] ], [ [ [ 104.50801, 10.15124 ], [ 104.50817, 10.15028 ], [ 104.50736, 10.15072 ], [ 104.50801, 10.15124 ] ] ], [ [ [ 104.50414, 10.1519 ], [ 104.50485, 10.15277 ], [ 104.50559, 10.1506 ], [ 104.50414, 10.1519 ] ] ], [ [ [ 104.5087, 10.16226 ], [ 104.50883, 10.16175 ], [ 104.50783, 10.16157 ], [ 104.5087, 10.16226 ] ] ], [ [ [ 104.50198, 10.17573 ], [ 104.50307, 10.17545 ], [ 104.50218, 10.17518 ], [ 104.50198, 10.17573 ] ] ], [ [ [ 104.64644, 9.79551 ], [ 104.63721, 9.79324 ], [ 104.62894, 9.79934 ], [ 104.61691, 9.79583 ], [ 104.6064, 9.79722 ], [ 104.60897, 9.80176 ], [ 104.61369, 9.80161 ], [ 104.61932, 9.81267 ], [ 104.6347, 9.82289 ], [ 104.64558, 9.81836 ], [ 104.65687, 9.81846 ], [ 104.65887, 9.81255 ], [ 104.65364, 9.79998 ], [ 104.64644, 9.79551 ] ] ], [ [ [ 104.85574, 9.9777 ], [ 104.85797, 9.97443 ], [ 104.84912, 9.972 ], [ 104.84119, 9.95229 ], [ 104.83595, 9.94833 ], [ 104.828, 9.95587 ], [ 104.82855, 9.96766 ], [ 104.8392, 9.9747 ], [ 104.85574, 9.9777 ] ] ], [ [ [ 105.10337, 9.93063 ], [ 105.10576, 9.95148 ], [ 105.08253, 9.99145 ], [ 105.07613, 10.01201 ], [ 105.06365, 10.02175 ], [ 104.99128, 10.09873 ], [ 104.95007, 10.09659 ], [ 104.90279, 10.0863 ], [ 104.88708, 10.08831 ], [ 104.86343, 10.11054 ], [ 104.84326, 10.1464 ], [ 104.81625, 10.1838 ], [ 104.79591, 10.20283 ], [ 104.76254, 10.22172 ], [ 104.73283, 10.2278 ], [ 104.69845, 10.20919 ], [ 104.67918, 10.19122 ], [ 104.66639, 10.1708 ], [ 104.65395, 10.15931 ], [ 104.64668, 10.14707 ], [ 104.64887, 10.14087 ], [ 104.64492, 10.13729 ], [ 104.63987, 10.13641 ], [ 104.63395, 10.14331 ], [ 104.62915, 10.14443 ], [ 104.62836, 10.14182 ], [ 104.61622, 10.14801 ], [ 104.60767, 10.14254 ], [ 104.60087, 10.14329 ], [ 104.59889, 10.14714 ], [ 104.61028, 10.15958 ], [ 104.60473, 10.17055 ], [ 104.6001, 10.16987 ], [ 104.60139, 10.17415 ], [ 104.59691, 10.18264 ], [ 104.5924, 10.18194 ], [ 104.58958, 10.18618 ], [ 104.59624, 10.18856 ], [ 104.5967, 10.19338 ], [ 104.59476, 10.19663 ], [ 104.59161, 10.19569 ], [ 104.58961, 10.2059 ], [ 104.58566, 10.20384 ], [ 104.58765, 10.21135 ], [ 104.58442, 10.21098 ], [ 104.59171, 10.21237 ], [ 104.59278, 10.21522 ], [ 104.58134, 10.25541 ], [ 104.56639, 10.27798 ], [ 104.55091, 10.29006 ], [ 104.54311, 10.29153 ], [ 104.53482, 10.27752 ], [ 104.53083, 10.27727 ], [ 104.53405, 10.2868 ], [ 104.52756, 10.30125 ], [ 104.53243, 10.30909 ], [ 104.52809, 10.3216 ], [ 104.50886, 10.34913 ], [ 104.48471, 10.37568 ], [ 104.46483, 10.37658 ], [ 104.45979, 10.36909 ], [ 104.45329, 10.36947 ], [ 104.44317, 10.36458 ], [ 104.44609, 10.37394 ], [ 104.44361, 10.38398 ], [ 104.45279, 10.39987 ], [ 104.44733, 10.41376 ], [ 104.43916, 10.42314 ], [ 104.47917, 10.43066 ], [ 104.4986, 10.40474 ], [ 104.5185, 10.44081 ], [ 104.52799, 10.44686 ], [ 104.54239, 10.44825 ], [ 104.55143, 10.45675 ], [ 104.55756, 10.47295 ], [ 104.55942, 10.49253 ], [ 104.58272, 10.50424 ], [ 104.5867, 10.51194 ], [ 104.58738, 10.52802 ], [ 104.59585, 10.53214 ], [ 104.60597, 10.53267 ], [ 104.61698, 10.52733 ], [ 104.64636, 10.52914 ], [ 104.64812, 10.53962 ], [ 104.68918, 10.53758 ], [ 104.75281, 10.5178 ], [ 104.77868, 10.5184 ], [ 104.78281, 10.50352 ], [ 104.77838, 10.48738 ], [ 104.79781, 10.46603 ], [ 104.80463, 10.44878 ], [ 104.8297, 10.40597 ], [ 104.82786, 10.40347 ], [ 104.86469, 10.35557 ], [ 105.0191, 10.31871 ], [ 105.01719, 10.31604 ], [ 105.12556, 10.25346 ], [ 105.20611, 10.18355 ], [ 105.22755, 10.21303 ], [ 105.23127, 10.20876 ], [ 105.22567, 10.20096 ], [ 105.2758, 10.16081 ], [ 105.29822, 10.13855 ], [ 105.30334, 10.14364 ], [ 105.31049, 10.13482 ], [ 105.31713, 10.14125 ], [ 105.3531, 10.10061 ], [ 105.3568, 10.08252 ], [ 105.36452, 10.07341 ], [ 105.53957, 9.91301 ], [ 105.51667, 9.86315 ], [ 105.52107, 9.85911 ], [ 105.46155, 9.82528 ], [ 105.4309, 9.81622 ], [ 105.43391, 9.79609 ], [ 105.43731, 9.79268 ], [ 105.42555, 9.78691 ], [ 105.42715, 9.78337 ], [ 105.42253, 9.78526 ], [ 105.42194, 9.77845 ], [ 105.41768, 9.78282 ], [ 105.41929, 9.77735 ], [ 105.41382, 9.77878 ], [ 105.41676, 9.77389 ], [ 105.41143, 9.77749 ], [ 105.40981, 9.77172 ], [ 105.41434, 9.77079 ], [ 105.40483, 9.76899 ], [ 105.40694, 9.75978 ], [ 105.41412, 9.75962 ], [ 105.4153, 9.75521 ], [ 105.41123, 9.74859 ], [ 105.40405, 9.75078 ], [ 105.39359, 9.74479 ], [ 105.39031, 9.73552 ], [ 105.37256, 9.73097 ], [ 105.35511, 9.7116 ], [ 105.32805, 9.70147 ], [ 105.33794, 9.68813 ], [ 105.34026, 9.67568 ], [ 105.3531, 9.67619 ], [ 105.35709, 9.66849 ], [ 105.3731, 9.67253 ], [ 105.37395, 9.66956 ], [ 105.36862, 9.66354 ], [ 105.37138, 9.65896 ], [ 105.37668, 9.66135 ], [ 105.38666, 9.65796 ], [ 105.39385, 9.66032 ], [ 105.40671, 9.65217 ], [ 105.40118, 9.6464 ], [ 105.40702, 9.64365 ], [ 105.39955, 9.63166 ], [ 105.39942, 9.62197 ], [ 105.39019, 9.62584 ], [ 105.37744, 9.61546 ], [ 105.37605, 9.59896 ], [ 105.37083, 9.59631 ], [ 105.37084, 9.58831 ], [ 105.36424, 9.59219 ], [ 105.34485, 9.59324 ], [ 105.34795, 9.59944 ], [ 105.34181, 9.60515 ], [ 105.34193, 9.61242 ], [ 105.32873, 9.59927 ], [ 105.32356, 9.60408 ], [ 105.30851, 9.60776 ], [ 105.30292, 9.62065 ], [ 105.30331, 9.62862 ], [ 105.29684, 9.63017 ], [ 105.29474, 9.63745 ], [ 105.29198, 9.63674 ], [ 105.2863, 9.62552 ], [ 105.28894, 9.61409 ], [ 105.28637, 9.59984 ], [ 105.29493, 9.58461 ], [ 105.31261, 9.57234 ], [ 105.30765, 9.55629 ], [ 105.32343, 9.55942 ], [ 105.32246, 9.54545 ], [ 105.32965, 9.52722 ], [ 105.31993, 9.52507 ], [ 105.32336, 9.51695 ], [ 105.3158, 9.51035 ], [ 105.31546, 9.5025 ], [ 105.30982, 9.50728 ], [ 105.30539, 9.50358 ], [ 105.30099, 9.50686 ], [ 105.29882, 9.50506 ], [ 105.29131, 9.4681 ], [ 105.29472, 9.43358 ], [ 105.27808, 9.43287 ], [ 105.26218, 9.39935 ], [ 105.00306, 9.55852 ], [ 104.99757, 9.54309 ], [ 104.99267, 9.539 ], [ 104.97377, 9.54632 ], [ 104.96306, 9.5559 ], [ 104.94578, 9.53276 ], [ 104.91651, 9.5617 ], [ 104.88117, 9.49405 ], [ 104.85691, 9.51541 ], [ 104.84578, 9.52944 ], [ 104.83547, 9.53063 ], [ 104.85051, 9.68119 ], [ 104.86126, 9.72822 ], [ 104.87646, 9.76883 ], [ 104.88589, 9.82427 ], [ 104.89397, 9.84489 ], [ 104.90359, 9.85313 ], [ 104.92865, 9.8502 ], [ 104.95502, 9.85466 ], [ 105.01133, 9.91243 ], [ 105.04305, 9.9383 ], [ 105.0556, 9.94504 ], [ 105.07647, 9.94828 ], [ 105.08099, 9.94589 ], [ 105.08865, 9.92673 ], [ 105.09748, 9.92649 ], [ 105.10337, 9.93063 ] ] ], [ [ [ 104.54426, 10.03012 ], [ 104.54793, 10.03595 ], [ 104.55525, 10.03875 ], [ 104.56189, 10.02369 ], [ 104.55969, 10.01645 ], [ 104.55124, 10.01426 ], [ 104.54426, 10.03012 ] ] ], [ [ [ 104.5369, 10.11645 ], [ 104.53777, 10.11681 ], [ 104.53803, 10.11579 ], [ 104.5369, 10.11645 ] ] ], [ [ [ 104.5255, 10.11811 ], [ 104.52605, 10.1188 ], [ 104.52604, 10.1182 ], [ 104.5255, 10.11811 ] ] ], [ [ [ 104.52634, 10.12149 ], [ 104.52689, 10.12195 ], [ 104.52675, 10.12137 ], [ 104.52634, 10.12149 ] ] ], [ [ [ 104.52773, 10.12346 ], [ 104.52789, 10.12303 ], [ 104.52741, 10.12245 ], [ 104.52773, 10.12346 ] ] ], [ [ [ 104.5267, 10.12367 ], [ 104.52554, 10.12515 ], [ 104.52607, 10.12621 ], [ 104.5267, 10.12367 ] ] ], [ [ [ 104.54299, 10.12235 ], [ 104.54044, 10.12656 ], [ 104.54443, 10.13446 ], [ 104.54299, 10.12235 ] ] ], [ [ [ 104.55288, 10.13293 ], [ 104.5527, 10.13335 ], [ 104.55355, 10.13382 ], [ 104.55288, 10.13293 ] ] ], [ [ [ 104.55372, 10.13413 ], [ 104.55451, 10.13483 ], [ 104.55544, 10.13357 ], [ 104.55372, 10.13413 ] ] ], [ [ [ 104.63474, 10.13448 ], [ 104.63496, 10.13538 ], [ 104.63516, 10.1343 ], [ 104.63474, 10.13448 ] ] ], [ [ [ 104.63878, 10.13492 ], [ 104.63848, 10.13534 ], [ 104.6392, 10.13574 ], [ 104.63878, 10.13492 ] ] ], [ [ [ 104.63844, 10.13579 ], [ 104.63756, 10.13527 ], [ 104.63729, 10.13629 ], [ 104.63844, 10.13579 ] ] ], [ [ [ 104.5449, 10.13564 ], [ 104.54612, 10.13731 ], [ 104.54675, 10.13545 ], [ 104.5449, 10.13564 ] ] ], [ [ [ 104.54328, 10.13926 ], [ 104.54522, 10.13948 ], [ 104.5448, 10.13886 ], [ 104.54328, 10.13926 ] ] ], [ [ [ 104.5312, 10.14174 ], [ 104.53204, 10.14241 ], [ 104.53291, 10.13937 ], [ 104.5312, 10.14174 ] ] ], [ [ [ 104.55303, 10.14508 ], [ 104.55064, 10.13951 ], [ 104.54807, 10.13981 ], [ 104.54897, 10.14524 ], [ 104.55303, 10.14508 ] ] ], [ [ [ 104.53721, 10.14326 ], [ 104.53816, 10.14167 ], [ 104.53702, 10.14302 ], [ 104.53721, 10.14326 ] ] ], [ [ [ 104.53345, 10.14414 ], [ 104.53433, 10.14322 ], [ 104.53334, 10.14332 ], [ 104.53345, 10.14414 ] ] ], [ [ [ 104.53084, 10.14648 ], [ 104.53195, 10.14472 ], [ 104.53065, 10.14504 ], [ 104.53084, 10.14648 ] ] ], [ [ [ 104.54947, 10.1514 ], [ 104.54983, 10.15346 ], [ 104.55492, 10.14983 ], [ 104.54947, 10.1514 ] ] ], [ [ [ 104.59105, 10.15453 ], [ 104.58927, 10.15183 ], [ 104.58557, 10.15278 ], [ 104.58659, 10.15445 ], [ 104.59105, 10.15453 ] ] ], [ [ [ 104.52473, 10.16023 ], [ 104.5243, 10.15545 ], [ 104.52052, 10.14765 ], [ 104.51817, 10.15077 ], [ 104.52473, 10.16023 ] ] ], [ [ [ 104.5714, 10.15545 ], [ 104.57745, 10.15696 ], [ 104.58224, 10.15473 ], [ 104.57474, 10.15296 ], [ 104.5714, 10.15545 ] ] ], [ [ [ 104.52968, 10.16453 ], [ 104.53123, 10.16166 ], [ 104.5302, 10.15963 ], [ 104.52968, 10.16453 ] ] ], [ [ [ 104.52169, 10.16612 ], [ 104.52144, 10.16654 ], [ 104.52178, 10.16675 ], [ 104.52169, 10.16612 ] ] ], [ [ [ 104.57867, 10.16947 ], [ 104.5783, 10.16982 ], [ 104.57905, 10.17061 ], [ 104.57867, 10.16947 ] ] ], [ [ [ 104.57763, 10.17154 ], [ 104.57758, 10.17342 ], [ 104.57884, 10.17434 ], [ 104.57882, 10.17152 ], [ 104.57763, 10.17154 ] ] ], [ [ [ 104.57819, 10.17469 ], [ 104.57861, 10.17482 ], [ 104.57841, 10.17434 ], [ 104.57819, 10.17469 ] ] ], [ [ [ 104.59197, 10.17564 ], [ 104.5909, 10.17899 ], [ 104.59346, 10.17836 ], [ 104.59197, 10.17564 ] ] ], [ [ [ 104.571, 10.17822 ], [ 104.57164, 10.17993 ], [ 104.57207, 10.17851 ], [ 104.571, 10.17822 ] ] ], [ [ [ 104.53144, 10.1763 ], [ 104.53497, 10.17137 ], [ 104.53245, 10.16942 ], [ 104.52994, 10.17053 ], [ 104.53017, 10.1786 ], [ 104.52407, 10.18512 ], [ 104.52713, 10.18897 ], [ 104.53317, 10.18427 ], [ 104.53144, 10.1763 ] ] ], [ [ [ 104.57283, 10.18071 ], [ 104.57242, 10.1813 ], [ 104.57302, 10.18135 ], [ 104.57283, 10.18071 ] ] ], [ [ [ 104.52292, 10.24289 ], [ 104.52159, 10.24575 ], [ 104.52244, 10.24685 ], [ 104.52361, 10.24571 ], [ 104.52292, 10.24289 ] ] ], [ [ [ 104.5275, 10.2745 ], [ 104.52867, 10.27345 ], [ 104.52701, 10.27322 ], [ 104.5275, 10.2745 ] ] ] ] } },
{ "type": "Feature", "properties": { "NAME_1": "Kon Tum", "id": "33", "GID_1": "VNM.34_1", "GID_0": "VNM", "COUNTRY": "Vietnam", "VARNAME_1": "Kon Tum", "NL_NAME_1": "NA", "TYPE_1": "Tỉnh", "ENGTYPE_1": "Province", "CC_1": "NA", "HASC_1": "VN.KT", "ISO_1": "VN-28" }, "geometry": { "type": "Polygon", "coordinates": [ [ [ 107.45504, 13.92829 ], [ 107.45573, 13.9795 ], [ 107.4456, 13.98836 ], [ 107.44392, 13.99711 ], [ 107.43218, 13.99378 ], [ 107.42819, 13.99837 ], [ 107.40712, 13.99007 ], [ 107.39708, 13.99328 ], [ 107.3863, 13.98961 ], [ 107.36559, 14.01315 ], [ 107.35793, 14.0165 ], [ 107.35741, 14.02789 ], [ 107.36565, 14.03468 ], [ 107.3647, 14.06256 ], [ 107.37148, 14.07009 ], [ 107.37013, 14.07722 ], [ 107.37353, 14.08358 ], [ 107.36717, 14.08348 ], [ 107.35752, 14.09611 ], [ 107.34765, 14.10087 ], [ 107.34454, 14.10703 ], [ 107.33493, 14.10778 ], [ 107.33538, 14.11498 ], [ 107.34082, 14.1323 ], [ 107.35385, 14.1498 ], [ 107.35298, 14.15423 ], [ 107.36302, 14.16293 ], [ 107.35865, 14.16903 ], [ 107.36848, 14.17984 ], [ 107.37738, 14.17932 ], [ 107.38803, 14.20628 ], [ 107.39464, 14.21094 ], [ 107.3974, 14.22472 ], [ 107.40802, 14.23551 ], [ 107.40023, 14.24918 ], [ 107.40971, 14.26469 ], [ 107.40938, 14.27847 ], [ 107.40571, 14.28657 ], [ 107.40672, 14.29847 ], [ 107.39118, 14.31577 ], [ 107.39085, 14.32629 ], [ 107.39928, 14.33292 ], [ 107.40246, 14.34257 ], [ 107.40836, 14.34659 ], [ 107.41078, 14.35657 ], [ 107.4086, 14.36339 ], [ 107.4152, 14.36264 ], [ 107.42855, 14.37676 ], [ 107.44015, 14.38214 ], [ 107.44401, 14.39582 ], [ 107.44057, 14.39638 ], [ 107.44633, 14.40278 ], [ 107.44976, 14.41853 ], [ 107.45843, 14.41269 ], [ 107.46052, 14.406 ], [ 107.46758, 14.40475 ], [ 107.47458, 14.40848 ], [ 107.48137, 14.40343 ], [ 107.48895, 14.40721 ], [ 107.48963, 14.42882 ], [ 107.49786, 14.43623 ], [ 107.50572, 14.45794 ], [ 107.50139, 14.46569 ], [ 107.51008, 14.49611 ], [ 107.51409, 14.49796 ], [ 107.50702, 14.5084 ], [ 107.51575, 14.51127 ], [ 107.52142, 14.51781 ], [ 107.52233, 14.52855 ], [ 107.52806, 14.53684 ], [ 107.52685, 14.54258 ], [ 107.53215, 14.54635 ], [ 107.52974, 14.54975 ], [ 107.53189, 14.55547 ], [ 107.52508, 14.5604 ], [ 107.52204, 14.58047 ], [ 107.51696, 14.58491 ], [ 107.52234, 14.58811 ], [ 107.52506, 14.59813 ], [ 107.53399, 14.59843 ], [ 107.54413, 14.60681 ], [ 107.5441, 14.61607 ], [ 107.55956, 14.62255 ], [ 107.55784, 14.63431 ], [ 107.55134, 14.64091 ], [ 107.54854, 14.65795 ], [ 107.55457, 14.65941 ], [ 107.55484, 14.66742 ], [ 107.54962, 14.6772 ], [ 107.56005, 14.69425 ], [ 107.55944, 14.7038 ], [ 107.55505, 14.71173 ], [ 107.55615, 14.72081 ], [ 107.53541, 14.72487 ], [ 107.5239, 14.72234 ], [ 107.52131, 14.72787 ], [ 107.53856, 14.74103 ], [ 107.54206, 14.7501 ], [ 107.53029, 14.76677 ], [ 107.53002, 14.77207 ], [ 107.52553, 14.77588 ], [ 107.51991, 14.77565 ], [ 107.51556, 14.78436 ], [ 107.50582, 14.78597 ], [ 107.50936, 14.7957 ], [ 107.52431, 14.80511 ], [ 107.52239, 14.81372 ], [ 107.53997, 14.81822 ], [ 107.54111, 14.82597 ], [ 107.56191, 14.83862 ], [ 107.56656, 14.84871 ], [ 107.58003, 14.85472 ], [ 107.58987, 14.86368 ], [ 107.59151, 14.87365 ], [ 107.58749, 14.87628 ], [ 107.58492, 14.892 ], [ 107.57292, 14.89169 ], [ 107.56191, 14.90236 ], [ 107.55439, 14.9015 ], [ 107.54424, 14.90555 ], [ 107.53288, 14.91603 ], [ 107.53034, 14.92796 ], [ 107.51505, 14.93102 ], [ 107.50585, 14.92877 ], [ 107.49924, 14.93694 ], [ 107.49973, 14.94291 ], [ 107.49065, 14.94367 ], [ 107.48341, 14.95122 ], [ 107.47858, 14.95908 ], [ 107.48239, 14.97065 ], [ 107.46732, 14.98492 ], [ 107.46781, 14.98757 ], [ 107.47782, 14.98722 ], [ 107.47823, 14.99259 ], [ 107.4705, 14.99777 ], [ 107.46809, 15.00786 ], [ 107.47362, 15.02017 ], [ 107.49073, 15.02419 ], [ 107.49684, 15.02026 ], [ 107.50047, 15.02163 ], [ 107.51505, 15.03035 ], [ 107.51939, 15.0389 ], [ 107.53068, 15.04093 ], [ 107.54062, 15.04934 ], [ 107.55342, 15.04494 ], [ 107.56505, 15.03515 ], [ 107.57004, 15.03594 ], [ 107.5774, 15.02974 ], [ 107.58517, 15.02885 ], [ 107.58844, 15.0299 ], [ 107.58938, 15.03915 ], [ 107.59486, 15.04595 ], [ 107.59368, 15.05099 ], [ 107.60547, 15.04571 ], [ 107.61453, 15.04546 ], [ 107.62108, 15.05095 ], [ 107.61504, 15.06624 ], [ 107.61076, 15.06706 ], [ 107.59805, 15.08703 ], [ 107.61179, 15.10066 ], [ 107.62289, 15.10582 ], [ 107.61877, 15.11937 ], [ 107.60787, 15.13282 ], [ 107.61244, 15.13121 ], [ 107.62289, 15.13505 ], [ 107.62404, 15.14672 ], [ 107.62708, 15.14938 ], [ 107.61706, 15.15482 ], [ 107.60072, 15.18584 ], [ 107.59832, 15.18465 ], [ 107.59754, 15.18866 ], [ 107.58754, 15.197 ], [ 107.58331, 15.19659 ], [ 107.58401, 15.20052 ], [ 107.59341, 15.20374 ], [ 107.59444, 15.21074 ], [ 107.60211, 15.20389 ], [ 107.61145, 15.21178 ], [ 107.61958, 15.21164 ], [ 107.62064, 15.22679 ], [ 107.62614, 15.2262 ], [ 107.63259, 15.2304 ], [ 107.62517, 15.2313 ], [ 107.61951, 15.24559 ], [ 107.62089, 15.26559 ], [ 107.61559, 15.27122 ], [ 107.6149, 15.28756 ], [ 107.62184, 15.29527 ], [ 107.6202, 15.30104 ], [ 107.62374, 15.31061 ], [ 107.63093, 15.31057 ], [ 107.63498, 15.31919 ], [ 107.62666, 15.32744 ], [ 107.6254, 15.33271 ], [ 107.61671, 15.33038 ], [ 107.60985, 15.33465 ], [ 107.60839, 15.35237 ], [ 107.60516, 15.3528 ], [ 107.60477, 15.35657 ], [ 107.60883, 15.36731 ], [ 107.59542, 15.38195 ], [ 107.61279, 15.39394 ], [ 107.6208, 15.41173 ], [ 107.63166, 15.41746 ], [ 107.63798, 15.41554 ], [ 107.64233, 15.4063 ], [ 107.65494, 15.39722 ], [ 107.66174, 15.38443 ], [ 107.65972, 15.37297 ], [ 107.66402, 15.36566 ], [ 107.66327, 15.35404 ], [ 107.66898, 15.34543 ], [ 107.677, 15.34331 ], [ 107.67913, 15.33444 ], [ 107.6906, 15.32582 ], [ 107.69307, 15.31748 ], [ 107.70771, 15.30344 ], [ 107.71558, 15.30772 ], [ 107.73094, 15.30726 ], [ 107.72778, 15.30318 ], [ 107.73002, 15.29602 ], [ 107.72708, 15.28877 ], [ 107.73025, 15.27067 ], [ 107.7271, 15.26773 ], [ 107.73206, 15.26163 ], [ 107.73524, 15.24154 ], [ 107.73904, 15.23743 ], [ 107.73646, 15.23343 ], [ 107.7338, 15.23473 ], [ 107.73515, 15.23054 ], [ 107.74694, 15.22993 ], [ 107.75566, 15.23648 ], [ 107.77116, 15.22971 ], [ 107.771, 15.22289 ], [ 107.77869, 15.21801 ], [ 107.79728, 15.21698 ], [ 107.80888, 15.2122 ], [ 107.81846, 15.21644 ], [ 107.82919, 15.20899 ], [ 107.8477, 15.20665 ], [ 107.85115, 15.20985 ], [ 107.87127, 15.21055 ], [ 107.88226, 15.19696 ], [ 107.89156, 15.19302 ], [ 107.90015, 15.20553 ], [ 107.90945, 15.2067 ], [ 107.91457, 15.21199 ], [ 107.92757, 15.20956 ], [ 107.93707, 15.19084 ], [ 107.94856, 15.1865 ], [ 107.95039, 15.17511 ], [ 107.98172, 15.16657 ], [ 107.98785, 15.15846 ], [ 107.99974, 15.15622 ], [ 108.0043, 15.14266 ], [ 107.99831, 15.12771 ], [ 108.00202, 15.11926 ], [ 107.99335, 15.11052 ], [ 107.98434, 15.08791 ], [ 107.97559, 15.08548 ], [ 107.97873, 15.07962 ], [ 107.97601, 15.06912 ], [ 107.96432, 15.06534 ], [ 107.95311, 15.05461 ], [ 107.95358, 15.04844 ], [ 107.9595, 15.04294 ], [ 107.95953, 15.03348 ], [ 107.96517, 15.02066 ], [ 107.99007, 14.99852 ], [ 108.00333, 15.00195 ], [ 108.00864, 14.99731 ], [ 108.01734, 15.0019 ], [ 108.04746, 14.99213 ], [ 108.06332, 14.9686 ], [ 108.07475, 14.96865 ], [ 108.08714, 14.96258 ], [ 108.08853, 14.95135 ], [ 108.10717, 14.95138 ], [ 108.11809, 14.95922 ], [ 108.13327, 14.95854 ], [ 108.1379, 14.96174 ], [ 108.14923, 14.96243 ], [ 108.16219, 14.97379 ], [ 108.15543, 14.99685 ], [ 108.15005, 15.00182 ], [ 108.15218, 15.00932 ], [ 108.14917, 15.0222 ], [ 108.15282, 15.02778 ], [ 108.14982, 15.03284 ], [ 108.1517, 15.03764 ], [ 108.14629, 15.04565 ], [ 108.16224, 15.06108 ], [ 108.17685, 15.06007 ], [ 108.19185, 15.04873 ], [ 108.19435, 15.04045 ], [ 108.19936, 15.0441 ], [ 108.21159, 15.03233 ], [ 108.22463, 15.02946 ], [ 108.23866, 15.03198 ], [ 108.25033, 15.02606 ], [ 108.24879, 15.02143 ], [ 108.25429, 15.01937 ], [ 108.25111, 15.01511 ], [ 108.25452, 15.00575 ], [ 108.2635, 14.99769 ], [ 108.26919, 14.98208 ], [ 108.2733, 14.9828 ], [ 108.27888, 14.97628 ], [ 108.28172, 14.97766 ], [ 108.28405, 14.96502 ], [ 108.31251, 14.94583 ], [ 108.31627, 14.93749 ], [ 108.31365, 14.93496 ], [ 108.31652, 14.93454 ], [ 108.31838, 14.92769 ], [ 108.32172, 14.92823 ], [ 108.31882, 14.92538 ], [ 108.3215, 14.92269 ], [ 108.31885, 14.91888 ], [ 108.32059, 14.91377 ], [ 108.323, 14.91039 ], [ 108.33429, 14.90836 ], [ 108.33783, 14.89959 ], [ 108.34956, 14.89703 ], [ 108.35112, 14.88013 ], [ 108.35574, 14.87817 ], [ 108.36306, 14.88231 ], [ 108.36607, 14.87881 ], [ 108.37676, 14.84513 ], [ 108.38139, 14.84347 ], [ 108.38508, 14.8351 ], [ 108.40872, 14.81829 ], [ 108.42958, 14.81686 ], [ 108.4354, 14.80559 ], [ 108.45304, 14.80048 ], [ 108.45802, 14.79003 ], [ 108.49435, 14.80013 ], [ 108.49432, 14.79475 ], [ 108.50074, 14.78985 ], [ 108.50244, 14.77797 ], [ 108.51659, 14.77304 ], [ 108.52755, 14.74333 ], [ 108.51974, 14.73216 ], [ 108.51855, 14.72048 ], [ 108.51228, 14.71142 ], [ 108.50402, 14.70801 ], [ 108.49682, 14.69922 ], [ 108.50441, 14.68882 ], [ 108.51227, 14.68659 ], [ 108.51216, 14.68207 ], [ 108.50591, 14.67173 ], [ 108.50638, 14.66697 ], [ 108.50054, 14.66445 ], [ 108.49058, 14.64791 ], [ 108.49174, 14.64492 ], [ 108.48401, 14.64241 ], [ 108.48096, 14.62716 ], [ 108.48942, 14.62056 ], [ 108.49744, 14.62042 ], [ 108.50341, 14.62401 ], [ 108.5077, 14.61885 ], [ 108.52695, 14.62216 ], [ 108.53438, 14.60286 ], [ 108.54756, 14.58905 ], [ 108.53232, 14.57755 ], [ 108.52824, 14.55529 ], [ 108.50523, 14.54482 ], [ 108.48902, 14.54406 ], [ 108.438, 14.55542 ], [ 108.41552, 14.57081 ], [ 108.40926, 14.58963 ], [ 108.39811, 14.60078 ], [ 108.38588, 14.60221 ], [ 108.3826, 14.59842 ], [ 108.37494, 14.60091 ], [ 108.36706, 14.58563 ], [ 108.35824, 14.58007 ], [ 108.35697, 14.56976 ], [ 108.35934, 14.56282 ], [ 108.37392, 14.54855 ], [ 108.37149, 14.5369 ], [ 108.38302, 14.52612 ], [ 108.38329, 14.52036 ], [ 108.36399, 14.49475 ], [ 108.3267, 14.4577 ], [ 108.32358, 14.4419 ], [ 108.30621, 14.42184 ], [ 108.2976, 14.41704 ], [ 108.2917, 14.40575 ], [ 108.29655, 14.39199 ], [ 108.26657, 14.38635 ], [ 108.25246, 14.39002 ], [ 108.24311, 14.39736 ], [ 108.23238, 14.38933 ], [ 108.22935, 14.39194 ], [ 108.22062, 14.39101 ], [ 108.20935, 14.38675 ], [ 108.20305, 14.37475 ], [ 108.19841, 14.37655 ], [ 108.19863, 14.373 ], [ 108.19286, 14.37391 ], [ 108.1875, 14.36797 ], [ 108.16982, 14.3682 ], [ 108.16252, 14.36187 ], [ 108.16041, 14.36306 ], [ 108.15544, 14.3536 ], [ 108.15166, 14.35342 ], [ 108.15394, 14.34908 ], [ 108.14697, 14.34747 ], [ 108.14217, 14.35355 ], [ 108.14801, 14.35567 ], [ 108.14944, 14.36035 ], [ 108.1396, 14.36019 ], [ 108.13953, 14.35693 ], [ 108.13461, 14.35534 ], [ 108.11546, 14.36331 ], [ 108.10852, 14.35348 ], [ 108.11221, 14.34552 ], [ 108.10459, 14.34364 ], [ 108.10436, 14.33764 ], [ 108.07905, 14.33314 ], [ 108.08055, 14.32701 ], [ 108.08755, 14.3241 ], [ 108.0889, 14.31469 ], [ 108.08107, 14.31361 ], [ 108.08121, 14.31035 ], [ 108.07304, 14.30538 ], [ 108.06866, 14.28352 ], [ 108.05865, 14.26777 ], [ 108.06002, 14.26552 ], [ 108.03975, 14.27675 ], [ 108.03475, 14.27355 ], [ 108.03439, 14.26856 ], [ 108.01226, 14.24055 ], [ 107.98941, 14.24594 ], [ 107.97293, 14.23719 ], [ 107.94942, 14.243 ], [ 107.93333, 14.24093 ], [ 107.91933, 14.25995 ], [ 107.90287, 14.27456 ], [ 107.87683, 14.28236 ], [ 107.8728, 14.27625 ], [ 107.8603, 14.27328 ], [ 107.85014, 14.27539 ], [ 107.83617, 14.2672 ], [ 107.83784, 14.2346 ], [ 107.83448, 14.23182 ], [ 107.82832, 14.23289 ], [ 107.8175, 14.21375 ], [ 107.80687, 14.21263 ], [ 107.79921, 14.2198 ], [ 107.78975, 14.22098 ], [ 107.78365, 14.22548 ], [ 107.7785, 14.21615 ], [ 107.77328, 14.2191 ], [ 107.76382, 14.21318 ], [ 107.76363, 14.20435 ], [ 107.76006, 14.20222 ], [ 107.7234, 14.21571 ], [ 107.7156, 14.21351 ], [ 107.70708, 14.21681 ], [ 107.69955, 14.21552 ], [ 107.68777, 14.22113 ], [ 107.68365, 14.20642 ], [ 107.67822, 14.19997 ], [ 107.67818, 14.18844 ], [ 107.67081, 14.17581 ], [ 107.65839, 14.16365 ], [ 107.66517, 14.13756 ], [ 107.66109, 14.13071 ], [ 107.65765, 14.10342 ], [ 107.64854, 14.09915 ], [ 107.65736, 14.08502 ], [ 107.65092, 14.07607 ], [ 107.64998, 14.06655 ], [ 107.63343, 14.05369 ], [ 107.61398, 14.06341 ], [ 107.61281, 14.05361 ], [ 107.60155, 14.04581 ], [ 107.60067, 14.02922 ], [ 107.59245, 14.02233 ], [ 107.57037, 14.01902 ], [ 107.55106, 14.02512 ], [ 107.54579, 14.02172 ], [ 107.5417, 14.01132 ], [ 107.52121, 14.0135 ], [ 107.52571, 13.98236 ], [ 107.51241, 13.98408 ], [ 107.502, 13.97081 ], [ 107.47034, 13.9542 ], [ 107.47007, 13.9346 ], [ 107.46152, 13.92953 ], [ 107.45883, 13.92236 ], [ 107.45504, 13.92829 ] ] ] } },
{ "type": "Feature", "properties": { "NAME_1": "Long An", "id": "38", "GID_1": "VNM.39_1", "GID_0": "VNM", "COUNTRY": "Vietnam", "VARNAME_1": "Long An", "NL_NAME_1": "NA", "TYPE_1": "Tỉnh", "ENGTYPE_1": "Province", "CC_1": "NA", "HASC_1": "VN.LA", "ISO_1": "VN-41" }, "geometry": { "type": "Polygon", "coordinates": [ [ [ 106.51109, 10.42863 ], [ 106.48645, 10.40867 ], [ 106.48617, 10.40343 ], [ 106.48175, 10.40477 ], [ 106.48011, 10.39669 ], [ 106.47269, 10.39869 ], [ 106.46792, 10.39645 ], [ 106.46331, 10.40041 ], [ 106.45621, 10.39465 ], [ 106.454, 10.4003 ], [ 106.44878, 10.39839 ], [ 106.44894, 10.40441 ], [ 106.45463, 10.40073 ], [ 106.46024, 10.40492 ], [ 106.45189, 10.4134 ], [ 106.4492, 10.41121 ], [ 106.44048, 10.41506 ], [ 106.43922, 10.4117 ], [ 106.43127, 10.41496 ], [ 106.42786, 10.40983 ], [ 106.42466, 10.41131 ], [ 106.42637, 10.41428 ], [ 106.42033, 10.42241 ], [ 106.42125, 10.42766 ], [ 106.41487, 10.42974 ], [ 106.41544, 10.43338 ], [ 106.42733, 10.43391 ], [ 106.44753, 10.45116 ], [ 106.45383, 10.45105 ], [ 106.45276, 10.45334 ], [ 106.44151, 10.45856 ], [ 106.4421, 10.46597 ], [ 106.42586, 10.47382 ], [ 106.4239, 10.4786 ], [ 106.41737, 10.48195 ], [ 106.41705, 10.48811 ], [ 106.40784, 10.49203 ], [ 106.40357, 10.4933 ], [ 106.40028, 10.48453 ], [ 106.39605, 10.48568 ], [ 106.39311, 10.47758 ], [ 106.38885, 10.47556 ], [ 106.37963, 10.48014 ], [ 106.37053, 10.48768 ], [ 106.37444, 10.49419 ], [ 106.36867, 10.49797 ], [ 106.37162, 10.50651 ], [ 106.36649, 10.51106 ], [ 106.36945, 10.51803 ], [ 106.34765, 10.52878 ], [ 106.34828, 10.5448 ], [ 106.34016, 10.54631 ], [ 106.32133, 10.56913 ], [ 106.31871, 10.57072 ], [ 106.31045, 10.56555 ], [ 106.28614, 10.58698 ], [ 106.20473, 10.57922 ], [ 106.10118, 10.57582 ], [ 106.10242, 10.52284 ], [ 105.91, 10.53859 ], [ 105.83467, 10.63832 ], [ 105.80791, 10.6536 ], [ 105.78064, 10.65875 ], [ 105.59588, 10.83061 ], [ 105.61269, 10.83197 ], [ 105.58263, 10.89188 ], [ 105.51627, 10.9224 ], [ 105.49942, 10.95287 ], [ 105.50646, 10.94897 ], [ 105.53647, 10.95181 ], [ 105.5519, 10.95881 ], [ 105.66199, 10.98563 ], [ 105.69544, 11.00212 ], [ 105.71899, 11.02145 ], [ 105.73242, 11.02609 ], [ 105.75245, 11.02546 ], [ 105.77819, 11.03228 ], [ 105.80707, 10.97347 ], [ 105.83967, 10.93475 ], [ 105.86428, 10.89934 ], [ 105.84792, 10.86613 ], [ 105.84969, 10.86309 ], [ 105.89842, 10.8442 ], [ 105.93596, 10.83917 ], [ 105.93647, 10.84606 ], [ 105.9308, 10.84925 ], [ 105.93008, 10.86309 ], [ 105.95623, 10.8837 ], [ 105.95109, 10.88901 ], [ 105.95231, 10.89618 ], [ 105.94424, 10.90993 ], [ 105.9446, 10.91719 ], [ 105.9769, 10.88976 ], [ 106.01545, 10.8502 ], [ 106.07265, 10.8111 ], [ 106.09342, 10.80797 ], [ 106.16542, 10.81168 ], [ 106.18943, 10.79057 ], [ 106.18756, 10.84006 ], [ 106.16302, 10.88654 ], [ 106.13766, 10.91553 ], [ 106.15087, 10.94106 ], [ 106.14514, 10.94958 ], [ 106.14394, 10.97759 ], [ 106.15397, 10.98286 ], [ 106.16393, 10.97833 ], [ 106.16373, 10.97068 ], [ 106.16794, 10.96323 ], [ 106.17798, 10.96274 ], [ 106.23962, 10.98729 ], [ 106.27315, 10.98098 ], [ 106.2832, 10.98623 ], [ 106.28658, 10.992 ], [ 106.28297, 11.00436 ], [ 106.27092, 11.0132 ], [ 106.27383, 11.02173 ], [ 106.27908, 11.01584 ], [ 106.28423, 11.02217 ], [ 106.28801, 11.02185 ], [ 106.28743, 11.02464 ], [ 106.297, 11.02581 ], [ 106.33724, 11.00563 ], [ 106.3456, 10.99471 ], [ 106.35114, 10.99892 ], [ 106.37297, 10.96974 ], [ 106.41145, 10.97384 ], [ 106.45351, 10.94188 ], [ 106.53293, 10.90036 ], [ 106.50457, 10.78895 ], [ 106.46369, 10.75652 ], [ 106.47227, 10.74546 ], [ 106.49158, 10.72433 ], [ 106.49578, 10.72763 ], [ 106.50168, 10.72651 ], [ 106.50935, 10.71718 ], [ 106.52022, 10.72368 ], [ 106.53023, 10.71728 ], [ 106.52724, 10.70926 ], [ 106.53405, 10.68789 ], [ 106.55052, 10.68544 ], [ 106.55359, 10.66854 ], [ 106.54891, 10.65744 ], [ 106.55594, 10.65696 ], [ 106.55788, 10.64855 ], [ 106.55904, 10.65185 ], [ 106.5653, 10.65229 ], [ 106.56629, 10.65644 ], [ 106.57352, 10.65416 ], [ 106.57339, 10.64981 ], [ 106.577, 10.64887 ], [ 106.57975, 10.6561 ], [ 106.59045, 10.65307 ], [ 106.59177, 10.65008 ], [ 106.59565, 10.6511 ], [ 106.59535, 10.65378 ], [ 106.60065, 10.65073 ], [ 106.60542, 10.65877 ], [ 106.62479, 10.64743 ], [ 106.6212, 10.64095 ], [ 106.62949, 10.64204 ], [ 106.6302, 10.62669 ], [ 106.63484, 10.62543 ], [ 106.64099, 10.62667 ], [ 106.64621, 10.63422 ], [ 106.65295, 10.63247 ], [ 106.65694, 10.64355 ], [ 106.66016, 10.63981 ], [ 106.6696, 10.6392 ], [ 106.6851, 10.65099 ], [ 106.68533, 10.65673 ], [ 106.69134, 10.6485 ], [ 106.70092, 10.65395 ], [ 106.72259, 10.64587 ], [ 106.73331, 10.62884 ], [ 106.72906, 10.62809 ], [ 106.72836, 10.62432 ], [ 106.73186, 10.62275 ], [ 106.72764, 10.61569 ], [ 106.73283, 10.6099 ], [ 106.72859, 10.60869 ], [ 106.72387, 10.6119 ], [ 106.7188, 10.6059 ], [ 106.72229, 10.59954 ], [ 106.72023, 10.59631 ], [ 106.72871, 10.57996 ], [ 106.73277, 10.5802 ], [ 106.73702, 10.58633 ], [ 106.73949, 10.58278 ], [ 106.73514, 10.57759 ], [ 106.74122, 10.57911 ], [ 106.74529, 10.57568 ], [ 106.74197, 10.56537 ], [ 106.7491, 10.53071 ], [ 106.74402, 10.49999 ], [ 106.73588, 10.4981 ], [ 106.70493, 10.47109 ], [ 106.68553, 10.44191 ], [ 106.67577, 10.43838 ], [ 106.66476, 10.44162 ], [ 106.65987, 10.45098 ], [ 106.65864, 10.47707 ], [ 106.65331, 10.48285 ], [ 106.64765, 10.48379 ], [ 106.63899, 10.47934 ], [ 106.63323, 10.4594 ], [ 106.62806, 10.45233 ], [ 106.60124, 10.43772 ], [ 106.58533, 10.43579 ], [ 106.58396, 10.4325 ], [ 106.58922, 10.41842 ], [ 106.57133, 10.41205 ], [ 106.56728, 10.41481 ], [ 106.55895, 10.41312 ], [ 106.5583, 10.42447 ], [ 106.54894, 10.42483 ], [ 106.54613, 10.42946 ], [ 106.53731, 10.42058 ], [ 106.52988, 10.43327 ], [ 106.51859, 10.42424 ], [ 106.51109, 10.42863 ] ] ] } },
{ "type": "Feature", "properties": { "NAME_1": "Lâm Đồng", "id": "35", "GID_1": "VNM.37_1", "GID_0": "VNM", "COUNTRY": "Vietnam", "VARNAME_1": "Lam Dong", "NL_NAME_1": "NA", "TYPE_1": "Tỉnh", "ENGTYPE_1": "Province", "CC_1": "NA", "HASC_1": "VN.LD", "ISO_1": "NA" }, "geometry": { "type": "Polygon", "coordinates": [ [ [ 108.12296, 11.28052 ], [ 108.11615, 11.29287 ], [ 108.11179, 11.28429 ], [ 108.11241, 11.27712 ], [ 108.10804, 11.27511 ], [ 108.10439, 11.26666 ], [ 108.10084, 11.26502 ], [ 108.08801, 11.26846 ], [ 108.07729, 11.25628 ], [ 108.05793, 11.24357 ], [ 108.05755, 11.21875 ], [ 108.04604, 11.21512 ], [ 108.04825, 11.21985 ], [ 108.0463, 11.23518 ], [ 108.05302, 11.24066 ], [ 108.05283, 11.24565 ], [ 108.04246, 11.25968 ], [ 108.04408, 11.27764 ], [ 108.03812, 11.28138 ], [ 108.03066, 11.29888 ], [ 108.03194, 11.30453 ], [ 108.02728, 11.3167 ], [ 108.02931, 11.32653 ], [ 108.00271, 11.33212 ], [ 107.99361, 11.34047 ], [ 107.97428, 11.34295 ], [ 107.95819, 11.35026 ], [ 107.94093, 11.34687 ], [ 107.93549, 11.35599 ], [ 107.92815, 11.35925 ], [ 107.90824, 11.36347 ], [ 107.7966, 11.37212 ], [ 107.73777, 11.36673 ], [ 107.73665, 11.36127 ], [ 107.73022, 11.35795 ], [ 107.72533, 11.36109 ], [ 107.72565, 11.36837 ], [ 107.71679, 11.33962 ], [ 107.68398, 11.32248 ], [ 107.66497, 11.32663 ], [ 107.64661, 11.33815 ], [ 107.63596, 11.33739 ], [ 107.61438, 11.34247 ], [ 107.59396, 11.358 ], [ 107.57397, 11.38225 ], [ 107.56659, 11.38179 ], [ 107.55592, 11.37131 ], [ 107.54381, 11.36655 ], [ 107.54267, 11.36119 ], [ 107.53527, 11.35528 ], [ 107.52484, 11.37059 ], [ 107.51891, 11.37069 ], [ 107.51298, 11.38459 ], [ 107.49911, 11.38514 ], [ 107.49621, 11.39646 ], [ 107.48827, 11.39608 ], [ 107.48521, 11.40067 ], [ 107.48882, 11.42343 ], [ 107.48651, 11.42943 ], [ 107.4717, 11.43614 ], [ 107.45828, 11.43083 ], [ 107.45374, 11.43196 ], [ 107.45213, 11.42463 ], [ 107.45583, 11.42258 ], [ 107.45348, 11.42003 ], [ 107.44371, 11.4196 ], [ 107.44708, 11.42798 ], [ 107.44227, 11.43184 ], [ 107.43044, 11.4249 ], [ 107.43039, 11.44024 ], [ 107.44579, 11.44752 ], [ 107.45116, 11.45895 ], [ 107.46255, 11.46331 ], [ 107.461, 11.47199 ], [ 107.46564, 11.47734 ], [ 107.47006, 11.47576 ], [ 107.47216, 11.47806 ], [ 107.46187, 11.48934 ], [ 107.45516, 11.49168 ], [ 107.45316, 11.50172 ], [ 107.44164, 11.50991 ], [ 107.44159, 11.51645 ], [ 107.4325, 11.51246 ], [ 107.4289, 11.51898 ], [ 107.42023, 11.51115 ], [ 107.41213, 11.5187 ], [ 107.40997, 11.52817 ], [ 107.40166, 11.52975 ], [ 107.39834, 11.52677 ], [ 107.38649, 11.52603 ], [ 107.38539, 11.52062 ], [ 107.37381, 11.51503 ], [ 107.36701, 11.51787 ], [ 107.37624, 11.52428 ], [ 107.37516, 11.53211 ], [ 107.37901, 11.54264 ], [ 107.37279, 11.55729 ], [ 107.36834, 11.55852 ], [ 107.37273, 11.5506 ], [ 107.37004, 11.54865 ], [ 107.36025, 11.55514 ], [ 107.36664, 11.56054 ], [ 107.36106, 11.56826 ], [ 107.36638, 11.57316 ], [ 107.36105, 11.58185 ], [ 107.35754, 11.58006 ], [ 107.35656, 11.55896 ], [ 107.34765, 11.55314 ], [ 107.34614, 11.54366 ], [ 107.33854, 11.54415 ], [ 107.33273, 11.55416 ], [ 107.31005, 11.55523 ], [ 107.30175, 11.57088 ], [ 107.30989, 11.56816 ], [ 107.31206, 11.57163 ], [ 107.30068, 11.57742 ], [ 107.29747, 11.58373 ], [ 107.30669, 11.59892 ], [ 107.30065, 11.60673 ], [ 107.30443, 11.61752 ], [ 107.28558, 11.63218 ], [ 107.27015, 11.63808 ], [ 107.26874, 11.64323 ], [ 107.2731, 11.6503 ], [ 107.26569, 11.65831 ], [ 107.27799, 11.68146 ], [ 107.28513, 11.68643 ], [ 107.27855, 11.69217 ], [ 107.28386, 11.69827 ], [ 107.28579, 11.72561 ], [ 107.28971, 11.72976 ], [ 107.29649, 11.72952 ], [ 107.30294, 11.74017 ], [ 107.31525, 11.7404 ], [ 107.32662, 11.74949 ], [ 107.33568, 11.74795 ], [ 107.35301, 11.75274 ], [ 107.3567, 11.76221 ], [ 107.36325, 11.7612 ], [ 107.36528, 11.76615 ], [ 107.37399, 11.77095 ], [ 107.38686, 11.77304 ], [ 107.39124, 11.76664 ], [ 107.3974, 11.76568 ], [ 107.40262, 11.75525 ], [ 107.41708, 11.74901 ], [ 107.43241, 11.76217 ], [ 107.43301, 11.76598 ], [ 107.45052, 11.75795 ], [ 107.46299, 11.76101 ], [ 107.47362, 11.77106 ], [ 107.48028, 11.79098 ], [ 107.50234, 11.79865 ], [ 107.50714, 11.80399 ], [ 107.51074, 11.79796 ], [ 107.52806, 11.79947 ], [ 107.53587, 11.79772 ], [ 107.54375, 11.78974 ], [ 107.55289, 11.79203 ], [ 107.56181, 11.80544 ], [ 107.57827, 11.82134 ], [ 107.59231, 11.82592 ], [ 107.60545, 11.83802 ], [ 107.61949, 11.83908 ], [ 107.62929, 11.86477 ], [ 107.64004, 11.86568 ], [ 107.64986, 11.87492 ], [ 107.65982, 11.87583 ], [ 107.66232, 11.88688 ], [ 107.67259, 11.88565 ], [ 107.67769, 11.88942 ], [ 107.67166, 11.89549 ], [ 107.67603, 11.9024 ], [ 107.67361, 11.91352 ], [ 107.6849, 11.91591 ], [ 107.68939, 11.91996 ], [ 107.70187, 11.91579 ], [ 107.70924, 11.92239 ], [ 107.7281, 11.91532 ], [ 107.73203, 11.91007 ], [ 107.73381, 11.90334 ], [ 107.72335, 11.898 ], [ 107.72684, 11.88738 ], [ 107.73278, 11.88126 ], [ 107.72614, 11.87571 ], [ 107.7271, 11.8701 ], [ 107.73013, 11.86929 ], [ 107.7346, 11.87467 ], [ 107.75291, 11.86597 ], [ 107.77111, 11.84971 ], [ 107.78197, 11.85324 ], [ 107.78761, 11.85951 ], [ 107.80869, 11.86105 ], [ 107.81311, 11.86758 ], [ 107.82307, 11.86304 ], [ 107.82652, 11.87427 ], [ 107.8308, 11.8773 ], [ 107.83694, 11.87678 ], [ 107.84182, 11.86893 ], [ 107.8539, 11.87428 ], [ 107.88752, 11.87335 ], [ 107.8967, 11.86878 ], [ 107.90122, 11.85036 ], [ 107.89085, 11.84403 ], [ 107.89024, 11.82988 ], [ 107.89866, 11.82541 ], [ 107.89048, 11.82593 ], [ 107.88807, 11.82101 ], [ 107.9066, 11.80308 ], [ 107.9238, 11.79673 ], [ 107.9288, 11.81145 ], [ 107.93191, 11.81343 ], [ 107.93243, 11.80934 ], [ 107.93858, 11.81155 ], [ 107.93878, 11.81697 ], [ 107.9448, 11.81849 ], [ 107.94771, 11.82338 ], [ 107.94906, 11.81664 ], [ 107.95722, 11.81881 ], [ 107.95798, 11.81046 ], [ 107.96632, 11.80657 ], [ 107.97363, 11.79056 ], [ 107.97885, 11.78994 ], [ 107.98571, 11.80011 ], [ 107.99632, 11.79956 ], [ 108.00709, 11.80714 ], [ 108.01717, 11.80588 ], [ 108.02007, 11.81237 ], [ 108.0238, 11.81023 ], [ 108.02235, 11.81743 ], [ 108.05913, 11.83851 ], [ 108.06905, 11.83475 ], [ 108.08459, 11.86033 ], [ 108.09611, 11.86949 ], [ 108.11148, 11.89937 ], [ 108.10583, 11.90668 ], [ 108.09594, 11.90851 ], [ 108.09241, 11.91229 ], [ 108.08445, 11.91117 ], [ 108.08485, 11.91885 ], [ 108.081, 11.92459 ], [ 108.08298, 11.92956 ], [ 108.07703, 11.93213 ], [ 108.0783, 11.93452 ], [ 108.06893, 11.94827 ], [ 108.06507, 11.94877 ], [ 108.06019, 11.94289 ], [ 108.05814, 11.94725 ], [ 108.05297, 11.94495 ], [ 108.05316, 11.9477 ], [ 108.04969, 11.9469 ], [ 108.05096, 11.94954 ], [ 108.04559, 11.95018 ], [ 108.04916, 11.95164 ], [ 108.04711, 11.95416 ], [ 108.0497, 11.96247 ], [ 108.0469, 11.96388 ], [ 108.04576, 11.97664 ], [ 108.04073, 11.97975 ], [ 108.04005, 11.98439 ], [ 108.02745, 11.99039 ], [ 108.02765, 11.99816 ], [ 108.0229, 12.00357 ], [ 108.02453, 12.01396 ], [ 108.02181, 12.01386 ], [ 108.0168, 12.02243 ], [ 108.00823, 12.02201 ], [ 108.00641, 12.02459 ], [ 108.00879, 12.03198 ], [ 108.01186, 12.0314 ], [ 108.0084, 12.04027 ], [ 108.01286, 12.04088 ], [ 108.00929, 12.04623 ], [ 108.01115, 12.05223 ], [ 107.99962, 12.04905 ], [ 107.98555, 12.05577 ], [ 107.97878, 12.05279 ], [ 107.97303, 12.05558 ], [ 107.97368, 12.05875 ], [ 107.96832, 12.06317 ], [ 107.96409, 12.06173 ], [ 107.96251, 12.06725 ], [ 107.96958, 12.07469 ], [ 107.97449, 12.07486 ], [ 107.97161, 12.07967 ], [ 107.97638, 12.07866 ], [ 107.98027, 12.08166 ], [ 107.9826, 12.07955 ], [ 107.97997, 12.08555 ], [ 107.98429, 12.09225 ], [ 107.98204, 12.10432 ], [ 107.98474, 12.11042 ], [ 107.98985, 12.10959 ], [ 107.98837, 12.1124 ], [ 107.99151, 12.11774 ], [ 107.98903, 12.12157 ], [ 107.99869, 12.12267 ], [ 107.99756, 12.12803 ], [ 108.00496, 12.12287 ], [ 108.00721, 12.11585 ], [ 108.01124, 12.12378 ], [ 108.02007, 12.12931 ], [ 108.0186, 12.14115 ], [ 108.02459, 12.13634 ], [ 108.03094, 12.13874 ], [ 108.03434, 12.14474 ], [ 108.04301, 12.13858 ], [ 108.051, 12.13857 ], [ 108.05518, 12.14365 ], [ 108.05633, 12.13667 ], [ 108.06612, 12.13797 ], [ 108.06674, 12.13335 ], [ 108.07037, 12.13216 ], [ 108.07854, 12.13285 ], [ 108.07717, 12.13836 ], [ 108.0905, 12.13364 ], [ 108.09503, 12.14367 ], [ 108.10146, 12.13615 ], [ 108.09926, 12.13926 ], [ 108.10306, 12.14205 ], [ 108.10303, 12.14864 ], [ 108.10567, 12.14472 ], [ 108.10918, 12.14606 ], [ 108.10888, 12.14994 ], [ 108.11418, 12.14668 ], [ 108.11219, 12.15219 ], [ 108.11639, 12.161 ], [ 108.11084, 12.16123 ], [ 108.10844, 12.16513 ], [ 108.11301, 12.16657 ], [ 108.11411, 12.17497 ], [ 108.11063, 12.17961 ], [ 108.11287, 12.18436 ], [ 108.11937, 12.17561 ], [ 108.12315, 12.1752 ], [ 108.13158, 12.18107 ], [ 108.15334, 12.18833 ], [ 108.16521, 12.19676 ], [ 108.16798, 12.1888 ], [ 108.17284, 12.18671 ], [ 108.17239, 12.17969 ], [ 108.17818, 12.18566 ], [ 108.18224, 12.18408 ], [ 108.18493, 12.17422 ], [ 108.19044, 12.17313 ], [ 108.19099, 12.17709 ], [ 108.19713, 12.17741 ], [ 108.19771, 12.17323 ], [ 108.2044, 12.1707 ], [ 108.20931, 12.17257 ], [ 108.20974, 12.17836 ], [ 108.2168, 12.18386 ], [ 108.22373, 12.1722 ], [ 108.22801, 12.18297 ], [ 108.23052, 12.17701 ], [ 108.23817, 12.17577 ], [ 108.24119, 12.16067 ], [ 108.24659, 12.1687 ], [ 108.25423, 12.17143 ], [ 108.24829, 12.17862 ], [ 108.25269, 12.18906 ], [ 108.26044, 12.19223 ], [ 108.25958, 12.20027 ], [ 108.27255, 12.20496 ], [ 108.27679, 12.21408 ], [ 108.29509, 12.20853 ], [ 108.2965, 12.20292 ], [ 108.31094, 12.21464 ], [ 108.31158, 12.21843 ], [ 108.32224, 12.2198 ], [ 108.32114, 12.22386 ], [ 108.3304, 12.23045 ], [ 108.34005, 12.22853 ], [ 108.33967, 12.23396 ], [ 108.33305, 12.23542 ], [ 108.33579, 12.2481 ], [ 108.34197, 12.24529 ], [ 108.34328, 12.24911 ], [ 108.34669, 12.24748 ], [ 108.35601, 12.25483 ], [ 108.36948, 12.2543 ], [ 108.38747, 12.24109 ], [ 108.413, 12.24358 ], [ 108.41927, 12.24951 ], [ 108.42713, 12.25151 ], [ 108.42944, 12.25925 ], [ 108.43735, 12.2498 ], [ 108.43991, 12.25061 ], [ 108.43635, 12.25752 ], [ 108.43968, 12.25879 ], [ 108.44012, 12.26316 ], [ 108.44356, 12.26301 ], [ 108.44104, 12.26867 ], [ 108.44276, 12.2778 ], [ 108.44621, 12.27287 ], [ 108.45065, 12.27335 ], [ 108.4586, 12.28311 ], [ 108.45699, 12.27675 ], [ 108.46004, 12.27586 ], [ 108.46655, 12.28365 ], [ 108.46548, 12.29713 ], [ 108.46946, 12.29506 ], [ 108.47195, 12.28809 ], [ 108.47575, 12.29429 ], [ 108.47475, 12.30029 ], [ 108.48363, 12.29959 ], [ 108.48052, 12.30563 ], [ 108.48398, 12.30991 ], [ 108.4854, 12.30505 ], [ 108.49274, 12.30489 ], [ 108.49984, 12.29233 ], [ 108.50011, 12.28359 ], [ 108.50856, 12.2778 ], [ 108.52091, 12.2807 ], [ 108.5312, 12.27901 ], [ 108.53954, 12.28432 ], [ 108.53613, 12.29076 ], [ 108.54267, 12.2976 ], [ 108.55008, 12.29213 ], [ 108.55219, 12.2958 ], [ 108.56487, 12.29212 ], [ 108.5696, 12.29548 ], [ 108.57091, 12.28971 ], [ 108.57453, 12.29153 ], [ 108.57484, 12.28825 ], [ 108.57981, 12.28862 ], [ 108.57927, 12.2856 ], [ 108.5892, 12.28819 ], [ 108.58559, 12.28216 ], [ 108.59495, 12.27693 ], [ 108.60838, 12.28332 ], [ 108.61615, 12.28406 ], [ 108.61932, 12.2815 ], [ 108.62527, 12.28998 ], [ 108.64538, 12.29487 ], [ 108.64938, 12.29279 ], [ 108.66637, 12.29908 ], [ 108.68049, 12.31663 ], [ 108.68601, 12.31676 ], [ 108.68841, 12.31102 ], [ 108.69289, 12.31265 ], [ 108.69927, 12.30936 ], [ 108.70741, 12.29976 ], [ 108.70314, 12.29753 ], [ 108.70086, 12.28778 ], [ 108.70204, 12.27455 ], [ 108.70615, 12.26939 ], [ 108.70253, 12.26453 ], [ 108.70576, 12.25458 ], [ 108.69941, 12.24511 ], [ 108.70247, 12.23707 ], [ 108.719, 12.22489 ], [ 108.72178, 12.21804 ], [ 108.70959, 12.18944 ], [ 108.71697, 12.18466 ], [ 108.71957, 12.17396 ], [ 108.72913, 12.16212 ], [ 108.72729, 12.15732 ], [ 108.7215, 12.15429 ], [ 108.70672, 12.1547 ], [ 108.70411, 12.15003 ], [ 108.69401, 12.14632 ], [ 108.69685, 12.13932 ], [ 108.69321, 12.12995 ], [ 108.68559, 12.1292 ], [ 108.67845, 12.12186 ], [ 108.67359, 12.1213 ], [ 108.70456, 12.09207 ], [ 108.703, 12.08541 ], [ 108.70877, 12.07895 ], [ 108.70754, 12.07153 ], [ 108.71233, 12.06125 ], [ 108.70496, 12.0429 ], [ 108.69437, 12.04091 ], [ 108.69162, 12.0309 ], [ 108.68411, 12.02315 ], [ 108.6797, 12.01137 ], [ 108.68366, 11.99914 ], [ 108.68134, 11.98514 ], [ 108.6622, 11.96239 ], [ 108.66044, 11.95302 ], [ 108.66505, 11.94681 ], [ 108.66142, 11.92655 ], [ 108.66407, 11.91583 ], [ 108.65366, 11.89437 ], [ 108.6556, 11.88572 ], [ 108.65087, 11.86446 ], [ 108.65399, 11.85561 ], [ 108.65288, 11.84403 ], [ 108.63977, 11.83041 ], [ 108.63036, 11.83036 ], [ 108.62592, 11.81399 ], [ 108.61943, 11.80936 ], [ 108.61945, 11.8037 ], [ 108.63155, 11.79554 ], [ 108.65499, 11.7927 ], [ 108.66842, 11.78874 ], [ 108.67254, 11.78401 ], [ 108.66318, 11.76305 ], [ 108.66716, 11.74803 ], [ 108.69009, 11.73469 ], [ 108.69487, 11.71129 ], [ 108.7009, 11.69972 ], [ 108.69259, 11.69785 ], [ 108.68353, 11.67665 ], [ 108.66898, 11.66347 ], [ 108.65628, 11.66641 ], [ 108.62601, 11.65423 ], [ 108.62305, 11.65007 ], [ 108.59725, 11.64909 ], [ 108.57592, 11.63953 ], [ 108.56244, 11.64231 ], [ 108.55321, 11.63233 ], [ 108.5518, 11.6113 ], [ 108.55462, 11.60529 ], [ 108.55214, 11.60144 ], [ 108.57251, 11.57748 ], [ 108.58272, 11.55549 ], [ 108.57256, 11.55139 ], [ 108.57399, 11.54639 ], [ 108.57019, 11.53889 ], [ 108.56575, 11.53733 ], [ 108.56488, 11.52998 ], [ 108.55596, 11.51504 ], [ 108.54509, 11.51115 ], [ 108.54033, 11.50533 ], [ 108.527, 11.50775 ], [ 108.52465, 11.51353 ], [ 108.51734, 11.51408 ], [ 108.51668, 11.51845 ], [ 108.49537, 11.52966 ], [ 108.47268, 11.52417 ], [ 108.4665, 11.51742 ], [ 108.44547, 11.51753 ], [ 108.43504, 11.51365 ], [ 108.426, 11.51608 ], [ 108.41486, 11.52727 ], [ 108.39583, 11.51792 ], [ 108.38177, 11.52443 ], [ 108.37431, 11.50931 ], [ 108.36293, 11.50618 ], [ 108.35787, 11.50802 ], [ 108.35413, 11.50446 ], [ 108.35057, 11.50669 ], [ 108.35012, 11.51671 ], [ 108.34231, 11.52966 ], [ 108.34014, 11.52549 ], [ 108.33005, 11.52168 ], [ 108.32363, 11.53144 ], [ 108.30789, 11.52445 ], [ 108.29655, 11.51467 ], [ 108.2798, 11.51463 ], [ 108.26551, 11.49666 ], [ 108.27158, 11.48769 ], [ 108.25774, 11.47447 ], [ 108.27302, 11.43966 ], [ 108.27763, 11.43979 ], [ 108.28022, 11.44625 ], [ 108.28529, 11.44738 ], [ 108.29258, 11.44132 ], [ 108.29867, 11.4278 ], [ 108.3024, 11.42744 ], [ 108.30676, 11.41364 ], [ 108.2921, 11.40029 ], [ 108.27885, 11.39471 ], [ 108.27722, 11.38449 ], [ 108.25847, 11.36238 ], [ 108.22883, 11.34674 ], [ 108.22098, 11.33889 ], [ 108.21961, 11.33297 ], [ 108.19731, 11.32268 ], [ 108.1876, 11.3073 ], [ 108.13605, 11.29337 ], [ 108.12296, 11.28052 ] ] ] } },
{ "type": "Feature", "properties": { "NAME_1": "Lạng Sơn", "id": "36", "GID_1": "VNM.35_1", "GID_0": "VNM", "COUNTRY": "Vietnam", "VARNAME_1": "Lang Son", "NL_NAME_1": "NA", "TYPE_1": "Tỉnh", "ENGTYPE_1": "Province", "CC_1": "NA", "HASC_1": "VN.LS", "ISO_1": "NA" }, "geometry": { "type": "Polygon", "coordinates": [ [ [ 107.01801, 21.34058 ], [ 107.01802, 21.34481 ], [ 106.98826, 21.35862 ], [ 106.9932, 21.37715 ], [ 106.98675, 21.39017 ], [ 106.98573, 21.40209 ], [ 106.99183, 21.40821 ], [ 106.99221, 21.41442 ], [ 107.00382, 21.42149 ], [ 106.9921, 21.43029 ], [ 106.99095, 21.43643 ], [ 106.98682, 21.43953 ], [ 106.96879, 21.43609 ], [ 106.9603, 21.42531 ], [ 106.9525, 21.42348 ], [ 106.94557, 21.43462 ], [ 106.94044, 21.43476 ], [ 106.92892, 21.42569 ], [ 106.93017, 21.437 ], [ 106.92638, 21.44103 ], [ 106.91718, 21.43077 ], [ 106.91084, 21.43083 ], [ 106.8914, 21.45143 ], [ 106.89262, 21.46015 ], [ 106.89882, 21.46349 ], [ 106.90248, 21.47044 ], [ 106.89226, 21.47727 ], [ 106.88923, 21.49093 ], [ 106.87855, 21.4957 ], [ 106.85493, 21.4961 ], [ 106.85126, 21.49888 ], [ 106.84406, 21.4937 ], [ 106.84323, 21.50239 ], [ 106.83887, 21.50847 ], [ 106.84038, 21.51297 ], [ 106.85, 21.51604 ], [ 106.85368, 21.52578 ], [ 106.86028, 21.52267 ], [ 106.86503, 21.52802 ], [ 106.86514, 21.53338 ], [ 106.85062, 21.54139 ], [ 106.84792, 21.55379 ], [ 106.84327, 21.55973 ], [ 106.82011, 21.56255 ], [ 106.80724, 21.55882 ], [ 106.79263, 21.56603 ], [ 106.7865, 21.57734 ], [ 106.7598, 21.5702 ], [ 106.75566, 21.56151 ], [ 106.75768, 21.56224 ], [ 106.75819, 21.55684 ], [ 106.76202, 21.55408 ], [ 106.7585, 21.5522 ], [ 106.75903, 21.54435 ], [ 106.7555, 21.54095 ], [ 106.74336, 21.54153 ], [ 106.73421, 21.54455 ], [ 106.72679, 21.5552 ], [ 106.71016, 21.56079 ], [ 106.70055, 21.57077 ], [ 106.70194, 21.59369 ], [ 106.67794, 21.60274 ], [ 106.67027, 21.60874 ], [ 106.65636, 21.60321 ], [ 106.64562, 21.60647 ], [ 106.63702, 21.60081 ], [ 106.61535, 21.60785 ], [ 106.59614, 21.59922 ], [ 106.57081, 21.60252 ], [ 106.56543, 21.59575 ], [ 106.55753, 21.59417 ], [ 106.54221, 21.57015 ], [ 106.52745, 21.55774 ], [ 106.52654, 21.54471 ], [ 106.52206, 21.53548 ], [ 106.5087, 21.52616 ], [ 106.50711, 21.5222 ], [ 106.52133, 21.49959 ], [ 106.50955, 21.48672 ], [ 106.49437, 21.48271 ], [ 106.48273, 21.44867 ], [ 106.47281, 21.44763 ], [ 106.47171, 21.44217 ], [ 106.46578, 21.43729 ], [ 106.45323, 21.43937 ], [ 106.45061, 21.43612 ], [ 106.44331, 21.43652 ], [ 106.43839, 21.44365 ], [ 106.43314, 21.43804 ], [ 106.42657, 21.43997 ], [ 106.41746, 21.43733 ], [ 106.40482, 21.42608 ], [ 106.40794, 21.41978 ], [ 106.41434, 21.41738 ], [ 106.41603, 21.40841 ], [ 106.40568, 21.40408 ], [ 106.39532, 21.40529 ], [ 106.38763, 21.39754 ], [ 106.37838, 21.39396 ], [ 106.37241, 21.39434 ], [ 106.36719, 21.39904 ], [ 106.36154, 21.39585 ], [ 106.35107, 21.39581 ], [ 106.34669, 21.401 ], [ 106.34065, 21.3972 ], [ 106.32449, 21.40972 ], [ 106.32727, 21.41898 ], [ 106.32465, 21.42469 ], [ 106.33327, 21.43519 ], [ 106.32742, 21.44768 ], [ 106.31598, 21.44413 ], [ 106.31001, 21.45184 ], [ 106.30412, 21.44832 ], [ 106.3059, 21.44224 ], [ 106.29884, 21.44666 ], [ 106.29585, 21.44303 ], [ 106.28819, 21.44979 ], [ 106.29003, 21.45593 ], [ 106.28295, 21.45218 ], [ 106.28663, 21.46679 ], [ 106.28638, 21.47117 ], [ 106.28239, 21.47275 ], [ 106.28783, 21.49131 ], [ 106.27418, 21.49369 ], [ 106.26892, 21.49002 ], [ 106.26311, 21.49161 ], [ 106.25653, 21.48683 ], [ 106.24964, 21.48728 ], [ 106.24497, 21.48159 ], [ 106.24542, 21.48535 ], [ 106.2418, 21.48639 ], [ 106.23765, 21.49479 ], [ 106.22385, 21.4937 ], [ 106.22089, 21.49689 ], [ 106.21202, 21.49675 ], [ 106.16871, 21.51237 ], [ 106.17016, 21.53558 ], [ 106.16734, 21.54081 ], [ 106.1709, 21.54946 ], [ 106.16788, 21.56075 ], [ 106.16977, 21.57296 ], [ 106.16722, 21.57762 ], [ 106.17095, 21.5889 ], [ 106.16898, 21.59511 ], [ 106.18516, 21.60433 ], [ 106.19725, 21.61891 ], [ 106.19472, 21.62675 ], [ 106.19847, 21.63262 ], [ 106.19239, 21.63729 ], [ 106.19096, 21.64507 ], [ 106.20425, 21.65552 ], [ 106.20583, 21.66352 ], [ 106.22548, 21.67904 ], [ 106.2244, 21.69212 ], [ 106.2328, 21.69888 ], [ 106.23784, 21.71908 ], [ 106.23506, 21.72724 ], [ 106.22498, 21.7331 ], [ 106.21841, 21.7271 ], [ 106.21395, 21.72737 ], [ 106.2076, 21.73294 ], [ 106.1967, 21.73541 ], [ 106.19436, 21.74162 ], [ 106.18237, 21.74161 ], [ 106.17357, 21.74923 ], [ 106.16859, 21.74978 ], [ 106.16839, 21.75422 ], [ 106.1497, 21.76098 ], [ 106.13708, 21.78497 ], [ 106.11185, 21.78165 ], [ 106.11118, 21.78714 ], [ 106.10639, 21.79029 ], [ 106.10768, 21.80336 ], [ 106.09496, 21.82023 ], [ 106.10034, 21.82854 ], [ 106.1078, 21.832 ], [ 106.10665, 21.84088 ], [ 106.11229, 21.84005 ], [ 106.11754, 21.84347 ], [ 106.11137, 21.8504 ], [ 106.1115, 21.86528 ], [ 106.11744, 21.87836 ], [ 106.11344, 21.89073 ], [ 106.11585, 21.89509 ], [ 106.12744, 21.89935 ], [ 106.12972, 21.90492 ], [ 106.12708, 21.9105 ], [ 106.13178, 21.91617 ], [ 106.12951, 21.92374 ], [ 106.12195, 21.92422 ], [ 106.11097, 21.93381 ], [ 106.10686, 21.93295 ], [ 106.09788, 21.93824 ], [ 106.11176, 21.94926 ], [ 106.10352, 21.95306 ], [ 106.09905, 21.95097 ], [ 106.09781, 21.95421 ], [ 106.09991, 21.96007 ], [ 106.11226, 21.96258 ], [ 106.11539, 21.97848 ], [ 106.11307, 21.98348 ], [ 106.11458, 21.99274 ], [ 106.10743, 21.9975 ], [ 106.11126, 22.01354 ], [ 106.10867, 22.02089 ], [ 106.09672, 22.03024 ], [ 106.09561, 22.03659 ], [ 106.10278, 22.04575 ], [ 106.09928, 22.05524 ], [ 106.10036, 22.07173 ], [ 106.10789, 22.07625 ], [ 106.11423, 22.07261 ], [ 106.12294, 22.08536 ], [ 106.13946, 22.08582 ], [ 106.14158, 22.08216 ], [ 106.15716, 22.08172 ], [ 106.16282, 22.10286 ], [ 106.16808, 22.10561 ], [ 106.16869, 22.11045 ], [ 106.17333, 22.11267 ], [ 106.17668, 22.11034 ], [ 106.18554, 22.11771 ], [ 106.18469, 22.12543 ], [ 106.18096, 22.12893 ], [ 106.18799, 22.13416 ], [ 106.19141, 22.14371 ], [ 106.19649, 22.14278 ], [ 106.21287, 22.15848 ], [ 106.21703, 22.16653 ], [ 106.22295, 22.16758 ], [ 106.23391, 22.17845 ], [ 106.22128, 22.19706 ], [ 106.22337, 22.20112 ], [ 106.22144, 22.20735 ], [ 106.23188, 22.22044 ], [ 106.2375, 22.22164 ], [ 106.24289, 22.23825 ], [ 106.24206, 22.24646 ], [ 106.24706, 22.25695 ], [ 106.24525, 22.26645 ], [ 106.23512, 22.2789 ], [ 106.22421, 22.28265 ], [ 106.22312, 22.28847 ], [ 106.21144, 22.29074 ], [ 106.20071, 22.30961 ], [ 106.20123, 22.32275 ], [ 106.20562, 22.33204 ], [ 106.22, 22.34929 ], [ 106.20889, 22.36816 ], [ 106.19061, 22.37646 ], [ 106.18473, 22.38694 ], [ 106.18735, 22.40053 ], [ 106.19434, 22.40691 ], [ 106.19299, 22.41607 ], [ 106.19988, 22.4223 ], [ 106.20058, 22.43186 ], [ 106.2108, 22.44097 ], [ 106.21722, 22.45242 ], [ 106.22162, 22.45531 ], [ 106.23052, 22.4549 ], [ 106.2393, 22.46148 ], [ 106.24928, 22.45845 ], [ 106.25922, 22.45056 ], [ 106.26401, 22.45349 ], [ 106.27699, 22.4479 ], [ 106.2851, 22.43763 ], [ 106.28763, 22.42678 ], [ 106.29613, 22.42594 ], [ 106.31924, 22.40751 ], [ 106.32898, 22.41236 ], [ 106.33431, 22.40876 ], [ 106.3325, 22.40207 ], [ 106.34439, 22.39175 ], [ 106.342, 22.37378 ], [ 106.35283, 22.36175 ], [ 106.3643, 22.35691 ], [ 106.37883, 22.35947 ], [ 106.3801, 22.36333 ], [ 106.38745, 22.36451 ], [ 106.39603, 22.37384 ], [ 106.40019, 22.37047 ], [ 106.41397, 22.37031 ], [ 106.42493, 22.35862 ], [ 106.43626, 22.36348 ], [ 106.45258, 22.35661 ], [ 106.4621, 22.36056 ], [ 106.46656, 22.35906 ], [ 106.46857, 22.36239 ], [ 106.48732, 22.36829 ], [ 106.4891, 22.37612 ], [ 106.47924, 22.37944 ], [ 106.49024, 22.38474 ], [ 106.48981, 22.38781 ], [ 106.48347, 22.39042 ], [ 106.49375, 22.39616 ], [ 106.48971, 22.40056 ], [ 106.50391, 22.40528 ], [ 106.5198, 22.39751 ], [ 106.52414, 22.40428 ], [ 106.53239, 22.40796 ], [ 106.52854, 22.41281 ], [ 106.53532, 22.41889 ], [ 106.56075, 22.42243 ], [ 106.57121, 22.40392 ], [ 106.58591, 22.39456 ], [ 106.58613, 22.38949 ], [ 106.58154, 22.38314 ], [ 106.58548, 22.37788 ], [ 106.58269, 22.37453 ], [ 106.57177, 22.36962 ], [ 106.56987, 22.3638 ], [ 106.56416, 22.36635 ], [ 106.56182, 22.36425 ], [ 106.56376, 22.35805 ], [ 106.55958, 22.34888 ], [ 106.57132, 22.34245 ], [ 106.57144, 22.34693 ], [ 106.57722, 22.34656 ], [ 106.58148, 22.33908 ], [ 106.5882, 22.3444 ], [ 106.59981, 22.33804 ], [ 106.61365, 22.3399 ], [ 106.61705, 22.33637 ], [ 106.61555, 22.33423 ], [ 106.62089, 22.33294 ], [ 106.63517, 22.33999 ], [ 106.6486, 22.33969 ], [ 106.66016, 22.33411 ], [ 106.65711, 22.3283 ], [ 106.65908, 22.31776 ], [ 106.66797, 22.3081 ], [ 106.66689, 22.28629 ], [ 106.67113, 22.28367 ], [ 106.67695, 22.28556 ], [ 106.68275, 22.27929 ], [ 106.68954, 22.27818 ], [ 106.68168, 22.26391 ], [ 106.69162, 22.25729 ], [ 106.68951, 22.25256 ], [ 106.69145, 22.24339 ], [ 106.69495, 22.24015 ], [ 106.69385, 22.23542 ], [ 106.69691, 22.23411 ], [ 106.69786, 22.2265 ], [ 106.70065, 22.22447 ], [ 106.70289, 22.22676 ], [ 106.70248, 22.22013 ], [ 106.69804, 22.21803 ], [ 106.69579, 22.20688 ], [ 106.68636, 22.20328 ], [ 106.67869, 22.20549 ], [ 106.68008, 22.19621 ], [ 106.6751, 22.18782 ], [ 106.66979, 22.18536 ], [ 106.67609, 22.18027 ], [ 106.67905, 22.17601 ], [ 106.6777, 22.17089 ], [ 106.68271, 22.16967 ], [ 106.68517, 22.16413 ], [ 106.69345, 22.16092 ], [ 106.70158, 22.16385 ], [ 106.70461, 22.16159 ], [ 106.70457, 22.15547 ], [ 106.70092, 22.15748 ], [ 106.6955, 22.15419 ], [ 106.69479, 22.14308 ], [ 106.68809, 22.138 ], [ 106.69438, 22.13306 ], [ 106.69205, 22.12176 ], [ 106.69521, 22.11061 ], [ 106.70981, 22.10178 ], [ 106.71298, 22.09568 ], [ 106.71062, 22.08935 ], [ 106.70491, 22.0853 ], [ 106.70649, 22.06521 ], [ 106.70352, 22.06468 ], [ 106.69672, 22.05146 ], [ 106.69902, 22.04967 ], [ 106.6969, 22.04492 ], [ 106.7054, 22.03869 ], [ 106.70869, 22.02563 ], [ 106.70218, 22.02204 ], [ 106.69924, 22.0148 ], [ 106.68803, 22.00944 ], [ 106.68929, 22.00771 ], [ 106.68238, 22.00102 ], [ 106.68339, 21.98519 ], [ 106.69179, 21.97314 ], [ 106.6946, 21.9731 ], [ 106.69166, 21.9651 ], [ 106.69887, 21.96015 ], [ 106.70831, 21.97004 ], [ 106.70808, 21.97467 ], [ 106.71559, 21.97194 ], [ 106.71947, 21.974 ], [ 106.72686, 21.98148 ], [ 106.72918, 21.99256 ], [ 106.73729, 22.00005 ], [ 106.73738, 22.00754 ], [ 106.76501, 22.01318 ], [ 106.77538, 22.00887 ], [ 106.77847, 22.00449 ], [ 106.78438, 22.004 ], [ 106.78807, 21.99048 ], [ 106.79543, 21.99232 ], [ 106.79993, 21.98021 ], [ 106.80415, 21.98285 ], [ 106.80427, 21.97713 ], [ 106.81194, 21.97347 ], [ 106.83241, 21.97412 ], [ 106.83282, 21.98178 ], [ 106.83946, 21.98415 ], [ 106.84703, 21.97767 ], [ 106.85049, 21.982 ], [ 106.85899, 21.98008 ], [ 106.8672, 21.98313 ], [ 106.86896, 21.98034 ], [ 106.88007, 21.98194 ], [ 106.90436, 21.97112 ], [ 106.91338, 21.97599 ], [ 106.91689, 21.97465 ], [ 106.92275, 21.96596 ], [ 106.9218, 21.94848 ], [ 106.9285, 21.94192 ], [ 106.92973, 21.93102 ], [ 106.95184, 21.93136 ], [ 106.95299, 21.92481 ], [ 106.96102, 21.91924 ], [ 106.97878, 21.92598 ], [ 106.99172, 21.95166 ], [ 107.00044, 21.94422 ], [ 107.00662, 21.94666 ], [ 107.02422, 21.94469 ], [ 107.02318, 21.94034 ], [ 107.02597, 21.93792 ], [ 107.03317, 21.93808 ], [ 107.03909, 21.93079 ], [ 107.04787, 21.93015 ], [ 107.0552, 21.92081 ], [ 107.06244, 21.89329 ], [ 107.05542, 21.88415 ], [ 107.04086, 21.8791 ], [ 107.02592, 21.86516 ], [ 107.01795, 21.86377 ], [ 107.00639, 21.84946 ], [ 107.00454, 21.83258 ], [ 107.00938, 21.82705 ], [ 107.01907, 21.82658 ], [ 107.02549, 21.81925 ], [ 107.04336, 21.81232 ], [ 107.06798, 21.80822 ], [ 107.08322, 21.80945 ], [ 107.09023, 21.80001 ], [ 107.10058, 21.79333 ], [ 107.11313, 21.79234 ], [ 107.12547, 21.77575 ], [ 107.13483, 21.77495 ], [ 107.13653, 21.77099 ], [ 107.13352, 21.77005 ], [ 107.13895, 21.76325 ], [ 107.15996, 21.75652 ], [ 107.16337, 21.74986 ], [ 107.17222, 21.75186 ], [ 107.17494, 21.74831 ], [ 107.18462, 21.74629 ], [ 107.19197, 21.73531 ], [ 107.19833, 21.73161 ], [ 107.19673, 21.72124 ], [ 107.2222, 21.70631 ], [ 107.2379, 21.70703 ], [ 107.24139, 21.70261 ], [ 107.24478, 21.70539 ], [ 107.24792, 21.70367 ], [ 107.25041, 21.70522 ], [ 107.25115, 21.71667 ], [ 107.25826, 21.72441 ], [ 107.27509, 21.73249 ], [ 107.28742, 21.73179 ], [ 107.28792, 21.73636 ], [ 107.29837, 21.74229 ], [ 107.30444, 21.73888 ], [ 107.30859, 21.7299 ], [ 107.31323, 21.72976 ], [ 107.31425, 21.7253 ], [ 107.32252, 21.72505 ], [ 107.31995, 21.71418 ], [ 107.32428, 21.70527 ], [ 107.33501, 21.69852 ], [ 107.33846, 21.68758 ], [ 107.34461, 21.68791 ], [ 107.34922, 21.68105 ], [ 107.34517, 21.67634 ], [ 107.35754, 21.66964 ], [ 107.3566, 21.66636 ], [ 107.36071, 21.66393 ], [ 107.35899, 21.65495 ], [ 107.36413, 21.64017 ], [ 107.36166, 21.63486 ], [ 107.35414, 21.63055 ], [ 107.36035, 21.61665 ], [ 107.36056, 21.61032 ], [ 107.35687, 21.6066 ], [ 107.36201, 21.60163 ], [ 107.36043, 21.59692 ], [ 107.33, 21.58745 ], [ 107.32763, 21.59229 ], [ 107.32232, 21.59406 ], [ 107.31374, 21.59 ], [ 107.30917, 21.59601 ], [ 107.29556, 21.59335 ], [ 107.29024, 21.58175 ], [ 107.2841, 21.57886 ], [ 107.28419, 21.569 ], [ 107.27946, 21.56427 ], [ 107.25985, 21.56435 ], [ 107.24847, 21.55771 ], [ 107.24535, 21.54818 ], [ 107.23238, 21.55455 ], [ 107.22604, 21.55136 ], [ 107.21692, 21.55239 ], [ 107.20458, 21.54125 ], [ 107.21114, 21.53111 ], [ 107.21684, 21.53134 ], [ 107.22194, 21.52575 ], [ 107.22311, 21.51972 ], [ 107.23142, 21.52176 ], [ 107.23389, 21.51929 ], [ 107.2386, 21.50628 ], [ 107.23647, 21.49627 ], [ 107.24639, 21.48237 ], [ 107.23972, 21.47291 ], [ 107.2421, 21.46558 ], [ 107.23837, 21.45931 ], [ 107.24052, 21.44708 ], [ 107.24555, 21.44347 ], [ 107.24189, 21.43423 ], [ 107.24786, 21.42958 ], [ 107.24828, 21.42365 ], [ 107.25348, 21.42307 ], [ 107.2574, 21.4172 ], [ 107.25773, 21.40465 ], [ 107.26479, 21.40064 ], [ 107.25363, 21.36653 ], [ 107.24073, 21.36432 ], [ 107.23552, 21.37366 ], [ 107.22752, 21.37747 ], [ 107.22793, 21.38035 ], [ 107.21658, 21.3889 ], [ 107.20937, 21.38663 ], [ 107.20354, 21.37885 ], [ 107.18607, 21.37573 ], [ 107.16988, 21.36346 ], [ 107.15774, 21.36832 ], [ 107.14699, 21.3644 ], [ 107.14188, 21.36626 ], [ 107.1433, 21.36939 ], [ 107.12688, 21.36925 ], [ 107.10201, 21.37688 ], [ 107.09702, 21.37376 ], [ 107.09505, 21.35977 ], [ 107.08453, 21.35483 ], [ 107.07866, 21.34627 ], [ 107.06303, 21.34828 ], [ 107.05189, 21.33547 ], [ 107.04996, 21.32865 ], [ 107.03107, 21.3251 ], [ 107.0218, 21.33152 ], [ 107.02294, 21.33588 ], [ 107.01801, 21.34058 ] ] ] } },
{ "type": "Feature", "properties": { "NAME_1": "Minh Hải", "id": "4", "GID_1": "VNM.2_1", "GID_0": "VNM", "COUNTRY": "Vietnam", "VARNAME_1": "Bac Lieu", "NL_NAME_1": "NA", "TYPE_1": "Tỉnh", "ENGTYPE_1": "Province", "CC_1": "NA", "HASC_1": "VN.BL", "ISO_1": "NA" }, "geometry": { "type": "MultiPolygon", "coordinates": [ [ [ [ 104.87814, 8.38135 ], [ 104.87878, 8.38176 ], [ 104.87905, 8.38158 ], [ 104.87814, 8.38135 ] ] ], [ [ [ 104.84879, 8.41907 ], [ 104.85764, 8.41926 ], [ 104.84982, 8.41257 ], [ 104.84879, 8.41907 ] ] ], [ [ [ 104.8608, 8.42067 ], [ 104.86282, 8.42142 ], [ 104.86215, 8.42027 ], [ 104.8608, 8.42067 ] ] ], [ [ [ 104.83712, 8.43742 ], [ 104.83917, 8.4263 ], [ 104.8232, 8.42188 ], [ 104.81895, 8.42714 ], [ 104.83138, 8.4385 ], [ 104.83252, 8.44378 ], [ 104.84171, 8.45278 ], [ 104.84545, 8.44299 ], [ 104.83712, 8.43742 ] ] ], [ [ [ 104.84303, 8.45329 ], [ 104.84293, 8.45406 ], [ 104.84422, 8.45458 ], [ 104.84303, 8.45329 ] ] ], [ [ [ 104.56078, 8.88162 ], [ 104.55933, 8.88266 ], [ 104.56561, 8.88236 ], [ 104.56078, 8.88162 ] ] ], [ [ [ 104.52374, 8.95541 ], [ 104.52755, 8.95187 ], [ 104.52865, 8.94266 ], [ 104.52235, 8.94824 ], [ 104.52374, 8.95541 ] ] ], [ [ [ 104.75751, 8.64046 ], [ 104.78072, 8.64538 ], [ 104.79646, 8.65233 ], [ 104.79558, 8.66035 ], [ 104.77916, 8.68892 ], [ 104.78076, 8.7042 ], [ 104.78667, 8.71779 ], [ 104.79443, 8.72749 ], [ 104.8249, 8.73623 ], [ 104.83385, 8.73563 ], [ 104.85937, 8.74331 ], [ 104.86044, 8.74121 ], [ 104.86737, 8.74844 ], [ 104.86763, 8.75422 ], [ 104.87701, 8.75845 ], [ 104.88107, 8.77221 ], [ 104.88606, 8.77444 ], [ 104.8838, 8.77627 ], [ 104.88685, 8.78143 ], [ 104.89722, 8.78577 ], [ 104.90395, 8.7996 ], [ 104.90274, 8.80789 ], [ 104.8991, 8.80866 ], [ 104.89704, 8.80113 ], [ 104.88908, 8.79697 ], [ 104.83201, 8.77608 ], [ 104.81167, 8.77224 ], [ 104.80318, 8.77652 ], [ 104.79046, 8.79117 ], [ 104.78207, 8.80615 ], [ 104.78069, 8.81858 ], [ 104.79946, 8.89856 ], [ 104.80326, 8.93066 ], [ 104.80482, 8.98028 ], [ 104.80221, 9.01823 ], [ 104.81003, 9.11721 ], [ 104.80772, 9.18089 ], [ 104.81485, 9.20747 ], [ 104.82006, 9.24749 ], [ 104.8225, 9.24925 ], [ 104.82491, 9.35479 ], [ 104.82917, 9.37557 ], [ 104.82675, 9.37888 ], [ 104.83134, 9.41272 ], [ 104.83547, 9.53063 ], [ 104.84578, 9.52944 ], [ 104.85691, 9.51541 ], [ 104.88117, 9.49405 ], [ 104.91651, 9.5617 ], [ 104.94578, 9.53276 ], [ 104.96306, 9.5559 ], [ 104.97377, 9.54632 ], [ 104.99267, 9.539 ], [ 104.99757, 9.54309 ], [ 105.00306, 9.55852 ], [ 105.26218, 9.39935 ], [ 105.27808, 9.43287 ], [ 105.29472, 9.43358 ], [ 105.29131, 9.4681 ], [ 105.29882, 9.50506 ], [ 105.30099, 9.50686 ], [ 105.30539, 9.50358 ], [ 105.30982, 9.50728 ], [ 105.31546, 9.5025 ], [ 105.3158, 9.51035 ], [ 105.32336, 9.51695 ], [ 105.31993, 9.52507 ], [ 105.32965, 9.52722 ], [ 105.32246, 9.54545 ], [ 105.32343, 9.55942 ], [ 105.30765, 9.55629 ], [ 105.31261, 9.57234 ], [ 105.29493, 9.58461 ], [ 105.28637, 9.59984 ], [ 105.28894, 9.61409 ], [ 105.2863, 9.62552 ], [ 105.29272, 9.6374 ], [ 105.29684, 9.63017 ], [ 105.30331, 9.62862 ], [ 105.30292, 9.62065 ], [ 105.30851, 9.60776 ], [ 105.32356, 9.60408 ], [ 105.32873, 9.59927 ], [ 105.34193, 9.61242 ], [ 105.34181, 9.60515 ], [ 105.34795, 9.59944 ], [ 105.34485, 9.59324 ], [ 105.36424, 9.59219 ], [ 105.36951, 9.5877 ], [ 105.37209, 9.59701 ], [ 105.37924, 9.58585 ], [ 105.38999, 9.59055 ], [ 105.39561, 9.58839 ], [ 105.39904, 9.59838 ], [ 105.41048, 9.59786 ], [ 105.41517, 9.602 ], [ 105.41795, 9.60019 ], [ 105.41776, 9.59277 ], [ 105.42873, 9.59523 ], [ 105.42998, 9.60107 ], [ 105.44116, 9.59467 ], [ 105.44651, 9.59708 ], [ 105.44917, 9.58692 ], [ 105.45617, 9.59032 ], [ 105.46225, 9.58683 ], [ 105.46856, 9.59152 ], [ 105.4702, 9.59736 ], [ 105.47739, 9.59119 ], [ 105.47518, 9.58497 ], [ 105.48919, 9.58213 ], [ 105.49292, 9.59071 ], [ 105.50387, 9.59127 ], [ 105.5043, 9.58623 ], [ 105.51082, 9.58397 ], [ 105.5146, 9.58973 ], [ 105.52103, 9.5888 ], [ 105.52175, 9.59482 ], [ 105.53481, 9.59747 ], [ 105.53736, 9.59156 ], [ 105.54611, 9.58628 ], [ 105.55494, 9.56768 ], [ 105.54404, 9.47101 ], [ 105.5463, 9.47013 ], [ 105.54531, 9.45063 ], [ 105.58083, 9.41171 ], [ 105.58762, 9.42363 ], [ 105.59566, 9.4194 ], [ 105.60034, 9.42314 ], [ 105.60216, 9.41693 ], [ 105.61172, 9.41226 ], [ 105.61546, 9.40644 ], [ 105.61956, 9.41529 ], [ 105.63911, 9.4089 ], [ 105.64109, 9.40153 ], [ 105.63667, 9.39614 ], [ 105.64752, 9.39518 ], [ 105.64991, 9.38744 ], [ 105.65612, 9.38476 ], [ 105.67313, 9.39079 ], [ 105.67738, 9.38423 ], [ 105.68364, 9.38458 ], [ 105.68799, 9.37898 ], [ 105.70164, 9.37741 ], [ 105.70544, 9.37779 ], [ 105.70683, 9.38362 ], [ 105.70791, 9.39455 ], [ 105.7051, 9.39644 ], [ 105.70984, 9.3975 ], [ 105.71628, 9.39085 ], [ 105.72369, 9.39028 ], [ 105.72827, 9.39573 ], [ 105.73766, 9.39531 ], [ 105.73701, 9.40164 ], [ 105.74162, 9.40015 ], [ 105.74664, 9.40367 ], [ 105.74561, 9.40601 ], [ 105.75157, 9.40649 ], [ 105.75122, 9.41094 ], [ 105.75768, 9.40961 ], [ 105.76183, 9.4138 ], [ 105.76902, 9.40903 ], [ 105.77194, 9.41138 ], [ 105.77828, 9.40243 ], [ 105.78534, 9.40056 ], [ 105.77651, 9.39402 ], [ 105.78561, 9.38279 ], [ 105.79048, 9.38412 ], [ 105.79321, 9.37718 ], [ 105.79893, 9.3745 ], [ 105.80576, 9.37605 ], [ 105.81169, 9.37048 ], [ 105.81807, 9.37154 ], [ 105.81352, 9.37674 ], [ 105.81898, 9.37879 ], [ 105.8224, 9.38562 ], [ 105.8209, 9.39398 ], [ 105.82859, 9.39027 ], [ 105.83294, 9.39186 ], [ 105.8354, 9.39916 ], [ 105.83086, 9.40049 ], [ 105.84126, 9.40449 ], [ 105.84255, 9.39967 ], [ 105.84848, 9.3959 ], [ 105.84863, 9.38929 ], [ 105.85712, 9.38402 ], [ 105.85302, 9.38017 ], [ 105.85734, 9.3665 ], [ 105.86048, 9.3646 ], [ 105.85905, 9.3599 ], [ 105.81215, 9.33932 ], [ 105.826, 9.27646 ], [ 105.81918, 9.27255 ], [ 105.8261, 9.24323 ], [ 105.78381, 9.22542 ], [ 105.75243, 9.20494 ], [ 105.74246, 9.20337 ], [ 105.74078, 9.19983 ], [ 105.71922, 9.19353 ], [ 105.67225, 9.17286 ], [ 105.67296, 9.16871 ], [ 105.66142, 9.16759 ], [ 105.64349, 9.15764 ], [ 105.55947, 9.12678 ], [ 105.52076, 9.10844 ], [ 105.51667, 9.10323 ], [ 105.50822, 9.10126 ], [ 105.48866, 9.08788 ], [ 105.46145, 9.06558 ], [ 105.42441, 9.02131 ], [ 105.416604298812558, 9.017285640981816 ], [ 105.41644, 9.01618 ], [ 105.39509, 8.99588 ], [ 105.3863, 8.95065 ], [ 105.34679, 8.86004 ], [ 105.32751, 8.82955 ], [ 105.31738, 8.82476 ], [ 105.31055, 8.8139 ], [ 105.26879, 8.7702 ], [ 105.23366, 8.75717 ], [ 105.2086, 8.75253 ], [ 105.17902, 8.73786 ], [ 105.17324, 8.72542 ], [ 105.14165, 8.69186 ], [ 105.12939, 8.67128 ], [ 105.12811, 8.65663 ], [ 105.10786, 8.63603 ], [ 105.07235, 8.62345 ], [ 105.064, 8.6225 ], [ 105.06387, 8.62523 ], [ 105.05299, 8.62185 ], [ 105.00053, 8.5988 ], [ 104.98352, 8.60077 ], [ 104.96661, 8.59022 ], [ 104.85038, 8.56682 ], [ 104.84675, 8.56263 ], [ 104.83797, 8.56121 ], [ 104.80247, 8.57968 ], [ 104.74841, 8.59128 ], [ 104.72208, 8.60176 ], [ 104.71735, 8.60767 ], [ 104.71278, 8.63256 ], [ 104.72025, 8.64577 ], [ 104.73033, 8.64988 ], [ 104.74908, 8.64089 ], [ 104.75245, 8.63389 ], [ 104.75751, 8.64046 ] ] ] ] } },
{ "type": "Feature", "properties": { "NAME_1": "Nam Hà", "id": "22", "GID_1": "VNM.28_1", "GID_0": "VNM", "COUNTRY": "Vietnam", "VARNAME_1": "Ha Nam", "NL_NAME_1": "NA", "TYPE_1": "Tỉnh", "ENGTYPE_1": "Province", "CC_1": "NA", "HASC_1": "VN.HM", "ISO_1": "NA" }, "geometry": { "type": "Polygon", "coordinates": [ [ [ 106.18149, 19.98586 ], [ 106.17669, 19.99295 ], [ 106.15398, 19.97877 ], [ 106.13945, 19.97897 ], [ 106.13922, 19.9679 ], [ 106.09596, 19.95712 ], [ 106.09532, 19.97048 ], [ 106.11085, 20.01659 ], [ 106.11474, 20.04668 ], [ 106.12026, 20.05329 ], [ 106.14055, 20.06449 ], [ 106.14789, 20.09967 ], [ 106.16871, 20.13268 ], [ 106.16228, 20.18561 ], [ 106.1527, 20.22407 ], [ 106.14642, 20.22771 ], [ 106.10807, 20.21616 ], [ 106.10239, 20.22607 ], [ 106.09459, 20.25478 ], [ 106.08566, 20.25072 ], [ 106.0788, 20.23321 ], [ 106.07075, 20.2253 ], [ 106.05869, 20.21802 ], [ 106.04804, 20.21741 ], [ 106.03752, 20.22374 ], [ 106.0291, 20.23602 ], [ 106.03216, 20.24067 ], [ 106.04823, 20.24202 ], [ 106.04971, 20.24643 ], [ 106.04354, 20.25497 ], [ 106.02399, 20.24999 ], [ 106.01047, 20.25048 ], [ 105.99971, 20.25297 ], [ 105.98215, 20.26295 ], [ 105.98602, 20.28076 ], [ 105.98349, 20.29409 ], [ 105.96698, 20.31268 ], [ 105.93648, 20.3271 ], [ 105.94794, 20.33755 ], [ 105.95431, 20.35293 ], [ 105.93719, 20.35734 ], [ 105.93705, 20.36532 ], [ 105.93419, 20.36792 ], [ 105.92115, 20.3629 ], [ 105.91663, 20.37313 ], [ 105.91198, 20.37636 ], [ 105.90969, 20.3727 ], [ 105.90217, 20.37295 ], [ 105.89822, 20.3769 ], [ 105.89218, 20.38815 ], [ 105.88728, 20.38882 ], [ 105.8745, 20.40726 ], [ 105.86854, 20.40969 ], [ 105.85526, 20.42954 ], [ 105.85245, 20.47815 ], [ 105.83803, 20.48036 ], [ 105.82445, 20.48905 ], [ 105.82007, 20.49452 ], [ 105.81899, 20.50604 ], [ 105.80632, 20.49939 ], [ 105.80013, 20.51329 ], [ 105.79525, 20.51154 ], [ 105.78274, 20.53974 ], [ 105.77368, 20.54894 ], [ 105.76897, 20.56447 ], [ 105.79636, 20.56955 ], [ 105.80113, 20.59268 ], [ 105.80736, 20.60664 ], [ 105.80596, 20.61079 ], [ 105.81292, 20.61761 ], [ 105.81107, 20.62783 ], [ 105.81334, 20.63373 ], [ 105.83365, 20.64708 ], [ 105.8187, 20.6605 ], [ 105.82229, 20.66446 ], [ 105.84076, 20.65917 ], [ 105.8437, 20.65477 ], [ 105.84545, 20.65679 ], [ 105.85859, 20.64479 ], [ 105.88102, 20.6435 ], [ 105.89644, 20.65217 ], [ 105.89616, 20.66883 ], [ 105.90523, 20.66511 ], [ 105.90537, 20.66835 ], [ 105.91974, 20.67587 ], [ 105.94374, 20.68195 ], [ 105.94703, 20.676 ], [ 105.94383, 20.65791 ], [ 105.95801, 20.65079 ], [ 105.95705, 20.65658 ], [ 105.96004, 20.66075 ], [ 105.97758, 20.66571 ], [ 105.97845, 20.67372 ], [ 105.98482, 20.68049 ], [ 105.99321, 20.68209 ], [ 105.9923, 20.67871 ], [ 105.99751, 20.67842 ], [ 105.99071, 20.68926 ], [ 105.99786, 20.69234 ], [ 105.99577, 20.6975 ], [ 106.00335, 20.70381 ], [ 106.0107, 20.70256 ], [ 106.02431, 20.69638 ], [ 106.03461, 20.68195 ], [ 106.03767, 20.67111 ], [ 106.03244, 20.64027 ], [ 106.03858, 20.62795 ], [ 106.05415, 20.61159 ], [ 106.0614, 20.60648 ], [ 106.07658, 20.60307 ], [ 106.0965, 20.61599 ], [ 106.10869, 20.61738 ], [ 106.12828, 20.59805 ], [ 106.12999, 20.57927 ], [ 106.13331, 20.57325 ], [ 106.16193, 20.56347 ], [ 106.16756, 20.55735 ], [ 106.17684, 20.53031 ], [ 106.17841, 20.4955 ], [ 106.18335, 20.48487 ], [ 106.19147, 20.47946 ], [ 106.2194, 20.475 ], [ 106.22555, 20.46775 ], [ 106.22512, 20.45766 ], [ 106.20988, 20.42489 ], [ 106.21785, 20.41272 ], [ 106.23733, 20.40577 ], [ 106.26769, 20.40557 ], [ 106.28216, 20.40068 ], [ 106.28662, 20.38933 ], [ 106.28279, 20.37876 ], [ 106.25418, 20.35589 ], [ 106.25184, 20.34565 ], [ 106.25882, 20.32995 ], [ 106.27196, 20.32687 ], [ 106.28085, 20.33079 ], [ 106.33917, 20.3774 ], [ 106.35832, 20.3517 ], [ 106.37215, 20.34501 ], [ 106.38876, 20.34386 ], [ 106.39874, 20.3385 ], [ 106.4317, 20.30034 ], [ 106.44235, 20.29351 ], [ 106.46481, 20.28915 ], [ 106.47687, 20.29144 ], [ 106.48818, 20.29751 ], [ 106.49687, 20.30796 ], [ 106.51125, 20.30872 ], [ 106.52814, 20.31609 ], [ 106.5799, 20.26424 ], [ 106.59261, 20.2403 ], [ 106.58488, 20.23238 ], [ 106.58336, 20.21804 ], [ 106.56232, 20.20337 ], [ 106.55235, 20.20288 ], [ 106.55274, 20.20938 ], [ 106.54485, 20.21332 ], [ 106.54449, 20.22149 ], [ 106.5368, 20.22525 ], [ 106.52841, 20.22108 ], [ 106.51962, 20.22796 ], [ 106.50004, 20.22016 ], [ 106.48431, 20.2208 ], [ 106.48016, 20.21788 ], [ 106.43846, 20.2129 ], [ 106.42899, 20.20768 ], [ 106.41308, 20.20667 ], [ 106.38647, 20.19573 ], [ 106.38476, 20.19183 ], [ 106.35855, 20.17923 ], [ 106.3422, 20.15623 ], [ 106.32471, 20.14239 ], [ 106.2227, 20.02786 ], [ 106.18149, 19.98586 ] ], [ [ 105.93668, 20.37586 ], [ 105.92739, 20.3788 ], [ 105.936330274813841, 20.374744812057013 ], [ 105.93668, 20.37586 ] ], [ [ 106.101224535266979, 20.487089986596352 ], [ 106.09976, 20.48647 ], [ 106.10239, 20.48169 ], [ 106.101224535266979, 20.487089986596352 ] ] ] } },
{ "type": "Feature", "properties": { "NAME_1": "Nghĩa Bình", "id": "7", "GID_1": "VNM.8_1", "GID_0": "VNM", "COUNTRY": "Vietnam", "VARNAME_1": "Binh Dinh", "NL_NAME_1": "NA", "TYPE_1": "Tỉnh", "ENGTYPE_1": "Province", "CC_1": "NA", "HASC_1": "VN.BD", "ISO_1": "NA" }, "geometry": { "type": "MultiPolygon", "coordinates": [ [ [ [ 109.2393, 13.66792 ], [ 109.23923, 13.66888 ], [ 109.24014, 13.6676 ], [ 109.2393, 13.66792 ] ] ], [ [ [ 109.24529, 13.68247 ], [ 109.24527, 13.68267 ], [ 109.24547, 13.68245 ], [ 109.24529, 13.68247 ] ] ], [ [ [ 109.23789, 13.68446 ], [ 109.24122, 13.68216 ], [ 109.23806, 13.68187 ], [ 109.23789, 13.68446 ] ] ], [ [ [ 109.22921, 13.68874 ], [ 109.22918, 13.68858 ], [ 109.22897, 13.68864 ], [ 109.22921, 13.68874 ] ] ], [ [ [ 109.11845, 13.63426 ], [ 109.12276, 13.63218 ], [ 109.12689, 13.6201 ], [ 109.11544, 13.61405 ], [ 109.11791, 13.60234 ], [ 109.11307, 13.5915 ], [ 109.1179, 13.58559 ], [ 109.11587, 13.58352 ], [ 109.10813, 13.58827 ], [ 109.09332, 13.57183 ], [ 109.08347, 13.57142 ], [ 109.08286, 13.56721 ], [ 109.05234, 13.56864 ], [ 109.02793, 13.53058 ], [ 109.01832, 13.52567 ], [ 109.01119, 13.52715 ], [ 109.00761, 13.52347 ], [ 108.99904, 13.52288 ], [ 108.99444, 13.51653 ], [ 108.96176, 13.5176 ], [ 108.95847, 13.51514 ], [ 108.94891, 13.52682 ], [ 108.94478, 13.52624 ], [ 108.94427, 13.52893 ], [ 108.93301, 13.53359 ], [ 108.93246, 13.53161 ], [ 108.92025, 13.54099 ], [ 108.90666, 13.54191 ], [ 108.90341, 13.53815 ], [ 108.89469, 13.54117 ], [ 108.88834, 13.53691 ], [ 108.86804, 13.53458 ], [ 108.87006, 13.54589 ], [ 108.86406, 13.55278 ], [ 108.85755, 13.55268 ], [ 108.85329, 13.56176 ], [ 108.85126, 13.58431 ], [ 108.84631, 13.59463 ], [ 108.8392, 13.60081 ], [ 108.84126, 13.61139 ], [ 108.83199, 13.62591 ], [ 108.8211, 13.6539 ], [ 108.82236, 13.67033 ], [ 108.81396, 13.69617 ], [ 108.82924, 13.70311 ], [ 108.83318, 13.70894 ], [ 108.82661, 13.72118 ], [ 108.83278, 13.72783 ], [ 108.83562, 13.74167 ], [ 108.83286, 13.74489 ], [ 108.83425, 13.75771 ], [ 108.82861, 13.76067 ], [ 108.82432, 13.77551 ], [ 108.8271, 13.79267 ], [ 108.8231, 13.7934 ], [ 108.81979, 13.80098 ], [ 108.8011, 13.80722 ], [ 108.79475, 13.82052 ], [ 108.79453, 13.83373 ], [ 108.79736, 13.83452 ], [ 108.79305, 13.84017 ], [ 108.79774, 13.84525 ], [ 108.79193, 13.85347 ], [ 108.78195, 13.85601 ], [ 108.77203, 13.86644 ], [ 108.76301, 13.88561 ], [ 108.76375, 13.89255 ], [ 108.74891, 13.90012 ], [ 108.74234, 13.91065 ], [ 108.74722, 13.91446 ], [ 108.74439, 13.93366 ], [ 108.74868, 13.94752 ], [ 108.75534, 13.94721 ], [ 108.7523, 13.95668 ], [ 108.75708, 13.96946 ], [ 108.75232, 13.98038 ], [ 108.76386, 13.99304 ], [ 108.75829, 14.00076 ], [ 108.75269, 14.01863 ], [ 108.75752, 14.02586 ], [ 108.75502, 14.04555 ], [ 108.73384, 14.05257 ], [ 108.72168, 14.06587 ], [ 108.71233, 14.09649 ], [ 108.69981, 14.10666 ], [ 108.69934, 14.11351 ], [ 108.69234, 14.11507 ], [ 108.69368, 14.12021 ], [ 108.68288, 14.13234 ], [ 108.6827, 14.1418 ], [ 108.67669, 14.14918 ], [ 108.67902, 14.15739 ], [ 108.67166, 14.16035 ], [ 108.66719, 14.16634 ], [ 108.67804, 14.17823 ], [ 108.67442, 14.18299 ], [ 108.6814, 14.19021 ], [ 108.68225, 14.199 ], [ 108.67474, 14.20729 ], [ 108.67672, 14.2233 ], [ 108.67053, 14.22402 ], [ 108.67039, 14.22987 ], [ 108.66573, 14.2337 ], [ 108.66855, 14.24206 ], [ 108.66617, 14.25166 ], [ 108.65559, 14.25955 ], [ 108.65472, 14.27092 ], [ 108.66099, 14.28034 ], [ 108.64745, 14.2967 ], [ 108.64352, 14.30944 ], [ 108.64713, 14.32084 ], [ 108.64034, 14.32748 ], [ 108.63495, 14.34741 ], [ 108.62428, 14.35512 ], [ 108.63441, 14.37234 ], [ 108.62588, 14.38544 ], [ 108.62736, 14.38938 ], [ 108.61837, 14.4091 ], [ 108.61413, 14.41233 ], [ 108.61777, 14.41704 ], [ 108.6114, 14.42472 ], [ 108.61335, 14.43934 ], [ 108.6011, 14.45861 ], [ 108.61015, 14.45395 ], [ 108.6169, 14.4559 ], [ 108.62112, 14.44942 ], [ 108.63171, 14.44605 ], [ 108.64053, 14.45302 ], [ 108.64012, 14.46519 ], [ 108.64352, 14.47444 ], [ 108.63709, 14.48011 ], [ 108.6394, 14.48553 ], [ 108.63199, 14.49659 ], [ 108.63672, 14.50545 ], [ 108.62985, 14.51788 ], [ 108.63506, 14.52495 ], [ 108.62978, 14.53026 ], [ 108.627605666953201, 14.54425247266582 ], [ 108.62757, 14.54373 ], [ 108.61856, 14.54088 ], [ 108.61317, 14.5316 ], [ 108.60797, 14.5328 ], [ 108.5956, 14.54646 ], [ 108.594, 14.56363 ], [ 108.57487, 14.57091 ], [ 108.57099, 14.57799 ], [ 108.56025, 14.58417 ], [ 108.55129, 14.5844 ], [ 108.53438, 14.60286 ], [ 108.52695, 14.62216 ], [ 108.5077, 14.61885 ], [ 108.50341, 14.62401 ], [ 108.49744, 14.62042 ], [ 108.48942, 14.62056 ], [ 108.48224, 14.62508 ], [ 108.48401, 14.64241 ], [ 108.49174, 14.64492 ], [ 108.49058, 14.64791 ], [ 108.50054, 14.66445 ], [ 108.50638, 14.66697 ], [ 108.50591, 14.67173 ], [ 108.51216, 14.68207 ], [ 108.51227, 14.68659 ], [ 108.50441, 14.68882 ], [ 108.49682, 14.69922 ], [ 108.50402, 14.70801 ], [ 108.51228, 14.71142 ], [ 108.51855, 14.72048 ], [ 108.51974, 14.73216 ], [ 108.52755, 14.74333 ], [ 108.51659, 14.77304 ], [ 108.50244, 14.77797 ], [ 108.50074, 14.78985 ], [ 108.49432, 14.79475 ], [ 108.49435, 14.80013 ], [ 108.45802, 14.79003 ], [ 108.45304, 14.80048 ], [ 108.4354, 14.80559 ], [ 108.42958, 14.81686 ], [ 108.40872, 14.81829 ], [ 108.38508, 14.8351 ], [ 108.38139, 14.84347 ], [ 108.37676, 14.84513 ], [ 108.36607, 14.87881 ], [ 108.36306, 14.88231 ], [ 108.35574, 14.87817 ], [ 108.35112, 14.88013 ], [ 108.34956, 14.89703 ], [ 108.33783, 14.89959 ], [ 108.33429, 14.90836 ], [ 108.323, 14.91039 ], [ 108.31885, 14.91888 ], [ 108.32172, 14.92823 ], [ 108.31838, 14.92769 ], [ 108.31652, 14.93454 ], [ 108.31365, 14.93496 ], [ 108.31627, 14.93749 ], [ 108.31251, 14.94583 ], [ 108.28405, 14.96502 ], [ 108.28172, 14.97766 ], [ 108.27888, 14.97628 ], [ 108.2733, 14.9828 ], [ 108.26919, 14.98208 ], [ 108.2646, 14.9889 ], [ 108.2635, 14.99769 ], [ 108.25452, 15.00575 ], [ 108.25111, 15.01511 ], [ 108.25429, 15.01937 ], [ 108.24879, 15.02143 ], [ 108.25033, 15.02606 ], [ 108.23866, 15.03198 ], [ 108.24313, 15.04118 ], [ 108.23798, 15.05002 ], [ 108.24216, 15.06489 ], [ 108.23511, 15.07823 ], [ 108.25083, 15.08412 ], [ 108.25732, 15.09064 ], [ 108.26031, 15.10381 ], [ 108.25808, 15.11724 ], [ 108.27523, 15.131 ], [ 108.27453, 15.13662 ], [ 108.27924, 15.14003 ], [ 108.27778, 15.14475 ], [ 108.2813, 15.14384 ], [ 108.2831, 15.15305 ], [ 108.28632, 15.15372 ], [ 108.29378, 15.16681 ], [ 108.30653, 15.17414 ], [ 108.2998, 15.18182 ], [ 108.30341, 15.18816 ], [ 108.30241, 15.19304 ], [ 108.29137, 15.19824 ], [ 108.29288, 15.20246 ], [ 108.3045, 15.20969 ], [ 108.30791, 15.22274 ], [ 108.29701, 15.22821 ], [ 108.28595, 15.2271 ], [ 108.28954, 15.23368 ], [ 108.2838, 15.23707 ], [ 108.2812, 15.24347 ], [ 108.29067, 15.24652 ], [ 108.29352, 15.25301 ], [ 108.30276, 15.25796 ], [ 108.30614, 15.26818 ], [ 108.30451, 15.27676 ], [ 108.29943, 15.27901 ], [ 108.31911, 15.30122 ], [ 108.36434, 15.29444 ], [ 108.37868, 15.30338 ], [ 108.3916, 15.29876 ], [ 108.40287, 15.30026 ], [ 108.40296, 15.30879 ], [ 108.41163, 15.31624 ], [ 108.42258, 15.31307 ], [ 108.42673, 15.31575 ], [ 108.42937, 15.32624 ], [ 108.43554, 15.32592 ], [ 108.43565, 15.31672 ], [ 108.43881, 15.31204 ], [ 108.46162, 15.30961 ], [ 108.47771, 15.31253 ], [ 108.48241, 15.30796 ], [ 108.49506, 15.31517 ], [ 108.49992, 15.3245 ], [ 108.50699, 15.32582 ], [ 108.52646, 15.32017 ], [ 108.5455, 15.33639 ], [ 108.56053, 15.33452 ], [ 108.57571, 15.34411 ], [ 108.60247, 15.34582 ], [ 108.60257, 15.35251 ], [ 108.63062, 15.35751 ], [ 108.64198, 15.36793 ], [ 108.65483, 15.3687 ], [ 108.6589, 15.36574 ], [ 108.6619, 15.36967 ], [ 108.67239, 15.36419 ], [ 108.67836, 15.36919 ], [ 108.68148, 15.36656 ], [ 108.69044, 15.3681 ], [ 108.70119, 15.37322 ], [ 108.71371, 15.37067 ], [ 108.72135, 15.37484 ], [ 108.73896, 15.39907 ], [ 108.75436, 15.38975 ], [ 108.77692, 15.3845 ], [ 108.77765, 15.39194 ], [ 108.77977, 15.38896 ], [ 108.78001, 15.39222 ], [ 108.78693, 15.39218 ], [ 108.78718, 15.3927 ], [ 108.7882, 15.38965 ], [ 108.80477, 15.39853 ], [ 108.80792, 15.40731 ], [ 108.8024, 15.40857 ], [ 108.79484, 15.41725 ], [ 108.79932, 15.42398 ], [ 108.80277, 15.41685 ], [ 108.81165, 15.41205 ], [ 108.81953, 15.41858 ], [ 108.8278, 15.41724 ], [ 108.82245, 15.41222 ], [ 108.82221, 15.40655 ], [ 108.82645, 15.39892 ], [ 108.83114, 15.39925 ], [ 108.83228, 15.3925 ], [ 108.82681, 15.37919 ], [ 108.84909, 15.3498 ], [ 108.85679, 15.34628 ], [ 108.86555, 15.35332 ], [ 108.87083, 15.35177 ], [ 108.86405, 15.34392 ], [ 108.86554, 15.3353 ], [ 108.87007, 15.33043 ], [ 108.88218, 15.32863 ], [ 108.88407, 15.32494 ], [ 108.88, 15.32432 ], [ 108.88074, 15.31862 ], [ 108.87135, 15.30625 ], [ 108.87037, 15.29804 ], [ 108.88978, 15.26851 ], [ 108.9033, 15.25337 ], [ 108.91753, 15.24486 ], [ 108.92246, 15.24449 ], [ 108.92608, 15.2489 ], [ 108.93335, 15.24584 ], [ 108.93652, 15.24803 ], [ 108.94141, 15.23524 ], [ 108.94384, 15.23541 ], [ 108.93053, 15.21205 ], [ 108.92682, 15.21045 ], [ 108.92126, 15.21471 ], [ 108.9143, 15.21194 ], [ 108.92252, 15.20361 ], [ 108.91698, 15.20058 ], [ 108.91551, 15.20516 ], [ 108.90752, 15.20552 ], [ 108.8975, 15.1965 ], [ 108.89494, 15.18818 ], [ 108.89892, 15.14959 ], [ 108.89715, 15.1435 ], [ 108.9013, 15.14096 ], [ 108.89834, 15.13875 ], [ 108.8969, 15.12849 ], [ 108.90333, 15.09723 ], [ 108.90369, 15.07831 ], [ 108.92048, 15.01445 ], [ 108.9563, 14.91828 ], [ 109.00268, 14.821 ], [ 109.03926, 14.7591 ], [ 109.07794, 14.70206 ], [ 109.07416, 14.69357 ], [ 109.08282, 14.67885 ], [ 109.08321, 14.6683 ], [ 109.07603, 14.66478 ], [ 109.0695, 14.66865 ], [ 109.06535, 14.64964 ], [ 109.07409, 14.61866 ], [ 109.07036, 14.61495 ], [ 109.0723, 14.60236 ], [ 109.08213, 14.57794 ], [ 109.07114, 14.57805 ], [ 109.07742, 14.57475 ], [ 109.07069, 14.57668 ], [ 109.069, 14.57465 ], [ 109.06834, 14.55946 ], [ 109.09861, 14.48777 ], [ 109.12447, 14.4451 ], [ 109.12257, 14.43786 ], [ 109.11879, 14.43727 ], [ 109.11906, 14.4297 ], [ 109.11521, 14.42424 ], [ 109.12771, 14.39381 ], [ 109.12294, 14.38914 ], [ 109.1207, 14.37949 ], [ 109.12276, 14.37204 ], [ 109.14981, 14.32612 ], [ 109.1819, 14.28263 ], [ 109.18604, 14.28168 ], [ 109.17969, 14.27726 ], [ 109.17847, 14.2728 ], [ 109.1938, 14.24944 ], [ 109.19811, 14.23515 ], [ 109.19391, 14.22678 ], [ 109.18945, 14.22967 ], [ 109.18397, 14.2271 ], [ 109.18158, 14.22106 ], [ 109.18432, 14.20215 ], [ 109.20419, 14.16231 ], [ 109.22143, 14.13816 ], [ 109.22781, 14.13757 ], [ 109.2217, 14.12683 ], [ 109.21085, 14.12786 ], [ 109.20613, 14.12208 ], [ 109.2049, 14.11362 ], [ 109.2234, 14.06607 ], [ 109.25368, 14.0182 ], [ 109.24689, 14.00764 ], [ 109.25706, 13.98934 ], [ 109.24919, 13.98156 ], [ 109.25464, 13.96615 ], [ 109.25969, 13.96437 ], [ 109.25302, 13.95889 ], [ 109.25007, 13.95979 ], [ 109.24433, 13.957 ], [ 109.2429, 13.94424 ], [ 109.25604, 13.91586 ], [ 109.27665, 13.89035 ], [ 109.28851, 13.88677 ], [ 109.29373, 13.89661 ], [ 109.29205, 13.88973 ], [ 109.29253, 13.88619 ], [ 109.29619, 13.88491 ], [ 109.29813, 13.8769 ], [ 109.29483, 13.87782 ], [ 109.29214, 13.87276 ], [ 109.29518, 13.85576 ], [ 109.29234, 13.85184 ], [ 109.29346, 13.84823 ], [ 109.29919, 13.84195 ], [ 109.29598, 13.836 ], [ 109.29951, 13.82886 ], [ 109.29818, 13.82316 ], [ 109.29019, 13.81781 ], [ 109.28638, 13.80904 ], [ 109.28636, 13.79902 ], [ 109.29421, 13.78046 ], [ 109.28851, 13.75367 ], [ 109.28062, 13.76227 ], [ 109.26787, 13.757 ], [ 109.25517, 13.75844 ], [ 109.25085, 13.76115 ], [ 109.25006, 13.76984 ], [ 109.24003, 13.77114 ], [ 109.22244, 13.76022 ], [ 109.21493, 13.747 ], [ 109.21988, 13.73339 ], [ 109.21829, 13.71462 ], [ 109.22221, 13.71227 ], [ 109.22712, 13.69052 ], [ 109.22839678630227, 13.688961256722642 ], [ 109.22866, 13.68901 ], [ 109.22863, 13.68886 ], [ 109.228401865284965, 13.688955056131265 ], [ 109.22952, 13.68759 ], [ 109.23311, 13.68718 ], [ 109.23365, 13.66976 ], [ 109.22602, 13.67836 ], [ 109.21739, 13.68141 ], [ 109.21255, 13.67867 ], [ 109.20758, 13.68027 ], [ 109.19966, 13.69506 ], [ 109.19086, 13.69348 ], [ 109.18258, 13.68317 ], [ 109.16949, 13.68208 ], [ 109.16493, 13.67706 ], [ 109.15626, 13.67837 ], [ 109.15503, 13.66278 ], [ 109.15142, 13.65542 ], [ 109.15418, 13.64599 ], [ 109.15237, 13.63376 ], [ 109.14473, 13.62963 ], [ 109.13242, 13.64085 ], [ 109.12261, 13.6441 ], [ 109.11982, 13.64064 ], [ 109.11845, 13.63426 ] ], [ [ 108.62794, 14.54915 ], [ 108.627797541937497, 14.547063181895258 ], [ 108.632759354146174, 14.550500627833983 ], [ 108.6315, 14.55104 ], [ 108.62794, 14.54915 ] ], [ [ 108.648474105671298, 14.567732410668606 ], [ 108.65143, 14.56699 ], [ 108.656124407416158, 14.571300555318038 ], [ 108.648474105671298, 14.567732410668606 ] ], [ [ 108.672517874169301, 14.579740274070009 ], [ 108.67371, 14.58018 ], [ 108.674185534749455, 14.581293103561705 ], [ 108.672517874169301, 14.579740274070009 ] ], [ [ 108.67636482850169, 14.58639426523359 ], [ 108.68046, 14.59598 ], [ 108.6755, 14.58877 ], [ 108.67636482850169, 14.58639426523359 ] ] ], [ [ [ 109.20097, 14.23327 ], [ 109.20116, 14.23129 ], [ 109.19942, 14.23279 ], [ 109.20097, 14.23327 ] ] ], [ [ [ 109.2094, 14.24728 ], [ 109.21053, 14.2455 ], [ 109.2091, 14.24688 ], [ 109.2094, 14.24728 ] ] ], [ [ [ 109.2075, 14.25021 ], [ 109.2095, 14.25283 ], [ 109.21036, 14.25187 ], [ 109.21, 14.25045 ], [ 109.2075, 14.25021 ] ] ], [ [ [ 109.18309, 14.2771 ], [ 109.18339, 14.27721 ], [ 109.18308, 14.27679 ], [ 109.18309, 14.2771 ] ] ], [ [ [ 109.18217, 14.27773 ], [ 109.18231, 14.27708 ], [ 109.18192, 14.27733 ], [ 109.18217, 14.27773 ] ] ], [ [ [ 109.18222, 14.27785 ], [ 109.18224, 14.27816 ], [ 109.18266, 14.27833 ], [ 109.18222, 14.27785 ] ] ], [ [ [ 109.18698, 14.27847 ], [ 109.18667, 14.27842 ], [ 109.1869, 14.27879 ], [ 109.18698, 14.27847 ] ] ], [ [ [ 109.18587, 14.28258 ], [ 109.18561, 14.28293 ], [ 109.18584, 14.28298 ], [ 109.18587, 14.28258 ] ] ], [ [ [ 109.18726, 14.36184 ], [ 109.18666, 14.36303 ], [ 109.18745, 14.36247 ], [ 109.18726, 14.36184 ] ] ], [ [ [ 108.95309, 15.19223 ], [ 108.95332, 15.19405 ], [ 108.95464, 15.1929 ], [ 108.95309, 15.19223 ] ] ], [ [ [ 108.93208, 15.25319 ], [ 108.93216, 15.25249 ], [ 108.93122, 15.25357 ], [ 108.93208, 15.25319 ] ] ], [ [ [ 109.14061, 15.37772 ], [ 109.13478, 15.37786 ], [ 109.12553, 15.37071 ], [ 109.11944, 15.36913 ], [ 109.11456, 15.37246 ], [ 109.09713, 15.37488 ], [ 109.09387, 15.38429 ], [ 109.09933, 15.38992 ], [ 109.12801, 15.39127 ], [ 109.14262, 15.3881 ], [ 109.14061, 15.37772 ] ] ], [ [ [ 108.77111, 15.39136 ], [ 108.77372, 15.39227 ], [ 108.77267, 15.39115 ], [ 108.77111, 15.39136 ] ] ], [ [ [ 108.78037, 15.39326 ], [ 108.78047, 15.39241 ], [ 108.78016, 15.39317 ], [ 108.78037, 15.39326 ] ] ], [ [ [ 108.78325, 15.3934 ], [ 108.78359, 15.39241 ], [ 108.78326, 15.39241 ], [ 108.78325, 15.3934 ] ] ], [ [ [ 109.07891, 15.43211 ], [ 109.08715, 15.43195 ], [ 109.08587, 15.4278 ], [ 109.07738, 15.42715 ], [ 109.07891, 15.43211 ] ] ], [ [ [ 109.2477, 13.67916 ], [ 109.24815, 13.67876 ], [ 109.24808, 13.67825 ], [ 109.2477, 13.67916 ] ] ], [ [ [ 109.24711, 13.68033 ], [ 109.24754, 13.68008 ], [ 109.24754, 13.67988 ], [ 109.24711, 13.68033 ] ] ], [ [ [ 109.25241, 13.68472 ], [ 109.2557, 13.67996 ], [ 109.25561, 13.67829 ], [ 109.25051, 13.68045 ], [ 109.25241, 13.68472 ] ] ], [ [ [ 109.2455, 13.68236 ], [ 109.24596, 13.68206 ], [ 109.24577, 13.68205 ], [ 109.2455, 13.68236 ] ] ], [ [ [ 109.29619, 13.77007 ], [ 109.2963, 13.76802 ], [ 109.29582, 13.77063 ], [ 109.29619, 13.77007 ] ] ], [ [ [ 109.2915, 13.78914 ], [ 109.29106, 13.78938 ], [ 109.29108, 13.7903 ], [ 109.2915, 13.78914 ] ] ], [ [ [ 109.28706, 13.80044 ], [ 109.287, 13.80029 ], [ 109.28688, 13.80053 ], [ 109.28706, 13.80044 ] ] ], [ [ [ 109.28694, 13.8034 ], [ 109.28721, 13.80365 ], [ 109.2873, 13.80303 ], [ 109.28694, 13.8034 ] ] ], [ [ [ 109.29491, 13.84804 ], [ 109.29516, 13.84809 ], [ 109.29524, 13.84787 ], [ 109.29491, 13.84804 ] ] ], [ [ [ 109.29507, 13.85874 ], [ 109.29475, 13.85881 ], [ 109.29479, 13.85921 ], [ 109.29507, 13.85874 ] ] ], [ [ [ 109.29395, 13.86454 ], [ 109.29429, 13.86425 ], [ 109.29405, 13.86422 ], [ 109.29395, 13.86454 ] ] ], [ [ [ 109.29549, 13.88554 ], [ 109.29551, 13.88582 ], [ 109.29566, 13.88551 ], [ 109.29549, 13.88554 ] ] ], [ [ [ 109.29498, 13.88625 ], [ 109.29514, 13.88626 ], [ 109.29527, 13.88588 ], [ 109.29498, 13.88625 ] ] ], [ [ [ 109.2944, 13.88612 ], [ 109.29466, 13.88621 ], [ 109.29468, 13.88601 ], [ 109.2944, 13.88612 ] ] ], [ [ [ 109.29419, 13.88663 ], [ 109.29455, 13.88646 ], [ 109.29441, 13.88628 ], [ 109.29419, 13.88663 ] ] ], [ [ [ 109.2925, 13.88759 ], [ 109.29253, 13.88822 ], [ 109.29296, 13.88742 ], [ 109.2925, 13.88759 ] ] ], [ [ [ 109.2936, 13.88796 ], [ 109.29388, 13.88792 ], [ 109.29381, 13.8878 ], [ 109.2936, 13.88796 ] ] ], [ [ [ 109.2934, 13.88883 ], [ 109.29363, 13.88883 ], [ 109.29359, 13.88866 ], [ 109.2934, 13.88883 ] ] ], [ [ [ 109.29404, 13.89346 ], [ 109.29368, 13.89363 ], [ 109.29392, 13.89391 ], [ 109.29404, 13.89346 ] ] ], [ [ [ 109.29395, 13.89602 ], [ 109.29437, 13.89676 ], [ 109.29424, 13.89555 ], [ 109.29395, 13.89602 ] ] ], [ [ [ 109.25027, 13.95767 ], [ 109.24878, 13.95839 ], [ 109.24955, 13.95858 ], [ 109.25027, 13.95767 ] ] ], [ [ [ 109.29469, 14.13682 ], [ 109.29321, 14.13807 ], [ 109.29493, 14.13757 ], [ 109.29469, 14.13682 ] ] ], [ [ [ 109.37042, 13.59327 ], [ 109.37089, 13.59353 ], [ 109.37089, 13.59323 ], [ 109.37042, 13.59327 ] ] ], [ [ [ 109.36967, 13.59479 ], [ 109.36999, 13.59277 ], [ 109.36911, 13.59434 ], [ 109.36967, 13.59479 ] ] ], [ [ [ 109.36324, 13.60286 ], [ 109.36369, 13.60312 ], [ 109.364, 13.60238 ], [ 109.36324, 13.60286 ] ] ], [ [ [ 109.33758, 13.62708 ], [ 109.33799, 13.63434 ], [ 109.34472, 13.63438 ], [ 109.35176, 13.6195 ], [ 109.35575, 13.62038 ], [ 109.36206, 13.61308 ], [ 109.36164, 13.60472 ], [ 109.35581, 13.61198 ], [ 109.34763, 13.61166 ], [ 109.33758, 13.62708 ] ] ], [ [ [ 109.30084, 13.76141 ], [ 109.29674, 13.76747 ], [ 109.29964, 13.76621 ], [ 109.30084, 13.76141 ] ] ], [ [ [ 109.29717, 13.83657 ], [ 109.29744, 13.8368 ], [ 109.29744, 13.83654 ], [ 109.29717, 13.83657 ] ] ], [ [ [ 109.29951, 13.84139 ], [ 109.29937, 13.84226 ], [ 109.29972, 13.84128 ], [ 109.29951, 13.84139 ] ] ], [ [ [ 109.30324, 13.87706 ], [ 109.30357, 13.87679 ], [ 109.30331, 13.87676 ], [ 109.30324, 13.87706 ] ] ], [ [ [ 109.30206, 13.87725 ], [ 109.30227, 13.87703 ], [ 109.3021, 13.87701 ], [ 109.30206, 13.87725 ] ] ], [ [ [ 109.30366, 13.87733 ], [ 109.30393, 13.87734 ], [ 109.30403, 13.87702 ], [ 109.30366, 13.87733 ] ] ], [ [ [ 109.30227, 13.87834 ], [ 109.30244, 13.87838 ], [ 109.30248, 13.87825 ], [ 109.30227, 13.87834 ] ] ], [ [ [ 109.30518, 13.87927 ], [ 109.30538, 13.8793 ], [ 109.30537, 13.87914 ], [ 109.30518, 13.87927 ] ] ], [ [ [ 109.30492, 13.87753 ], [ 109.30218, 13.87923 ], [ 109.30447, 13.88255 ], [ 109.30363, 13.87839 ], [ 109.30492, 13.87753 ] ] ], [ [ [ 109.3052, 13.88408 ], [ 109.30578, 13.8819 ], [ 109.30414, 13.88369 ], [ 109.3052, 13.88408 ] ] ], [ [ [ 109.29783, 13.88384 ], [ 109.29775, 13.88417 ], [ 109.2981, 13.88378 ], [ 109.29783, 13.88384 ] ] ], [ [ [ 109.29815, 13.8844 ], [ 109.29833, 13.88448 ], [ 109.29842, 13.88433 ], [ 109.29815, 13.8844 ] ] ], [ [ [ 109.29609, 13.88536 ], [ 109.29652, 13.88537 ], [ 109.29652, 13.8851 ], [ 109.29609, 13.88536 ] ] ], [ [ [ 109.29881, 14.13733 ], [ 109.29898, 14.13751 ], [ 109.299, 14.13701 ], [ 109.29881, 14.13733 ] ] ], [ [ [ 109.2977, 14.1373 ], [ 109.2981, 14.1377 ], [ 109.29809, 14.13725 ], [ 109.2977, 14.1373 ] ] ], [ [ [ 109.29839, 14.13758 ], [ 109.29841, 14.1379 ], [ 109.29868, 14.13757 ], [ 109.29839, 14.13758 ] ] ] ] } },
{ "type": "Feature", "properties": { "NAME_1": "Nghệ Tĩnh", "id": "24", "GID_1": "VNM.29_1", "GID_0": "VNM", "COUNTRY": "Vietnam", "VARNAME_1": "Ha Tinh", "NL_NAME_1": "NA", "TYPE_1": "Tỉnh", "ENGTYPE_1": "Province", "CC_1": "NA", "HASC_1": "VN.HT", "ISO_1": "NA" }, "geometry": { "type": "MultiPolygon", "coordinates": [ [ [ [ 105.85822, 18.74173 ], [ 105.85243, 18.73346 ], [ 105.84763, 18.7318 ], [ 105.83639, 18.73594 ], [ 105.83597, 18.74611 ], [ 105.84201, 18.75265 ], [ 105.85086, 18.7538 ], [ 105.85822, 18.74173 ] ] ], [ [ [ 105.83988, 18.75394 ], [ 105.82985, 18.75896 ], [ 105.82622, 18.7676 ], [ 105.83019, 18.77658 ], [ 105.83988, 18.77693 ], [ 105.84747, 18.76164 ], [ 105.83988, 18.75394 ] ] ], [ [ [ 105.98219, 18.78839 ], [ 105.98179, 18.78726 ], [ 105.98068, 18.78786 ], [ 105.98219, 18.78839 ] ] ], [ [ [ 105.97938, 18.78912 ], [ 105.97938, 18.78866 ], [ 105.97891, 18.78921 ], [ 105.97938, 18.78912 ] ] ], [ [ [ 105.9525, 18.80545 ], [ 105.96504, 18.79664 ], [ 105.96624, 18.79088 ], [ 105.95924, 18.79327 ], [ 105.9525, 18.80545 ] ] ], [ [ [ 105.77535, 18.80144 ], [ 105.77855, 18.80655 ], [ 105.78236, 18.80375 ], [ 105.77214, 18.79604 ], [ 105.76952, 18.80036 ], [ 105.77535, 18.80144 ] ] ], [ [ [ 105.76939, 18.84325 ], [ 105.75808, 18.84147 ], [ 105.75657, 18.84331 ], [ 105.76716, 18.84629 ], [ 105.76939, 18.84325 ] ] ], [ [ [ 106.17264, 17.91454 ], [ 106.1309, 17.92072 ], [ 106.11882, 17.92738 ], [ 106.07818, 17.93284 ], [ 106.06049, 17.93841 ], [ 106.04572, 17.9467 ], [ 106.04923, 17.9576 ], [ 106.0481, 17.96549 ], [ 106.06979, 17.9861 ], [ 106.0778, 17.98783 ], [ 106.05737, 18.01638 ], [ 106.05026, 18.02212 ], [ 106.02337, 18.02392 ], [ 106.0184, 18.02718 ], [ 106.01586, 18.03432 ], [ 105.98618, 18.06379 ], [ 105.97574, 18.06256 ], [ 105.96742, 18.05487 ], [ 105.96213, 18.05903 ], [ 105.95122, 18.05747 ], [ 105.94597, 18.07314 ], [ 105.93193, 18.08902 ], [ 105.91875, 18.08015 ], [ 105.91231, 18.08673 ], [ 105.89421, 18.08919 ], [ 105.87073, 18.06635 ], [ 105.85191, 18.06731 ], [ 105.84882, 18.06403 ], [ 105.83938, 18.0661 ], [ 105.82002, 18.06053 ], [ 105.813, 18.05286 ], [ 105.83398, 18.04502 ], [ 105.83535, 18.04054 ], [ 105.83067, 18.03306 ], [ 105.82827, 18.03108 ], [ 105.81646, 18.03723 ], [ 105.80733, 18.03125 ], [ 105.80875, 18.02527 ], [ 105.78856, 18.02437 ], [ 105.77746, 18.01658 ], [ 105.76853, 18.023 ], [ 105.75758, 18.02536 ], [ 105.74846, 18.03404 ], [ 105.73973, 18.03667 ], [ 105.73119, 18.03378 ], [ 105.72118, 18.02048 ], [ 105.72282, 18.00679 ], [ 105.71312, 18.00279 ], [ 105.70624, 17.99292 ], [ 105.63424, 17.99191 ], [ 105.62191, 17.99975 ], [ 105.61414, 18.0115 ], [ 105.60495, 18.00982 ], [ 105.59843, 18.00203 ], [ 105.5941, 18.00825 ], [ 105.58418, 18.01051 ], [ 105.58115, 18.0142 ], [ 105.5839, 18.01967 ], [ 105.57943, 18.02678 ], [ 105.58559, 18.04291 ], [ 105.58028, 18.0618 ], [ 105.5756, 18.06133 ], [ 105.57262, 18.06506 ], [ 105.57632, 18.06997 ], [ 105.57106, 18.08398 ], [ 105.56811, 18.08614 ], [ 105.55743, 18.08066 ], [ 105.5401, 18.08196 ], [ 105.53938, 18.10583 ], [ 105.53442, 18.11562 ], [ 105.52145, 18.12634 ], [ 105.51273, 18.12423 ], [ 105.51164, 18.11914 ], [ 105.50581, 18.12438 ], [ 105.50341, 18.13387 ], [ 105.50642, 18.13526 ], [ 105.50366, 18.13885 ], [ 105.51274, 18.15004 ], [ 105.50138, 18.18846 ], [ 105.49849, 18.18832 ], [ 105.49376, 18.17664 ], [ 105.48911, 18.17608 ], [ 105.48676, 18.1833 ], [ 105.49354, 18.19881 ], [ 105.49113, 18.20292 ], [ 105.48084, 18.19599 ], [ 105.45917, 18.20502 ], [ 105.45464, 18.20214 ], [ 105.45168, 18.20512 ], [ 105.44293, 18.2043 ], [ 105.44601, 18.19452 ], [ 105.43908, 18.18229 ], [ 105.43148, 18.17918 ], [ 105.42581, 18.18377 ], [ 105.41987, 18.1822 ], [ 105.40962, 18.15352 ], [ 105.40297, 18.15994 ], [ 105.39225, 18.15947 ], [ 105.38355, 18.17001 ], [ 105.37569, 18.16561 ], [ 105.37576, 18.16034 ], [ 105.36794, 18.16088 ], [ 105.3519, 18.18422 ], [ 105.33637, 18.18274 ], [ 105.33769, 18.19117 ], [ 105.3287, 18.19199 ], [ 105.32045, 18.20116 ], [ 105.32599, 18.20942 ], [ 105.32327, 18.22795 ], [ 105.33121, 18.25256 ], [ 105.32891, 18.26429 ], [ 105.30971, 18.26622 ], [ 105.30453, 18.25693 ], [ 105.30617, 18.25193 ], [ 105.30013, 18.23554 ], [ 105.29575, 18.24429 ], [ 105.29929, 18.25489 ], [ 105.28818, 18.25507 ], [ 105.28738, 18.25888 ], [ 105.28213, 18.26079 ], [ 105.27631, 18.25386 ], [ 105.2717, 18.25953 ], [ 105.25606, 18.25901 ], [ 105.25814, 18.2677 ], [ 105.24284, 18.29626 ], [ 105.23077, 18.30284 ], [ 105.21754, 18.30301 ], [ 105.20773, 18.31443 ], [ 105.19273, 18.31848 ], [ 105.18439, 18.3249 ], [ 105.19024, 18.3462 ], [ 105.18587, 18.36089 ], [ 105.17849, 18.37115 ], [ 105.18456, 18.38628 ], [ 105.17095, 18.39232 ], [ 105.1665, 18.39213 ], [ 105.16463, 18.3872 ], [ 105.15163, 18.38789 ], [ 105.14534, 18.40056 ], [ 105.14729, 18.40359 ], [ 105.1383, 18.40804 ], [ 105.14034, 18.41964 ], [ 105.13039, 18.41538 ], [ 105.12081, 18.41913 ], [ 105.11866, 18.43236 ], [ 105.10986, 18.4347 ], [ 105.10387, 18.44742 ], [ 105.1082, 18.45529 ], [ 105.10494, 18.46121 ], [ 105.10848, 18.46457 ], [ 105.10732, 18.47637 ], [ 105.11372, 18.49163 ], [ 105.11037, 18.49392 ], [ 105.11311, 18.49671 ], [ 105.1104, 18.50103 ], [ 105.11105, 18.51227 ], [ 105.11973, 18.52252 ], [ 105.11527, 18.52777 ], [ 105.11595, 18.53904 ], [ 105.12917, 18.54852 ], [ 105.12941, 18.55686 ], [ 105.13998, 18.56191 ], [ 105.13396, 18.57038 ], [ 105.13545, 18.58195 ], [ 105.13858, 18.58417 ], [ 105.13469, 18.59115 ], [ 105.15028, 18.60524 ], [ 105.15634, 18.6066 ], [ 105.15969, 18.61326 ], [ 105.1804, 18.60261 ], [ 105.189898474048846, 18.601621199862421 ], [ 105.19284, 18.60779 ], [ 105.19152, 18.61319 ], [ 105.19547, 18.61851 ], [ 105.1907, 18.62665 ], [ 105.19887, 18.63882 ], [ 105.19715, 18.64492 ], [ 105.19472, 18.6481 ], [ 105.18925, 18.64633 ], [ 105.18083, 18.66052 ], [ 105.16756, 18.65777 ], [ 105.15386, 18.67729 ], [ 105.1468, 18.67681 ], [ 105.13916, 18.68112 ], [ 105.13444, 18.6881 ], [ 105.13948, 18.68951 ], [ 105.13855, 18.69689 ], [ 105.14549, 18.7016 ], [ 105.13367, 18.71478 ], [ 105.12267, 18.71121 ], [ 105.11489, 18.71357 ], [ 105.10563, 18.70326 ], [ 105.09253, 18.70449 ], [ 105.08444, 18.70866 ], [ 105.07309, 18.70332 ], [ 105.06802, 18.70803 ], [ 105.05296, 18.70605 ], [ 105.05013, 18.70814 ], [ 105.06007, 18.72481 ], [ 105.05113, 18.73054 ], [ 105.03805, 18.72631 ], [ 105.03596, 18.73344 ], [ 105.03029, 18.73025 ], [ 105.02261, 18.73187 ], [ 105.01762, 18.73951 ], [ 105.02183, 18.74935 ], [ 105.01099, 18.73926 ], [ 105.01031, 18.74232 ], [ 104.9977, 18.73651 ], [ 104.99128, 18.7444 ], [ 104.98195, 18.73906 ], [ 104.96847, 18.74287 ], [ 104.94268, 18.73866 ], [ 104.93552, 18.75749 ], [ 104.93938, 18.76364 ], [ 104.93806, 18.77367 ], [ 104.92685, 18.77964 ], [ 104.92374, 18.78626 ], [ 104.91949, 18.78377 ], [ 104.91297, 18.79055 ], [ 104.9094, 18.78678 ], [ 104.89745, 18.78738 ], [ 104.89127, 18.7842 ], [ 104.87283, 18.7866 ], [ 104.86941, 18.7809 ], [ 104.86306, 18.78135 ], [ 104.8568, 18.7743 ], [ 104.84148, 18.78544 ], [ 104.81662, 18.78218 ], [ 104.79485, 18.78419 ], [ 104.78883, 18.79061 ], [ 104.78442, 18.80223 ], [ 104.75839, 18.79478 ], [ 104.75213, 18.79962 ], [ 104.73894, 18.80068 ], [ 104.73711, 18.8148 ], [ 104.72101, 18.81764 ], [ 104.71963, 18.8272 ], [ 104.71445, 18.83063 ], [ 104.71525, 18.84073 ], [ 104.70663, 18.83609 ], [ 104.69941, 18.84014 ], [ 104.6898, 18.8353 ], [ 104.67683, 18.83744 ], [ 104.669, 18.84543 ], [ 104.6691, 18.85279 ], [ 104.65951, 18.85818 ], [ 104.65597, 18.86541 ], [ 104.63626, 18.86974 ], [ 104.63029, 18.87562 ], [ 104.62749, 18.87888 ], [ 104.62792, 18.888 ], [ 104.61638, 18.89401 ], [ 104.6101, 18.89326 ], [ 104.5968, 18.89807 ], [ 104.58863, 18.90398 ], [ 104.5796, 18.90116 ], [ 104.57795, 18.91158 ], [ 104.5735, 18.91509 ], [ 104.5615, 18.94003 ], [ 104.54588, 18.95387 ], [ 104.54357, 18.97383 ], [ 104.52946, 18.98561 ], [ 104.52068, 18.98012 ], [ 104.51292, 18.98136 ], [ 104.50537, 18.99255 ], [ 104.50576, 18.9973 ], [ 104.4974, 19.00389 ], [ 104.48479, 19.00527 ], [ 104.47673, 18.99872 ], [ 104.47356, 18.98796 ], [ 104.46193, 18.99128 ], [ 104.45364, 18.98499 ], [ 104.44858, 18.98562 ], [ 104.44616, 18.99266 ], [ 104.43697, 18.99704 ], [ 104.43115, 19.0049 ], [ 104.42269, 19.00634 ], [ 104.42644, 19.01548 ], [ 104.41317, 19.03032 ], [ 104.40096, 19.03827 ], [ 104.40115, 19.04837 ], [ 104.40381, 19.05107 ], [ 104.39981, 19.05743 ], [ 104.38384, 19.06082 ], [ 104.36678, 19.0741 ], [ 104.34947, 19.07268 ], [ 104.33867, 19.07554 ], [ 104.3116, 19.08874 ], [ 104.30518, 19.09506 ], [ 104.30145, 19.11244 ], [ 104.29556, 19.11174 ], [ 104.28754, 19.11842 ], [ 104.27155, 19.11975 ], [ 104.24777, 19.11246 ], [ 104.21732, 19.11906 ], [ 104.21304, 19.12292 ], [ 104.21961, 19.13117 ], [ 104.21943, 19.14148 ], [ 104.22665, 19.14898 ], [ 104.22508, 19.15546 ], [ 104.21593, 19.16045 ], [ 104.20044, 19.16165 ], [ 104.19473, 19.18127 ], [ 104.18135, 19.19812 ], [ 104.15005, 19.19962 ], [ 104.13703, 19.20499 ], [ 104.13087, 19.20321 ], [ 104.11292, 19.22326 ], [ 104.10349, 19.21282 ], [ 104.09383, 19.22958 ], [ 104.07796, 19.23837 ], [ 104.07155, 19.24678 ], [ 104.05959, 19.24005 ], [ 104.04554, 19.24366 ], [ 103.99882, 19.23264 ], [ 103.9945, 19.23831 ], [ 103.96229, 19.25113 ], [ 103.92359, 19.28554 ], [ 103.91456, 19.3035 ], [ 103.8984, 19.30957 ], [ 103.89237, 19.30919 ], [ 103.88441, 19.30249 ], [ 103.87556, 19.30653 ], [ 103.87562, 19.31812 ], [ 103.88414, 19.32587 ], [ 103.89493, 19.3309 ], [ 103.90794, 19.32994 ], [ 103.91613, 19.33498 ], [ 103.91981, 19.34228 ], [ 103.93038, 19.34361 ], [ 103.95207, 19.35733 ], [ 103.95238, 19.36406 ], [ 103.9559, 19.36415 ], [ 103.96138, 19.37532 ], [ 103.95778, 19.38381 ], [ 103.9725, 19.39211 ], [ 103.97523, 19.39802 ], [ 103.98864, 19.39931 ], [ 103.99274, 19.4052 ], [ 104.0141, 19.40215 ], [ 104.02356, 19.41612 ], [ 104.03099, 19.41462 ], [ 104.04885, 19.42488 ], [ 104.05132, 19.41936 ], [ 104.07032, 19.4158 ], [ 104.07573, 19.44752 ], [ 104.0751, 19.45076 ], [ 104.06448, 19.45311 ], [ 104.07466, 19.45824 ], [ 104.0816, 19.46664 ], [ 104.08604, 19.46673 ], [ 104.0855, 19.47963 ], [ 104.09274, 19.48871 ], [ 104.09799, 19.49255 ], [ 104.10722, 19.48852 ], [ 104.11257, 19.4898 ], [ 104.11754, 19.4992 ], [ 104.12333, 19.50191 ], [ 104.10397, 19.52328 ], [ 104.10912, 19.53097 ], [ 104.10992, 19.54128 ], [ 104.10543, 19.55289 ], [ 104.10781, 19.56859 ], [ 104.08602, 19.58151 ], [ 104.07243, 19.60458 ], [ 104.06235, 19.61151 ], [ 104.06023, 19.62097 ], [ 104.06863, 19.63624 ], [ 104.0575, 19.65147 ], [ 104.0714, 19.66928 ], [ 104.07337, 19.67587 ], [ 104.07092, 19.68218 ], [ 104.0928, 19.66541 ], [ 104.10783, 19.66058 ], [ 104.13091, 19.66266 ], [ 104.13371, 19.66011 ], [ 104.15298, 19.66637 ], [ 104.15735, 19.67069 ], [ 104.15645, 19.68628 ], [ 104.16192, 19.69571 ], [ 104.17396, 19.69233 ], [ 104.17619, 19.68786 ], [ 104.18038, 19.69324 ], [ 104.19418, 19.6951 ], [ 104.20048, 19.69285 ], [ 104.21021, 19.70308 ], [ 104.23313, 19.70666 ], [ 104.26063, 19.70327 ], [ 104.26815, 19.69731 ], [ 104.28365, 19.69397 ], [ 104.30201, 19.69675 ], [ 104.31944, 19.68405 ], [ 104.31612, 19.67024 ], [ 104.31927, 19.66617 ], [ 104.33861, 19.67688 ], [ 104.34267, 19.68652 ], [ 104.34859, 19.6908 ], [ 104.36163, 19.69127 ], [ 104.36816, 19.69621 ], [ 104.38058, 19.69534 ], [ 104.38659, 19.69835 ], [ 104.40033, 19.69639 ], [ 104.40417, 19.69924 ], [ 104.40375, 19.70438 ], [ 104.41196, 19.70505 ], [ 104.42231, 19.70031 ], [ 104.41895, 19.69362 ], [ 104.42372, 19.69029 ], [ 104.42123, 19.68326 ], [ 104.4267, 19.6766 ], [ 104.42574, 19.67375 ], [ 104.42883, 19.67131 ], [ 104.44485, 19.67258 ], [ 104.44626, 19.65615 ], [ 104.44913, 19.65734 ], [ 104.45248, 19.65276 ], [ 104.46399, 19.64891 ], [ 104.46973, 19.64939 ], [ 104.47749, 19.65533 ], [ 104.49098, 19.65346 ], [ 104.49493, 19.64998 ], [ 104.49912, 19.63603 ], [ 104.50534, 19.63143 ], [ 104.50566, 19.62435 ], [ 104.52346, 19.61733 ], [ 104.52607, 19.61333 ], [ 104.53844, 19.61224 ], [ 104.54647, 19.61916 ], [ 104.56001, 19.6098 ], [ 104.56262, 19.61312 ], [ 104.57134, 19.6144 ], [ 104.57413, 19.62166 ], [ 104.58422, 19.62859 ], [ 104.60114, 19.62921 ], [ 104.6039, 19.63271 ], [ 104.61227, 19.63434 ], [ 104.62041, 19.62731 ], [ 104.64169, 19.62193 ], [ 104.64947, 19.62595 ], [ 104.64828, 19.62955 ], [ 104.65337, 19.63679 ], [ 104.64612, 19.65465 ], [ 104.6605, 19.65974 ], [ 104.66003, 19.67278 ], [ 104.66582, 19.67582 ], [ 104.66519, 19.68123 ], [ 104.67123, 19.6836 ], [ 104.66315, 19.70173 ], [ 104.67089, 19.7009 ], [ 104.6862, 19.7224 ], [ 104.69431, 19.72288 ], [ 104.7095, 19.74344 ], [ 104.7232, 19.75516 ], [ 104.73941, 19.74903 ], [ 104.75703, 19.74983 ], [ 104.7578, 19.75678 ], [ 104.76848, 19.7648 ], [ 104.76413, 19.7745 ], [ 104.77524, 19.7755 ], [ 104.78355, 19.78432 ], [ 104.7924, 19.7855 ], [ 104.79739, 19.78962 ], [ 104.81525, 19.78438 ], [ 104.82693, 19.78592 ], [ 104.83615, 19.79541 ], [ 104.83896, 19.80684 ], [ 104.83454, 19.81339 ], [ 104.83673, 19.82685 ], [ 104.84724, 19.83642 ], [ 104.84961, 19.84335 ], [ 104.83356, 19.85309 ], [ 104.83829, 19.85969 ], [ 104.84531, 19.8619 ], [ 104.85081, 19.872 ], [ 104.84145, 19.88623 ], [ 104.84596, 19.90723 ], [ 104.85108, 19.91191 ], [ 104.84118, 19.91687 ], [ 104.84249, 19.92465 ], [ 104.86353, 19.94486 ], [ 104.88623, 19.95169 ], [ 104.89385, 19.95708 ], [ 104.90443, 19.96845 ], [ 104.90977, 19.97704 ], [ 104.91154, 19.98899 ], [ 104.91793, 19.99525 ], [ 104.92012, 19.99602 ], [ 104.92342, 19.99003 ], [ 104.93571, 19.98784 ], [ 104.95843, 19.9926 ], [ 104.96568, 19.97457 ], [ 104.97685, 19.97583 ], [ 104.99899, 19.96159 ], [ 104.99868, 19.95554 ], [ 105.00329, 19.95074 ], [ 105.01746, 19.95187 ], [ 105.0267, 19.94427 ], [ 105.03568, 19.94186 ], [ 105.03609, 19.93901 ], [ 105.04247, 19.94025 ], [ 105.0475, 19.9345 ], [ 105.04673, 19.92991 ], [ 105.08741, 19.93519 ], [ 105.093, 19.93827 ], [ 105.11938, 19.93134 ], [ 105.1236, 19.92529 ], [ 105.13445, 19.92044 ], [ 105.13769, 19.92347 ], [ 105.15943, 19.92076 ], [ 105.16866, 19.91436 ], [ 105.17129, 19.90077 ], [ 105.17714, 19.89585 ], [ 105.17881, 19.88144 ], [ 105.18391, 19.87851 ], [ 105.18848, 19.86315 ], [ 105.18054, 19.85359 ], [ 105.15031, 19.85553 ], [ 105.14533, 19.83461 ], [ 105.13227, 19.82632 ], [ 105.13327, 19.82066 ], [ 105.12997, 19.81749 ], [ 105.13217, 19.80756 ], [ 105.12791, 19.801 ], [ 105.13261, 19.78592 ], [ 105.1308, 19.77819 ], [ 105.13757, 19.7653 ], [ 105.13305, 19.76027 ], [ 105.13625, 19.7489 ], [ 105.13355, 19.74312 ], [ 105.1544, 19.72401 ], [ 105.16259, 19.7225 ], [ 105.1534, 19.70751 ], [ 105.16075, 19.69943 ], [ 105.16512, 19.69887 ], [ 105.16345, 19.68547 ], [ 105.16936, 19.68002 ], [ 105.18184, 19.68047 ], [ 105.20965, 19.66313 ], [ 105.22383, 19.64828 ], [ 105.2352, 19.64473 ], [ 105.2381, 19.65385 ], [ 105.24615, 19.65658 ], [ 105.26108, 19.63841 ], [ 105.26141, 19.62902 ], [ 105.26662, 19.62408 ], [ 105.26629, 19.61657 ], [ 105.27232, 19.61088 ], [ 105.26928, 19.60723 ], [ 105.28208, 19.60342 ], [ 105.28175, 19.59474 ], [ 105.27285, 19.58846 ], [ 105.27787, 19.5854 ], [ 105.28202, 19.5735 ], [ 105.28115, 19.56347 ], [ 105.27438, 19.56075 ], [ 105.27124, 19.55549 ], [ 105.27384, 19.54689 ], [ 105.2675, 19.52963 ], [ 105.26999, 19.52078 ], [ 105.27498, 19.51701 ], [ 105.27164, 19.50783 ], [ 105.28044, 19.50394 ], [ 105.27744, 19.49262 ], [ 105.28983, 19.49131 ], [ 105.29395, 19.47595 ], [ 105.29528, 19.48028 ], [ 105.29883, 19.48067 ], [ 105.2974, 19.48567 ], [ 105.30045, 19.48387 ], [ 105.3018, 19.48808 ], [ 105.30856, 19.48932 ], [ 105.30868, 19.49859 ], [ 105.32484, 19.50955 ], [ 105.323, 19.51164 ], [ 105.32541, 19.51188 ], [ 105.32578, 19.51904 ], [ 105.32881, 19.52333 ], [ 105.33311, 19.52283 ], [ 105.33377, 19.52703 ], [ 105.33132, 19.52703 ], [ 105.3347, 19.53405 ], [ 105.33954, 19.53097 ], [ 105.34266, 19.54013 ], [ 105.35159, 19.54349 ], [ 105.35655, 19.54161 ], [ 105.35606, 19.53216 ], [ 105.36154, 19.52774 ], [ 105.36455, 19.51658 ], [ 105.35941, 19.5064 ], [ 105.38362, 19.47916 ], [ 105.39148, 19.46593 ], [ 105.38926, 19.45626 ], [ 105.39567, 19.45206 ], [ 105.40331, 19.44892 ], [ 105.41519, 19.4597 ], [ 105.418, 19.45576 ], [ 105.43543, 19.45413 ], [ 105.44642, 19.44088 ], [ 105.45374, 19.44341 ], [ 105.4627, 19.45378 ], [ 105.46925, 19.45566 ], [ 105.47852, 19.4498 ], [ 105.48506, 19.44956 ], [ 105.49181, 19.45116 ], [ 105.49252, 19.45632 ], [ 105.50043, 19.46181 ], [ 105.51336, 19.46369 ], [ 105.51812, 19.46149 ], [ 105.52462, 19.46432 ], [ 105.53915, 19.45495 ], [ 105.54419, 19.43351 ], [ 105.56658, 19.40315 ], [ 105.58218, 19.39111 ], [ 105.58155, 19.38202 ], [ 105.59021, 19.37085 ], [ 105.60942, 19.36855 ], [ 105.62031, 19.38255 ], [ 105.62785, 19.38094 ], [ 105.63177, 19.36602 ], [ 105.63882, 19.36623 ], [ 105.64229, 19.35341 ], [ 105.65285, 19.35322 ], [ 105.65559, 19.34262 ], [ 105.6679, 19.34021 ], [ 105.6644, 19.31392 ], [ 105.67627, 19.32253 ], [ 105.67551, 19.31556 ], [ 105.69077, 19.30012 ], [ 105.69388, 19.30417 ], [ 105.71122, 19.30212 ], [ 105.74185, 19.32354 ], [ 105.74184, 19.31562 ], [ 105.74939, 19.30227 ], [ 105.75211, 19.30161 ], [ 105.75571, 19.30677 ], [ 105.7654, 19.29289 ], [ 105.80107, 19.30201 ], [ 105.80543, 19.28669 ], [ 105.80251, 19.27961 ], [ 105.8064, 19.27368 ], [ 105.8017, 19.27605 ], [ 105.79498, 19.27153 ], [ 105.79076, 19.27563 ], [ 105.78443, 19.27484 ], [ 105.77711, 19.26369 ], [ 105.77124, 19.23369 ], [ 105.76691, 19.22793 ], [ 105.7579, 19.22464 ], [ 105.75842, 19.23256 ], [ 105.74802, 19.22913 ], [ 105.74007, 19.22174 ], [ 105.73621, 19.2131 ], [ 105.73138, 19.18571 ], [ 105.73345, 19.16811 ], [ 105.72967, 19.13705 ], [ 105.73106, 19.11606 ], [ 105.73839, 19.10476 ], [ 105.72976, 19.10145 ], [ 105.7256, 19.10303 ], [ 105.71799, 19.09705 ], [ 105.71281, 19.09796 ], [ 105.70052, 19.08577 ], [ 105.69608, 19.08782 ], [ 105.6924, 19.08226 ], [ 105.68781, 19.08393 ], [ 105.68754, 19.08824 ], [ 105.67844, 19.09585 ], [ 105.67379, 19.09747 ], [ 105.66617, 19.09425 ], [ 105.65615, 19.08697 ], [ 105.64051, 19.06669 ], [ 105.62133, 19.02148 ], [ 105.6155, 18.98077 ], [ 105.61824, 18.97749 ], [ 105.62798, 18.9202 ], [ 105.63494, 18.90128 ], [ 105.65608, 18.88521 ], [ 105.66162, 18.88932 ], [ 105.66679, 18.88626 ], [ 105.66828, 18.87982 ], [ 105.67299, 18.88153 ], [ 105.67918, 18.87487 ], [ 105.68444, 18.87704 ], [ 105.69056, 18.87434 ], [ 105.69504, 18.8643 ], [ 105.7013, 18.863 ], [ 105.70324, 18.85483 ], [ 105.70759, 18.85423 ], [ 105.70815, 18.84911 ], [ 105.71292, 18.84689 ], [ 105.71776, 18.8501 ], [ 105.71978, 18.84757 ], [ 105.71506, 18.84456 ], [ 105.72035, 18.83427 ], [ 105.71696, 18.82795 ], [ 105.71943, 18.82016 ], [ 105.72356, 18.82103 ], [ 105.72031, 18.81817 ], [ 105.72423, 18.80914 ], [ 105.76273, 18.76309 ], [ 105.7725, 18.75945 ], [ 105.77472, 18.76175 ], [ 105.772, 18.76714 ], [ 105.77704, 18.75943 ], [ 105.7846, 18.73388 ], [ 105.79858, 18.67144 ], [ 105.82101, 18.61052 ], [ 105.85308, 18.55076 ], [ 105.9155, 18.46614 ], [ 105.93928, 18.46671 ], [ 105.93908, 18.47021 ], [ 105.94234, 18.47168 ], [ 105.943, 18.46761 ], [ 105.93885, 18.46488 ], [ 105.94048, 18.45995 ], [ 105.9597, 18.42854 ], [ 105.99395, 18.38315 ], [ 106.04872, 18.32199 ], [ 106.10055, 18.27597 ], [ 106.12196, 18.26565 ], [ 106.16042, 18.26817 ], [ 106.1804, 18.25753 ], [ 106.23543, 18.21641 ], [ 106.24419, 18.21779 ], [ 106.25255, 18.21516 ], [ 106.28725, 18.17576 ], [ 106.35325, 18.11611 ], [ 106.35661, 18.1097 ], [ 106.3766, 18.10485 ], [ 106.37984, 18.10694 ], [ 106.37997, 18.10365 ], [ 106.3886, 18.10002 ], [ 106.40208, 18.09914 ], [ 106.40727, 18.10103 ], [ 106.40881, 18.10718 ], [ 106.40415, 18.11315 ], [ 106.40869, 18.11348 ], [ 106.41106, 18.12062 ], [ 106.41616, 18.12454 ], [ 106.42164, 18.12569 ], [ 106.42274, 18.12098 ], [ 106.43505, 18.12231 ], [ 106.43398, 18.11717 ], [ 106.42094, 18.10257 ], [ 106.42388, 18.09623 ], [ 106.42129, 18.09158 ], [ 106.4298, 18.07813 ], [ 106.44194, 18.04469 ], [ 106.46931, 17.99847 ], [ 106.47301, 17.99794 ], [ 106.47931, 17.98865 ], [ 106.48303, 17.98939 ], [ 106.48322, 17.98274 ], [ 106.4949, 17.96484 ], [ 106.50294, 17.96461 ], [ 106.51105, 17.95993 ], [ 106.49171, 17.95947 ], [ 106.47929, 17.95343 ], [ 106.46829, 17.95628 ], [ 106.4503, 17.94961 ], [ 106.44447, 17.95209 ], [ 106.44421, 17.96887 ], [ 106.43516, 17.97285 ], [ 106.42285, 17.96965 ], [ 106.41729, 17.97444 ], [ 106.41001, 17.97283 ], [ 106.40034, 17.98155 ], [ 106.38594, 17.98282 ], [ 106.36166, 17.9906 ], [ 106.34045, 17.99157 ], [ 106.3295, 17.97877 ], [ 106.32393, 17.96316 ], [ 106.3057, 17.96237 ], [ 106.29784, 17.95398 ], [ 106.29627, 17.94561 ], [ 106.2892, 17.94301 ], [ 106.28529, 17.93605 ], [ 106.29113, 17.92035 ], [ 106.2837, 17.91039 ], [ 106.27498, 17.91962 ], [ 106.26304, 17.91416 ], [ 106.24026, 17.93048 ], [ 106.23617, 17.92731 ], [ 106.22311, 17.93004 ], [ 106.20845, 17.92569 ], [ 106.19931, 17.91629 ], [ 106.19062, 17.92325 ], [ 106.17264, 17.91454 ] ], [ [ 105.749774708806299, 18.668485924029973 ], [ 105.7512, 18.66823 ], [ 105.75247798427425, 18.668650712740007 ], [ 105.749774708806299, 18.668485924029973 ] ], [ [ 105.762588189935016, 18.67197899495071 ], [ 105.76733, 18.67354 ], [ 105.767779590978961, 18.675916409460179 ], [ 105.762588189935016, 18.67197899495071 ] ], [ [ 105.768309477709991, 18.67871723932425 ], [ 105.76873, 18.68094 ], [ 105.76567, 18.69077 ], [ 105.768309477709991, 18.67871723932425 ] ] ], [ [ [ 106.45261, 18.09983 ], [ 106.45471, 18.10258 ], [ 106.46349, 18.10672 ], [ 106.46375, 18.10201 ], [ 106.45261, 18.09983 ] ] ], [ [ [ 106.48834, 18.11716 ], [ 106.48814, 18.11638 ], [ 106.48788, 18.11701 ], [ 106.48834, 18.11716 ] ] ], [ [ [ 106.48975, 18.11745 ], [ 106.48898, 18.1165 ], [ 106.48889, 18.11744 ], [ 106.48975, 18.11745 ] ] ], [ [ [ 106.1183, 18.27969 ], [ 106.11585, 18.28095 ], [ 106.11862, 18.28027 ], [ 106.1183, 18.27969 ] ] ], [ [ [ 106.12173, 18.28142 ], [ 106.12035, 18.28089 ], [ 106.12006, 18.28153 ], [ 106.12173, 18.28142 ] ] ], [ [ [ 106.17017, 18.30859 ], [ 106.16869, 18.30886 ], [ 106.16975, 18.30922 ], [ 106.17017, 18.30859 ] ] ], [ [ [ 106.16569, 18.3101 ], [ 106.16506, 18.30899 ], [ 106.16409, 18.30985 ], [ 106.16569, 18.3101 ] ] ] ] } },
{ "type": "Feature", "properties": { "NAME_1": "Ninh Bình", "id": "41", "GID_1": "VNM.42_1", "GID_0": "VNM", "COUNTRY": "Vietnam", "VARNAME_1": "Ninh Binh", "NL_NAME_1": "NA", "TYPE_1": "Tỉnh", "ENGTYPE_1": "Province", "CC_1": "NA", "HASC_1": "VN.NB", "ISO_1": "NA" }, "geometry": { "type": "Polygon", "coordinates": [ [ [ 106.06634, 19.93834 ], [ 106.02987, 19.9758 ], [ 106.02437, 19.97553 ], [ 106.024, 19.98195 ], [ 106.02925, 19.996 ], [ 106.0342, 20.00013 ], [ 106.04609, 20.0011 ], [ 106.05298, 20.00495 ], [ 106.06043, 20.01663 ], [ 106.06607, 20.03729 ], [ 106.07351, 20.05135 ], [ 106.07594, 20.06279 ], [ 106.07182, 20.06665 ], [ 106.02334, 20.05905 ], [ 106.01752, 20.06012 ], [ 106.01363, 20.06492 ], [ 105.99261, 20.06869 ], [ 105.95968, 20.06646 ], [ 105.93013, 20.09065 ], [ 105.92487, 20.10077 ], [ 105.91707, 20.10571 ], [ 105.90746, 20.10685 ], [ 105.89614, 20.11736 ], [ 105.87078, 20.12381 ], [ 105.85272, 20.13837 ], [ 105.83488, 20.14355 ], [ 105.83165, 20.15106 ], [ 105.80822, 20.15833 ], [ 105.79344, 20.16999 ], [ 105.77707, 20.172 ], [ 105.7736, 20.17686 ], [ 105.74077, 20.18516 ], [ 105.74227, 20.18744 ], [ 105.73774, 20.19399 ], [ 105.73272, 20.19501 ], [ 105.73069, 20.19935 ], [ 105.69299, 20.2213 ], [ 105.69584, 20.22524 ], [ 105.69392, 20.23086 ], [ 105.68285, 20.23534 ], [ 105.67906, 20.24663 ], [ 105.67016, 20.24833 ], [ 105.67028, 20.25381 ], [ 105.65099, 20.27296 ], [ 105.6208, 20.28193 ], [ 105.61283, 20.28909 ], [ 105.61119, 20.29685 ], [ 105.59985, 20.31194 ], [ 105.59381, 20.31404 ], [ 105.57912, 20.31188 ], [ 105.57079, 20.31835 ], [ 105.56292, 20.31744 ], [ 105.56499, 20.32461 ], [ 105.55785, 20.32947 ], [ 105.55393, 20.32795 ], [ 105.54864, 20.3348 ], [ 105.54986, 20.34644 ], [ 105.54271, 20.36212 ], [ 105.56279, 20.35785 ], [ 105.57098, 20.35954 ], [ 105.58104, 20.36986 ], [ 105.59907, 20.36397 ], [ 105.61937, 20.34849 ], [ 105.62539, 20.34933 ], [ 105.64265, 20.33838 ], [ 105.66965, 20.30983 ], [ 105.68613, 20.3052 ], [ 105.69547, 20.31178 ], [ 105.7013, 20.32097 ], [ 105.72379, 20.32908 ], [ 105.72986, 20.33877 ], [ 105.71027, 20.36019 ], [ 105.71276, 20.36617 ], [ 105.69244, 20.39248 ], [ 105.69642, 20.39268 ], [ 105.69918, 20.39731 ], [ 105.69483, 20.40271 ], [ 105.68909, 20.40197 ], [ 105.68575, 20.40534 ], [ 105.6857, 20.41095 ], [ 105.70547, 20.41191 ], [ 105.72841, 20.40198 ], [ 105.72788, 20.39949 ], [ 105.73324, 20.39877 ], [ 105.73063, 20.38549 ], [ 105.74618, 20.38198 ], [ 105.74637, 20.36668 ], [ 105.75668, 20.36725 ], [ 105.75975, 20.37815 ], [ 105.7546, 20.38855 ], [ 105.75384, 20.39745 ], [ 105.75656, 20.39764 ], [ 105.75208, 20.40718 ], [ 105.75267, 20.41305 ], [ 105.75934, 20.41645 ], [ 105.75678, 20.41763 ], [ 105.7517, 20.43886 ], [ 105.7728, 20.44256 ], [ 105.77691, 20.436 ], [ 105.78245, 20.43652 ], [ 105.78866, 20.44774 ], [ 105.7874, 20.45318 ], [ 105.79222, 20.45406 ], [ 105.80035, 20.43751 ], [ 105.82325, 20.41801 ], [ 105.84369, 20.42071 ], [ 105.84868, 20.42615 ], [ 105.85737, 20.42654 ], [ 105.86854, 20.40969 ], [ 105.8745, 20.40726 ], [ 105.88728, 20.38882 ], [ 105.89218, 20.38815 ], [ 105.90217, 20.37295 ], [ 105.90969, 20.3727 ], [ 105.91198, 20.37636 ], [ 105.91663, 20.37313 ], [ 105.92115, 20.3629 ], [ 105.93419, 20.36792 ], [ 105.93887, 20.35579 ], [ 105.95402, 20.35437 ], [ 105.95087, 20.34182 ], [ 105.93648, 20.3271 ], [ 105.96698, 20.31268 ], [ 105.98349, 20.29409 ], [ 105.98602, 20.28076 ], [ 105.9813, 20.26412 ], [ 105.99004, 20.25744 ], [ 106.01047, 20.25048 ], [ 106.02399, 20.24999 ], [ 106.04077, 20.25548 ], [ 106.04726, 20.25167 ], [ 106.04823, 20.24202 ], [ 106.03216, 20.24067 ], [ 106.0291, 20.23602 ], [ 106.03186, 20.22952 ], [ 106.04292, 20.21974 ], [ 106.05293, 20.21673 ], [ 106.07075, 20.2253 ], [ 106.0788, 20.23321 ], [ 106.08566, 20.25072 ], [ 106.09459, 20.25478 ], [ 106.10239, 20.22607 ], [ 106.10807, 20.21616 ], [ 106.14642, 20.22771 ], [ 106.15163, 20.22669 ], [ 106.16228, 20.18561 ], [ 106.16871, 20.13268 ], [ 106.14789, 20.09967 ], [ 106.14055, 20.06449 ], [ 106.12026, 20.05329 ], [ 106.11474, 20.04668 ], [ 106.11085, 20.01659 ], [ 106.09939, 19.98615 ], [ 106.09503, 19.96448 ], [ 106.09084, 19.96414 ], [ 106.08066, 19.93989 ], [ 106.07409, 19.9356 ], [ 106.06634, 19.93834 ] ] ] } },
{ "type": "Feature", "properties": { "NAME_1": "Ninh Thuận", "id": "42", "GID_1": "VNM.43_1", "GID_0": "VNM", "COUNTRY": "Vietnam", "VARNAME_1": "Ninh Thuan", "NL_NAME_1": "NA", "TYPE_1": "Tỉnh", "ENGTYPE_1": "Province", "CC_1": "NA", "HASC_1": "VN.NT", "ISO_1": "NA" }, "geometry": { "type": "MultiPolygon", "coordinates": [ [ [ [ 109.14716, 11.57851 ], [ 109.14317, 11.58307 ], [ 109.14601, 11.58017 ], [ 109.14716, 11.57851 ] ] ], [ [ [ 109.17515, 11.6472 ], [ 109.17609, 11.64992 ], [ 109.17715, 11.6479 ], [ 109.17515, 11.6472 ] ] ], [ [ [ 109.2202, 11.7155 ], [ 109.2213, 11.7164 ], [ 109.22118, 11.71466 ], [ 109.2202, 11.7155 ] ] ], [ [ [ 109.00912, 11.3538 ], [ 109.00508, 11.35562 ], [ 108.99991, 11.34776 ], [ 108.9937, 11.34924 ], [ 108.98657, 11.33351 ], [ 108.9752, 11.32843 ], [ 108.96365, 11.31643 ], [ 108.94807, 11.31476 ], [ 108.93239, 11.30727 ], [ 108.92432, 11.31062 ], [ 108.91906, 11.30762 ], [ 108.91533, 11.31802 ], [ 108.90916, 11.3191 ], [ 108.91022, 11.32152 ], [ 108.88851, 11.33586 ], [ 108.87936, 11.33755 ], [ 108.87385, 11.33264 ], [ 108.86394, 11.33279 ], [ 108.87218, 11.33387 ], [ 108.87586, 11.33821 ], [ 108.87696, 11.35396 ], [ 108.86539, 11.35042 ], [ 108.85785, 11.3543 ], [ 108.84555, 11.36446 ], [ 108.84374, 11.3762 ], [ 108.80098, 11.3824 ], [ 108.78464, 11.38786 ], [ 108.78335, 11.39345 ], [ 108.75695, 11.41128 ], [ 108.76162, 11.46967 ], [ 108.72491, 11.46846 ], [ 108.71233, 11.46079 ], [ 108.67941, 11.47246 ], [ 108.66415, 11.4998 ], [ 108.65903, 11.5039 ], [ 108.64234, 11.55033 ], [ 108.58272, 11.55549 ], [ 108.57251, 11.57748 ], [ 108.55214, 11.60144 ], [ 108.55462, 11.60529 ], [ 108.5518, 11.6113 ], [ 108.55267, 11.6304 ], [ 108.56244, 11.64231 ], [ 108.57592, 11.63953 ], [ 108.59725, 11.64909 ], [ 108.62305, 11.65007 ], [ 108.62601, 11.65423 ], [ 108.65628, 11.66641 ], [ 108.66898, 11.66347 ], [ 108.68353, 11.67665 ], [ 108.69259, 11.69785 ], [ 108.7009, 11.69972 ], [ 108.69487, 11.71129 ], [ 108.69009, 11.73469 ], [ 108.66716, 11.74803 ], [ 108.66318, 11.76305 ], [ 108.67254, 11.78401 ], [ 108.66842, 11.78874 ], [ 108.65499, 11.7927 ], [ 108.63155, 11.79554 ], [ 108.61945, 11.8037 ], [ 108.61943, 11.80936 ], [ 108.62592, 11.81399 ], [ 108.63036, 11.83036 ], [ 108.63977, 11.83041 ], [ 108.65288, 11.84403 ], [ 108.65399, 11.85561 ], [ 108.65087, 11.86446 ], [ 108.6556, 11.88572 ], [ 108.65366, 11.89437 ], [ 108.66407, 11.91583 ], [ 108.66142, 11.92655 ], [ 108.66505, 11.94681 ], [ 108.66044, 11.95302 ], [ 108.6622, 11.96239 ], [ 108.68134, 11.98514 ], [ 108.68366, 11.99914 ], [ 108.6797, 12.01137 ], [ 108.68411, 12.02315 ], [ 108.69162, 12.0309 ], [ 108.69437, 12.04091 ], [ 108.70496, 12.0429 ], [ 108.7112, 12.05476 ], [ 108.70877, 12.07895 ], [ 108.703, 12.08541 ], [ 108.70456, 12.09207 ], [ 108.67359, 12.1213 ], [ 108.67845, 12.12186 ], [ 108.68559, 12.1292 ], [ 108.69321, 12.12995 ], [ 108.69685, 12.13932 ], [ 108.69401, 12.14632 ], [ 108.70411, 12.15003 ], [ 108.70672, 12.1547 ], [ 108.7215, 12.15429 ], [ 108.72729, 12.15732 ], [ 108.72913, 12.16212 ], [ 108.74361, 12.15653 ], [ 108.76343, 12.15783 ], [ 108.76856, 12.15329 ], [ 108.77637, 12.16511 ], [ 108.78474, 12.15926 ], [ 108.79071, 12.15948 ], [ 108.78355, 12.12489 ], [ 108.79269, 12.11178 ], [ 108.79716, 12.09627 ], [ 108.79347, 12.09357 ], [ 108.79465, 12.08784 ], [ 108.79952, 12.08439 ], [ 108.80228, 12.07676 ], [ 108.80079, 12.07103 ], [ 108.80803, 12.05855 ], [ 108.7997, 12.0445 ], [ 108.8046, 12.04555 ], [ 108.81916, 12.03934 ], [ 108.82208, 12.03111 ], [ 108.83576, 12.02235 ], [ 108.85513, 12.01765 ], [ 108.85728, 11.99355 ], [ 108.84515, 11.98007 ], [ 108.84903, 11.97265 ], [ 108.84779, 11.96716 ], [ 108.85129, 11.96378 ], [ 108.86505, 11.96797 ], [ 108.87228, 11.95836 ], [ 108.87818, 11.96174 ], [ 108.89327, 11.94695 ], [ 108.90485, 11.95035 ], [ 108.90752, 11.94806 ], [ 108.91547, 11.95231 ], [ 108.92614, 11.94078 ], [ 108.94012, 11.93604 ], [ 108.94609, 11.93794 ], [ 108.95313, 11.93201 ], [ 108.95525, 11.92585 ], [ 108.96259, 11.92487 ], [ 108.97224, 11.91779 ], [ 108.98865, 11.91532 ], [ 109.00491, 11.9239 ], [ 109.01947, 11.91108 ], [ 109.03486, 11.91026 ], [ 109.04722, 11.89885 ], [ 109.05386, 11.88473 ], [ 109.05818, 11.86136 ], [ 109.07572, 11.8351 ], [ 109.0892, 11.82604 ], [ 109.09212, 11.81702 ], [ 109.10623, 11.80977 ], [ 109.10822, 11.80523 ], [ 109.11343, 11.80711 ], [ 109.1274, 11.80452 ], [ 109.18678, 11.81285 ], [ 109.19523, 11.81123 ], [ 109.18908, 11.81162 ], [ 109.18567, 11.80707 ], [ 109.18755, 11.78873 ], [ 109.21227, 11.77135 ], [ 109.21462, 11.76399 ], [ 109.21196, 11.75871 ], [ 109.21921, 11.75459 ], [ 109.22785, 11.75575 ], [ 109.2274, 11.75203 ], [ 109.22094, 11.7475 ], [ 109.22568, 11.74538 ], [ 109.23119, 11.74762 ], [ 109.23354, 11.72766 ], [ 109.22107, 11.71679 ], [ 109.21405, 11.72007 ], [ 109.20606, 11.71439 ], [ 109.19957, 11.72631 ], [ 109.19696, 11.72598 ], [ 109.19753, 11.72039 ], [ 109.20049, 11.71898 ], [ 109.19986, 11.71111 ], [ 109.20336, 11.70719 ], [ 109.19858, 11.70564 ], [ 109.19617, 11.69896 ], [ 109.19283, 11.69859 ], [ 109.19369, 11.69431 ], [ 109.18792, 11.69137 ], [ 109.18943, 11.68331 ], [ 109.17709, 11.67629 ], [ 109.17313, 11.66352 ], [ 109.17413, 11.64856 ], [ 109.16627, 11.62156 ], [ 109.1601, 11.62461 ], [ 109.15231, 11.61995 ], [ 109.1394, 11.58376 ], [ 109.13377, 11.58229 ], [ 109.12854, 11.57542 ], [ 109.12973, 11.5642 ], [ 109.12775, 11.563 ], [ 109.12337, 11.57302 ], [ 109.09029, 11.58753 ], [ 109.06716, 11.58187 ], [ 109.05598, 11.58478 ], [ 109.05424, 11.58177 ], [ 109.05128, 11.58872 ], [ 109.04911, 11.58697 ], [ 109.05246, 11.58018 ], [ 109.04807, 11.58869 ], [ 109.04199, 11.58904 ], [ 109.03466, 11.58724 ], [ 109.02882, 11.58059 ], [ 109.0248, 11.56339 ], [ 109.02795, 11.55534 ], [ 109.03494, 11.54968 ], [ 109.02945, 11.53805 ], [ 109.01859, 11.52998 ], [ 109.0126, 11.51572 ], [ 109.01463, 11.46997 ], [ 109.00798, 11.4432 ], [ 109.01195, 11.43789 ], [ 109.01326, 11.42454 ], [ 109.01144, 11.41637 ], [ 109.00626, 11.41183 ], [ 109.00604, 11.39306 ], [ 109.01144, 11.37396 ], [ 109.0207, 11.36873 ], [ 109.01898, 11.36007 ], [ 109.00912, 11.3538 ] ] ] ] } },
{ "type": "Feature", "properties": { "NAME_1": "Phú Khánh", "id": "31", "GID_1": "VNM.32_1", "GID_0": "VNM", "COUNTRY": "Vietnam", "VARNAME_1": "Khanh Hoa", "NL_NAME_1": "NA", "TYPE_1": "Tỉnh", "ENGTYPE_1": "Province", "CC_1": "NA", "HASC_1": "VN.KH", "ISO_1": "NA" }, "geometry": { "type": "MultiPolygon", "coordinates": [ [ [ [ 109.22567, 11.76969 ], [ 109.22391, 11.76911 ], [ 109.22555, 11.77076 ], [ 109.22567, 11.76969 ] ] ], [ [ [ 109.21161, 11.78381 ], [ 109.21331, 11.78614 ], [ 109.22231, 11.78304 ], [ 109.22225, 11.77219 ], [ 109.21641, 11.77446 ], [ 109.21161, 11.78381 ] ] ], [ [ [ 109.20856, 11.7912 ], [ 109.20785, 11.78963 ], [ 109.20741, 11.79089 ], [ 109.20856, 11.7912 ] ] ], [ [ [ 109.20216, 11.81787 ], [ 109.20317, 11.81545 ], [ 109.20055, 11.81704 ], [ 109.20216, 11.81787 ] ] ], [ [ [ 109.25066, 11.83393 ], [ 109.24014, 11.8352 ], [ 109.23973, 11.82949 ], [ 109.23569, 11.82814 ], [ 109.22486, 11.83537 ], [ 109.22511, 11.84538 ], [ 109.22084, 11.84737 ], [ 109.22144, 11.85183 ], [ 109.23023, 11.8417 ], [ 109.23875, 11.83836 ], [ 109.24327, 11.84143 ], [ 109.24236, 11.84982 ], [ 109.24831, 11.85036 ], [ 109.24631, 11.84314 ], [ 109.25217, 11.83895 ], [ 109.25066, 11.83393 ] ] ], [ [ [ 109.2686, 11.86029 ], [ 109.26907, 11.86063 ], [ 109.26891, 11.85988 ], [ 109.2686, 11.86029 ] ] ], [ [ [ 109.27048, 11.86145 ], [ 109.27152, 11.85965 ], [ 109.27022, 11.8605 ], [ 109.27048, 11.86145 ] ] ], [ [ [ 109.23879, 11.86848 ], [ 109.23822, 11.86865 ], [ 109.23822, 11.86912 ], [ 109.23879, 11.86848 ] ] ], [ [ [ 109.27364, 11.93138 ], [ 109.27412, 11.93141 ], [ 109.2741, 11.93109 ], [ 109.27364, 11.93138 ] ] ], [ [ [ 109.27142, 11.9309 ], [ 109.2713, 11.93266 ], [ 109.27261, 11.93088 ], [ 109.27142, 11.9309 ] ] ], [ [ [ 109.27091, 11.93273 ], [ 109.27116, 11.93295 ], [ 109.27112, 11.93267 ], [ 109.27091, 11.93273 ] ] ], [ [ [ 109.26932, 11.93313 ], [ 109.26963, 11.93325 ], [ 109.2698, 11.93277 ], [ 109.26932, 11.93313 ] ] ], [ [ [ 109.27961, 11.9358 ], [ 109.28085, 11.93636 ], [ 109.28011, 11.93489 ], [ 109.27961, 11.9358 ] ] ], [ [ [ 109.2076, 12.16812 ], [ 109.20963, 12.16809 ], [ 109.21025, 12.16776 ], [ 109.2076, 12.16812 ] ] ], [ [ [ 109.20955, 12.16831 ], [ 109.2093, 12.16867 ], [ 109.20985, 12.16836 ], [ 109.20955, 12.16831 ] ] ], [ [ [ 109.20814, 12.16871 ], [ 109.20855, 12.16866 ], [ 109.20847, 12.16843 ], [ 109.20814, 12.16871 ] ] ], [ [ [ 109.23465, 12.17725 ], [ 109.24413, 12.1801 ], [ 109.24951, 12.17663 ], [ 109.25175, 12.16967 ], [ 109.23465, 12.17725 ] ] ], [ [ [ 109.27787, 12.17613 ], [ 109.27428, 12.1736 ], [ 109.27107, 12.17495 ], [ 109.27212, 12.18148 ], [ 109.27573, 12.18177 ], [ 109.27787, 12.17613 ] ] ], [ [ [ 109.22598, 12.18251 ], [ 109.22189, 12.18876 ], [ 109.21858, 12.18884 ], [ 109.22261, 12.19727 ], [ 109.22729, 12.19688 ], [ 109.22636, 12.19428 ], [ 109.23254, 12.19593 ], [ 109.22598, 12.18251 ] ] ], [ [ [ 109.24385, 12.20946 ], [ 109.24007, 12.21527 ], [ 109.23968, 12.22455 ], [ 109.23042, 12.22604 ], [ 109.23421, 12.2325 ], [ 109.245, 12.23124 ], [ 109.24499, 12.22407 ], [ 109.25208, 12.2249 ], [ 109.25327, 12.22077 ], [ 109.26013, 12.2176 ], [ 109.26577, 12.23637 ], [ 109.27621, 12.22808 ], [ 109.29853, 12.22848 ], [ 109.29852, 12.22319 ], [ 109.3038, 12.2224 ], [ 109.30681, 12.21287 ], [ 109.31226, 12.21509 ], [ 109.31585, 12.22688 ], [ 109.31828, 12.22754 ], [ 109.32075, 12.22106 ], [ 109.33006, 12.22047 ], [ 109.33096, 12.21107 ], [ 109.32753, 12.20936 ], [ 109.32744, 12.2006 ], [ 109.33129, 12.20044 ], [ 109.33559, 12.19386 ], [ 109.32622, 12.19073 ], [ 109.32361, 12.1844 ], [ 109.31558, 12.18808 ], [ 109.32412, 12.19176 ], [ 109.32317, 12.19414 ], [ 109.31049, 12.18978 ], [ 109.29878, 12.19225 ], [ 109.29811, 12.19775 ], [ 109.30421, 12.20134 ], [ 109.30212, 12.20711 ], [ 109.28973, 12.19532 ], [ 109.28975, 12.18872 ], [ 109.29527, 12.18216 ], [ 109.28463, 12.18053 ], [ 109.27401, 12.18719 ], [ 109.26961, 12.19733 ], [ 109.25832, 12.19951 ], [ 109.24963, 12.20821 ], [ 109.24385, 12.20946 ] ] ], [ [ [ 109.21738, 12.26614 ], [ 109.21761, 12.26605 ], [ 109.21754, 12.26589 ], [ 109.21738, 12.26614 ] ] ], [ [ [ 109.20804, 12.26619 ], [ 109.20778, 12.26713 ], [ 109.20918, 12.26607 ], [ 109.20804, 12.26619 ] ] ], [ [ [ 109.24323, 12.29059 ], [ 109.2459, 12.28872 ], [ 109.24571, 12.28797 ], [ 109.24288, 12.28778 ], [ 109.24323, 12.29059 ] ] ], [ [ [ 108.80079, 12.07103 ], [ 108.80228, 12.07676 ], [ 108.79952, 12.08439 ], [ 108.79465, 12.08784 ], [ 108.79347, 12.09357 ], [ 108.79716, 12.09627 ], [ 108.79269, 12.11178 ], [ 108.78355, 12.12489 ], [ 108.79071, 12.15948 ], [ 108.78474, 12.15926 ], [ 108.77637, 12.16511 ], [ 108.76662, 12.15301 ], [ 108.76343, 12.15783 ], [ 108.75621, 12.15538 ], [ 108.73434, 12.15847 ], [ 108.71957, 12.17396 ], [ 108.71697, 12.18466 ], [ 108.70959, 12.18944 ], [ 108.72178, 12.21804 ], [ 108.719, 12.22489 ], [ 108.70247, 12.23707 ], [ 108.69941, 12.24511 ], [ 108.70576, 12.25458 ], [ 108.70253, 12.26453 ], [ 108.70615, 12.26939 ], [ 108.70204, 12.27455 ], [ 108.70086, 12.28778 ], [ 108.70314, 12.29753 ], [ 108.70741, 12.29976 ], [ 108.69927, 12.30936 ], [ 108.69289, 12.31265 ], [ 108.68841, 12.31102 ], [ 108.68601, 12.31676 ], [ 108.68049, 12.31663 ], [ 108.68536, 12.32336 ], [ 108.67696, 12.34825 ], [ 108.68299, 12.36203 ], [ 108.68754, 12.36438 ], [ 108.68929, 12.37314 ], [ 108.68777, 12.37805 ], [ 108.68256, 12.38013 ], [ 108.68563, 12.38279 ], [ 108.68536, 12.38984 ], [ 108.67873, 12.39205 ], [ 108.67282, 12.40206 ], [ 108.67831, 12.40811 ], [ 108.67972, 12.41563 ], [ 108.67585, 12.41568 ], [ 108.66932, 12.42274 ], [ 108.67268, 12.43153 ], [ 108.69877, 12.46128 ], [ 108.70202, 12.47423 ], [ 108.71537, 12.48431 ], [ 108.73927, 12.47507 ], [ 108.74837, 12.48067 ], [ 108.75113, 12.49757 ], [ 108.75515, 12.50056 ], [ 108.76394, 12.49813 ], [ 108.76851, 12.5039 ], [ 108.77591, 12.50578 ], [ 108.79417, 12.49747 ], [ 108.79732, 12.49108 ], [ 108.79538, 12.48654 ], [ 108.79942, 12.48031 ], [ 108.80426, 12.48019 ], [ 108.80802, 12.48466 ], [ 108.8143, 12.48321 ], [ 108.82041, 12.47487 ], [ 108.83438, 12.46905 ], [ 108.8368, 12.46303 ], [ 108.84658, 12.46181 ], [ 108.84955, 12.45746 ], [ 108.86321, 12.45316 ], [ 108.87026, 12.45332 ], [ 108.86777, 12.45563 ], [ 108.86957, 12.46691 ], [ 108.87567, 12.4696 ], [ 108.87839, 12.47945 ], [ 108.85825, 12.49205 ], [ 108.87283, 12.50643 ], [ 108.87298, 12.51293 ], [ 108.8783, 12.51385 ], [ 108.87328, 12.52664 ], [ 108.88275, 12.54135 ], [ 108.89008, 12.54523 ], [ 108.89731, 12.5643 ], [ 108.89305, 12.56748 ], [ 108.89458, 12.57471 ], [ 108.89209, 12.58029 ], [ 108.88368, 12.58093 ], [ 108.87876, 12.58804 ], [ 108.86399, 12.59399 ], [ 108.86156, 12.60611 ], [ 108.87492, 12.62517 ], [ 108.89497, 12.62423 ], [ 108.91128, 12.64037 ], [ 108.91456, 12.6608 ], [ 108.90169, 12.67203 ], [ 108.90277, 12.67638 ], [ 108.9189, 12.67925 ], [ 108.94266, 12.69427 ], [ 108.96069, 12.68479 ], [ 108.96655, 12.68655 ], [ 108.97807, 12.68229 ], [ 108.98914, 12.69059 ], [ 108.98557, 12.70342 ], [ 108.992628262366892, 12.708268581130417 ], [ 108.99541, 12.71443 ], [ 108.99456, 12.72103 ], [ 108.98738, 12.72709 ], [ 108.98434, 12.74433 ], [ 108.99155, 12.75448 ], [ 108.99133, 12.7616 ], [ 108.98547, 12.77101 ], [ 108.98788, 12.78152 ], [ 108.98077, 12.78286 ], [ 108.98061, 12.78665 ], [ 108.97706, 12.78452 ], [ 108.97559, 12.78978 ], [ 108.97191, 12.79065 ], [ 108.97611, 12.79653 ], [ 108.97052, 12.79998 ], [ 108.97392, 12.80452 ], [ 108.97265, 12.81561 ], [ 108.96425, 12.81615 ], [ 108.95332, 12.8102 ], [ 108.94825, 12.81126 ], [ 108.94621, 12.80594 ], [ 108.94086, 12.80706 ], [ 108.94024, 12.80471 ], [ 108.93781, 12.8102 ], [ 108.91708, 12.81122 ], [ 108.91148, 12.8086 ], [ 108.9036, 12.81436 ], [ 108.88693, 12.81722 ], [ 108.88045, 12.81386 ], [ 108.86775, 12.8169 ], [ 108.86462, 12.8244 ], [ 108.85542, 12.82818 ], [ 108.85009, 12.83566 ], [ 108.85048, 12.85423 ], [ 108.83308, 12.86209 ], [ 108.8299, 12.86709 ], [ 108.82217, 12.86679 ], [ 108.81557, 12.8747 ], [ 108.80522, 12.87425 ], [ 108.79744, 12.87117 ], [ 108.7971, 12.86765 ], [ 108.78962, 12.87172 ], [ 108.78461, 12.89026 ], [ 108.78066, 12.89688 ], [ 108.7742, 12.89922 ], [ 108.77049, 12.91625 ], [ 108.763, 12.9218 ], [ 108.76025, 12.93208 ], [ 108.75373, 12.93828 ], [ 108.75355, 12.94485 ], [ 108.71892, 12.95466 ], [ 108.71829, 12.94831 ], [ 108.71095, 12.94545 ], [ 108.71206, 12.94143 ], [ 108.70497, 12.94214 ], [ 108.70045, 12.94801 ], [ 108.70452, 12.95344 ], [ 108.70503, 12.96584 ], [ 108.69262, 12.97221 ], [ 108.69056, 12.98089 ], [ 108.67794, 12.9838 ], [ 108.6736, 12.99027 ], [ 108.67276, 12.99462 ], [ 108.68194, 12.99927 ], [ 108.69276, 13.01679 ], [ 108.71439, 13.01743 ], [ 108.75676, 13.03369 ], [ 108.74924, 13.09183 ], [ 108.75716, 13.10229 ], [ 108.76005, 13.11487 ], [ 108.76909, 13.11964 ], [ 108.75984, 13.12569 ], [ 108.76181, 13.13499 ], [ 108.77718, 13.13766 ], [ 108.77641, 13.14691 ], [ 108.7862, 13.14136 ], [ 108.79089, 13.14751 ], [ 108.7956, 13.14121 ], [ 108.79707, 13.15227 ], [ 108.80361, 13.1517 ], [ 108.80419, 13.14573 ], [ 108.81342, 13.15891 ], [ 108.82359, 13.15347 ], [ 108.82724, 13.16463 ], [ 108.83832, 13.16186 ], [ 108.84221, 13.16479 ], [ 108.83861, 13.17059 ], [ 108.84306, 13.17439 ], [ 108.84484, 13.18205 ], [ 108.84921, 13.18 ], [ 108.84835, 13.1901 ], [ 108.85493, 13.19382 ], [ 108.84779, 13.20273 ], [ 108.85098, 13.20853 ], [ 108.84952, 13.21541 ], [ 108.86362, 13.2251 ], [ 108.87036, 13.24585 ], [ 108.86777, 13.26134 ], [ 108.87305, 13.27912 ], [ 108.86746, 13.28846 ], [ 108.86069, 13.28673 ], [ 108.85265, 13.29302 ], [ 108.84001, 13.32312 ], [ 108.82677, 13.33585 ], [ 108.82424, 13.34356 ], [ 108.80806, 13.357 ], [ 108.81007, 13.35902 ], [ 108.8063, 13.36555 ], [ 108.80372, 13.38991 ], [ 108.80729, 13.39314 ], [ 108.80402, 13.41889 ], [ 108.80566, 13.4349 ], [ 108.79999, 13.44604 ], [ 108.79638, 13.44702 ], [ 108.79642, 13.45223 ], [ 108.79022, 13.4534 ], [ 108.79594, 13.46474 ], [ 108.7954, 13.47194 ], [ 108.79232, 13.47306 ], [ 108.78951, 13.46839 ], [ 108.78005, 13.46608 ], [ 108.77822, 13.4685 ], [ 108.76063, 13.46468 ], [ 108.75667, 13.45854 ], [ 108.75216, 13.4625 ], [ 108.7439, 13.4565 ], [ 108.73467, 13.45688 ], [ 108.72596, 13.46326 ], [ 108.71323, 13.46348 ], [ 108.71489, 13.47292 ], [ 108.70313, 13.486 ], [ 108.7124, 13.49967 ], [ 108.71414, 13.51766 ], [ 108.72667, 13.51938 ], [ 108.7326, 13.52872 ], [ 108.73229, 13.53898 ], [ 108.73609, 13.54821 ], [ 108.74136, 13.5569 ], [ 108.74789, 13.55613 ], [ 108.74912, 13.56684 ], [ 108.76795, 13.56148 ], [ 108.77425, 13.57027 ], [ 108.78041, 13.56887 ], [ 108.7853, 13.57763 ], [ 108.81469, 13.57632 ], [ 108.82067, 13.56737 ], [ 108.8276, 13.56437 ], [ 108.8448, 13.56379 ], [ 108.85113, 13.56902 ], [ 108.85755, 13.55268 ], [ 108.86406, 13.55278 ], [ 108.87006, 13.54589 ], [ 108.86804, 13.53458 ], [ 108.88834, 13.53691 ], [ 108.89469, 13.54117 ], [ 108.90341, 13.53815 ], [ 108.90666, 13.54191 ], [ 108.92025, 13.54099 ], [ 108.93246, 13.53161 ], [ 108.93301, 13.53359 ], [ 108.94427, 13.52893 ], [ 108.94478, 13.52624 ], [ 108.94891, 13.52682 ], [ 108.95847, 13.51514 ], [ 108.96176, 13.5176 ], [ 108.99444, 13.51653 ], [ 108.99904, 13.52288 ], [ 109.00761, 13.52347 ], [ 109.01119, 13.52715 ], [ 109.01832, 13.52567 ], [ 109.03131, 13.53418 ], [ 109.03339, 13.54234 ], [ 109.04008, 13.54804 ], [ 109.05234, 13.56864 ], [ 109.08286, 13.56721 ], [ 109.08347, 13.57142 ], [ 109.09332, 13.57183 ], [ 109.10813, 13.58827 ], [ 109.11587, 13.58352 ], [ 109.1179, 13.58559 ], [ 109.11307, 13.5915 ], [ 109.11791, 13.60234 ], [ 109.11544, 13.61405 ], [ 109.12689, 13.6201 ], [ 109.12276, 13.63218 ], [ 109.11845, 13.63426 ], [ 109.11982, 13.64064 ], [ 109.12261, 13.6441 ], [ 109.13242, 13.64085 ], [ 109.14473, 13.62963 ], [ 109.15237, 13.63376 ], [ 109.15418, 13.64599 ], [ 109.15142, 13.65542 ], [ 109.15503, 13.66278 ], [ 109.15626, 13.67837 ], [ 109.16493, 13.67706 ], [ 109.16949, 13.68208 ], [ 109.18258, 13.68317 ], [ 109.19086, 13.69348 ], [ 109.19966, 13.69506 ], [ 109.20758, 13.68027 ], [ 109.21255, 13.67867 ], [ 109.21739, 13.68141 ], [ 109.22602, 13.67836 ], [ 109.23365, 13.66976 ], [ 109.23017, 13.66591 ], [ 109.23309, 13.65293 ], [ 109.22838, 13.65204 ], [ 109.23022, 13.6461 ], [ 109.22595, 13.64473 ], [ 109.22591, 13.64099 ], [ 109.24895, 13.60002 ], [ 109.2756, 13.57511 ], [ 109.28622, 13.57208 ], [ 109.28857, 13.57668 ], [ 109.29856, 13.56739 ], [ 109.29034, 13.56792 ], [ 109.28999, 13.56059 ], [ 109.27994, 13.55676 ], [ 109.2763, 13.54472 ], [ 109.27941, 13.53273 ], [ 109.29588, 13.52633 ], [ 109.30034, 13.51904 ], [ 109.30222, 13.51912 ], [ 109.30056, 13.51568 ], [ 109.30103, 13.50777 ], [ 109.30245, 13.50674 ], [ 109.2949, 13.51178 ], [ 109.28772, 13.5004 ], [ 109.29269, 13.48291 ], [ 109.30695, 13.46563 ], [ 109.31944, 13.46678 ], [ 109.32188, 13.47534 ], [ 109.33007, 13.46888 ], [ 109.33014, 13.46212 ], [ 109.32224, 13.46504 ], [ 109.31617, 13.45819 ], [ 109.31989, 13.4441 ], [ 109.31048, 13.43795 ], [ 109.31216, 13.42658 ], [ 109.30957, 13.41752 ], [ 109.31184, 13.41438 ], [ 109.30286, 13.41604 ], [ 109.30453, 13.41218 ], [ 109.29976, 13.41224 ], [ 109.29831, 13.40455 ], [ 109.29316, 13.40714 ], [ 109.29453, 13.41303 ], [ 109.29118, 13.41698 ], [ 109.28768, 13.41402 ], [ 109.28632, 13.41537 ], [ 109.27274, 13.41562 ], [ 109.26837, 13.41234 ], [ 109.26547, 13.417 ], [ 109.26745, 13.42054 ], [ 109.25897, 13.42622 ], [ 109.26583, 13.43483 ], [ 109.27723, 13.43457 ], [ 109.28394, 13.44806 ], [ 109.28726, 13.44488 ], [ 109.29131, 13.4473 ], [ 109.29282, 13.4554 ], [ 109.28691, 13.46274 ], [ 109.27849, 13.46328 ], [ 109.26695, 13.47934 ], [ 109.25243, 13.48317 ], [ 109.24751, 13.49383 ], [ 109.24055, 13.49367 ], [ 109.24232, 13.48718 ], [ 109.2328, 13.48578 ], [ 109.2282, 13.48003 ], [ 109.23364, 13.47212 ], [ 109.2263, 13.46237 ], [ 109.22262, 13.44633 ], [ 109.22765, 13.43178 ], [ 109.23881, 13.42975 ], [ 109.23312, 13.42341 ], [ 109.22656, 13.42559 ], [ 109.22575, 13.42025 ], [ 109.21979, 13.41833 ], [ 109.21966, 13.41525 ], [ 109.23174, 13.41162 ], [ 109.22665, 13.40061 ], [ 109.22819, 13.3972 ], [ 109.22049, 13.39685 ], [ 109.2189, 13.39367 ], [ 109.22582, 13.39003 ], [ 109.2354, 13.3933 ], [ 109.23694, 13.38967 ], [ 109.24482, 13.38838 ], [ 109.24944, 13.3672 ], [ 109.26431, 13.35605 ], [ 109.27056, 13.36016 ], [ 109.26967, 13.36457 ], [ 109.29439, 13.36464 ], [ 109.29394, 13.36108 ], [ 109.29642, 13.3559 ], [ 109.29073, 13.35051 ], [ 109.2979, 13.34145 ], [ 109.29884, 13.33459 ], [ 109.28884, 13.33656 ], [ 109.28494, 13.33315 ], [ 109.2841, 13.31542 ], [ 109.29784, 13.28757 ], [ 109.3089, 13.27733 ], [ 109.31718, 13.2545 ], [ 109.30315, 13.24972 ], [ 109.30221, 13.2406 ], [ 109.30817, 13.22901 ], [ 109.29951, 13.22501 ], [ 109.29343, 13.21598 ], [ 109.2989, 13.19493 ], [ 109.30648, 13.18729 ], [ 109.3015, 13.18723 ], [ 109.29308, 13.16614 ], [ 109.29494, 13.14258 ], [ 109.30448, 13.12138 ], [ 109.33126, 13.08783 ], [ 109.36989, 13.01753 ], [ 109.41078, 12.96569 ], [ 109.42722, 12.94804 ], [ 109.43182, 12.94656 ], [ 109.42928, 12.93807 ], [ 109.44307, 12.91853 ], [ 109.45602, 12.91323 ], [ 109.45139, 12.8993 ], [ 109.45839, 12.89759 ], [ 109.45422, 12.88867 ], [ 109.45885, 12.88126 ], [ 109.45172, 12.87845 ], [ 109.45303, 12.86035 ], [ 109.43852, 12.8572 ], [ 109.42876, 12.84738 ], [ 109.41993, 12.84975 ], [ 109.43801, 12.86942 ], [ 109.43607, 12.88141 ], [ 109.42028, 12.87731 ], [ 109.42116, 12.87321 ], [ 109.4008, 12.86632 ], [ 109.40315, 12.85902 ], [ 109.40012, 12.85389 ], [ 109.39307, 12.85132 ], [ 109.38844, 12.84315 ], [ 109.37729, 12.83671 ], [ 109.36574, 12.83711 ], [ 109.35706, 12.8216 ], [ 109.35738, 12.8186 ], [ 109.36616, 12.81395 ], [ 109.36115, 12.81368 ], [ 109.35894, 12.81024 ], [ 109.35943, 12.79715 ], [ 109.37196, 12.75909 ], [ 109.40187, 12.70374 ], [ 109.40904, 12.69989 ], [ 109.4175, 12.70418 ], [ 109.41067, 12.69298 ], [ 109.42567, 12.66949 ], [ 109.43575, 12.66821 ], [ 109.4404, 12.67169 ], [ 109.4431, 12.66386 ], [ 109.45171, 12.66854 ], [ 109.45999, 12.65905 ], [ 109.45722, 12.65305 ], [ 109.46152, 12.648 ], [ 109.45406, 12.65057 ], [ 109.43884, 12.64798 ], [ 109.4351, 12.64143 ], [ 109.43424, 12.63406 ], [ 109.43692, 12.63092 ], [ 109.43284, 12.62414 ], [ 109.43565, 12.62291 ], [ 109.4349, 12.61671 ], [ 109.43797, 12.61234 ], [ 109.43362, 12.6122 ], [ 109.43562, 12.60602 ], [ 109.42941, 12.60122 ], [ 109.42952, 12.59641 ], [ 109.43562, 12.59488 ], [ 109.43773, 12.59706 ], [ 109.43612, 12.59032 ], [ 109.43852, 12.58863 ], [ 109.43537, 12.58559 ], [ 109.44025, 12.57998 ], [ 109.43967, 12.56743 ], [ 109.43266, 12.56233 ], [ 109.42792, 12.57569 ], [ 109.42514, 12.57352 ], [ 109.4159, 12.5769 ], [ 109.4122, 12.5862 ], [ 109.41522, 12.59023 ], [ 109.4146, 12.60315 ], [ 109.41082, 12.60514 ], [ 109.40776, 12.60197 ], [ 109.40323, 12.60775 ], [ 109.39741, 12.60714 ], [ 109.39528, 12.62072 ], [ 109.38989, 12.62897 ], [ 109.39674, 12.6332 ], [ 109.40067, 12.6318 ], [ 109.40141, 12.63494 ], [ 109.40801, 12.63299 ], [ 109.40975, 12.63666 ], [ 109.40524, 12.64002 ], [ 109.40918, 12.64151 ], [ 109.4071, 12.66924 ], [ 109.40598, 12.6716 ], [ 109.40309, 12.66934 ], [ 109.397, 12.67737 ], [ 109.39655, 12.68407 ], [ 109.39095, 12.67963 ], [ 109.39462, 12.67225 ], [ 109.3933, 12.66889 ], [ 109.37997, 12.66988 ], [ 109.37418, 12.67441 ], [ 109.36825, 12.67245 ], [ 109.36603, 12.66709 ], [ 109.37068, 12.65803 ], [ 109.3647, 12.65317 ], [ 109.36807, 12.6467 ], [ 109.36411, 12.64202 ], [ 109.36062, 12.6467 ], [ 109.36205, 12.65052 ], [ 109.35474, 12.65253 ], [ 109.35438, 12.65872 ], [ 109.35057, 12.66266 ], [ 109.34484, 12.66089 ], [ 109.33794, 12.65156 ], [ 109.33328, 12.66126 ], [ 109.32873, 12.66301 ], [ 109.34399, 12.66571 ], [ 109.35286, 12.69204 ], [ 109.35734, 12.69449 ], [ 109.35909, 12.68779 ], [ 109.36607, 12.68825 ], [ 109.37134, 12.69758 ], [ 109.36965, 12.70115 ], [ 109.3774, 12.70574 ], [ 109.37994, 12.71297 ], [ 109.37491, 12.71731 ], [ 109.35312, 12.76323 ], [ 109.35531, 12.78622 ], [ 109.3507, 12.79646 ], [ 109.35239, 12.79901 ], [ 109.33581, 12.79693 ], [ 109.32987, 12.7896 ], [ 109.32967, 12.77764 ], [ 109.32671, 12.77697 ], [ 109.32765, 12.76971 ], [ 109.32431, 12.764 ], [ 109.31513, 12.76543 ], [ 109.31011, 12.76027 ], [ 109.30452, 12.76077 ], [ 109.28854, 12.73832 ], [ 109.27374, 12.72891 ], [ 109.27544, 12.72724 ], [ 109.2695, 12.71792 ], [ 109.26595, 12.71731 ], [ 109.26286, 12.71017 ], [ 109.25912, 12.71003 ], [ 109.25617, 12.70245 ], [ 109.24193, 12.7025 ], [ 109.22896, 12.69471 ], [ 109.21052, 12.66774 ], [ 109.21022, 12.66213 ], [ 109.21588, 12.65451 ], [ 109.21462, 12.64882 ], [ 109.21136, 12.64652 ], [ 109.20355, 12.64967 ], [ 109.19405, 12.63971 ], [ 109.19029, 12.63001 ], [ 109.19646, 12.61984 ], [ 109.20121, 12.62167 ], [ 109.20515, 12.61693 ], [ 109.19939, 12.60465 ], [ 109.20268, 12.60237 ], [ 109.20127, 12.5956 ], [ 109.20415, 12.59411 ], [ 109.19517, 12.57568 ], [ 109.19654, 12.56955 ], [ 109.20155, 12.56662 ], [ 109.20309, 12.56965 ], [ 109.21169, 12.56995 ], [ 109.21561, 12.57612 ], [ 109.21976, 12.57639 ], [ 109.22305, 12.58641 ], [ 109.23186, 12.5934 ], [ 109.24347, 12.58611 ], [ 109.24504, 12.57418 ], [ 109.23645, 12.57351 ], [ 109.2303, 12.5492 ], [ 109.23034, 12.53442 ], [ 109.23307, 12.52471 ], [ 109.23772, 12.52064 ], [ 109.23894, 12.5092 ], [ 109.25169, 12.50671 ], [ 109.27716, 12.48584 ], [ 109.28092, 12.48956 ], [ 109.27782, 12.49299 ], [ 109.28562, 12.4891 ], [ 109.29176, 12.47977 ], [ 109.29607, 12.47886 ], [ 109.29748, 12.47328 ], [ 109.29285, 12.46999 ], [ 109.29319, 12.46195 ], [ 109.28778, 12.45651 ], [ 109.28992, 12.44936 ], [ 109.28575, 12.44473 ], [ 109.2897, 12.42791 ], [ 109.29536, 12.42252 ], [ 109.29874, 12.42489 ], [ 109.30244, 12.41828 ], [ 109.30774, 12.41608 ], [ 109.32025, 12.41755 ], [ 109.32983, 12.40701 ], [ 109.3369, 12.40835 ], [ 109.34188, 12.39671 ], [ 109.33731, 12.38795 ], [ 109.33103, 12.38852 ], [ 109.32559, 12.38442 ], [ 109.33046, 12.37785 ], [ 109.3275, 12.37284 ], [ 109.32011, 12.37723 ], [ 109.31918, 12.38353 ], [ 109.31461, 12.38779 ], [ 109.30785, 12.38822 ], [ 109.30202, 12.37997 ], [ 109.30061, 12.35491 ], [ 109.29283, 12.34592 ], [ 109.28174, 12.34952 ], [ 109.27718, 12.35852 ], [ 109.26828, 12.35782 ], [ 109.26097, 12.36238 ], [ 109.26035, 12.37184 ], [ 109.2649, 12.37548 ], [ 109.24535, 12.39612 ], [ 109.24413, 12.40346 ], [ 109.23772, 12.40488 ], [ 109.23691, 12.4125 ], [ 109.23095, 12.4118 ], [ 109.22542, 12.41639 ], [ 109.22709, 12.41919 ], [ 109.20743, 12.4379 ], [ 109.19763, 12.43977 ], [ 109.1781, 12.45552 ], [ 109.15668, 12.42362 ], [ 109.16036, 12.41888 ], [ 109.15881, 12.41156 ], [ 109.16349, 12.40459 ], [ 109.17169, 12.40226 ], [ 109.17272, 12.40783 ], [ 109.17844, 12.40273 ], [ 109.18485, 12.40453 ], [ 109.1922, 12.39753 ], [ 109.1983, 12.39859 ], [ 109.20129, 12.38887 ], [ 109.19647, 12.37764 ], [ 109.19869, 12.36655 ], [ 109.1959, 12.35974 ], [ 109.19923, 12.3555 ], [ 109.1984, 12.34653 ], [ 109.20406, 12.34291 ], [ 109.20187, 12.33608 ], [ 109.20953, 12.33179 ], [ 109.21284, 12.32377 ], [ 109.22138, 12.32163 ], [ 109.23473, 12.30795 ], [ 109.24249, 12.30536 ], [ 109.23522, 12.29533 ], [ 109.22062, 12.29578 ], [ 109.2076, 12.29088 ], [ 109.20318, 12.28219 ], [ 109.20289, 12.27465 ], [ 109.20695, 12.27304 ], [ 109.20692, 12.26751 ], [ 109.20026, 12.2637 ], [ 109.19717, 12.25429 ], [ 109.1984, 12.23574 ], [ 109.20734, 12.21796 ], [ 109.21687, 12.21131 ], [ 109.21798, 12.20412 ], [ 109.21561, 12.20658 ], [ 109.21573, 12.19758 ], [ 109.20666, 12.1889 ], [ 109.20972, 12.18429 ], [ 109.20789, 12.17555 ], [ 109.20522, 12.17146 ], [ 109.20161, 12.17323 ], [ 109.19838, 12.17058 ], [ 109.20112, 12.1678 ], [ 109.19807, 12.16618 ], [ 109.22072, 12.15407 ], [ 109.22356, 12.14085 ], [ 109.21415, 12.13667 ], [ 109.21188, 12.12294 ], [ 109.20656, 12.11801 ], [ 109.19662, 12.11762 ], [ 109.19526, 12.08961 ], [ 109.20385, 12.05917 ], [ 109.24195, 11.98814 ], [ 109.25459, 11.97548 ], [ 109.25995, 11.97899 ], [ 109.26542, 11.97444 ], [ 109.27013, 11.97494 ], [ 109.2727, 11.95931 ], [ 109.27016, 11.95731 ], [ 109.27386, 11.95186 ], [ 109.28415, 11.9542 ], [ 109.28221, 11.94495 ], [ 109.27599, 11.94438 ], [ 109.2744, 11.93532 ], [ 109.26542, 11.93558 ], [ 109.25831, 11.92367 ], [ 109.26246, 11.90187 ], [ 109.26955, 11.89558 ], [ 109.26696, 11.89293 ], [ 109.27085, 11.88767 ], [ 109.27521, 11.88814 ], [ 109.27217, 11.88226 ], [ 109.27777, 11.88302 ], [ 109.28082, 11.8768 ], [ 109.27146, 11.86214 ], [ 109.26295, 11.86102 ], [ 109.25993, 11.86559 ], [ 109.25485, 11.86452 ], [ 109.24894, 11.8523 ], [ 109.24686, 11.85626 ], [ 109.24931, 11.86315 ], [ 109.24469, 11.86665 ], [ 109.24116, 11.86462 ], [ 109.23999, 11.87486 ], [ 109.23177, 11.8808 ], [ 109.2242, 11.88143 ], [ 109.22121, 11.87807 ], [ 109.21983, 11.88136 ], [ 109.21281, 11.8825 ], [ 109.19016, 11.87009 ], [ 109.17973, 11.8548 ], [ 109.18355, 11.85096 ], [ 109.17757, 11.84337 ], [ 109.17942, 11.83441 ], [ 109.18486, 11.83044 ], [ 109.18199, 11.82933 ], [ 109.18195, 11.81656 ], [ 109.19523, 11.81123 ], [ 109.18678, 11.81285 ], [ 109.1274, 11.80452 ], [ 109.11343, 11.80711 ], [ 109.10822, 11.80523 ], [ 109.10623, 11.80977 ], [ 109.09212, 11.81702 ], [ 109.0892, 11.82604 ], [ 109.07572, 11.8351 ], [ 109.05818, 11.86136 ], [ 109.05386, 11.88473 ], [ 109.04722, 11.89885 ], [ 109.03486, 11.91026 ], [ 109.01947, 11.91108 ], [ 109.00491, 11.9239 ], [ 108.98865, 11.91532 ], [ 108.97224, 11.91779 ], [ 108.96259, 11.92487 ], [ 108.95525, 11.92585 ], [ 108.95313, 11.93201 ], [ 108.94609, 11.93794 ], [ 108.94012, 11.93604 ], [ 108.92614, 11.94078 ], [ 108.91547, 11.95231 ], [ 108.90752, 11.94806 ], [ 108.90485, 11.95035 ], [ 108.89327, 11.94695 ], [ 108.87818, 11.96174 ], [ 108.87228, 11.95836 ], [ 108.86505, 11.96797 ], [ 108.85129, 11.96378 ], [ 108.84779, 11.96716 ], [ 108.84903, 11.97265 ], [ 108.84515, 11.98007 ], [ 108.85728, 11.99355 ], [ 108.85513, 12.01765 ], [ 108.83576, 12.02235 ], [ 108.82208, 12.03111 ], [ 108.81916, 12.03934 ], [ 108.8046, 12.04555 ], [ 108.7997, 12.0445 ], [ 108.80803, 12.05855 ], [ 108.80079, 12.07103 ] ] ], [ [ [ 109.21589, 12.35771 ], [ 109.21189, 12.35882 ], [ 109.21034, 12.36071 ], [ 109.21861, 12.3609 ], [ 109.21589, 12.35771 ] ] ], [ [ [ 109.20476, 12.36328 ], [ 109.20546, 12.36332 ], [ 109.20563, 12.36303 ], [ 109.20476, 12.36328 ] ] ], [ [ [ 109.21729, 12.38496 ], [ 109.21693, 12.38833 ], [ 109.21903, 12.38276 ], [ 109.21729, 12.38496 ] ] ], [ [ [ 109.23519, 12.38084 ], [ 109.22115, 12.38801 ], [ 109.22986, 12.39955 ], [ 109.23762, 12.39491 ], [ 109.24034, 12.38845 ], [ 109.23852, 12.38299 ], [ 109.23519, 12.38084 ] ] ], [ [ [ 109.22456, 12.401 ], [ 109.22478, 12.39822 ], [ 109.22057, 12.39997 ], [ 109.22456, 12.401 ] ] ], [ [ [ 109.21609, 12.40257 ], [ 109.22015, 12.40166 ], [ 109.2187, 12.39985 ], [ 109.21609, 12.40257 ] ] ], [ [ [ 109.20307, 12.40234 ], [ 109.20273, 12.40034 ], [ 109.20178, 12.40129 ], [ 109.20307, 12.40234 ] ] ], [ [ [ 109.17344, 12.41113 ], [ 109.17417, 12.41171 ], [ 109.17405, 12.41101 ], [ 109.17344, 12.41113 ] ] ], [ [ [ 109.29467, 12.63635 ], [ 109.29557, 12.63997 ], [ 109.29661, 12.63886 ], [ 109.29467, 12.63635 ] ] ], [ [ [ 109.21853, 12.64417 ], [ 109.21907, 12.64018 ], [ 109.21632, 12.64326 ], [ 109.21853, 12.64417 ] ] ], [ [ [ 109.21792, 12.64815 ], [ 109.2173, 12.64822 ], [ 109.21854, 12.64957 ], [ 109.21792, 12.64815 ] ] ], [ [ [ 109.26329, 12.67662 ], [ 109.26092, 12.67802 ], [ 109.26349, 12.67733 ], [ 109.26498, 12.67777 ], [ 109.26329, 12.67662 ] ] ], [ [ [ 109.28097, 12.6941 ], [ 109.28138, 12.69598 ], [ 109.28729, 12.70121 ], [ 109.28097, 12.6941 ] ] ], [ [ [ 109.28851, 12.70272 ], [ 109.28884, 12.70414 ], [ 109.2923, 12.70717 ], [ 109.28851, 12.70272 ] ] ], [ [ [ 109.28001, 13.38086 ], [ 109.28164, 13.38 ], [ 109.27998, 13.37941 ], [ 109.28001, 13.38086 ] ] ], [ [ [ 109.28212, 13.38026 ], [ 109.28201, 13.38065 ], [ 109.28213, 13.38065 ], [ 109.28212, 13.38026 ] ] ], [ [ [ 109.2824, 13.38124 ], [ 109.28223, 13.38128 ], [ 109.28228, 13.38159 ], [ 109.2824, 13.38124 ] ] ], [ [ [ 109.24709, 13.39745 ], [ 109.24088, 13.39406 ], [ 109.24605, 13.3976 ], [ 109.24709, 13.39745 ] ] ], [ [ [ 109.27051, 13.41301 ], [ 109.27026, 13.41309 ], [ 109.27046, 13.41317 ], [ 109.27051, 13.41301 ] ] ], [ [ [ 109.27065, 13.41328 ], [ 109.271, 13.41314 ], [ 109.27071, 13.41308 ], [ 109.27065, 13.41328 ] ] ], [ [ [ 109.27137, 13.41351 ], [ 109.2718, 13.41361 ], [ 109.27203, 13.4134 ], [ 109.27137, 13.41351 ] ] ], [ [ [ 109.28287, 13.41354 ], [ 109.28265, 13.41365 ], [ 109.28288, 13.41373 ], [ 109.28287, 13.41354 ] ] ], [ [ [ 109.28351, 13.41359 ], [ 109.28349, 13.41373 ], [ 109.28372, 13.41361 ], [ 109.28351, 13.41359 ] ] ], [ [ [ 109.28445, 13.4143 ], [ 109.2843, 13.41443 ], [ 109.28449, 13.41455 ], [ 109.28445, 13.4143 ] ] ], [ [ [ 109.2896, 13.41523 ], [ 109.29088, 13.41399 ], [ 109.2901, 13.4137 ], [ 109.2896, 13.41523 ] ] ], [ [ [ 109.26533, 13.41452 ], [ 109.26553, 13.41463 ], [ 109.2657, 13.4144 ], [ 109.26533, 13.41452 ] ] ], [ [ [ 109.26498, 13.41521 ], [ 109.2653, 13.41498 ], [ 109.26512, 13.41492 ], [ 109.26498, 13.41521 ] ] ], [ [ [ 109.26477, 13.41537 ], [ 109.26466, 13.41567 ], [ 109.26492, 13.41543 ], [ 109.26477, 13.41537 ] ] ], [ [ [ 109.22984, 13.41809 ], [ 109.22771, 13.41915 ], [ 109.22819, 13.42042 ], [ 109.22984, 13.41809 ] ] ], [ [ [ 109.25355, 13.45574 ], [ 109.25436, 13.45105 ], [ 109.24917, 13.44871 ], [ 109.25355, 13.45574 ] ] ], [ [ [ 109.27435, 13.45726 ], [ 109.27317, 13.45495 ], [ 109.27059, 13.45931 ], [ 109.27224, 13.4612 ], [ 109.27435, 13.45726 ] ] ], [ [ [ 109.26135, 13.46831 ], [ 109.26249, 13.4687 ], [ 109.26173, 13.46716 ], [ 109.26135, 13.46831 ] ] ], [ [ [ 109.24893, 13.48152 ], [ 109.24828, 13.48051 ], [ 109.24748, 13.4813 ], [ 109.24893, 13.48152 ] ] ], [ [ [ 109.28569, 13.5318 ], [ 109.28545, 13.53206 ], [ 109.28564, 13.53206 ], [ 109.28569, 13.5318 ] ] ], [ [ [ 109.28375, 13.53216 ], [ 109.28375, 13.53205 ], [ 109.28355, 13.53212 ], [ 109.28375, 13.53216 ] ] ], [ [ [ 109.28566, 13.55622 ], [ 109.28548, 13.55627 ], [ 109.28563, 13.55634 ], [ 109.28566, 13.55622 ] ] ], [ [ [ 109.28529, 13.55635 ], [ 109.2854, 13.55644 ], [ 109.28545, 13.55638 ], [ 109.28529, 13.55635 ] ] ], [ [ [ 109.28497, 13.5563 ], [ 109.28477, 13.55658 ], [ 109.28529, 13.55646 ], [ 109.28497, 13.5563 ] ] ], [ [ [ 109.28639, 13.55719 ], [ 109.28624, 13.55724 ], [ 109.28635, 13.55746 ], [ 109.28639, 13.55719 ] ] ], [ [ [ 109.28703, 13.57883 ], [ 109.28725, 13.57925 ], [ 109.28744, 13.57852 ], [ 109.28703, 13.57883 ] ] ], [ [ [ 109.28735, 13.57987 ], [ 109.28751, 13.57943 ], [ 109.28735, 13.57945 ], [ 109.28735, 13.57987 ] ] ], [ [ [ 109.32317, 12.00693 ], [ 109.32365, 12.00329 ], [ 109.32121, 12.00472 ], [ 109.32317, 12.00693 ] ] ], [ [ [ 109.32548, 12.03211 ], [ 109.32489, 12.0299 ], [ 109.32413, 12.03158 ], [ 109.32548, 12.03211 ] ] ], [ [ [ 109.32463, 12.03318 ], [ 109.3259, 12.03351 ], [ 109.32528, 12.0328 ], [ 109.32463, 12.03318 ] ] ], [ [ [ 109.32588, 12.04646 ], [ 109.32401, 12.03453 ], [ 109.32138, 12.03905 ], [ 109.32588, 12.04646 ] ] ], [ [ [ 109.32793, 12.04579 ], [ 109.32858, 12.04589 ], [ 109.32848, 12.04553 ], [ 109.32793, 12.04579 ] ] ], [ [ [ 109.3257, 12.04892 ], [ 109.32743, 12.04881 ], [ 109.32639, 12.04699 ], [ 109.3257, 12.04892 ] ] ], [ [ [ 109.3178, 12.16401 ], [ 109.31859, 12.16367 ], [ 109.31855, 12.16287 ], [ 109.3178, 12.16401 ] ] ], [ [ [ 109.31342, 12.16234 ], [ 109.30912, 12.16549 ], [ 109.30127, 12.16352 ], [ 109.29686, 12.16696 ], [ 109.29771, 12.17097 ], [ 109.30317, 12.17179 ], [ 109.31666, 12.16499 ], [ 109.31342, 12.16234 ] ] ], [ [ [ 109.31363, 12.17097 ], [ 109.31296, 12.16995 ], [ 109.31255, 12.17054 ], [ 109.31363, 12.17097 ] ] ], [ [ [ 109.345, 12.18985 ], [ 109.34539, 12.18942 ], [ 109.34499, 12.1894 ], [ 109.345, 12.18985 ] ] ], [ [ [ 109.34221, 12.19073 ], [ 109.34468, 12.19043 ], [ 109.34414, 12.18957 ], [ 109.34221, 12.19073 ] ] ], [ [ [ 109.34111, 12.191 ], [ 109.34197, 12.19025 ], [ 109.34069, 12.19051 ], [ 109.34111, 12.191 ] ] ], [ [ [ 109.33687, 12.19326 ], [ 109.33623, 12.19439 ], [ 109.33759, 12.19318 ], [ 109.33687, 12.19326 ] ] ], [ [ [ 109.35968, 12.2678 ], [ 109.35775, 12.27215 ], [ 109.3624, 12.27398 ], [ 109.3641, 12.27072 ], [ 109.35968, 12.2678 ] ] ], [ [ [ 109.37052, 12.27735 ], [ 109.37124, 12.27651 ], [ 109.37054, 12.27659 ], [ 109.37052, 12.27735 ] ] ], [ [ [ 109.37097, 12.27919 ], [ 109.37141, 12.27819 ], [ 109.3708, 12.2784 ], [ 109.37097, 12.27919 ] ] ], [ [ [ 109.37126, 12.28105 ], [ 109.36837, 12.28181 ], [ 109.36911, 12.28575 ], [ 109.37055, 12.28507 ], [ 109.37126, 12.28105 ] ] ], [ [ [ 109.36826, 12.36736 ], [ 109.37184, 12.36967 ], [ 109.38026, 12.35639 ], [ 109.37407, 12.35855 ], [ 109.36826, 12.36736 ] ] ], [ [ [ 109.3034, 12.47657 ], [ 109.30759, 12.47637 ], [ 109.30527, 12.47545 ], [ 109.3034, 12.47657 ] ] ], [ [ [ 109.34654, 12.4894 ], [ 109.3504, 12.48561 ], [ 109.35499, 12.48716 ], [ 109.35584, 12.48323 ], [ 109.36047, 12.48255 ], [ 109.35261, 12.4773 ], [ 109.3512, 12.48217 ], [ 109.34647, 12.48446 ], [ 109.34654, 12.4894 ] ] ], [ [ [ 109.31496, 12.49706 ], [ 109.30092, 12.48631 ], [ 109.29157, 12.48571 ], [ 109.29429, 12.49427 ], [ 109.31496, 12.49706 ] ] ], [ [ [ 109.32842, 12.49411 ], [ 109.32851, 12.49309 ], [ 109.32656, 12.49323 ], [ 109.32842, 12.49411 ] ] ], [ [ [ 109.39969, 12.57638 ], [ 109.39772, 12.57131 ], [ 109.41336, 12.55707 ], [ 109.4084, 12.55045 ], [ 109.39831, 12.54966 ], [ 109.38428, 12.56114 ], [ 109.3847, 12.56593 ], [ 109.37421, 12.56674 ], [ 109.36, 12.5819 ], [ 109.35559, 12.58119 ], [ 109.35102, 12.58647 ], [ 109.33887, 12.58949 ], [ 109.33965, 12.60198 ], [ 109.33286, 12.60815 ], [ 109.32576, 12.60906 ], [ 109.31745, 12.60359 ], [ 109.30291, 12.61909 ], [ 109.30462, 12.63013 ], [ 109.31614, 12.63576 ], [ 109.31819, 12.63969 ], [ 109.33845, 12.63136 ], [ 109.34261, 12.63307 ], [ 109.34417, 12.62762 ], [ 109.35606, 12.62579 ], [ 109.36357, 12.63244 ], [ 109.385, 12.62367 ], [ 109.38499, 12.6051 ], [ 109.39745, 12.59264 ], [ 109.39485, 12.58568 ], [ 109.39969, 12.57638 ] ] ], [ [ [ 109.30427, 12.59988 ], [ 109.30502, 12.59857 ], [ 109.3045, 12.5973 ], [ 109.30427, 12.59988 ] ] ], [ [ [ 109.30374, 12.63626 ], [ 109.297, 12.63437 ], [ 109.30166, 12.6373 ], [ 109.30374, 12.63626 ] ] ], [ [ [ 109.30598, 12.63634 ], [ 109.30698, 12.63876 ], [ 109.30902, 12.6378 ], [ 109.30881, 12.63596 ], [ 109.30598, 12.63634 ] ] ], [ [ [ 109.32442, 12.6399 ], [ 109.32532, 12.64004 ], [ 109.3244, 12.6393 ], [ 109.32442, 12.6399 ] ] ], [ [ [ 109.3163, 12.64142 ], [ 109.3149, 12.6451 ], [ 109.31774, 12.64542 ], [ 109.31823, 12.64338 ], [ 109.3163, 12.64142 ] ] ], [ [ [ 109.34352, 12.64172 ], [ 109.33886, 12.64748 ], [ 109.33991, 12.65082 ], [ 109.34976, 12.65147 ], [ 109.34826, 12.64343 ], [ 109.34352, 12.64172 ] ] ], [ [ [ 109.36563, 12.70301 ], [ 109.36903, 12.70808 ], [ 109.37254, 12.70798 ], [ 109.36951, 12.70118 ], [ 109.36563, 12.70301 ] ] ], [ [ [ 109.31211, 12.72346 ], [ 109.30284, 12.71196 ], [ 109.29474, 12.71117 ], [ 109.29744, 12.71995 ], [ 109.31211, 12.72346 ] ] ], [ [ [ 109.31994, 12.72891 ], [ 109.32122, 12.73103 ], [ 109.32141, 12.72889 ], [ 109.31994, 12.72891 ] ] ], [ [ [ 109.33144, 12.73945 ], [ 109.33095, 12.73881 ], [ 109.33042, 12.73897 ], [ 109.33144, 12.73945 ] ] ], [ [ [ 109.30614, 12.74891 ], [ 109.30426, 12.75074 ], [ 109.30618, 12.75071 ], [ 109.30614, 12.74891 ] ] ], [ [ [ 109.34519, 12.75558 ], [ 109.34583, 12.75434 ], [ 109.34324, 12.75426 ], [ 109.34519, 12.75558 ] ] ], [ [ [ 109.32347, 13.16717 ], [ 109.32066, 13.16701 ], [ 109.32164, 13.16876 ], [ 109.32347, 13.16717 ] ] ], [ [ [ 109.31958, 13.17163 ], [ 109.31998, 13.17216 ], [ 109.3203, 13.17153 ], [ 109.31958, 13.17163 ] ] ], [ [ [ 109.3189, 13.17222 ], [ 109.31949, 13.17262 ], [ 109.31943, 13.1719 ], [ 109.3189, 13.17222 ] ] ], [ [ [ 109.31051, 13.18005 ], [ 109.31355, 13.17992 ], [ 109.31167, 13.17336 ], [ 109.30893, 13.17639 ], [ 109.31051, 13.18005 ] ] ], [ [ [ 109.30845, 13.22581 ], [ 109.30909, 13.22492 ], [ 109.30709, 13.22596 ], [ 109.30845, 13.22581 ] ] ], [ [ [ 109.30673, 13.22691 ], [ 109.30729, 13.22682 ], [ 109.30727, 13.22655 ], [ 109.30673, 13.22691 ] ] ], [ [ [ 109.34245, 13.28338 ], [ 109.34177, 13.27802 ], [ 109.33791, 13.27533 ], [ 109.33053, 13.27618 ], [ 109.32832, 13.28632 ], [ 109.33202, 13.28951 ], [ 109.33831, 13.28177 ], [ 109.34245, 13.28338 ] ] ], [ [ [ 109.29691, 13.3331 ], [ 109.29823, 13.33323 ], [ 109.29784, 13.33304 ], [ 109.29691, 13.3331 ] ] ], [ [ [ 109.29986, 13.33526 ], [ 109.29972, 13.33577 ], [ 109.30005, 13.33556 ], [ 109.29986, 13.33526 ] ] ], [ [ [ 109.2988, 13.34048 ], [ 109.29893, 13.3407 ], [ 109.29894, 13.34034 ], [ 109.2988, 13.34048 ] ] ], [ [ [ 109.29868, 13.34099 ], [ 109.29884, 13.34105 ], [ 109.29887, 13.3409 ], [ 109.29868, 13.34099 ] ] ], [ [ [ 109.29564, 13.35437 ], [ 109.29591, 13.35444 ], [ 109.29593, 13.35426 ], [ 109.29564, 13.35437 ] ] ], [ [ [ 109.29626, 13.35467 ], [ 109.29604, 13.35493 ], [ 109.29627, 13.35479 ], [ 109.29626, 13.35467 ] ] ], [ [ [ 109.29679, 13.35588 ], [ 109.29649, 13.35694 ], [ 109.29694, 13.35638 ], [ 109.29679, 13.35588 ] ] ], [ [ [ 109.29565, 13.35803 ], [ 109.29582, 13.35745 ], [ 109.29571, 13.35746 ], [ 109.29565, 13.35803 ] ] ], [ [ [ 109.29672, 13.35784 ], [ 109.29651, 13.35812 ], [ 109.29674, 13.35836 ], [ 109.29672, 13.35784 ] ] ], [ [ [ 109.31158, 13.41296 ], [ 109.31152, 13.41324 ], [ 109.31171, 13.41302 ], [ 109.31158, 13.41296 ] ] ], [ [ [ 109.31009, 13.41693 ], [ 109.30998, 13.41731 ], [ 109.31023, 13.41719 ], [ 109.31009, 13.41693 ] ] ], [ [ [ 109.31142, 13.42045 ], [ 109.31149, 13.42056 ], [ 109.31169, 13.4205 ], [ 109.31142, 13.42045 ] ] ], [ [ [ 109.3112, 13.4206 ], [ 109.31132, 13.42089 ], [ 109.31139, 13.42058 ], [ 109.3112, 13.4206 ] ] ], [ [ [ 109.30084, 13.50568 ], [ 109.30096, 13.50556 ], [ 109.30086, 13.50555 ], [ 109.30084, 13.50568 ] ] ], [ [ [ 109.30131, 13.50557 ], [ 109.30115, 13.50566 ], [ 109.30129, 13.50569 ], [ 109.30131, 13.50557 ] ] ], [ [ [ 109.30116, 13.51172 ], [ 109.30129, 13.51159 ], [ 109.30118, 13.51157 ], [ 109.30116, 13.51172 ] ] ], [ [ [ 109.30116, 13.512 ], [ 109.30129, 13.51201 ], [ 109.3013, 13.5119 ], [ 109.30116, 13.512 ] ] ], [ [ [ 109.30183, 13.51724 ], [ 109.30204, 13.51765 ], [ 109.30213, 13.51716 ], [ 109.30183, 13.51724 ] ] ], [ [ [ 109.30171, 13.5178 ], [ 109.30188, 13.51767 ], [ 109.3016, 13.51744 ], [ 109.30171, 13.5178 ] ] ], [ [ [ 109.30027, 13.51962 ], [ 109.30044, 13.51965 ], [ 109.30045, 13.51941 ], [ 109.30027, 13.51962 ] ] ], [ [ [ 109.3009, 13.52195 ], [ 109.30072, 13.52191 ], [ 109.30074, 13.52213 ], [ 109.3009, 13.52195 ] ] ], [ [ [ 109.29904, 13.52284 ], [ 109.29923, 13.5227 ], [ 109.29919, 13.52253 ], [ 109.29904, 13.52284 ] ] ], [ [ [ 109.2987, 13.5681 ], [ 109.29876, 13.56827 ], [ 109.2989, 13.56811 ], [ 109.2987, 13.5681 ] ] ], [ [ [ 109.29862, 13.56826 ], [ 109.29829, 13.56852 ], [ 109.29868, 13.56837 ], [ 109.29862, 13.56826 ] ] ], [ [ [ 113.59455, 6.94117 ], [ 113.59265, 6.93602 ], [ 113.58086, 6.93106 ], [ 113.57083, 6.93599 ], [ 113.56816, 6.94562 ], [ 113.5731, 6.9565 ], [ 113.58157, 6.95602 ], [ 113.59455, 6.94117 ] ] ], [ [ [ 110.47882, 7.22617 ], [ 110.47222, 7.22322 ], [ 110.46586, 7.2249 ], [ 110.46314, 7.23002 ], [ 110.46822, 7.23726 ], [ 110.47635, 7.23691 ], [ 110.4795, 7.23218 ], [ 110.47882, 7.22617 ] ] ], [ [ [ 113.8251, 7.38648 ], [ 113.84725, 7.38473 ], [ 113.8524, 7.37756 ], [ 113.83313, 7.36627 ], [ 113.81544, 7.36553 ], [ 113.78442, 7.37528 ], [ 113.8251, 7.38648 ] ] ], [ [ [ 109.86285, 7.40412 ], [ 109.85956, 7.40642 ], [ 109.85933, 7.41298 ], [ 109.86332, 7.41825 ], [ 109.87361, 7.41947 ], [ 109.87774, 7.41533 ], [ 109.87824, 7.40728 ], [ 109.86285, 7.40412 ] ] ], [ [ [ 109.66764, 7.53713 ], [ 109.64138, 7.51312 ], [ 109.63138, 7.51056 ], [ 109.62486, 7.5143 ], [ 109.62452, 7.53061 ], [ 109.63738, 7.54027 ], [ 109.65843, 7.56744 ], [ 109.69829, 7.58543 ], [ 109.7087, 7.58453 ], [ 109.7135, 7.57329 ], [ 109.70927, 7.56655 ], [ 109.66764, 7.53713 ] ] ], [ [ [ 109.93439, 7.5496 ], [ 109.93018, 7.54209 ], [ 109.92113, 7.53835 ], [ 109.90543, 7.54023 ], [ 109.89257, 7.54799 ], [ 109.89746, 7.55409 ], [ 109.9138, 7.55827 ], [ 109.92551, 7.55622 ], [ 109.93439, 7.5496 ] ] ], [ [ [ 111.55297, 7.53645 ], [ 111.54551, 7.53274 ], [ 111.53203, 7.53807 ], [ 111.54031, 7.56618 ], [ 111.54601, 7.6075 ], [ 111.55198, 7.61471 ], [ 111.57617, 7.60728 ], [ 111.59351, 7.61105 ], [ 111.61519, 7.60607 ], [ 111.62884, 7.60703 ], [ 111.61409, 7.58917 ], [ 111.58996, 7.59292 ], [ 111.57441, 7.58113 ], [ 111.55406, 7.557 ], [ 111.556, 7.54424 ], [ 111.55297, 7.53645 ] ] ], [ [ [ 109.86195, 7.57113 ], [ 109.87014, 7.55593 ], [ 109.86482, 7.55106 ], [ 109.84936, 7.5563 ], [ 109.80049, 7.55522 ], [ 109.77511, 7.56588 ], [ 109.74022, 7.56348 ], [ 109.73396, 7.57225 ], [ 109.74101, 7.58806 ], [ 109.7582, 7.59922 ], [ 109.82234, 7.60379 ], [ 109.83335, 7.59941 ], [ 109.84729, 7.58809 ], [ 109.86195, 7.57113 ] ] ], [ [ [ 113.81197, 7.6155 ], [ 113.76373, 7.60804 ], [ 113.74789, 7.60994 ], [ 113.77902, 7.62753 ], [ 113.82819, 7.63779 ], [ 113.8284, 7.62953 ], [ 113.82013, 7.61974 ], [ 113.81197, 7.6155 ] ] ], [ [ [ 111.65091, 7.64525 ], [ 111.6595, 7.6421 ], [ 111.66068, 7.65511 ], [ 111.6716, 7.66159 ], [ 111.68089, 7.66111 ], [ 111.67832, 7.65066 ], [ 111.68425, 7.65542 ], [ 111.68775, 7.66029 ], [ 111.68428, 7.67168 ], [ 111.68684, 7.67435 ], [ 111.69381, 7.67573 ], [ 111.70135, 7.67212 ], [ 111.70798, 7.67501 ], [ 111.70692, 7.66967 ], [ 111.69738, 7.65923 ], [ 111.67041, 7.64057 ], [ 111.65855, 7.63373 ], [ 111.64939, 7.64316 ], [ 111.65091, 7.64525 ] ] ], [ [ [ 111.54645, 7.68696 ], [ 111.55416, 7.68329 ], [ 111.56369, 7.671 ], [ 111.54844, 7.66168 ], [ 111.5468, 7.66553 ], [ 111.54645, 7.68696 ] ] ], [ [ [ 111.70381, 7.70107 ], [ 111.7092, 7.70166 ], [ 111.71637, 7.69488 ], [ 111.72436, 7.69387 ], [ 111.72934, 7.68748 ], [ 111.72827, 7.68293 ], [ 111.72414, 7.68251 ], [ 111.71856, 7.69089 ], [ 111.70878, 7.6911 ], [ 111.70381, 7.70107 ] ] ], [ [ [ 111.74698, 7.72032 ], [ 111.74253, 7.7237 ], [ 111.74237, 7.73369 ], [ 111.73826, 7.73701 ], [ 111.74123, 7.73769 ], [ 111.74336, 7.74408 ], [ 111.74891, 7.74287 ], [ 111.75254, 7.73729 ], [ 111.75323, 7.73082 ], [ 111.74446, 7.72482 ], [ 111.75607, 7.72497 ], [ 111.75787, 7.71161 ], [ 111.74552, 7.69702 ], [ 111.74113, 7.69643 ], [ 111.73914, 7.70002 ], [ 111.74698, 7.72032 ] ] ], [ [ [ 111.54046, 7.73068 ], [ 111.54685, 7.73927 ], [ 111.55602, 7.73783 ], [ 111.55651, 7.73264 ], [ 111.54352, 7.72839 ], [ 111.54046, 7.73068 ] ] ], [ [ [ 111.75665, 7.76609 ], [ 111.75792, 7.75435 ], [ 111.74765, 7.75305 ], [ 111.74623, 7.76372 ], [ 111.75665, 7.76609 ] ] ], [ [ [ 111.57943, 7.78027 ], [ 111.5708, 7.77361 ], [ 111.56692, 7.77446 ], [ 111.56795, 7.78453 ], [ 111.57226, 7.78592 ], [ 111.57943, 7.78027 ] ] ], [ [ [ 111.75312, 7.78637 ], [ 111.75053, 7.78181 ], [ 111.74525, 7.78145 ], [ 111.74123, 7.78387 ], [ 111.7327, 7.80419 ], [ 111.74024, 7.812 ], [ 111.7478, 7.81229 ], [ 111.75312, 7.78637 ] ] ], [ [ [ 111.57502, 7.81473 ], [ 111.56731, 7.81712 ], [ 111.56662, 7.82373 ], [ 111.56958, 7.82602 ], [ 111.575, 7.82543 ], [ 111.57502, 7.81473 ] ] ], [ [ [ 110.48599, 7.85198 ], [ 110.48873, 7.85566 ], [ 110.49541, 7.85677 ], [ 110.51214, 7.85688 ], [ 110.51921, 7.85372 ], [ 110.50764, 7.82537 ], [ 110.48595, 7.80884 ], [ 110.44751, 7.80061 ], [ 110.44278, 7.80568 ], [ 110.47875, 7.85203 ], [ 110.48599, 7.85198 ] ] ], [ [ [ 111.74718, 7.8338 ], [ 111.72481, 7.82414 ], [ 111.73312, 7.84128 ], [ 111.74587, 7.84063 ], [ 111.74718, 7.8338 ] ] ], [ [ [ 111.59804, 7.86165 ], [ 111.59639, 7.85621 ], [ 111.58521, 7.86104 ], [ 111.59004, 7.86458 ], [ 111.59804, 7.86165 ] ] ], [ [ [ 111.7362, 7.86507 ], [ 111.73353, 7.87306 ], [ 111.73541, 7.896 ], [ 111.73826, 7.89962 ], [ 111.74703, 7.87081 ], [ 111.74443, 7.8592 ], [ 111.7362, 7.86507 ] ] ], [ [ [ 111.60771, 7.90152 ], [ 111.62913, 7.89576 ], [ 111.63983, 7.89188 ], [ 111.64241, 7.88626 ], [ 111.60556, 7.88023 ], [ 111.60687, 7.89099 ], [ 111.59769, 7.89323 ], [ 111.60771, 7.90152 ] ] ], [ [ [ 109.9032, 7.94753 ], [ 109.9054, 7.95286 ], [ 109.91006, 7.95389 ], [ 109.92472, 7.95233 ], [ 109.94371, 7.955 ], [ 109.96027, 7.96591 ], [ 109.97428, 7.98451 ], [ 109.99018, 8.02479 ], [ 110.0033, 8.02466 ], [ 110.01746, 8.00788 ], [ 110.0423, 7.98623 ], [ 110.06464, 7.9539 ], [ 110.07163, 7.93718 ], [ 110.06901, 7.91343 ], [ 110.02794, 7.86033 ], [ 109.98321, 7.82088 ], [ 109.96811, 7.81175 ], [ 109.95163, 7.80869 ], [ 109.94381, 7.81376 ], [ 109.941, 7.81878 ], [ 109.94502, 7.86653 ], [ 109.94277, 7.8933 ], [ 109.92867, 7.91591 ], [ 109.91375, 7.9271 ], [ 109.90386, 7.94146 ], [ 109.9032, 7.94753 ] ] ], [ [ [ 111.70294, 7.9496 ], [ 111.69619, 7.96083 ], [ 111.69737, 7.96648 ], [ 111.70244, 7.96995 ], [ 111.72493, 7.96856 ], [ 111.73319, 7.96291 ], [ 111.7363, 7.95644 ], [ 111.73548, 7.94676 ], [ 111.72379, 7.93818 ], [ 111.71304, 7.94559 ], [ 111.71291, 7.94924 ], [ 111.70294, 7.9496 ] ] ], [ [ [ 111.64368, 7.94123 ], [ 111.64214, 7.94552 ], [ 111.64476, 7.94889 ], [ 111.66364, 7.97214 ], [ 111.66957, 7.97366 ], [ 111.67141, 7.96799 ], [ 111.66925, 7.96493 ], [ 111.64368, 7.94123 ] ] ], [ [ [ 110.62764, 8.01383 ], [ 110.62241, 8.00601 ], [ 110.61392, 8.00319 ], [ 110.59344, 8.01947 ], [ 110.58647, 8.03316 ], [ 110.58646, 8.05357 ], [ 110.59234, 8.06812 ], [ 110.60563, 8.07919 ], [ 110.62088, 8.07789 ], [ 110.63591, 8.06269 ], [ 110.6394, 8.0464 ], [ 110.62764, 8.01383 ] ] ], [ [ [ 110.44481, 8.08041 ], [ 110.4508, 8.09271 ], [ 110.48013, 8.09962 ], [ 110.49919, 8.09677 ], [ 110.5116, 8.08651 ], [ 110.51231, 8.07639 ], [ 110.50767, 8.06741 ], [ 110.46751, 8.06277 ], [ 110.45703, 8.06468 ], [ 110.44745, 8.07146 ], [ 110.44481, 8.08041 ] ] ], [ [ [ 110.52977, 8.10706 ], [ 110.53206, 8.1116 ], [ 110.53988, 8.11356 ], [ 110.55676, 8.12563 ], [ 110.5564, 8.11553 ], [ 110.5454, 8.10607 ], [ 110.53243, 8.10423 ], [ 110.52977, 8.10706 ] ] ], [ [ [ 112.01394, 8.17286 ], [ 112.01741, 8.16517 ], [ 112.01905, 8.14848 ], [ 112.01659, 8.13726 ], [ 112.00611, 8.12523 ], [ 111.99135, 8.12031 ], [ 111.9749, 8.11757 ], [ 111.93996, 8.12041 ], [ 111.92389, 8.12796 ], [ 111.91895, 8.14219 ], [ 111.9206, 8.16817 ], [ 111.93074, 8.17638 ], [ 111.94336, 8.18103 ], [ 111.97024, 8.18322 ], [ 111.9974, 8.18112 ], [ 112.01394, 8.17286 ] ] ], [ [ [ 110.54418, 8.17722 ], [ 110.52806, 8.17705 ], [ 110.50356, 8.16799 ], [ 110.49616, 8.15559 ], [ 110.48389, 8.14732 ], [ 110.45151, 8.13787 ], [ 110.43873, 8.13901 ], [ 110.43171, 8.14443 ], [ 110.43548, 8.15221 ], [ 110.4584, 8.15904 ], [ 110.52081, 8.20664 ], [ 110.54777, 8.21561 ], [ 110.57495, 8.2127 ], [ 110.58851, 8.20591 ], [ 110.59351, 8.17834 ], [ 110.58287, 8.17 ], [ 110.56808, 8.16902 ], [ 110.54418, 8.17722 ] ] ], [ [ [ 113.36131, 8.26738 ], [ 113.34825, 8.21201 ], [ 113.32125, 8.16602 ], [ 113.23984, 8.08085 ], [ 113.23063, 8.07433 ], [ 113.2216, 8.07323 ], [ 113.22772, 8.08697 ], [ 113.24772, 8.10313 ], [ 113.25625, 8.11858 ], [ 113.26947, 8.13133 ], [ 113.28899, 8.17857 ], [ 113.30224, 8.1959 ], [ 113.32851, 8.21421 ], [ 113.34079, 8.22859 ], [ 113.34652, 8.24689 ], [ 113.34392, 8.26358 ], [ 113.35578, 8.28795 ], [ 113.35965, 8.29002 ], [ 113.3628, 8.28454 ], [ 113.36131, 8.26738 ] ] ], [ [ [ 110.19635, 8.31388 ], [ 110.20414, 8.31689 ], [ 110.21051, 8.31427 ], [ 110.21216, 8.30645 ], [ 110.2088, 8.29923 ], [ 110.20161, 8.29746 ], [ 110.19412, 8.30117 ], [ 110.19288, 8.30785 ], [ 110.19635, 8.31388 ] ] ], [ [ [ 109.88047, 8.36267 ], [ 109.8804, 8.35482 ], [ 109.8744, 8.34995 ], [ 109.86573, 8.35074 ], [ 109.86199, 8.35748 ], [ 109.86508, 8.36638 ], [ 109.86963, 8.36963 ], [ 109.87679, 8.36821 ], [ 109.88047, 8.36267 ] ] ], [ [ [ 111.45269, 8.54548 ], [ 111.4654, 8.5523 ], [ 111.47078, 8.55108 ], [ 111.47517, 8.53891 ], [ 111.46491, 8.53696 ], [ 111.4544, 8.54061 ], [ 111.45269, 8.54548 ] ] ], [ [ [ 111.91899, 8.65802 ], [ 111.92767, 8.65463 ], [ 111.91476, 8.63983 ], [ 111.91206, 8.64228 ], [ 111.91899, 8.65802 ] ] ], [ [ [ 111.69712, 8.68436 ], [ 111.69956, 8.67617 ], [ 111.69562, 8.66881 ], [ 111.67583, 8.65872 ], [ 111.64552, 8.65875 ], [ 111.64031, 8.66449 ], [ 111.64675, 8.67159 ], [ 111.67112, 8.67646 ], [ 111.68997, 8.6862 ], [ 111.69712, 8.68436 ] ] ], [ [ [ 112.5798, 8.80647 ], [ 112.56313, 8.80676 ], [ 112.55168, 8.81197 ], [ 112.5502, 8.82111 ], [ 112.54354, 8.8308 ], [ 112.54226, 8.8418 ], [ 112.54731, 8.84755 ], [ 112.57279, 8.84424 ], [ 112.58646, 8.847 ], [ 112.61108, 8.84532 ], [ 112.66157, 8.82873 ], [ 112.66386, 8.82562 ], [ 112.66202, 8.8216 ], [ 112.63662, 8.81549 ], [ 112.6014, 8.81399 ], [ 112.5798, 8.80647 ] ] ], [ [ [ 112.20715, 8.83847 ], [ 112.17866, 8.84612 ], [ 112.17584, 8.85275 ], [ 112.18435, 8.86903 ], [ 112.20172, 8.88152 ], [ 112.24802, 8.89377 ], [ 112.2602, 8.89275 ], [ 112.26651, 8.88497 ], [ 112.26482, 8.87244 ], [ 112.22409, 8.83331 ], [ 112.21588, 8.83263 ], [ 112.20715, 8.83847 ] ] ], [ [ [ 112.3562, 8.93277 ], [ 112.347, 8.92622 ], [ 112.33831, 8.93083 ], [ 112.34037, 8.93465 ], [ 112.35251, 8.94041 ], [ 112.35568, 8.93892 ], [ 112.3562, 8.93277 ] ] ], [ [ [ 113.68043, 8.94855 ], [ 113.65782, 8.94642 ], [ 113.6333, 8.94008 ], [ 113.63625, 8.95297 ], [ 113.65263, 8.96587 ], [ 113.68166, 8.96752 ], [ 113.70125, 8.98 ], [ 113.71162, 8.97974 ], [ 113.70527, 8.96978 ], [ 113.69417, 8.9638 ], [ 113.68991, 8.95542 ], [ 113.68043, 8.94855 ] ] ], [ [ [ 112.84416, 9.54121 ], [ 112.84756, 9.54598 ], [ 112.85231, 9.54267 ], [ 112.84899, 9.53788 ], [ 112.84416, 9.54121 ] ] ], [ [ [ 112.89921, 9.58808 ], [ 112.90155, 9.58607 ], [ 112.89806, 9.58184 ], [ 112.89582, 9.58568 ], [ 112.89921, 9.58808 ] ] ], [ [ [ 112.94766, 9.64638 ], [ 112.95362, 9.62676 ], [ 112.94689, 9.62344 ], [ 112.94576, 9.60914 ], [ 112.93961, 9.61311 ], [ 112.93065, 9.60298 ], [ 112.92969, 9.59715 ], [ 112.93513, 9.59039 ], [ 112.92912, 9.57973 ], [ 112.92529, 9.57929 ], [ 112.91571, 9.59165 ], [ 112.91347, 9.57267 ], [ 112.91036, 9.57183 ], [ 112.90633, 9.57812 ], [ 112.89955, 9.56992 ], [ 112.90548, 9.57101 ], [ 112.91057, 9.56339 ], [ 112.92602, 9.56473 ], [ 112.93175, 9.5611 ], [ 112.93988, 9.56313 ], [ 112.94187, 9.57312 ], [ 112.94933, 9.57417 ], [ 112.98073, 9.59396 ], [ 112.98682, 9.60312 ], [ 112.99913, 9.61267 ], [ 112.99927, 9.62295 ], [ 113.00762, 9.62307 ], [ 113.00999, 9.61925 ], [ 112.99356, 9.5998 ], [ 112.95015, 9.57129 ], [ 112.94272, 9.56031 ], [ 112.90324, 9.55468 ], [ 112.88607, 9.54099 ], [ 112.86944, 9.53533 ], [ 112.87758, 9.55062 ], [ 112.89248, 9.56343 ], [ 112.89934, 9.57879 ], [ 112.91091, 9.59001 ], [ 112.93018, 9.625 ], [ 112.94766, 9.64638 ] ] ], [ [ [ 112.91683, 9.61772 ], [ 112.91799, 9.61935 ], [ 112.91852, 9.61886 ], [ 112.91683, 9.61772 ] ] ], [ [ [ 113.05683, 9.689 ], [ 113.06033, 9.67328 ], [ 113.0485, 9.64975 ], [ 113.01167, 9.62191 ], [ 113.00794, 9.62516 ], [ 112.99974, 9.62556 ], [ 113.00529, 9.63093 ], [ 112.99558, 9.63891 ], [ 112.98937, 9.63893 ], [ 112.98394, 9.64328 ], [ 112.95721, 9.63842 ], [ 112.95191, 9.64555 ], [ 112.95462, 9.65253 ], [ 112.96378, 9.64668 ], [ 112.96413, 9.65557 ], [ 112.98056, 9.66089 ], [ 112.99632, 9.65949 ], [ 113.05683, 9.689 ] ] ], [ [ [ 113.84737, 9.99553 ], [ 113.84162, 10.00004 ], [ 113.84062, 10.00574 ], [ 113.84428, 10.02693 ], [ 113.84401, 10.06222 ], [ 113.85551, 10.09768 ], [ 113.85516, 10.12322 ], [ 113.8575, 10.12664 ], [ 113.86722, 10.12311 ], [ 113.86881, 10.11793 ], [ 113.85996, 10.0551 ], [ 113.85511, 10.04157 ], [ 113.85919, 10.03312 ], [ 113.8578, 10.00712 ], [ 113.85203, 9.99674 ], [ 113.84737, 9.99553 ] ] ], [ [ [ 113.62829, 10.22877 ], [ 113.63691, 10.23803 ], [ 113.65114, 10.24293 ], [ 113.63868, 10.22496 ], [ 113.62912, 10.22403 ], [ 113.62829, 10.22877 ] ] ], [ [ [ 109.37473, 12.47845 ], [ 109.37702, 12.4782 ], [ 109.37754, 12.47591 ], [ 109.37566, 12.47625 ], [ 109.37473, 12.47845 ] ] ], [ [ [ 109.3912, 12.54757 ], [ 109.39402, 12.54803 ], [ 109.39228, 12.54665 ], [ 109.3912, 12.54757 ] ] ], [ [ [ 109.46027, 12.56506 ], [ 109.46108, 12.56557 ], [ 109.4607, 12.56466 ], [ 109.46027, 12.56506 ] ] ], [ [ [ 109.44775, 12.59578 ], [ 109.4491, 12.59615 ], [ 109.44895, 12.59505 ], [ 109.44775, 12.59578 ] ] ], [ [ [ 109.4384, 12.6104 ], [ 109.43845, 12.61092 ], [ 109.43925, 12.61032 ], [ 109.4384, 12.6104 ] ] ], [ [ [ 109.43757, 12.62021 ], [ 109.4381, 12.61996 ], [ 109.43769, 12.61986 ], [ 109.43757, 12.62021 ] ] ], [ [ [ 109.43686, 12.61992 ], [ 109.43652, 12.62024 ], [ 109.43688, 12.62021 ], [ 109.43686, 12.61992 ] ] ], [ [ [ 109.43658, 12.62145 ], [ 109.43668, 12.62175 ], [ 109.43706, 12.62133 ], [ 109.43658, 12.62145 ] ] ], [ [ [ 109.37585, 12.64676 ], [ 109.37624, 12.64351 ], [ 109.37382, 12.64624 ], [ 109.37585, 12.64676 ] ] ], [ [ [ 109.40458, 12.65043 ], [ 109.40385, 12.64773 ], [ 109.39911, 12.64818 ], [ 109.40152, 12.64323 ], [ 109.39298, 12.64988 ], [ 109.39439, 12.65681 ], [ 109.40458, 12.65043 ] ] ], [ [ [ 109.46729, 12.6509 ], [ 109.46585, 12.65381 ], [ 109.46703, 12.65778 ], [ 109.46917, 12.65657 ], [ 109.46729, 12.6509 ] ] ], [ [ [ 109.40388, 12.65768 ], [ 109.40469, 12.65904 ], [ 109.40435, 12.65715 ], [ 109.40388, 12.65768 ] ] ], [ [ [ 109.39156, 12.82516 ], [ 109.39175, 12.82499 ], [ 109.3916, 12.82462 ], [ 109.39156, 12.82516 ] ] ], [ [ [ 109.39745, 12.83189 ], [ 109.39175, 12.8255 ], [ 109.39312, 12.83394 ], [ 109.39745, 12.83189 ] ] ], [ [ [ 109.44042, 12.97097 ], [ 109.44141, 12.97007 ], [ 109.44052, 12.97012 ], [ 109.44042, 12.97097 ] ] ], [ [ [ 109.44183, 12.9706 ], [ 109.44219, 12.97069 ], [ 109.44207, 12.97039 ], [ 109.44183, 12.9706 ] ] ], [ [ [ 109.43806, 12.97236 ], [ 109.43861, 12.9726 ], [ 109.43859, 12.97223 ], [ 109.43806, 12.97236 ] ] ], [ [ [ 109.43833, 12.97343 ], [ 109.43847, 12.97293 ], [ 109.43816, 12.9729 ], [ 109.43833, 12.97343 ] ] ], [ [ [ 114.15431, 7.60473 ], [ 114.15608, 7.60033 ], [ 114.1394, 7.58329 ], [ 114.12984, 7.58058 ], [ 114.12257, 7.58882 ], [ 114.15431, 7.60473 ] ] ], [ [ [ 113.97118, 7.61013 ], [ 113.96874, 7.60659 ], [ 113.95247, 7.61069 ], [ 113.92405, 7.60552 ], [ 113.91705, 7.63403 ], [ 113.92043, 7.63723 ], [ 113.92857, 7.63649 ], [ 113.97484, 7.62194 ], [ 113.98119, 7.62476 ], [ 113.99178, 7.63714 ], [ 113.99435, 7.65256 ], [ 114.01793, 7.65663 ], [ 114.03303, 7.67669 ], [ 114.0442, 7.68239 ], [ 114.05704, 7.69438 ], [ 114.06097, 7.70328 ], [ 114.08017, 7.71009 ], [ 114.09134, 7.72412 ], [ 114.10455, 7.73023 ], [ 114.11435, 7.73905 ], [ 114.14037, 7.73936 ], [ 114.14966, 7.73023 ], [ 114.15855, 7.70929 ], [ 114.1694, 7.69932 ], [ 114.15753, 7.6937 ], [ 114.15241, 7.70017 ], [ 114.14191, 7.70146 ], [ 114.14024, 7.70802 ], [ 114.14716, 7.71699 ], [ 114.13714, 7.72411 ], [ 114.13075, 7.72191 ], [ 114.11252, 7.70094 ], [ 114.10304, 7.69568 ], [ 114.07356, 7.6918 ], [ 114.06716, 7.67964 ], [ 114.05009, 7.66355 ], [ 114.04311, 7.66472 ], [ 114.03554, 7.66022 ], [ 114.02837, 7.64966 ], [ 114.02942, 7.64611 ], [ 114.01285, 7.63807 ], [ 113.99999, 7.61917 ], [ 113.97118, 7.61013 ] ] ], [ [ [ 114.25384, 7.67494 ], [ 114.27463, 7.68682 ], [ 114.27534, 7.68109 ], [ 114.26201, 7.66262 ], [ 114.25564, 7.6613 ], [ 114.24874, 7.66487 ], [ 114.2478, 7.66872 ], [ 114.25056, 7.67048 ], [ 114.25365, 7.66754 ], [ 114.25384, 7.67494 ] ] ], [ [ [ 114.37025, 7.69623 ], [ 114.3587, 7.68544 ], [ 114.34687, 7.65756 ], [ 114.34275, 7.65966 ], [ 114.33803, 7.67333 ], [ 114.31803, 7.69602 ], [ 114.32245, 7.69939 ], [ 114.32844, 7.69868 ], [ 114.333, 7.69261 ], [ 114.32941, 7.68982 ], [ 114.32304, 7.6926 ], [ 114.33832, 7.67698 ], [ 114.34207, 7.67707 ], [ 114.34471, 7.68814 ], [ 114.36097, 7.70317 ], [ 114.35849, 7.72361 ], [ 114.36219, 7.72577 ], [ 114.36945, 7.71645 ], [ 114.37025, 7.69623 ] ] ], [ [ [ 114.1907, 7.74084 ], [ 114.20071, 7.7273 ], [ 114.19156, 7.72249 ], [ 114.18442, 7.7122 ], [ 114.16975, 7.71188 ], [ 114.165, 7.72895 ], [ 114.1907, 7.74084 ] ] ], [ [ [ 114.21711, 7.75386 ], [ 114.21303, 7.76087 ], [ 114.21207, 7.77801 ], [ 114.2247, 7.79009 ], [ 114.23745, 7.79432 ], [ 114.24044, 7.8098 ], [ 114.24672, 7.81545 ], [ 114.25, 7.83253 ], [ 114.25913, 7.84848 ], [ 114.26327, 7.83372 ], [ 114.26092, 7.81859 ], [ 114.2557, 7.81926 ], [ 114.24779, 7.80318 ], [ 114.24744, 7.79251 ], [ 114.25506, 7.77907 ], [ 114.25032, 7.77587 ], [ 114.24467, 7.77819 ], [ 114.23264, 7.76904 ], [ 114.222, 7.77456 ], [ 114.21973, 7.77888 ], [ 114.2174, 7.77364 ], [ 114.2271, 7.7657 ], [ 114.2252, 7.7576 ], [ 114.21711, 7.75386 ] ] ], [ [ [ 114.43638, 7.8311 ], [ 114.40878, 7.81168 ], [ 114.39648, 7.79544 ], [ 114.38993, 7.79822 ], [ 114.39904, 7.81904 ], [ 114.41999, 7.83227 ], [ 114.43694, 7.85485 ], [ 114.44179, 7.85236 ], [ 114.44274, 7.84571 ], [ 114.43638, 7.8311 ] ] ], [ [ [ 114.4317, 7.93743 ], [ 114.42353, 7.9344 ], [ 114.41506, 7.92261 ], [ 114.4144, 7.90127 ], [ 114.38899, 7.90274 ], [ 114.36864, 7.89715 ], [ 114.34386, 7.90453 ], [ 114.34284, 7.90087 ], [ 114.33812, 7.90111 ], [ 114.33102, 7.90697 ], [ 114.32555, 7.90444 ], [ 114.31888, 7.90593 ], [ 114.31135, 7.8975 ], [ 114.29664, 7.86877 ], [ 114.27425, 7.85581 ], [ 114.26619, 7.8578 ], [ 114.26797, 7.86389 ], [ 114.29577, 7.88919 ], [ 114.29805, 7.90385 ], [ 114.32764, 7.92475 ], [ 114.337, 7.92692 ], [ 114.35065, 7.9214 ], [ 114.36404, 7.9077 ], [ 114.37886, 7.91018 ], [ 114.39667, 7.91967 ], [ 114.39534, 7.93491 ], [ 114.412, 7.95109 ], [ 114.42655, 7.95449 ], [ 114.43899, 7.95327 ], [ 114.44941, 7.94755 ], [ 114.45548, 7.93548 ], [ 114.44691, 7.9315 ], [ 114.4317, 7.93743 ] ] ], [ [ [ 113.92408, 7.95814 ], [ 113.87611, 7.99744 ], [ 113.88245, 8.00576 ], [ 113.89218, 8.00841 ], [ 113.91953, 8.00048 ], [ 113.9211, 7.9752 ], [ 113.92972, 7.96087 ], [ 113.94926, 7.94299 ], [ 113.94982, 7.93813 ], [ 113.93113, 7.9345 ], [ 113.92408, 7.95814 ] ] ], [ [ [ 114.13241, 8.09903 ], [ 114.12283, 8.09657 ], [ 114.11883, 8.10306 ], [ 114.1239, 8.11505 ], [ 114.13235, 8.11857 ], [ 114.14435, 8.11579 ], [ 114.14426, 8.11053 ], [ 114.13241, 8.09903 ] ] ], [ [ [ 114.17785, 8.67375 ], [ 114.16707, 8.69703 ], [ 114.16868, 8.72372 ], [ 114.15387, 8.74923 ], [ 114.16393, 8.75925 ], [ 114.19129, 8.7477 ], [ 114.19697, 8.74222 ], [ 114.19573, 8.71079 ], [ 114.20729, 8.69441 ], [ 114.17785, 8.67375 ] ] ], [ [ [ 114.01799, 8.82522 ], [ 114.02935, 8.82627 ], [ 114.03745, 8.80475 ], [ 114.04807, 8.80228 ], [ 114.05335, 8.79755 ], [ 114.05474, 8.78368 ], [ 114.05999, 8.77309 ], [ 114.0568, 8.76982 ], [ 114.0441, 8.77033 ], [ 114.03002, 8.77891 ], [ 113.99537, 8.77562 ], [ 113.98009, 8.78714 ], [ 113.96389, 8.791 ], [ 113.93215, 8.80867 ], [ 113.89556, 8.82401 ], [ 113.89257, 8.82902 ], [ 113.90393, 8.84377 ], [ 113.9084, 8.84517 ], [ 113.92685, 8.8427 ], [ 113.93826, 8.83602 ], [ 113.97882, 8.83806 ], [ 114.00136, 8.8349 ], [ 114.01799, 8.82522 ] ] ], [ [ [ 114.18258, 9.38001 ], [ 114.18729, 9.3763 ], [ 114.18054, 9.36969 ], [ 114.17718, 9.37662 ], [ 114.18258, 9.38001 ] ] ], [ [ [ 114.35202, 9.69175 ], [ 114.35595, 9.69348 ], [ 114.35716, 9.68999 ], [ 114.3524, 9.68895 ], [ 114.35202, 9.69175 ] ] ], [ [ [ 114.27869, 9.72938 ], [ 114.28126, 9.7242 ], [ 114.28943, 9.72695 ], [ 114.29127, 9.72189 ], [ 114.28532, 9.70588 ], [ 114.27543, 9.70031 ], [ 114.26901, 9.70468 ], [ 114.27077, 9.73176 ], [ 114.27416, 9.73741 ], [ 114.26835, 9.75149 ], [ 114.24825, 9.77105 ], [ 114.25077, 9.78117 ], [ 114.25556, 9.78111 ], [ 114.26185, 9.7677 ], [ 114.26839, 9.76368 ], [ 114.28215, 9.74371 ], [ 114.28423, 9.73713 ], [ 114.2802, 9.73608 ], [ 114.27869, 9.72938 ] ] ], [ [ [ 114.32024, 9.74068 ], [ 114.31205, 9.7344 ], [ 114.30866, 9.73352 ], [ 114.3098, 9.74176 ], [ 114.31476, 9.74823 ], [ 114.32021, 9.74471 ], [ 114.32024, 9.74068 ] ] ], [ [ [ 114.3295, 9.7623 ], [ 114.33288, 9.75448 ], [ 114.32795, 9.75013 ], [ 114.32552, 9.76031 ], [ 114.3295, 9.7623 ] ] ], [ [ [ 114.33544, 9.76653 ], [ 114.34316, 9.76234 ], [ 114.33851, 9.75801 ], [ 114.33544, 9.76653 ] ] ], [ [ [ 114.34431, 9.77274 ], [ 114.35036, 9.76847 ], [ 114.34703, 9.76368 ], [ 114.34431, 9.77274 ] ] ], [ [ [ 114.36997, 9.78364 ], [ 114.37754, 9.77841 ], [ 114.36106, 9.77578 ], [ 114.3624, 9.78284 ], [ 114.36997, 9.78364 ] ] ], [ [ [ 114.37919, 9.78715 ], [ 114.38809, 9.78445 ], [ 114.37944, 9.78056 ], [ 114.38281, 9.7859 ], [ 114.37919, 9.78715 ] ] ], [ [ [ 114.398, 9.80668 ], [ 114.40832, 9.79692 ], [ 114.39503, 9.78959 ], [ 114.38982, 9.80314 ], [ 114.398, 9.80668 ] ] ], [ [ [ 114.31839, 9.80272 ], [ 114.32015, 9.79989 ], [ 114.31663, 9.80172 ], [ 114.31839, 9.80272 ] ] ], [ [ [ 114.25485, 9.79025 ], [ 114.26257, 9.80005 ], [ 114.26938, 9.82772 ], [ 114.2745, 9.83029 ], [ 114.27077, 9.80621 ], [ 114.26139, 9.79004 ], [ 114.25485, 9.79025 ] ] ], [ [ [ 114.3414, 9.82455 ], [ 114.34318, 9.82147 ], [ 114.34069, 9.8227 ], [ 114.33853, 9.82656 ], [ 114.3414, 9.82455 ] ] ], [ [ [ 114.2704, 9.83698 ], [ 114.26632, 9.83474 ], [ 114.26763, 9.83769 ], [ 114.2704, 9.83698 ] ] ], [ [ [ 114.30026, 9.88457 ], [ 114.30833, 9.88312 ], [ 114.30924, 9.8728 ], [ 114.30074, 9.87647 ], [ 114.2898, 9.86691 ], [ 114.2949, 9.86174 ], [ 114.29449, 9.8552 ], [ 114.27971, 9.84639 ], [ 114.27713, 9.83816 ], [ 114.27322, 9.83805 ], [ 114.27358, 9.86043 ], [ 114.28059, 9.87059 ], [ 114.29664, 9.87915 ], [ 114.30026, 9.88457 ] ] ], [ [ [ 114.31733, 9.86924 ], [ 114.31097, 9.87061 ], [ 114.31392, 9.87409 ], [ 114.31733, 9.86924 ] ] ], [ [ [ 114.31687, 9.88063 ], [ 114.31706, 9.88472 ], [ 114.32112, 9.88006 ], [ 114.31803, 9.87839 ], [ 114.31687, 9.88063 ] ] ], [ [ [ 114.32837, 9.88789 ], [ 114.32466, 9.88385 ], [ 114.32204, 9.88625 ], [ 114.32165, 9.88989 ], [ 114.32706, 9.89167 ], [ 114.33384, 9.88802 ], [ 114.334, 9.88324 ], [ 114.33286, 9.88263 ], [ 114.32796, 9.88283 ], [ 114.33035, 9.88525 ], [ 114.32837, 9.88789 ] ] ], [ [ [ 114.38055, 9.8979 ], [ 114.35386, 9.90294 ], [ 114.36152, 9.90687 ], [ 114.37229, 9.90725 ], [ 114.39564, 9.90196 ], [ 114.40045, 9.89626 ], [ 114.39963, 9.88359 ], [ 114.39527, 9.88019 ], [ 114.39562, 9.88633 ], [ 114.38055, 9.8979 ] ] ], [ [ [ 114.34846, 9.8919 ], [ 114.33995, 9.89039 ], [ 114.33989, 9.90014 ], [ 114.34992, 9.89959 ], [ 114.34846, 9.8919 ] ] ], [ [ [ 114.35674, 10.0086 ], [ 114.36481, 10.01193 ], [ 114.40514, 10.01205 ], [ 114.41209, 10.00787 ], [ 114.41568, 10.0 ], [ 114.41106, 9.98541 ], [ 114.39379, 9.97342 ], [ 114.37093, 9.97273 ], [ 114.35615, 9.98462 ], [ 114.35076, 10.0 ], [ 114.35674, 10.0086 ] ] ], [ [ [ 114.00147, 9.99642 ], [ 114.0, 10.0 ], [ 114.00571, 10.0 ], [ 114.00454, 9.99681 ], [ 114.00147, 9.99642 ] ] ], [ [ [ 114.01298, 10.01948 ], [ 114.01796, 10.02002 ], [ 114.02251, 10.01572 ], [ 114.01266, 10.01282 ], [ 114.0106, 10.01572 ], [ 114.01298, 10.01948 ] ] ], [ [ [ 114.24168, 10.17532 ], [ 114.24578, 10.17816 ], [ 114.25477, 10.16893 ], [ 114.28309, 10.16084 ], [ 114.28652, 10.15446 ], [ 114.25009, 10.15719 ], [ 114.24168, 10.17532 ] ] ], [ [ [ 114.31217, 10.17258 ], [ 114.30851, 10.16648 ], [ 114.30722, 10.16845 ], [ 114.30888, 10.17368 ], [ 114.31217, 10.17258 ] ] ], [ [ [ 114.31713, 10.17573 ], [ 114.32094, 10.17971 ], [ 114.3248, 10.17847 ], [ 114.3203, 10.17124 ], [ 114.31713, 10.17573 ] ] ], [ [ [ 114.34211, 10.18236 ], [ 114.35929, 10.18621 ], [ 114.37342, 10.18166 ], [ 114.36761, 10.17594 ], [ 114.34211, 10.18236 ] ] ], [ [ [ 114.37996, 10.19177 ], [ 114.37524, 10.1947 ], [ 114.37534, 10.19936 ], [ 114.3819, 10.19884 ], [ 114.37996, 10.19177 ] ] ], [ [ [ 114.38445, 10.20069 ], [ 114.38897, 10.20582 ], [ 114.39057, 10.20146 ], [ 114.38445, 10.20069 ] ] ], [ [ [ 114.41217, 10.20812 ], [ 114.40894, 10.20301 ], [ 114.39754, 10.20236 ], [ 114.39921, 10.20816 ], [ 114.41217, 10.20812 ] ] ], [ [ [ 114.22805, 10.21316 ], [ 114.23907, 10.1878 ], [ 114.23428, 10.1837 ], [ 114.22718, 10.18907 ], [ 114.21678, 10.21055 ], [ 114.23255, 10.23052 ], [ 114.23902, 10.24933 ], [ 114.25377, 10.25818 ], [ 114.2645, 10.26941 ], [ 114.27184, 10.27115 ], [ 114.27162, 10.26115 ], [ 114.26685, 10.25513 ], [ 114.24494, 10.2424 ], [ 114.22805, 10.21316 ] ] ], [ [ [ 114.36676, 10.24903 ], [ 114.36516, 10.25262 ], [ 114.36709, 10.25235 ], [ 114.36676, 10.24903 ] ] ], [ [ [ 114.38359, 10.26937 ], [ 114.38881, 10.27219 ], [ 114.38748, 10.26886 ], [ 114.38359, 10.26937 ] ] ], [ [ [ 114.37099, 10.27402 ], [ 114.3736, 10.27537 ], [ 114.37479, 10.2735 ], [ 114.37102, 10.27043 ], [ 114.37099, 10.27402 ] ] ], [ [ [ 114.40491, 10.28289 ], [ 114.40368, 10.27804 ], [ 114.39961, 10.27845 ], [ 114.40201, 10.28421 ], [ 114.40491, 10.28289 ] ] ], [ [ [ 114.39249, 10.287 ], [ 114.39156, 10.29003 ], [ 114.39383, 10.28925 ], [ 114.39249, 10.287 ] ] ], [ [ [ 114.35922, 10.35252 ], [ 114.37092, 10.32475 ], [ 114.3519, 10.31546 ], [ 114.3334, 10.29761 ], [ 114.29968, 10.28848 ], [ 114.28682, 10.27609 ], [ 114.27913, 10.27519 ], [ 114.27882, 10.27829 ], [ 114.30253, 10.29759 ], [ 114.32336, 10.30672 ], [ 114.34837, 10.32732 ], [ 114.35189, 10.33375 ], [ 114.34572, 10.37542 ], [ 114.3625, 10.38414 ], [ 114.37298, 10.38541 ], [ 114.3742, 10.38121 ], [ 114.36214, 10.36844 ], [ 114.35922, 10.35252 ] ] ], [ [ [ 114.38381, 10.38532 ], [ 114.39166, 10.38281 ], [ 114.38008, 10.37029 ], [ 114.37874, 10.38089 ], [ 114.38381, 10.38532 ] ] ], [ [ [ 114.41043, 10.39329 ], [ 114.42199, 10.39112 ], [ 114.42118, 10.38491 ], [ 114.40982, 10.37945 ], [ 114.40183, 10.38136 ], [ 114.40062, 10.38968 ], [ 114.41043, 10.39329 ] ] ], [ [ [ 114.39071, 10.67021 ], [ 114.38513, 10.67214 ], [ 114.38736, 10.67865 ], [ 114.39223, 10.67587 ], [ 114.39071, 10.67021 ] ] ], [ [ [ 114.3853, 10.73812 ], [ 114.3932, 10.74954 ], [ 114.40377, 10.74978 ], [ 114.40512, 10.73992 ], [ 114.38045, 10.7215 ], [ 114.36729, 10.7077 ], [ 114.36903, 10.70333 ], [ 114.35559, 10.70675 ], [ 114.34135, 10.7028 ], [ 114.33151, 10.69482 ], [ 114.32727, 10.69625 ], [ 114.31852, 10.68996 ], [ 114.31769, 10.69391 ], [ 114.32886, 10.71051 ], [ 114.34739, 10.72767 ], [ 114.37492, 10.73296 ], [ 114.3853, 10.73812 ] ] ], [ [ [ 114.10031, 10.95499 ], [ 114.11493, 10.9369 ], [ 114.11469, 10.92278 ], [ 114.11065, 10.9131 ], [ 114.09306, 10.89968 ], [ 114.08498, 10.89653 ], [ 114.0643, 10.89688 ], [ 114.04719, 10.90703 ], [ 114.04945, 10.92127 ], [ 114.05967, 10.92908 ], [ 114.06834, 10.94483 ], [ 114.08463, 10.95569 ], [ 114.10031, 10.95499 ] ] ], [ [ [ 114.18717, 11.03928 ], [ 114.17908, 11.03225 ], [ 114.18816, 11.03042 ], [ 114.18043, 11.02614 ], [ 114.16747, 11.03337 ], [ 114.17273, 11.03935 ], [ 114.1853, 11.04376 ], [ 114.18717, 11.03928 ] ] ], [ [ [ 114.2436, 11.03696 ], [ 114.22045, 11.03705 ], [ 114.20088, 11.03043 ], [ 114.19, 11.03649 ], [ 114.19064, 11.04099 ], [ 114.19569, 11.04419 ], [ 114.22432, 11.04574 ], [ 114.22911, 11.05358 ], [ 114.23569, 11.05097 ], [ 114.24332, 11.05481 ], [ 114.25633, 11.05042 ], [ 114.25798, 11.05905 ], [ 114.26904, 11.06112 ], [ 114.26866, 11.05257 ], [ 114.27156, 11.04934 ], [ 114.2579, 11.03214 ], [ 114.2436, 11.03696 ] ] ], [ [ [ 114.19074, 11.04928 ], [ 114.19285, 11.04568 ], [ 114.18771, 11.045 ], [ 114.18745, 11.04794 ], [ 114.19074, 11.04928 ] ] ], [ [ [ 114.34334, 11.05668 ], [ 114.34522, 11.0518 ], [ 114.33921, 11.05215 ], [ 114.33898, 11.0557 ], [ 114.34334, 11.05668 ] ] ], [ [ [ 114.29434, 11.05627 ], [ 114.2942, 11.05113 ], [ 114.27853, 11.04689 ], [ 114.28058, 11.06145 ], [ 114.28937, 11.06208 ], [ 114.29434, 11.05627 ] ] ], [ [ [ 114.20294, 11.04991 ], [ 114.20223, 11.05682 ], [ 114.20701, 11.05976 ], [ 114.2092, 11.0561 ], [ 114.20294, 11.04991 ] ] ], [ [ [ 114.31066, 11.05963 ], [ 114.32883, 11.06208 ], [ 114.33752, 11.05959 ], [ 114.33461, 11.05486 ], [ 114.31345, 11.05393 ], [ 114.31066, 11.05963 ] ] ], [ [ [ 114.22158, 11.05992 ], [ 114.22074, 11.05431 ], [ 114.21423, 11.06217 ], [ 114.21971, 11.06493 ], [ 114.23211, 11.06278 ], [ 114.22977, 11.05791 ], [ 114.22158, 11.05992 ] ] ], [ [ [ 114.32012, 11.06647 ], [ 114.31818, 11.06262 ], [ 114.31419, 11.06133 ], [ 114.31765, 11.06638 ], [ 114.32012, 11.06647 ] ] ], [ [ [ 114.25989, 11.07799 ], [ 114.26045, 11.07328 ], [ 114.25522, 11.07081 ], [ 114.25343, 11.07834 ], [ 114.25989, 11.07799 ] ] ], [ [ [ 114.37239, 11.08091 ], [ 114.36961, 11.08154 ], [ 114.37004, 11.08658 ], [ 114.3653, 11.08974 ], [ 114.36464, 11.09524 ], [ 114.37799, 11.09993 ], [ 114.38241, 11.0992 ], [ 114.38433, 11.09416 ], [ 114.37239, 11.08091 ] ] ], [ [ [ 114.36692, 11.40059 ], [ 114.37702, 11.39771 ], [ 114.38409, 11.40305 ], [ 114.39164, 11.43047 ], [ 114.38981, 11.43615 ], [ 114.39262, 11.44274 ], [ 114.39021, 11.44501 ], [ 114.39391, 11.44651 ], [ 114.38693, 11.45527 ], [ 114.38159, 11.45799 ], [ 114.37471, 11.45234 ], [ 114.37626, 11.44538 ], [ 114.3858, 11.441 ], [ 114.38653, 11.43772 ], [ 114.37111, 11.44884 ], [ 114.34886, 11.44729 ], [ 114.34158, 11.44293 ], [ 114.33534, 11.43471 ], [ 114.33429, 11.42766 ], [ 114.3259, 11.42153 ], [ 114.32654, 11.40945 ], [ 114.30906, 11.39698 ], [ 114.30779, 11.39034 ], [ 114.31084, 11.38259 ], [ 114.32886, 11.37913 ], [ 114.32051, 11.37622 ], [ 114.30859, 11.37864 ], [ 114.29318, 11.37719 ], [ 114.29458, 11.39583 ], [ 114.315, 11.40714 ], [ 114.32325, 11.42438 ], [ 114.3234, 11.43516 ], [ 114.34919, 11.46082 ], [ 114.38913, 11.47455 ], [ 114.40037, 11.47183 ], [ 114.40113, 11.44554 ], [ 114.3859, 11.40082 ], [ 114.37756, 11.3941 ], [ 114.37114, 11.39365 ], [ 114.36089, 11.38128 ], [ 114.34472, 11.38047 ], [ 114.3376, 11.37695 ], [ 114.33423, 11.37728 ], [ 114.33563, 11.37996 ], [ 114.33078, 11.37893 ], [ 114.33355, 11.38342 ], [ 114.34002, 11.38077 ], [ 114.34711, 11.38355 ], [ 114.35449, 11.38144 ], [ 114.36047, 11.38569 ], [ 114.35959, 11.39292 ], [ 114.36739, 11.39463 ], [ 114.36692, 11.40059 ] ] ], [ [ [ 114.46311, 7.86765 ], [ 114.45066, 7.85764 ], [ 114.44501, 7.85927 ], [ 114.47118, 7.88258 ], [ 114.47477, 7.89143 ], [ 114.47115, 7.90353 ], [ 114.49072, 7.89457 ], [ 114.48881, 7.88555 ], [ 114.47226, 7.8709 ], [ 114.46311, 7.86765 ] ] ], [ [ [ 114.43667, 9.81425 ], [ 114.43131, 9.81031 ], [ 114.43055, 9.81848 ], [ 114.43673, 9.81708 ], [ 114.43667, 9.81425 ] ] ], [ [ [ 114.45157, 9.8397 ], [ 114.45939, 9.84195 ], [ 114.46939, 9.82999 ], [ 114.4644, 9.8265 ], [ 114.4513, 9.8259 ], [ 114.44906, 9.83052 ], [ 114.45157, 9.8397 ] ] ], [ [ [ 114.49383, 9.85136 ], [ 114.48927, 9.84896 ], [ 114.48659, 9.85618 ], [ 114.48923, 9.85651 ], [ 114.49383, 9.85136 ] ] ], [ [ [ 114.54556, 9.85825 ], [ 114.54808, 9.86449 ], [ 114.55402, 9.86253 ], [ 114.55294, 9.85896 ], [ 114.54556, 9.85825 ] ] ], [ [ [ 114.50331, 9.87142 ], [ 114.50893, 9.8756 ], [ 114.51525, 9.87118 ], [ 114.51508, 9.86756 ], [ 114.50781, 9.86326 ], [ 114.50331, 9.87142 ] ] ], [ [ [ 114.41668, 9.89418 ], [ 114.43491, 9.90288 ], [ 114.44481, 9.90237 ], [ 114.44501, 9.89482 ], [ 114.43218, 9.88895 ], [ 114.42986, 9.87853 ], [ 114.42152, 9.87906 ], [ 114.41668, 9.89418 ] ] ], [ [ [ 114.52474, 9.89263 ], [ 114.52942, 9.8981 ], [ 114.53604, 9.88772 ], [ 114.5321, 9.88408 ], [ 114.52779, 9.88475 ], [ 114.52474, 9.89263 ] ] ], [ [ [ 114.48006, 9.9035 ], [ 114.48783, 9.89743 ], [ 114.48327, 9.89115 ], [ 114.47876, 9.89436 ], [ 114.47538, 9.89212 ], [ 114.48006, 9.9035 ] ] ], [ [ [ 114.57206, 9.90051 ], [ 114.57146, 9.90527 ], [ 114.57205, 9.90564 ], [ 114.57423, 9.9009 ], [ 114.57206, 9.90051 ] ] ], [ [ [ 114.56465, 9.90583 ], [ 114.56312, 9.89881 ], [ 114.56087, 9.8989 ], [ 114.5604, 9.90795 ], [ 114.56465, 9.90583 ] ] ], [ [ [ 114.45384, 9.91277 ], [ 114.46897, 9.90894 ], [ 114.47379, 9.90503 ], [ 114.4729, 9.89917 ], [ 114.46877, 9.89559 ], [ 114.45548, 9.89622 ], [ 114.45384, 9.91277 ] ] ], [ [ [ 114.59048, 9.91459 ], [ 114.60467, 9.91352 ], [ 114.60412, 9.91059 ], [ 114.59898, 9.9 ], [ 114.5927, 9.89976 ], [ 114.58908, 9.90282 ], [ 114.59048, 9.91459 ] ] ], [ [ [ 114.48486, 9.91296 ], [ 114.49178, 9.92441 ], [ 114.50273, 9.92124 ], [ 114.50297, 9.91434 ], [ 114.49541, 9.90575 ], [ 114.48526, 9.90866 ], [ 114.48486, 9.91296 ] ] ], [ [ [ 114.52366, 9.91385 ], [ 114.51896, 9.91593 ], [ 114.51095, 9.91033 ], [ 114.5049, 9.91164 ], [ 114.51582, 9.91821 ], [ 114.51516, 9.92153 ], [ 114.50779, 9.9232 ], [ 114.51383, 9.9245 ], [ 114.52366, 9.91385 ] ] ], [ [ [ 114.6074, 9.91703 ], [ 114.60333, 9.92201 ], [ 114.60426, 9.92273 ], [ 114.61006, 9.92077 ], [ 114.6074, 9.91703 ] ] ], [ [ [ 114.52813, 9.92596 ], [ 114.52307, 9.92444 ], [ 114.52101, 9.93294 ], [ 114.51701, 9.93361 ], [ 114.51833, 9.93074 ], [ 114.51427, 9.93273 ], [ 114.51367, 9.94014 ], [ 114.52244, 9.94255 ], [ 114.52676, 9.93902 ], [ 114.52813, 9.92596 ] ] ], [ [ [ 114.53345, 9.93857 ], [ 114.53614, 9.93646 ], [ 114.53501, 9.9356 ], [ 114.53345, 9.93857 ] ] ], [ [ [ 114.54957, 9.9412 ], [ 114.54327, 9.94626 ], [ 114.5433, 9.94832 ], [ 114.54957, 9.9412 ] ] ], [ [ [ 114.56276, 9.95136 ], [ 114.56173, 9.94771 ], [ 114.56046, 9.94872 ], [ 114.56276, 9.95136 ] ] ], [ [ [ 114.52919, 9.95338 ], [ 114.53243, 9.9499 ], [ 114.52681, 9.94966 ], [ 114.52919, 9.95338 ] ] ], [ [ [ 114.55072, 9.95236 ], [ 114.54427, 9.95632 ], [ 114.54401, 9.9592 ], [ 114.55323, 9.95495 ], [ 114.55072, 9.95236 ] ] ], [ [ [ 114.58937, 9.96381 ], [ 114.58983, 9.96101 ], [ 114.58597, 9.96593 ], [ 114.58937, 9.96381 ] ] ], [ [ [ 114.54712, 9.9635 ], [ 114.55787, 9.9692 ], [ 114.57132, 9.97073 ], [ 114.57483, 9.96897 ], [ 114.57408, 9.96124 ], [ 114.55208, 9.95989 ], [ 114.54712, 9.9635 ] ] ], [ [ [ 114.60296, 9.97639 ], [ 114.60063, 9.98074 ], [ 114.60043, 9.98378 ], [ 114.60296, 9.97639 ] ] ], [ [ [ 114.59736, 9.98784 ], [ 114.59231, 9.9826 ], [ 114.59452, 9.9785 ], [ 114.59229, 9.97253 ], [ 114.58705, 9.97163 ], [ 114.58082, 9.97837 ], [ 114.60236, 9.99243 ], [ 114.60059, 9.9855 ], [ 114.59736, 9.98784 ] ] ], [ [ [ 114.41449, 10.22155 ], [ 114.41762, 10.22186 ], [ 114.41938, 10.2158 ], [ 114.41611, 10.21493 ], [ 114.41449, 10.22155 ] ] ], [ [ [ 114.42475, 10.22164 ], [ 114.42356, 10.22755 ], [ 114.42825, 10.22886 ], [ 114.42843, 10.22463 ], [ 114.42475, 10.22164 ] ] ], [ [ [ 114.45372, 10.23372 ], [ 114.44012, 10.22345 ], [ 114.43542, 10.2237 ], [ 114.43553, 10.22765 ], [ 114.44473, 10.23521 ], [ 114.45169, 10.23836 ], [ 114.45372, 10.23372 ] ] ], [ [ [ 114.53006, 10.23856 ], [ 114.53204, 10.24041 ], [ 114.53462, 10.23845 ], [ 114.53221, 10.23674 ], [ 114.53006, 10.23856 ] ] ], [ [ [ 114.49082, 10.24587 ], [ 114.5181, 10.23747 ], [ 114.51855, 10.23437 ], [ 114.50003, 10.23367 ], [ 114.49416, 10.23729 ], [ 114.46306, 10.2417 ], [ 114.46603, 10.24483 ], [ 114.49082, 10.24587 ] ] ], [ [ [ 114.45522, 10.2422 ], [ 114.45848, 10.24533 ], [ 114.45665, 10.24123 ], [ 114.45522, 10.2422 ] ] ], [ [ [ 114.53466, 10.25157 ], [ 114.53925, 10.24724 ], [ 114.533, 10.24535 ], [ 114.52983, 10.24928 ], [ 114.53466, 10.25157 ] ] ], [ [ [ 114.56091, 10.26716 ], [ 114.5709, 10.26512 ], [ 114.57106, 10.26216 ], [ 114.56, 10.25558 ], [ 114.55096, 10.2438 ], [ 114.54428, 10.24233 ], [ 114.54252, 10.24853 ], [ 114.56091, 10.26716 ] ] ], [ [ [ 114.59941, 10.26478 ], [ 114.58446, 10.26241 ], [ 114.5803, 10.26562 ], [ 114.5845, 10.27568 ], [ 114.59522, 10.27223 ], [ 114.59941, 10.26478 ] ] ], [ [ [ 114.60662, 10.27175 ], [ 114.60918, 10.27205 ], [ 114.60837, 10.26668 ], [ 114.60551, 10.26849 ], [ 114.60662, 10.27175 ] ] ], [ [ [ 114.45992, 10.29308 ], [ 114.46196, 10.29557 ], [ 114.46345, 10.29325 ], [ 114.4623, 10.29019 ], [ 114.45992, 10.29308 ] ] ], [ [ [ 114.48055, 10.30898 ], [ 114.47776, 10.30751 ], [ 114.47626, 10.31128 ], [ 114.47905, 10.31261 ], [ 114.48055, 10.30898 ] ] ], [ [ [ 114.43971, 10.31856 ], [ 114.4453, 10.31876 ], [ 114.44605, 10.31701 ], [ 114.43975, 10.31449 ], [ 114.43971, 10.31856 ] ] ], [ [ [ 114.42086, 10.32104 ], [ 114.42262, 10.32134 ], [ 114.42337, 10.31974 ], [ 114.42147, 10.31798 ], [ 114.42086, 10.32104 ] ] ], [ [ [ 114.61725, 10.3194 ], [ 114.61783, 10.31842 ], [ 114.61229, 10.31583 ], [ 114.59014, 10.32371 ], [ 114.60179, 10.32874 ], [ 114.61725, 10.3194 ] ] ], [ [ [ 114.57866, 10.31473 ], [ 114.55891, 10.32573 ], [ 114.56058, 10.3304 ], [ 114.56956, 10.33089 ], [ 114.577, 10.32686 ], [ 114.5835, 10.31477 ], [ 114.57866, 10.31473 ] ] ], [ [ [ 114.42652, 10.3307 ], [ 114.42327, 10.33271 ], [ 114.42695, 10.33274 ], [ 114.42652, 10.3307 ] ] ], [ [ [ 114.45628, 10.34508 ], [ 114.452, 10.3465 ], [ 114.45419, 10.34885 ], [ 114.45628, 10.34508 ] ] ], [ [ [ 114.52017, 10.34053 ], [ 114.49723, 10.35757 ], [ 114.49844, 10.36718 ], [ 114.50384, 10.36934 ], [ 114.51285, 10.36546 ], [ 114.51733, 10.35801 ], [ 114.52748, 10.35414 ], [ 114.53153, 10.34627 ], [ 114.52942, 10.34244 ], [ 114.52017, 10.34053 ] ] ], [ [ [ 114.48226, 10.35403 ], [ 114.48943, 10.35918 ], [ 114.48757, 10.35218 ], [ 114.48449, 10.35099 ], [ 114.48226, 10.35403 ] ] ], [ [ [ 114.55885, 10.35284 ], [ 114.55796, 10.33773 ], [ 114.54824, 10.32283 ], [ 114.54269, 10.34085 ], [ 114.54382, 10.36076 ], [ 114.5617, 10.3904 ], [ 114.56402, 10.40453 ], [ 114.57747, 10.41777 ], [ 114.58577, 10.41956 ], [ 114.59421, 10.41466 ], [ 114.59097, 10.4043 ], [ 114.57919, 10.39717 ], [ 114.57257, 10.38597 ], [ 114.55885, 10.35284 ] ] ], [ [ [ 114.44561, 10.37847 ], [ 114.43129, 10.38682 ], [ 114.42753, 10.39371 ], [ 114.44024, 10.39043 ], [ 114.46689, 10.39206 ], [ 114.47733, 10.38748 ], [ 114.48483, 10.37639 ], [ 114.48358, 10.37186 ], [ 114.47676, 10.37029 ], [ 114.44561, 10.37847 ] ] ], [ [ [ 114.43672, 10.66835 ], [ 114.43612, 10.66247 ], [ 114.41832, 10.66446 ], [ 114.41686, 10.66908 ], [ 114.41976, 10.67632 ], [ 114.43672, 10.66835 ] ] ], [ [ [ 114.46698, 10.67283 ], [ 114.4518, 10.66819 ], [ 114.4521, 10.68361 ], [ 114.45565, 10.68464 ], [ 114.46698, 10.67283 ] ] ], [ [ [ 114.48516, 10.68935 ], [ 114.50366, 10.69487 ], [ 114.50497, 10.69219 ], [ 114.49275, 10.68603 ], [ 114.48516, 10.68935 ] ] ], [ [ [ 114.52469, 10.70632 ], [ 114.52573, 10.71988 ], [ 114.5377, 10.72195 ], [ 114.5448, 10.72695 ], [ 114.53384, 10.704 ], [ 114.52334, 10.69714 ], [ 114.51292, 10.69776 ], [ 114.52469, 10.70632 ] ] ], [ [ [ 114.57916, 10.79829 ], [ 114.59524, 10.77314 ], [ 114.59436, 10.76542 ], [ 114.58634, 10.75699 ], [ 114.5854, 10.74482 ], [ 114.58178, 10.73921 ], [ 114.55605, 10.73799 ], [ 114.55659, 10.74105 ], [ 114.57074, 10.74498 ], [ 114.57521, 10.75022 ], [ 114.57083, 10.79395 ], [ 114.57916, 10.79829 ] ] ], [ [ [ 114.46613, 10.79755 ], [ 114.46739, 10.79144 ], [ 114.42935, 10.75259 ], [ 114.41762, 10.74637 ], [ 114.41361, 10.74831 ], [ 114.41854, 10.76221 ], [ 114.43689, 10.77192 ], [ 114.45861, 10.79611 ], [ 114.46613, 10.79755 ] ] ], [ [ [ 114.57185, 10.87243 ], [ 114.56815, 10.88097 ], [ 114.57409, 10.88453 ], [ 114.57656, 10.89081 ], [ 114.5829, 10.89068 ], [ 114.58715, 10.885 ], [ 114.58689, 10.84562 ], [ 114.58481, 10.83721 ], [ 114.57353, 10.82439 ], [ 114.56397, 10.78264 ], [ 114.56632, 10.76854 ], [ 114.56305, 10.745 ], [ 114.5545, 10.74143 ], [ 114.53515, 10.72421 ], [ 114.52388, 10.72172 ], [ 114.51574, 10.70257 ], [ 114.50614, 10.70184 ], [ 114.48886, 10.69414 ], [ 114.48116, 10.70072 ], [ 114.46149, 10.70065 ], [ 114.45804, 10.68918 ], [ 114.44855, 10.68633 ], [ 114.44155, 10.67642 ], [ 114.43773, 10.67638 ], [ 114.42553, 10.68661 ], [ 114.41836, 10.6847 ], [ 114.41396, 10.67581 ], [ 114.40764, 10.67391 ], [ 114.40518, 10.68957 ], [ 114.38492, 10.69373 ], [ 114.3804, 10.69895 ], [ 114.38223, 10.70284 ], [ 114.3948, 10.70469 ], [ 114.39531, 10.7106 ], [ 114.40324, 10.72082 ], [ 114.40472, 10.73419 ], [ 114.42098, 10.74042 ], [ 114.43396, 10.73886 ], [ 114.43784, 10.74277 ], [ 114.43863, 10.75993 ], [ 114.46469, 10.76633 ], [ 114.4659, 10.77861 ], [ 114.47759, 10.78617 ], [ 114.47116, 10.79598 ], [ 114.47174, 10.80503 ], [ 114.47565, 10.80625 ], [ 114.48931, 10.80102 ], [ 114.49243, 10.8075 ], [ 114.50284, 10.81192 ], [ 114.5014, 10.82805 ], [ 114.52392, 10.83478 ], [ 114.5346, 10.85258 ], [ 114.55418, 10.86527 ], [ 114.57077, 10.86744 ], [ 114.57185, 10.87243 ] ] ], [ [ [ 114.58407, 10.81662 ], [ 114.5779, 10.80161 ], [ 114.57906, 10.81757 ], [ 114.58407, 10.81662 ] ] ], [ [ [ 114.49656, 10.8169 ], [ 114.49331, 10.81236 ], [ 114.48604, 10.81075 ], [ 114.48514, 10.81638 ], [ 114.49492, 10.82465 ], [ 114.49656, 10.8169 ] ] ], [ [ [ 114.50877, 10.84184 ], [ 114.51155, 10.83424 ], [ 114.50643, 10.83194 ], [ 114.50509, 10.838 ], [ 114.50877, 10.84184 ] ] ], [ [ [ 114.51506, 10.84133 ], [ 114.52193, 10.83983 ], [ 114.52267, 10.8363 ], [ 114.51909, 10.83727 ], [ 114.51506, 10.84133 ] ] ], [ [ [ 114.52835, 10.85837 ], [ 114.52804, 10.84341 ], [ 114.51314, 10.85007 ], [ 114.52391, 10.86017 ], [ 114.52835, 10.85837 ] ] ], [ [ [ 114.53678, 10.85731 ], [ 114.53071, 10.86644 ], [ 114.54876, 10.87661 ], [ 114.55284, 10.86704 ], [ 114.54059, 10.86228 ], [ 114.54049, 10.85791 ], [ 114.53678, 10.85731 ] ] ], [ [ [ 114.56561, 10.8951 ], [ 114.58946, 10.91363 ], [ 114.59717, 10.9137 ], [ 114.60448, 10.90966 ], [ 114.59948, 10.89155 ], [ 114.59985, 10.88083 ], [ 114.59412, 10.86512 ], [ 114.59422, 10.83321 ], [ 114.58885, 10.82625 ], [ 114.58523, 10.83314 ], [ 114.59113, 10.84491 ], [ 114.58836, 10.88878 ], [ 114.58032, 10.89451 ], [ 114.57122, 10.89034 ], [ 114.57183, 10.88427 ], [ 114.56423, 10.88902 ], [ 114.56561, 10.8951 ] ] ], [ [ [ 114.5695, 10.8724 ], [ 114.56852, 10.86943 ], [ 114.55982, 10.86894 ], [ 114.55401, 10.88102 ], [ 114.55725, 10.88613 ], [ 114.5695, 10.8724 ] ] ], [ [ [ 114.61441, 10.9367 ], [ 114.62485, 10.93537 ], [ 114.62305, 10.92845 ], [ 114.60398, 10.91911 ], [ 114.60153, 10.92178 ], [ 114.61441, 10.9367 ] ] ], [ [ [ 114.61006, 11.34852 ], [ 114.61298, 11.34438 ], [ 114.60441, 11.33214 ], [ 114.59457, 11.32458 ], [ 114.57562, 11.32926 ], [ 114.56523, 11.3262 ], [ 114.55867, 11.32782 ], [ 114.55229, 11.34546 ], [ 114.5594, 11.36671 ], [ 114.57471, 11.37553 ], [ 114.60642, 11.37607 ], [ 114.60441, 11.36743 ], [ 114.59548, 11.36743 ], [ 114.57288, 11.35969 ], [ 114.56687, 11.35266 ], [ 114.56614, 11.34672 ], [ 114.57835, 11.33484 ], [ 114.59257, 11.33646 ], [ 114.60095, 11.34474 ], [ 114.61006, 11.34852 ] ] ], [ [ [ 114.61972, 11.38147 ], [ 114.61936, 11.37517 ], [ 114.61097, 11.37535 ], [ 114.61061, 11.38489 ], [ 114.61972, 11.38147 ] ] ], [ [ [ 115.36295, 8.0438 ], [ 115.36869, 8.05072 ], [ 115.38386, 8.05097 ], [ 115.3908, 8.04334 ], [ 115.39453, 8.02268 ], [ 115.39055, 8.00889 ], [ 115.38328, 8.00293 ], [ 115.37214, 8.00269 ], [ 115.3623, 8.01548 ], [ 115.36295, 8.0438 ] ] ], [ [ [ 114.72374, 8.09205 ], [ 114.74729, 8.09019 ], [ 114.76653, 8.09943 ], [ 114.78425, 8.11765 ], [ 114.7842, 8.12633 ], [ 114.73718, 8.15211 ], [ 114.71738, 8.15393 ], [ 114.71585, 8.16291 ], [ 114.70774, 8.16468 ], [ 114.70073, 8.15476 ], [ 114.67589, 8.14781 ], [ 114.66489, 8.13945 ], [ 114.63211, 8.1374 ], [ 114.62517, 8.13265 ], [ 114.60902, 8.13012 ], [ 114.60967, 8.12652 ], [ 114.62441, 8.12461 ], [ 114.63842, 8.10533 ], [ 114.6452, 8.10659 ], [ 114.64547, 8.09866 ], [ 114.6429, 8.09638 ], [ 114.63024, 8.10241 ], [ 114.61567, 8.12024 ], [ 114.60224, 8.11621 ], [ 114.58078, 8.11879 ], [ 114.5244, 8.10813 ], [ 114.5097, 8.11107 ], [ 114.52066, 8.12627 ], [ 114.53076, 8.13381 ], [ 114.5599, 8.13415 ], [ 114.57126, 8.14255 ], [ 114.58157, 8.14129 ], [ 114.59547, 8.149 ], [ 114.64334, 8.1549 ], [ 114.65551, 8.16153 ], [ 114.66594, 8.16147 ], [ 114.68101, 8.17019 ], [ 114.6938, 8.18248 ], [ 114.70428, 8.18666 ], [ 114.71699, 8.18025 ], [ 114.72348, 8.18047 ], [ 114.73546, 8.17215 ], [ 114.75921, 8.17048 ], [ 114.77309, 8.14813 ], [ 114.79336, 8.14116 ], [ 114.8042, 8.12368 ], [ 114.80067, 8.11733 ], [ 114.77516, 8.09755 ], [ 114.7449, 8.08287 ], [ 114.7277, 8.08066 ], [ 114.70407, 8.08691 ], [ 114.6757, 8.08227 ], [ 114.64883, 8.08271 ], [ 114.64406, 8.09346 ], [ 114.64745, 8.09065 ], [ 114.65082, 8.09234 ], [ 114.66046, 8.08811 ], [ 114.67376, 8.08738 ], [ 114.70307, 8.09286 ], [ 114.71552, 8.08983 ], [ 114.72374, 8.09205 ] ] ], [ [ [ 115.19129, 8.35509 ], [ 115.16646, 8.38278 ], [ 115.17354, 8.38827 ], [ 115.1914, 8.39103 ], [ 115.21273, 8.37122 ], [ 115.24188, 8.36516 ], [ 115.26226, 8.36941 ], [ 115.27237, 8.3645 ], [ 115.27337, 8.35555 ], [ 115.25885, 8.34727 ], [ 115.24019, 8.35568 ], [ 115.19129, 8.35509 ] ] ], [ [ [ 115.27349, 8.77916 ], [ 115.27549, 8.76098 ], [ 115.26952, 8.75258 ], [ 115.26256, 8.74944 ], [ 115.24933, 8.75154 ], [ 115.23653, 8.76392 ], [ 115.23576, 8.7742 ], [ 115.24124, 8.78403 ], [ 115.26191, 8.78604 ], [ 115.27349, 8.77916 ] ] ], [ [ [ 114.63537, 8.86473 ], [ 114.65885, 8.87696 ], [ 114.68194, 8.87698 ], [ 114.6747, 8.86151 ], [ 114.64074, 8.8345 ], [ 114.63423, 8.83783 ], [ 114.63537, 8.86473 ] ] ], [ [ [ 115.72091, 8.88748 ], [ 115.72936, 8.88113 ], [ 115.74025, 8.86646 ], [ 115.74331, 8.85171 ], [ 115.73933, 8.84073 ], [ 115.7283, 8.84169 ], [ 115.70915, 8.86815 ], [ 115.70711, 8.87772 ], [ 115.70909, 8.88591 ], [ 115.72091, 8.88748 ] ] ], [ [ [ 116.26504, 8.88135 ], [ 116.25385, 8.88276 ], [ 116.25246, 8.88713 ], [ 116.26113, 8.91896 ], [ 116.2659, 8.92534 ], [ 116.29082, 8.92675 ], [ 116.29829, 8.92389 ], [ 116.27574, 8.88496 ], [ 116.26504, 8.88135 ] ] ], [ [ [ 115.92276, 9.3378 ], [ 115.95366, 9.33735 ], [ 115.95931, 9.33123 ], [ 115.95453, 9.32652 ], [ 115.93918, 9.32353 ], [ 115.90304, 9.32187 ], [ 115.89519, 9.32611 ], [ 115.89785, 9.32907 ], [ 115.9108, 9.33001 ], [ 115.92276, 9.3378 ] ] ], [ [ [ 115.43433, 9.40015 ], [ 115.44182, 9.40808 ], [ 115.44486, 9.41706 ], [ 115.44925, 9.41833 ], [ 115.45512, 9.39755 ], [ 115.45625, 9.37249 ], [ 115.4622, 9.36193 ], [ 115.44676, 9.34965 ], [ 115.43552, 9.35188 ], [ 115.43043, 9.35641 ], [ 115.42383, 9.37743 ], [ 115.43433, 9.40015 ] ] ], [ [ [ 116.36429, 9.51578 ], [ 116.35495, 9.51223 ], [ 116.34944, 9.51576 ], [ 116.34769, 9.52475 ], [ 116.35761, 9.52994 ], [ 116.3636, 9.52727 ], [ 116.36602, 9.52057 ], [ 116.36429, 9.51578 ] ] ], [ [ [ 116.1714, 9.60159 ], [ 116.16518, 9.59406 ], [ 116.1553, 9.59741 ], [ 116.15767, 9.60703 ], [ 116.16699, 9.61385 ], [ 116.17119, 9.6119 ], [ 116.1714, 9.60159 ] ] ], [ [ [ 114.66085, 9.71982 ], [ 114.66459, 9.72211 ], [ 114.6699, 9.7203 ], [ 114.67056, 9.7127 ], [ 114.66206, 9.7115 ], [ 114.66085, 9.71982 ] ] ], [ [ [ 115.86017, 9.69435 ], [ 115.86186, 9.71207 ], [ 115.86638, 9.7145 ], [ 115.87294, 9.7303 ], [ 115.87159, 9.74468 ], [ 115.88733, 9.78441 ], [ 115.88738, 9.79042 ], [ 115.88022, 9.8 ], [ 115.86898, 9.80305 ], [ 115.86368, 9.80053 ], [ 115.84499, 9.7722 ], [ 115.84464, 9.76772 ], [ 115.85273, 9.75829 ], [ 115.85294, 9.74573 ], [ 115.84904, 9.73929 ], [ 115.85166, 9.7315 ], [ 115.84467, 9.73264 ], [ 115.84188, 9.73703 ], [ 115.8434, 9.75338 ], [ 115.83363, 9.76427 ], [ 115.84916, 9.79093 ], [ 115.85125, 9.79961 ], [ 115.86712, 9.80861 ], [ 115.88095, 9.8055 ], [ 115.89317, 9.79214 ], [ 115.87824, 9.75423 ], [ 115.87465, 9.72833 ], [ 115.86547, 9.7097 ], [ 115.86213, 9.69176 ], [ 115.85004, 9.67358 ], [ 115.84612, 9.65876 ], [ 115.84204, 9.65671 ], [ 115.84066, 9.67848 ], [ 115.84805, 9.71228 ], [ 115.84489, 9.73055 ], [ 115.85025, 9.73061 ], [ 115.85492, 9.72455 ], [ 115.85628, 9.71334 ], [ 115.85071, 9.6902 ], [ 115.85343, 9.68644 ], [ 115.86017, 9.69435 ] ] ], [ [ [ 116.42935, 9.76766 ], [ 116.42522, 9.77136 ], [ 116.4264, 9.77279 ], [ 116.42733, 9.77045 ], [ 116.42962, 9.7719 ], [ 116.42935, 9.76766 ] ] ], [ [ [ 116.42621, 9.77435 ], [ 116.42743, 9.77603 ], [ 116.42806, 9.77542 ], [ 116.42621, 9.77435 ] ] ], [ [ [ 116.45756, 9.80465 ], [ 116.45886, 9.8129 ], [ 116.45538, 9.80876 ], [ 116.45125, 9.80926 ], [ 116.44909, 9.80618 ], [ 116.44426, 9.80747 ], [ 116.43324, 9.79562 ], [ 116.43391, 9.8026 ], [ 116.42439, 9.80346 ], [ 116.42045, 9.8013 ], [ 116.41841, 9.79194 ], [ 116.43043, 9.79343 ], [ 116.42416, 9.7859 ], [ 116.41926, 9.78958 ], [ 116.42355, 9.77868 ], [ 116.42088, 9.77666 ], [ 116.42426, 9.77396 ], [ 116.41473, 9.77873 ], [ 116.41214, 9.80113 ], [ 116.41449, 9.80458 ], [ 116.43748, 9.80612 ], [ 116.45272, 9.81637 ], [ 116.46901, 9.81283 ], [ 116.47515, 9.80448 ], [ 116.47387, 9.79407 ], [ 116.46262, 9.80387 ], [ 116.45756, 9.80465 ] ] ], [ [ [ 116.44742, 9.80262 ], [ 116.44796, 9.80488 ], [ 116.44872, 9.80463 ], [ 116.44742, 9.80262 ] ] ], [ [ [ 115.51602, 9.88258 ], [ 115.51542, 9.8793 ], [ 115.50269, 9.8859 ], [ 115.49886, 9.894 ], [ 115.50132, 9.8957 ], [ 115.51602, 9.88258 ] ] ], [ [ [ 115.56803, 9.91483 ], [ 115.54602, 9.92374 ], [ 115.56191, 9.92137 ], [ 115.5708, 9.91531 ], [ 115.57381, 9.90318 ], [ 115.5782, 9.90524 ], [ 115.57586, 9.89748 ], [ 115.54681, 9.87339 ], [ 115.5168, 9.87922 ], [ 115.52022, 9.88541 ], [ 115.54625, 9.87855 ], [ 115.55869, 9.88516 ], [ 115.57025, 9.89751 ], [ 115.57132, 9.91018 ], [ 115.56803, 9.91483 ] ] ], [ [ [ 114.62672, 9.9315 ], [ 114.61241, 9.92464 ], [ 114.62181, 9.93644 ], [ 114.62746, 9.9348 ], [ 114.62672, 9.9315 ] ] ], [ [ [ 114.64414, 9.94683 ], [ 114.65243, 9.95372 ], [ 114.64454, 9.94271 ], [ 114.64239, 9.93309 ], [ 114.63985, 9.93201 ], [ 114.64414, 9.94683 ] ] ], [ [ [ 114.66169, 9.98096 ], [ 114.65579, 9.95552 ], [ 114.65159, 9.95678 ], [ 114.65097, 9.96522 ], [ 114.63801, 9.98075 ], [ 114.64394, 9.98891 ], [ 114.61862, 9.99596 ], [ 114.60824, 9.99539 ], [ 114.60693, 9.99888 ], [ 114.66648, 10.00843 ], [ 114.67275, 10.00346 ], [ 114.66169, 9.98096 ] ] ], [ [ [ 115.17843, 9.99361 ], [ 115.1765, 9.98982 ], [ 115.17013, 9.98834 ], [ 115.16709, 9.99489 ], [ 115.1734, 9.99953 ], [ 115.17843, 9.99361 ] ] ], [ [ [ 116.151, 10.11774 ], [ 116.14967, 10.11228 ], [ 116.14118, 10.11998 ], [ 116.14522, 10.12406 ], [ 116.151, 10.11774 ] ] ], [ [ [ 115.28131, 10.2127 ], [ 115.31035, 10.19838 ], [ 115.33065, 10.20446 ], [ 115.32933, 10.19824 ], [ 115.31414, 10.18059 ], [ 115.2867, 10.17162 ], [ 115.28692, 10.18309 ], [ 115.2797, 10.19563 ], [ 115.28131, 10.2127 ] ] ], [ [ [ 115.36097, 10.24562 ], [ 115.36348, 10.25628 ], [ 115.37839, 10.2577 ], [ 115.37586, 10.2505 ], [ 115.36424, 10.24361 ], [ 115.36097, 10.24562 ] ] ], [ [ [ 114.62067, 10.28004 ], [ 114.63357, 10.28988 ], [ 114.64667, 10.29138 ], [ 114.63361, 10.28409 ], [ 114.61976, 10.26846 ], [ 114.62067, 10.28004 ] ] ], [ [ [ 114.70633, 10.36687 ], [ 114.71857, 10.37778 ], [ 114.71814, 10.3729 ], [ 114.70182, 10.35144 ], [ 114.69911, 10.34212 ], [ 114.70479, 10.32325 ], [ 114.67374, 10.2937 ], [ 114.65539, 10.2875 ], [ 114.65593, 10.29188 ], [ 114.66856, 10.3003 ], [ 114.66981, 10.30426 ], [ 114.66819, 10.31188 ], [ 114.65768, 10.32633 ], [ 114.64882, 10.32994 ], [ 114.61289, 10.33066 ], [ 114.61174, 10.33277 ], [ 114.63894, 10.33608 ], [ 114.67103, 10.3342 ], [ 114.68555, 10.34415 ], [ 114.69236, 10.36067 ], [ 114.70633, 10.36687 ] ] ], [ [ [ 115.7116, 10.47209 ], [ 115.71091, 10.47541 ], [ 115.71547, 10.47942 ], [ 115.71994, 10.46999 ], [ 115.73287, 10.46671 ], [ 115.75242, 10.45641 ], [ 115.75591, 10.45908 ], [ 115.76466, 10.45751 ], [ 115.78639, 10.47357 ], [ 115.76674, 10.47563 ], [ 115.76632, 10.48149 ], [ 115.77645, 10.50576 ], [ 115.76944, 10.51052 ], [ 115.77076, 10.51532 ], [ 115.75003, 10.51857 ], [ 115.73916, 10.50987 ], [ 115.73282, 10.51411 ], [ 115.73198, 10.52223 ], [ 115.72756, 10.51714 ], [ 115.73393, 10.50506 ], [ 115.72209, 10.50448 ], [ 115.72172, 10.49742 ], [ 115.71009, 10.4774 ], [ 115.70373, 10.48128 ], [ 115.69964, 10.48956 ], [ 115.72336, 10.52393 ], [ 115.72617, 10.53265 ], [ 115.73441, 10.53885 ], [ 115.74422, 10.5392 ], [ 115.76545, 10.53288 ], [ 115.79098, 10.54176 ], [ 115.80256, 10.53967 ], [ 115.80109, 10.50159 ], [ 115.79521, 10.49038 ], [ 115.79139, 10.45598 ], [ 115.78042, 10.45258 ], [ 115.73507, 10.45646 ], [ 115.7116, 10.47209 ] ] ], [ [ [ 115.85462, 10.64657 ], [ 115.85705, 10.64589 ], [ 115.83286, 10.60152 ], [ 115.82497, 10.59548 ], [ 115.81749, 10.61663 ], [ 115.82247, 10.62737 ], [ 115.81846, 10.63912 ], [ 115.82209, 10.65613 ], [ 115.81593, 10.67676 ], [ 115.8183, 10.68043 ], [ 115.83205, 10.67813 ], [ 115.83894, 10.66979 ], [ 115.83871, 10.66116 ], [ 115.83579, 10.66533 ], [ 115.83397, 10.65879 ], [ 115.83797, 10.64887 ], [ 115.84273, 10.64784 ], [ 115.84647, 10.63635 ], [ 115.85462, 10.64657 ] ] ], [ [ [ 115.87414, 10.65292 ], [ 115.85904, 10.64672 ], [ 115.86173, 10.65235 ], [ 115.86859, 10.65421 ], [ 115.87675, 10.66208 ], [ 115.87414, 10.65292 ] ] ], [ [ [ 116.17379, 10.71816 ], [ 116.17659, 10.68695 ], [ 116.19993, 10.65327 ], [ 116.20478, 10.6512 ], [ 116.20729, 10.644 ], [ 116.18453, 10.61141 ], [ 116.17645, 10.60578 ], [ 116.16534, 10.60394 ], [ 116.15918, 10.60524 ], [ 116.15701, 10.61058 ], [ 116.15975, 10.62213 ], [ 116.15978, 10.65852 ], [ 116.16607, 10.68614 ], [ 116.16143, 10.71489 ], [ 116.16405, 10.728 ], [ 116.17408, 10.73141 ], [ 116.17379, 10.71816 ] ] ], [ [ [ 116.20785, 10.67237 ], [ 116.21055, 10.6749 ], [ 116.21152, 10.6719 ], [ 116.20785, 10.67237 ] ] ], [ [ [ 116.22732, 10.74021 ], [ 116.2264, 10.73525 ], [ 116.2171, 10.7389 ], [ 116.22043, 10.74571 ], [ 116.22732, 10.74021 ] ] ], [ [ [ 115.81916, 10.76526 ], [ 115.82199, 10.7582 ], [ 115.82014, 10.75481 ], [ 115.81545, 10.76002 ], [ 115.8136, 10.75509 ], [ 115.81705, 10.73408 ], [ 115.81237, 10.72618 ], [ 115.83013, 10.72139 ], [ 115.83176, 10.71599 ], [ 115.82299, 10.71271 ], [ 115.82309, 10.71017 ], [ 115.82982, 10.70923 ], [ 115.83665, 10.6876 ], [ 115.81637, 10.68272 ], [ 115.80517, 10.71037 ], [ 115.80518, 10.72297 ], [ 115.79949, 10.73159 ], [ 115.80929, 10.74585 ], [ 115.81079, 10.7597 ], [ 115.80508, 10.78705 ], [ 115.81312, 10.80061 ], [ 115.81556, 10.812 ], [ 115.83073, 10.8302 ], [ 115.83291, 10.83144 ], [ 115.83728, 10.82654 ], [ 115.8523, 10.80383 ], [ 115.86384, 10.79773 ], [ 115.8704, 10.78914 ], [ 115.87044, 10.77868 ], [ 115.8931, 10.7071 ], [ 115.89935, 10.6982 ], [ 115.88483, 10.67047 ], [ 115.87833, 10.6646 ], [ 115.88418, 10.68031 ], [ 115.87295, 10.6898 ], [ 115.87914, 10.69751 ], [ 115.88281, 10.71321 ], [ 115.87687, 10.7218 ], [ 115.87872, 10.72612 ], [ 115.87035, 10.72024 ], [ 115.85719, 10.74541 ], [ 115.85747, 10.75341 ], [ 115.87022, 10.75469 ], [ 115.87173, 10.76638 ], [ 115.86612, 10.76821 ], [ 115.86455, 10.77282 ], [ 115.8673, 10.78605 ], [ 115.86511, 10.79004 ], [ 115.85952, 10.78756 ], [ 115.86296, 10.78234 ], [ 115.85431, 10.76601 ], [ 115.84929, 10.77645 ], [ 115.85522, 10.77155 ], [ 115.85739, 10.77494 ], [ 115.8424, 10.78873 ], [ 115.83122, 10.78622 ], [ 115.82279, 10.79388 ], [ 115.82437, 10.78589 ], [ 115.81537, 10.78217 ], [ 115.8285, 10.76346 ], [ 115.82665, 10.76006 ], [ 115.81916, 10.76526 ] ] ], [ [ [ 116.18881, 10.76272 ], [ 116.19088, 10.75096 ], [ 116.18643, 10.74728 ], [ 116.18793, 10.74066 ], [ 116.18462, 10.73128 ], [ 116.17848, 10.73347 ], [ 116.17753, 10.74008 ], [ 116.18529, 10.75738 ], [ 116.18763, 10.78459 ], [ 116.19668, 10.8041 ], [ 116.20724, 10.81663 ], [ 116.20894, 10.8056 ], [ 116.19561, 10.79013 ], [ 116.19935, 10.77764 ], [ 116.18881, 10.76272 ] ] ], [ [ [ 116.25801, 10.77802 ], [ 116.25401, 10.77637 ], [ 116.24782, 10.7855 ], [ 116.25082, 10.7879 ], [ 116.25801, 10.77802 ] ] ], [ [ [ 116.27215, 10.7948 ], [ 116.25879, 10.7993 ], [ 116.25228, 10.80398 ], [ 116.25326, 10.8091 ], [ 116.26076, 10.81489 ], [ 116.26735, 10.81449 ], [ 116.27311, 10.80931 ], [ 116.2748, 10.80041 ], [ 116.27215, 10.7948 ] ] ], [ [ [ 116.08776, 10.81356 ], [ 116.09109, 10.81532 ], [ 116.09557, 10.80565 ], [ 116.09372, 10.79983 ], [ 116.09002, 10.79957 ], [ 116.08776, 10.81356 ] ] ], [ [ [ 116.28277, 10.81133 ], [ 116.28067, 10.82269 ], [ 116.29057, 10.83603 ], [ 116.30745, 10.83307 ], [ 116.34124, 10.83427 ], [ 116.34913, 10.82671 ], [ 116.34003, 10.81894 ], [ 116.30975, 10.81934 ], [ 116.28687, 10.8062 ], [ 116.28277, 10.81133 ] ] ], [ [ [ 116.2176, 10.83372 ], [ 116.22817, 10.84257 ], [ 116.22321, 10.81811 ], [ 116.21596, 10.81956 ], [ 116.2176, 10.83372 ] ] ], [ [ [ 116.35343, 10.84356 ], [ 116.35828, 10.84245 ], [ 116.3587, 10.83542 ], [ 116.35437, 10.83734 ], [ 116.35343, 10.84356 ] ] ], [ [ [ 116.23306, 10.85515 ], [ 116.23582, 10.86471 ], [ 116.24149, 10.86307 ], [ 116.24941, 10.85372 ], [ 116.24831, 10.84775 ], [ 116.23306, 10.85515 ] ] ], [ [ [ 116.37229, 10.86927 ], [ 116.36844, 10.89345 ], [ 116.3747, 10.90294 ], [ 116.379, 10.90376 ], [ 116.39588, 10.8935 ], [ 116.39757, 10.87798 ], [ 116.38934, 10.85966 ], [ 116.37229, 10.86927 ] ] ], [ [ [ 114.89678, 10.86481 ], [ 114.87533, 10.8552 ], [ 114.86921, 10.85674 ], [ 114.87254, 10.86078 ], [ 114.88976, 10.86454 ], [ 114.90896, 10.88105 ], [ 114.91783, 10.88493 ], [ 114.93412, 10.90975 ], [ 114.93758, 10.90495 ], [ 114.9216, 10.86475 ], [ 114.90094, 10.86246 ], [ 114.89678, 10.86481 ] ] ], [ [ [ 116.23939, 10.88511 ], [ 116.24578, 10.89431 ], [ 116.25251, 10.88009 ], [ 116.24704, 10.87557 ], [ 116.2409, 10.87767 ], [ 116.23939, 10.88511 ] ] ], [ [ [ 115.91064, 10.88867 ], [ 115.91678, 10.89411 ], [ 115.92224, 10.88808 ], [ 115.91624, 10.88264 ], [ 115.91064, 10.88867 ] ] ], [ [ [ 116.44513, 10.90422 ], [ 116.45505, 10.90783 ], [ 116.46151, 10.90163 ], [ 116.45376, 10.88855 ], [ 116.43278, 10.87691 ], [ 116.41937, 10.88669 ], [ 116.40478, 10.90855 ], [ 116.4056, 10.91117 ], [ 116.44513, 10.90422 ] ] ], [ [ [ 116.42372, 10.96883 ], [ 116.42792, 10.96528 ], [ 116.42692, 10.96054 ], [ 116.42252, 10.95876 ], [ 116.41573, 10.96172 ], [ 116.41812, 10.96863 ], [ 116.42372, 10.96883 ] ] ], [ [ [ 114.64531, 10.94867 ], [ 114.64239, 10.95796 ], [ 114.64644, 10.96928 ], [ 114.65814, 10.99026 ], [ 114.66371, 10.99088 ], [ 114.66688, 10.98723 ], [ 114.66245, 10.96842 ], [ 114.66333, 10.96504 ], [ 114.67049, 10.96326 ], [ 114.64531, 10.94867 ] ] ], [ [ [ 114.73609, 11.00794 ], [ 114.73217, 11.00965 ], [ 114.73299, 11.01362 ], [ 114.74366, 11.0174 ], [ 114.74256, 11.01091 ], [ 114.73609, 11.00794 ] ] ], [ [ [ 115.02568, 11.08653 ], [ 115.02588, 11.07852 ], [ 115.0171, 11.0724 ], [ 115.01453, 11.08091 ], [ 115.02036, 11.0863 ], [ 115.02568, 11.08653 ] ] ], [ [ [ 114.68832, 11.03754 ], [ 114.67412, 11.03564 ], [ 114.65997, 11.02627 ], [ 114.64741, 11.00734 ], [ 114.63959, 11.0022 ], [ 114.63202, 11.00274 ], [ 114.62048, 11.02042 ], [ 114.63191, 11.04442 ], [ 114.64584, 11.05888 ], [ 114.66526, 11.0718 ], [ 114.67929, 11.08928 ], [ 114.70698, 11.09009 ], [ 114.71377, 11.09134 ], [ 114.71858, 11.09616 ], [ 114.72897, 11.12164 ], [ 114.72338, 11.13983 ], [ 114.72513, 11.14896 ], [ 114.73816, 11.14697 ], [ 114.74941, 11.14093 ], [ 114.76022, 11.15132 ], [ 114.77935, 11.16156 ], [ 114.78873, 11.16335 ], [ 114.80963, 11.15549 ], [ 114.81328, 11.13657 ], [ 114.80562, 11.09873 ], [ 114.7987, 11.08774 ], [ 114.78499, 11.0879 ], [ 114.76894, 11.05997 ], [ 114.74734, 11.035 ], [ 114.70161, 11.00118 ], [ 114.69074, 10.9996 ], [ 114.68712, 11.00211 ], [ 114.68731, 11.00665 ], [ 114.67987, 11.011 ], [ 114.68087, 11.01605 ], [ 114.69194, 11.02634 ], [ 114.68832, 11.03754 ] ] ], [ [ [ 116.08307, 11.16131 ], [ 116.0919, 11.13442 ], [ 116.09754, 11.09761 ], [ 116.10385, 11.08605 ], [ 116.10161, 11.06845 ], [ 116.09289, 11.06645 ], [ 116.08934, 11.07033 ], [ 116.0849, 11.08238 ], [ 116.07012, 11.09992 ], [ 116.0632, 11.11851 ], [ 116.05399, 11.17917 ], [ 116.03256, 11.21162 ], [ 116.03321, 11.22114 ], [ 116.04163, 11.21957 ], [ 116.06816, 11.19232 ], [ 116.08307, 11.16131 ] ] ], [ [ [ 116.21416, 11.31947 ], [ 116.2142, 11.36392 ], [ 116.21908, 11.39816 ], [ 116.22463, 11.4055 ], [ 116.23218, 11.40842 ], [ 116.23792, 11.40508 ], [ 116.23744, 11.38964 ], [ 116.21416, 11.27708 ], [ 116.19769, 11.25976 ], [ 116.19179, 11.25784 ], [ 116.18655, 11.2602 ], [ 116.18314, 11.26584 ], [ 116.18593, 11.27507 ], [ 116.20364, 11.29361 ], [ 116.21416, 11.31947 ] ] ], [ [ [ 116.03951, 11.3208 ], [ 116.04541, 11.33787 ], [ 116.06999, 11.37216 ], [ 116.07446, 11.3736 ], [ 116.07407, 11.36236 ], [ 116.05466, 11.33599 ], [ 116.0565, 11.31975 ], [ 116.04154, 11.31561 ], [ 116.03951, 11.3208 ] ] ], [ [ [ 114.63613, 11.39047 ], [ 114.6292, 11.39011 ], [ 114.62756, 11.39281 ], [ 114.63685, 11.40433 ], [ 114.6487, 11.41117 ], [ 114.65289, 11.40955 ], [ 114.65052, 11.40199 ], [ 114.63613, 11.39047 ] ] ], [ [ [ 116.08468, 11.39702 ], [ 116.09023, 11.383 ], [ 116.08649, 11.37945 ], [ 116.07895, 11.37881 ], [ 116.07406, 11.38653 ], [ 116.07633, 11.40411 ], [ 116.09143, 11.42947 ], [ 116.09548, 11.42776 ], [ 116.08468, 11.39702 ] ] ], [ [ [ 116.15635, 11.47104 ], [ 116.15258, 11.47406 ], [ 116.15395, 11.48406 ], [ 116.1933, 11.54349 ], [ 116.19777, 11.54571 ], [ 116.20406, 11.54522 ], [ 116.20827, 11.54123 ], [ 116.19731, 11.48418 ], [ 116.23157, 11.50857 ], [ 116.23627, 11.50628 ], [ 116.24046, 11.49771 ], [ 116.23842, 11.49332 ], [ 116.22302, 11.48813 ], [ 116.19015, 11.44985 ], [ 116.15109, 11.28705 ], [ 116.1465, 11.27214 ], [ 116.1417, 11.27053 ], [ 116.13912, 11.27889 ], [ 116.14223, 11.29314 ], [ 116.19627, 11.50973 ], [ 116.19438, 11.52322 ], [ 116.1899, 11.52052 ], [ 116.17387, 11.48425 ], [ 116.1637, 11.47267 ], [ 116.15635, 11.47104 ] ] ], [ [ [ 116.32455, 11.39767 ], [ 116.34728, 11.45744 ], [ 116.35348, 11.46703 ], [ 116.36539, 11.47393 ], [ 116.37166, 11.46467 ], [ 116.37056, 11.45815 ], [ 116.35474, 11.43664 ], [ 116.34336, 11.40184 ], [ 116.33888, 11.39382 ], [ 116.33241, 11.38998 ], [ 116.32639, 11.39094 ], [ 116.32455, 11.39767 ] ] ], [ [ [ 114.68953, 11.43601 ], [ 114.68424, 11.43691 ], [ 114.68442, 11.44033 ], [ 114.69307, 11.45134 ], [ 114.69627, 11.45149 ], [ 114.69645, 11.44645 ], [ 114.68953, 11.43601 ] ] ], [ [ [ 114.66474, 11.5026 ], [ 114.66656, 11.49648 ], [ 114.66146, 11.48946 ], [ 114.64013, 11.48785 ], [ 114.6343, 11.48299 ], [ 114.63376, 11.46923 ], [ 114.63668, 11.46437 ], [ 114.62501, 11.40774 ], [ 114.62392, 11.40306 ], [ 114.61572, 11.39838 ], [ 114.6108, 11.40558 ], [ 114.6139, 11.45403 ], [ 114.61772, 11.47958 ], [ 114.62611, 11.49812 ], [ 114.63085, 11.50442 ], [ 114.64235, 11.50884 ], [ 114.65326, 11.5089 ], [ 114.66474, 11.5026 ] ] ], [ [ [ 114.66802, 11.48785 ], [ 114.68533, 11.48982 ], [ 114.69882, 11.48119 ], [ 114.70411, 11.47435 ], [ 114.69864, 11.46283 ], [ 114.69098, 11.46463 ], [ 114.67786, 11.47633 ], [ 114.66784, 11.48011 ], [ 114.66802, 11.48785 ] ] ], [ [ [ 116.38517, 11.53176 ], [ 116.4004, 11.55903 ], [ 116.39818, 11.56568 ], [ 116.40025, 11.57544 ], [ 116.4089, 11.56361 ], [ 116.41141, 11.54383 ], [ 116.39836, 11.50909 ], [ 116.38953, 11.49632 ], [ 116.37856, 11.49184 ], [ 116.3697, 11.49875 ], [ 116.38732, 11.52347 ], [ 116.38517, 11.53176 ] ] ], [ [ [ 116.21547, 11.57199 ], [ 116.21981, 11.55608 ], [ 116.19604, 11.5567 ], [ 116.20676, 11.58225 ], [ 116.21453, 11.59431 ], [ 116.22237, 11.5997 ], [ 116.22713, 11.5958 ], [ 116.21547, 11.57199 ] ] ], [ [ [ 116.23526, 11.58916 ], [ 116.23123, 11.59759 ], [ 116.23255, 11.60328 ], [ 116.268, 11.65077 ], [ 116.28, 11.68588 ], [ 116.28899, 11.72794 ], [ 116.29392, 11.73241 ], [ 116.30762, 11.72864 ], [ 116.32399, 11.66474 ], [ 116.31825, 11.63118 ], [ 116.31279, 11.62241 ], [ 116.30913, 11.6222 ], [ 116.30456, 11.65328 ], [ 116.29587, 11.6547 ], [ 116.28258, 11.65056 ], [ 116.26016, 11.61909 ], [ 116.25763, 11.60158 ], [ 116.26252, 11.58738 ], [ 116.26153, 11.58095 ], [ 116.24557, 11.58265 ], [ 116.23526, 11.58916 ] ] ], [ [ [ 116.67044, 9.03037 ], [ 116.64965, 9.03856 ], [ 116.6457, 9.05654 ], [ 116.64933, 9.06162 ], [ 116.65712, 9.06212 ], [ 116.67653, 9.04677 ], [ 116.67887, 9.03968 ], [ 116.67741, 9.03507 ], [ 116.67044, 9.03037 ] ] ], [ [ [ 116.93285, 9.46667 ], [ 116.9304, 9.45338 ], [ 116.9231, 9.44829 ], [ 116.91872, 9.45057 ], [ 116.91583, 9.45791 ], [ 116.92759, 9.46928 ], [ 116.93285, 9.46667 ] ] ], [ [ [ 116.59022, 9.71345 ], [ 116.60074, 9.71034 ], [ 116.60189, 9.70762 ], [ 116.59022, 9.71345 ] ] ], [ [ [ 116.56832, 9.71895 ], [ 116.57021, 9.71487 ], [ 116.56518, 9.71721 ], [ 116.56832, 9.71895 ] ] ], [ [ [ 116.45858, 9.74602 ], [ 116.46093, 9.73758 ], [ 116.47026, 9.73212 ], [ 116.47055, 9.7262 ], [ 116.48414, 9.71804 ], [ 116.48364, 9.71446 ], [ 116.50123, 9.7243 ], [ 116.51039, 9.74118 ], [ 116.51143, 9.75254 ], [ 116.53963, 9.74768 ], [ 116.57407, 9.74995 ], [ 116.58482, 9.74141 ], [ 116.59575, 9.73748 ], [ 116.60483, 9.71897 ], [ 116.59601, 9.71524 ], [ 116.57744, 9.72394 ], [ 116.5616, 9.72176 ], [ 116.55309, 9.72992 ], [ 116.53513, 9.73769 ], [ 116.52309, 9.73924 ], [ 116.51003, 9.7334 ], [ 116.49828, 9.71295 ], [ 116.48808, 9.70993 ], [ 116.47515, 9.71576 ], [ 116.4471, 9.75236 ], [ 116.43274, 9.76063 ], [ 116.43264, 9.76588 ], [ 116.44877, 9.75819 ], [ 116.45086, 9.75285 ], [ 116.46086, 9.75122 ], [ 116.45858, 9.74602 ] ] ], [ [ [ 116.51485, 9.75917 ], [ 116.50857, 9.75679 ], [ 116.50235, 9.76308 ], [ 116.50712, 9.76906 ], [ 116.51434, 9.76377 ], [ 116.51485, 9.75917 ] ] ], [ [ [ 116.49708, 9.76737 ], [ 116.4999, 9.77236 ], [ 116.50406, 9.77008 ], [ 116.50117, 9.76527 ], [ 116.49708, 9.76737 ] ] ], [ [ [ 116.49063, 9.77399 ], [ 116.48953, 9.77931 ], [ 116.49453, 9.77573 ], [ 116.49063, 9.77399 ] ] ], [ [ [ 116.48264, 9.78187 ], [ 116.48526, 9.78615 ], [ 116.48859, 9.78296 ], [ 116.48264, 9.78187 ] ] ], [ [ [ 116.47731, 9.78786 ], [ 116.47703, 9.79225 ], [ 116.48149, 9.79011 ], [ 116.48204, 9.78468 ], [ 116.47731, 9.78786 ] ] ], [ [ [ 116.46525, 9.79759 ], [ 116.4554, 9.8013 ], [ 116.4549, 9.80185 ], [ 116.4624, 9.80006 ], [ 116.46525, 9.79759 ] ] ], [ [ [ 116.44943, 9.80273 ], [ 116.45024, 9.80288 ], [ 116.44947, 9.80264 ], [ 116.44943, 9.80273 ] ] ], [ [ [ 116.45068, 9.8042 ], [ 116.45172, 9.80434 ], [ 116.45172, 9.80383 ], [ 116.45068, 9.8042 ] ] ], [ [ [ 116.45539, 9.80514 ], [ 116.45577, 9.80413 ], [ 116.45383, 9.8041 ], [ 116.45539, 9.80514 ] ] ], [ [ [ 116.45369, 9.80546 ], [ 116.45501, 9.80629 ], [ 116.45523, 9.80569 ], [ 116.45369, 9.80546 ] ] ], [ [ [ 116.45476, 9.80695 ], [ 116.45545, 9.80783 ], [ 116.45561, 9.80738 ], [ 116.45476, 9.80695 ] ] ], [ [ [ 116.45147, 9.80786 ], [ 116.4524, 9.80815 ], [ 116.45212, 9.80736 ], [ 116.45147, 9.80786 ] ] ], [ [ [ 116.54029, 10.44394 ], [ 116.54376, 10.44172 ], [ 116.54151, 10.4374 ], [ 116.53949, 10.4382 ], [ 116.54029, 10.44394 ] ] ], [ [ [ 116.55616, 10.45268 ], [ 116.55624, 10.4502 ], [ 116.54358, 10.45235 ], [ 116.54809, 10.45634 ], [ 116.55616, 10.45268 ] ] ], [ [ [ 116.54873, 10.46344 ], [ 116.55267, 10.46608 ], [ 116.55574, 10.46209 ], [ 116.55349, 10.46137 ], [ 116.54873, 10.46344 ] ] ], [ [ [ 116.60278, 10.39578 ], [ 116.58892, 10.39338 ], [ 116.58651, 10.39602 ], [ 116.5873, 10.40579 ], [ 116.62247, 10.43197 ], [ 116.62245, 10.44835 ], [ 116.63044, 10.45839 ], [ 116.62668, 10.4774 ], [ 116.63198, 10.50909 ], [ 116.65275, 10.54133 ], [ 116.66821, 10.55718 ], [ 116.7197, 10.56252 ], [ 116.73411, 10.55435 ], [ 116.7416, 10.53561 ], [ 116.74109, 10.50868 ], [ 116.72191, 10.4775 ], [ 116.71047, 10.44316 ], [ 116.69715, 10.42177 ], [ 116.68596, 10.417 ], [ 116.65928, 10.42225 ], [ 116.63956, 10.41589 ], [ 116.60278, 10.39578 ] ] ], [ [ [ 116.7472, 10.36127 ], [ 116.75607, 10.37583 ], [ 116.78146, 10.38692 ], [ 116.80867, 10.42239 ], [ 116.8115, 10.43912 ], [ 116.83154, 10.4797 ], [ 116.85092, 10.4885 ], [ 116.86833, 10.50394 ], [ 116.88955, 10.51411 ], [ 116.89076, 10.52015 ], [ 116.88714, 10.53095 ], [ 116.86729, 10.55817 ], [ 116.81089, 10.60848 ], [ 116.80237, 10.62827 ], [ 116.79319, 10.64048 ], [ 116.77817, 10.64245 ], [ 116.73399, 10.62244 ], [ 116.71981, 10.62045 ], [ 116.70797, 10.61466 ], [ 116.7053, 10.6173 ], [ 116.70913, 10.62473 ], [ 116.73147, 10.63779 ], [ 116.76999, 10.65482 ], [ 116.77749, 10.66424 ], [ 116.796, 10.6758 ], [ 116.81067, 10.69116 ], [ 116.81901, 10.69347 ], [ 116.82252, 10.68292 ], [ 116.83821, 10.67699 ], [ 116.84088, 10.67237 ], [ 116.84038, 10.66857 ], [ 116.83154, 10.66443 ], [ 116.82687, 10.65799 ], [ 116.82122, 10.62696 ], [ 116.83791, 10.60106 ], [ 116.85927, 10.58325 ], [ 116.86545, 10.57104 ], [ 116.87596, 10.56494 ], [ 116.90748, 10.55488 ], [ 116.93299, 10.56546 ], [ 116.945, 10.56381 ], [ 116.95134, 10.55655 ], [ 116.95284, 10.54895 ], [ 116.9435, 10.53047 ], [ 116.89231, 10.50153 ], [ 116.87524, 10.4886 ], [ 116.86381, 10.47338 ], [ 116.84515, 10.46782 ], [ 116.82019, 10.42278 ], [ 116.8079, 10.39397 ], [ 116.79577, 10.37915 ], [ 116.77103, 10.35761 ], [ 116.71932, 10.34153 ], [ 116.69439, 10.33004 ], [ 116.67613, 10.32882 ], [ 116.65386, 10.33724 ], [ 116.61052, 10.32866 ], [ 116.58211, 10.31779 ], [ 116.54737, 10.29496 ], [ 116.52481, 10.2967 ], [ 116.50289, 10.28419 ], [ 116.49192, 10.28255 ], [ 116.46915, 10.2954 ], [ 116.4618, 10.31389 ], [ 116.463, 10.32678 ], [ 116.47557, 10.34209 ], [ 116.478, 10.35054 ], [ 116.47592, 10.3779 ], [ 116.48686, 10.39723 ], [ 116.51242, 10.42464 ], [ 116.52095, 10.42908 ], [ 116.53314, 10.43272 ], [ 116.54209, 10.4279 ], [ 116.53481, 10.40375 ], [ 116.52588, 10.39327 ], [ 116.52753, 10.37677 ], [ 116.51171, 10.35864 ], [ 116.50524, 10.34093 ], [ 116.50687, 10.33288 ], [ 116.526, 10.314 ], [ 116.53434, 10.31142 ], [ 116.54072, 10.31354 ], [ 116.55632, 10.32644 ], [ 116.58697, 10.33495 ], [ 116.60308, 10.34973 ], [ 116.62287, 10.34392 ], [ 116.65173, 10.34772 ], [ 116.69758, 10.34755 ], [ 116.72345, 10.3579 ], [ 116.7472, 10.36127 ] ] ], [ [ [ 116.55112, 10.50511 ], [ 116.55624, 10.51528 ], [ 116.56249, 10.51595 ], [ 116.56964, 10.50999 ], [ 116.57143, 10.5027 ], [ 116.56676, 10.49297 ], [ 116.55627, 10.49561 ], [ 116.55112, 10.50511 ] ] ], [ [ [ 116.56582, 10.52678 ], [ 116.57473, 10.53895 ], [ 116.58076, 10.53211 ], [ 116.57252, 10.52259 ], [ 116.56582, 10.52678 ] ] ], [ [ [ 116.59122, 10.55775 ], [ 116.59434, 10.55753 ], [ 116.59792, 10.55157 ], [ 116.59145, 10.55134 ], [ 116.58722, 10.54581 ], [ 116.59436, 10.54185 ], [ 116.58701, 10.53675 ], [ 116.58633, 10.54316 ], [ 116.58343, 10.5436 ], [ 116.58387, 10.54714 ], [ 116.59122, 10.55775 ] ] ], [ [ [ 116.60504, 10.56904 ], [ 116.61396, 10.57568 ], [ 116.62067, 10.56641 ], [ 116.61732, 10.56397 ], [ 116.60504, 10.56904 ] ] ], [ [ [ 116.62823, 10.57733 ], [ 116.62298, 10.58291 ], [ 116.62653, 10.58228 ], [ 116.62823, 10.57733 ] ] ], [ [ [ 116.99485, 10.5852 ], [ 116.99586, 10.58843 ], [ 116.99835, 10.5885 ], [ 116.99873, 10.58443 ], [ 116.99485, 10.5852 ] ] ], [ [ [ 116.63631, 10.58754 ], [ 116.6455, 10.59146 ], [ 116.6469, 10.58828 ], [ 116.63631, 10.58754 ] ] ], [ [ [ 116.65453, 10.59466 ], [ 116.65591, 10.59043 ], [ 116.65292, 10.59394 ], [ 116.65453, 10.59466 ] ] ], [ [ [ 116.6706, 10.59499 ], [ 116.66617, 10.59348 ], [ 116.66794, 10.59834 ], [ 116.67092, 10.59962 ], [ 116.6706, 10.59499 ] ] ], [ [ [ 116.68148, 10.61179 ], [ 116.68607, 10.61251 ], [ 116.68543, 10.60868 ], [ 116.68188, 10.60956 ], [ 116.68148, 10.61179 ] ] ], [ [ [ 117.32568, 10.7265 ], [ 117.364, 10.73078 ], [ 117.38288, 10.72036 ], [ 117.39326, 10.69596 ], [ 117.39086, 10.6171 ], [ 117.37614, 10.59921 ], [ 117.35293, 10.59427 ], [ 117.33933, 10.60085 ], [ 117.33224, 10.61792 ], [ 117.32585, 10.66367 ], [ 117.3096, 10.67875 ], [ 117.2812, 10.67942 ], [ 117.23843, 10.66994 ], [ 117.20886, 10.65807 ], [ 117.19764, 10.63703 ], [ 117.20365, 10.60925 ], [ 117.19597, 10.58625 ], [ 117.18369, 10.58201 ], [ 117.15418, 10.59825 ], [ 117.14259, 10.60952 ], [ 117.1362, 10.62895 ], [ 117.13188, 10.65426 ], [ 117.13589, 10.68998 ], [ 117.1346, 10.72893 ], [ 117.14196, 10.74476 ], [ 117.16281, 10.75103 ], [ 117.176, 10.76182 ], [ 117.18685, 10.76075 ], [ 117.20862, 10.73347 ], [ 117.29645, 10.73558 ], [ 117.32568, 10.7265 ] ] ], [ [ [ 116.68282, 10.79256 ], [ 116.69872, 10.79129 ], [ 116.69486, 10.78634 ], [ 116.6809, 10.78011 ], [ 116.68282, 10.79256 ] ] ], [ [ [ 116.62478, 10.82555 ], [ 116.62918, 10.8241 ], [ 116.6336, 10.80853 ], [ 116.6611, 10.79298 ], [ 116.66367, 10.78647 ], [ 116.67027, 10.78466 ], [ 116.67394, 10.77923 ], [ 116.67175, 10.77524 ], [ 116.65819, 10.77161 ], [ 116.64353, 10.77231 ], [ 116.63254, 10.7781 ], [ 116.61822, 10.79511 ], [ 116.62149, 10.82301 ], [ 116.62478, 10.82555 ] ] ], [ [ [ 116.86464, 10.81008 ], [ 116.85931, 10.80353 ], [ 116.8527, 10.80209 ], [ 116.84938, 10.80719 ], [ 116.85471, 10.8139 ], [ 116.86068, 10.81542 ], [ 116.86464, 10.81008 ] ] ], [ [ [ 116.70068, 10.81662 ], [ 116.70254, 10.81088 ], [ 116.69737, 10.81622 ], [ 116.70068, 10.81662 ] ] ], [ [ [ 116.71262, 10.82553 ], [ 116.71964, 10.82459 ], [ 116.72021, 10.81979 ], [ 116.71642, 10.81652 ], [ 116.71262, 10.82553 ] ] ], [ [ [ 116.81168, 10.82499 ], [ 116.81535, 10.82137 ], [ 116.80692, 10.81738 ], [ 116.78237, 10.81555 ], [ 116.79299, 10.82788 ], [ 116.81168, 10.82499 ] ] ], [ [ [ 116.7611, 10.81544 ], [ 116.75504, 10.81943 ], [ 116.76335, 10.82909 ], [ 116.76964, 10.82693 ], [ 116.76884, 10.82159 ], [ 116.7611, 10.81544 ] ] ], [ [ [ 116.82736, 10.832 ], [ 116.82751, 10.8399 ], [ 116.83373, 10.83639 ], [ 116.83091, 10.8296 ], [ 116.82736, 10.832 ] ] ], [ [ [ 116.63254, 10.83091 ], [ 116.62762, 10.83274 ], [ 116.63229, 10.83881 ], [ 116.639, 10.83388 ], [ 116.63254, 10.83091 ] ] ], [ [ [ 116.645, 10.84262 ], [ 116.64194, 10.83767 ], [ 116.63217, 10.8426 ], [ 116.63926, 10.85035 ], [ 116.645, 10.84262 ] ] ], [ [ [ 116.87013, 10.85611 ], [ 116.86916, 10.8467 ], [ 116.86545, 10.84566 ], [ 116.8602, 10.8498 ], [ 116.86036, 10.85412 ], [ 116.86666, 10.85172 ], [ 116.87013, 10.85611 ] ] ], [ [ [ 116.72511, 10.85227 ], [ 116.72809, 10.85634 ], [ 116.73512, 10.85579 ], [ 116.72778, 10.84868 ], [ 116.72511, 10.85227 ] ] ], [ [ [ 116.84301, 10.85993 ], [ 116.84785, 10.8577 ], [ 116.85124, 10.84653 ], [ 116.84713, 10.84765 ], [ 116.84188, 10.85538 ], [ 116.84301, 10.85993 ] ] ], [ [ [ 116.64915, 10.8502 ], [ 116.64164, 10.85514 ], [ 116.64284, 10.86806 ], [ 116.65309, 10.86241 ], [ 116.64915, 10.8502 ] ] ], [ [ [ 116.7448, 10.86011 ], [ 116.74504, 10.86569 ], [ 116.74786, 10.86977 ], [ 116.75328, 10.86258 ], [ 116.7448, 10.86011 ] ] ], [ [ [ 116.87602, 10.87175 ], [ 116.8719, 10.8692 ], [ 116.86754, 10.87239 ], [ 116.8673, 10.87901 ], [ 116.87174, 10.88348 ], [ 116.879, 10.88021 ], [ 116.87602, 10.87175 ] ] ], [ [ [ 116.63882, 10.8857 ], [ 116.64648, 10.89288 ], [ 116.65068, 10.89089 ], [ 116.64746, 10.88523 ], [ 116.65384, 10.88164 ], [ 116.65595, 10.8727 ], [ 116.65305, 10.86983 ], [ 116.63932, 10.87412 ], [ 116.63882, 10.8857 ] ] ], [ [ [ 116.74918, 10.88931 ], [ 116.75096, 10.88532 ], [ 116.7466, 10.88276 ], [ 116.74417, 10.88843 ], [ 116.74918, 10.88931 ] ] ], [ [ [ 116.65128, 10.89393 ], [ 116.65072, 10.89679 ], [ 116.66145, 10.90287 ], [ 116.66645, 10.9012 ], [ 116.66752, 10.89612 ], [ 116.66412, 10.89298 ], [ 116.65128, 10.89393 ] ] ], [ [ [ 116.47307, 10.90966 ], [ 116.47655, 10.90509 ], [ 116.46928, 10.90001 ], [ 116.46496, 10.90997 ], [ 116.47307, 10.90966 ] ] ], [ [ [ 116.90241, 10.90622 ], [ 116.90322, 10.90296 ], [ 116.89862, 10.90263 ], [ 116.89627, 10.90758 ], [ 116.90241, 10.90622 ] ] ], [ [ [ 116.67602, 10.90512 ], [ 116.68029, 10.91063 ], [ 116.68272, 10.90936 ], [ 116.68248, 10.90513 ], [ 116.67602, 10.90512 ] ] ], [ [ [ 116.80092, 10.9073 ], [ 116.79591, 10.90769 ], [ 116.79615, 10.91248 ], [ 116.80076, 10.91193 ], [ 116.80092, 10.9073 ] ] ], [ [ [ 116.48299, 10.90706 ], [ 116.4805, 10.91572 ], [ 116.49041, 10.9177 ], [ 116.48927, 10.91214 ], [ 116.48299, 10.90706 ] ] ], [ [ [ 116.91064, 10.92115 ], [ 116.92364, 10.91797 ], [ 116.92469, 10.90967 ], [ 116.92211, 10.90616 ], [ 116.92041, 10.91413 ], [ 116.91008, 10.91708 ], [ 116.91064, 10.92115 ] ] ], [ [ [ 116.91317, 10.9299 ], [ 116.90191, 10.92591 ], [ 116.89185, 10.9283 ], [ 116.88944, 10.93187 ], [ 116.89828, 10.94182 ], [ 116.90954, 10.94222 ], [ 116.91477, 10.93705 ], [ 116.91317, 10.9299 ] ] ], [ [ [ 116.85402, 10.98632 ], [ 116.85965, 10.98155 ], [ 116.85966, 10.9728 ], [ 116.85644, 10.96923 ], [ 116.84156, 10.96524 ], [ 116.83391, 10.9708 ], [ 116.83471, 10.98034 ], [ 116.84517, 10.98631 ], [ 116.85402, 10.98632 ] ] ], [ [ [ 116.98073, 10.98516 ], [ 116.97792, 10.97801 ], [ 116.96464, 10.97085 ], [ 116.95821, 10.97363 ], [ 116.9582, 10.98512 ], [ 116.96303, 10.99152 ], [ 116.96866, 10.99232 ], [ 116.9743, 10.99232 ], [ 116.98073, 10.98516 ] ] ], [ [ [ 116.90028, 10.97799 ], [ 116.90068, 10.98793 ], [ 116.90993, 10.9927 ], [ 116.91918, 10.99191 ], [ 116.92039, 10.98197 ], [ 116.91396, 10.97601 ], [ 116.9043, 10.97442 ], [ 116.90028, 10.97799 ] ] ], [ [ [ 117.31986, 11.08201 ], [ 117.31153, 11.03736 ], [ 117.28664, 11.00159 ], [ 117.26635, 10.99243 ], [ 117.25059, 10.99743 ], [ 117.23674, 11.03444 ], [ 117.22264, 11.08726 ], [ 117.22267, 11.09875 ], [ 117.23708, 11.11727 ], [ 117.26421, 11.13811 ], [ 117.28396, 11.14586 ], [ 117.29646, 11.14339 ], [ 117.31111, 11.12406 ], [ 117.31986, 11.08201 ] ] ], [ [ [ 117.0157, 11.078 ], [ 117.00781, 11.07667 ], [ 117.00054, 11.08244 ], [ 116.99205, 11.113 ], [ 116.99429, 11.11852 ], [ 117.00407, 11.12098 ], [ 117.01364, 11.11599 ], [ 117.02061, 11.09175 ], [ 117.02093, 11.08521 ], [ 117.0157, 11.078 ] ] ] ] } },
{ "type": "Feature", "properties": { "NAME_1": "Quảng Nam - Đà Nẵng", "id": "46", "GID_1": "VNM.47_1", "GID_0": "VNM", "COUNTRY": "Vietnam", "VARNAME_1": "Quang Nam", "NL_NAME_1": "NA", "TYPE_1": "Tỉnh", "ENGTYPE_1": "Province", "CC_1": "NA", "HASC_1": "VN.QM", "ISO_1": "NA" }, "geometry": { "type": "MultiPolygon", "coordinates": [ [ [ [ 108.70298, 15.4582 ], [ 108.70309, 15.46009 ], [ 108.70402, 15.45876 ], [ 108.70298, 15.4582 ] ] ], [ [ [ 108.68909, 15.5011 ], [ 108.69182, 15.49896 ], [ 108.68703, 15.49782 ], [ 108.68909, 15.5011 ] ] ], [ [ [ 108.68654, 15.50436 ], [ 108.68564, 15.50559 ], [ 108.68659, 15.50615 ], [ 108.68654, 15.50436 ] ] ], [ [ [ 107.95311, 15.05461 ], [ 107.96432, 15.06534 ], [ 107.97601, 15.06912 ], [ 107.97873, 15.07962 ], [ 107.97559, 15.08548 ], [ 107.98434, 15.08791 ], [ 107.99335, 15.11052 ], [ 108.00202, 15.11926 ], [ 107.99831, 15.12771 ], [ 108.0043, 15.14266 ], [ 107.99974, 15.15622 ], [ 107.98785, 15.15846 ], [ 107.98172, 15.16657 ], [ 107.95039, 15.17511 ], [ 107.94856, 15.1865 ], [ 107.93707, 15.19084 ], [ 107.92757, 15.20956 ], [ 107.91457, 15.21199 ], [ 107.90945, 15.2067 ], [ 107.90015, 15.20553 ], [ 107.89156, 15.19302 ], [ 107.88226, 15.19696 ], [ 107.87127, 15.21055 ], [ 107.85115, 15.20985 ], [ 107.8477, 15.20665 ], [ 107.82919, 15.20899 ], [ 107.81846, 15.21644 ], [ 107.80888, 15.2122 ], [ 107.79728, 15.21698 ], [ 107.77869, 15.21801 ], [ 107.771, 15.22289 ], [ 107.77116, 15.22971 ], [ 107.75566, 15.23648 ], [ 107.74694, 15.22993 ], [ 107.73515, 15.23054 ], [ 107.7338, 15.23473 ], [ 107.73646, 15.23343 ], [ 107.73904, 15.23743 ], [ 107.73524, 15.24154 ], [ 107.73206, 15.26163 ], [ 107.7271, 15.26773 ], [ 107.73025, 15.27067 ], [ 107.72708, 15.28877 ], [ 107.73002, 15.29602 ], [ 107.72778, 15.30318 ], [ 107.73094, 15.30726 ], [ 107.71558, 15.30772 ], [ 107.70771, 15.30344 ], [ 107.69307, 15.31748 ], [ 107.6906, 15.32582 ], [ 107.67913, 15.33444 ], [ 107.677, 15.34331 ], [ 107.66898, 15.34543 ], [ 107.66241, 15.35758 ], [ 107.66464, 15.36204 ], [ 107.65972, 15.37297 ], [ 107.66026, 15.38844 ], [ 107.65494, 15.39722 ], [ 107.64233, 15.4063 ], [ 107.63798, 15.41554 ], [ 107.63166, 15.41746 ], [ 107.6239, 15.41428 ], [ 107.62151, 15.4177 ], [ 107.61127, 15.41746 ], [ 107.60342, 15.42145 ], [ 107.59892, 15.41467 ], [ 107.58792, 15.41234 ], [ 107.57401, 15.39774 ], [ 107.56072, 15.39462 ], [ 107.5463, 15.40583 ], [ 107.53051, 15.40492 ], [ 107.5186, 15.41618 ], [ 107.5192, 15.4248 ], [ 107.52705, 15.44223 ], [ 107.5224, 15.44609 ], [ 107.52217, 15.45719 ], [ 107.51563, 15.46044 ], [ 107.51781, 15.46412 ], [ 107.5139, 15.47383 ], [ 107.49223, 15.47923 ], [ 107.47786, 15.4781 ], [ 107.48249, 15.48917 ], [ 107.47046, 15.49933 ], [ 107.45981, 15.49889 ], [ 107.45091, 15.50383 ], [ 107.44512, 15.50173 ], [ 107.43449, 15.50371 ], [ 107.42942, 15.4997 ], [ 107.42965, 15.49012 ], [ 107.42191, 15.49351 ], [ 107.41566, 15.49059 ], [ 107.41438, 15.49543 ], [ 107.4101, 15.49151 ], [ 107.40808, 15.49451 ], [ 107.39822, 15.49275 ], [ 107.3925, 15.49583 ], [ 107.38158, 15.49328 ], [ 107.37512, 15.5302 ], [ 107.36478, 15.54754 ], [ 107.36468, 15.5699 ], [ 107.35952, 15.57262 ], [ 107.35223, 15.56906 ], [ 107.35053, 15.5731 ], [ 107.34499, 15.57292 ], [ 107.34277, 15.57582 ], [ 107.34668, 15.57965 ], [ 107.34448, 15.58093 ], [ 107.34641, 15.58462 ], [ 107.35343, 15.58923 ], [ 107.34942, 15.60129 ], [ 107.34238, 15.60365 ], [ 107.34314, 15.61432 ], [ 107.33441, 15.62242 ], [ 107.31652, 15.6264 ], [ 107.29129, 15.62351 ], [ 107.27652, 15.63385 ], [ 107.27412, 15.64414 ], [ 107.27806, 15.64899 ], [ 107.27676, 15.65375 ], [ 107.26711, 15.65357 ], [ 107.26382, 15.65832 ], [ 107.26698, 15.6703 ], [ 107.27563, 15.68111 ], [ 107.2731, 15.68806 ], [ 107.27718, 15.69669 ], [ 107.27209, 15.70168 ], [ 107.27709, 15.70733 ], [ 107.2718, 15.70619 ], [ 107.26671, 15.71072 ], [ 107.26633, 15.72079 ], [ 107.25195, 15.72185 ], [ 107.24956, 15.73018 ], [ 107.25416, 15.73861 ], [ 107.24898, 15.74471 ], [ 107.22299, 15.7428 ], [ 107.21332, 15.7391 ], [ 107.21152, 15.7571 ], [ 107.21706, 15.76032 ], [ 107.21895, 15.77708 ], [ 107.22937, 15.78369 ], [ 107.22549, 15.80064 ], [ 107.22861, 15.80481 ], [ 107.21058, 15.82623 ], [ 107.22034, 15.83035 ], [ 107.22155, 15.83584 ], [ 107.23172, 15.83797 ], [ 107.23361, 15.84374 ], [ 107.2476, 15.8377 ], [ 107.25753, 15.84853 ], [ 107.27104, 15.85124 ], [ 107.27105, 15.8589 ], [ 107.27525, 15.86146 ], [ 107.2774, 15.85815 ], [ 107.28336, 15.85762 ], [ 107.29005, 15.86548 ], [ 107.29829, 15.86859 ], [ 107.30205, 15.86484 ], [ 107.31288, 15.86804 ], [ 107.31731, 15.88067 ], [ 107.32448, 15.88085 ], [ 107.32874, 15.88727 ], [ 107.33827, 15.89066 ], [ 107.34817, 15.8936 ], [ 107.36894, 15.8935 ], [ 107.38206, 15.88479 ], [ 107.3968, 15.89005 ], [ 107.4063, 15.9012 ], [ 107.4091, 15.90945 ], [ 107.41566, 15.91236 ], [ 107.41901, 15.92594 ], [ 107.42695, 15.92972 ], [ 107.43228, 15.95739 ], [ 107.44691, 15.98204 ], [ 107.44293, 15.98962 ], [ 107.45124, 15.99 ], [ 107.46556, 16.02279 ], [ 107.47629, 16.03523 ], [ 107.48148, 16.03476 ], [ 107.49038, 16.04106 ], [ 107.50231, 16.03303 ], [ 107.51064, 16.01699 ], [ 107.519, 16.01441 ], [ 107.52793, 16.01587 ], [ 107.54588, 16.01047 ], [ 107.56067, 16.02171 ], [ 107.5604, 16.03052 ], [ 107.55287, 16.04391 ], [ 107.57137, 16.05502 ], [ 107.59553, 16.0561 ], [ 107.6193, 16.06358 ], [ 107.62529, 16.05043 ], [ 107.6204, 16.03254 ], [ 107.63296, 16.03047 ], [ 107.65071, 16.01922 ], [ 107.66383, 16.01852 ], [ 107.67226, 16.01185 ], [ 107.67677, 15.99971 ], [ 107.69543, 15.99489 ], [ 107.70746, 15.99544 ], [ 107.72456, 16.00809 ], [ 107.72808, 16.01867 ], [ 107.72676, 16.03068 ], [ 107.74461, 16.04161 ], [ 107.75699, 16.04345 ], [ 107.76243, 16.05005 ], [ 107.7694, 16.05123 ], [ 107.77526, 16.06096 ], [ 107.77399, 16.06688 ], [ 107.78118, 16.06264 ], [ 107.78718, 16.06765 ], [ 107.80157, 16.06019 ], [ 107.80698, 16.05326 ], [ 107.81376, 16.05284 ], [ 107.81969901029349, 16.055119153004732 ], [ 107.81667, 16.05525 ], [ 107.82455, 16.07018 ], [ 107.82156, 16.07964 ], [ 107.82719, 16.09053 ], [ 107.8559, 16.11387 ], [ 107.8555, 16.12535 ], [ 107.86015, 16.13559 ], [ 107.85771, 16.14042 ], [ 107.8588, 16.15342 ], [ 107.87289, 16.1578 ], [ 107.87551, 16.16182 ], [ 107.8748, 16.17219 ], [ 107.86741, 16.18342 ], [ 107.87614, 16.18839 ], [ 107.87475, 16.19598 ], [ 107.88686, 16.19979 ], [ 107.88985, 16.20622 ], [ 107.8952, 16.2052 ], [ 107.91141, 16.21572 ], [ 107.92921, 16.19798 ], [ 107.95545, 16.18934 ], [ 107.9687, 16.1937 ], [ 107.98813, 16.21404 ], [ 108.00552, 16.20534 ], [ 108.01501, 16.19429 ], [ 108.03813, 16.19062 ], [ 108.05685, 16.17944 ], [ 108.06484, 16.18416 ], [ 108.09214, 16.1804 ], [ 108.1, 16.18682 ], [ 108.11875, 16.18112 ], [ 108.14372, 16.19897 ], [ 108.15576, 16.20036 ], [ 108.1571, 16.20618 ], [ 108.17107, 16.2013 ], [ 108.17752, 16.20576 ], [ 108.1945, 16.20965 ], [ 108.19404, 16.19911 ], [ 108.17934, 16.19998 ], [ 108.17298, 16.19383 ], [ 108.15559, 16.18998 ], [ 108.15272, 16.18114 ], [ 108.15395, 16.17217 ], [ 108.15084, 16.16778 ], [ 108.15368, 16.16211 ], [ 108.15004, 16.16041 ], [ 108.14376, 16.165 ], [ 108.13869, 16.16226 ], [ 108.13672, 16.15286 ], [ 108.13921, 16.14468 ], [ 108.13351, 16.14047 ], [ 108.12716, 16.14291 ], [ 108.12321, 16.13343 ], [ 108.12484, 16.12428 ], [ 108.13412, 16.11797 ], [ 108.13126, 16.1136 ], [ 108.14755, 16.09501 ], [ 108.17077, 16.07941 ], [ 108.18588, 16.0741 ], [ 108.20116, 16.07361 ], [ 108.20704, 16.08887 ], [ 108.2129, 16.09003 ], [ 108.21489, 16.09604 ], [ 108.21718, 16.09409 ], [ 108.22392, 16.0982 ], [ 108.22502, 16.10904 ], [ 108.22755, 16.10917 ], [ 108.22865, 16.10154 ], [ 108.22623, 16.09993 ], [ 108.23872, 16.10402 ], [ 108.23752, 16.10702 ], [ 108.2399, 16.10366 ], [ 108.23492, 16.10194 ], [ 108.23691, 16.09286 ], [ 108.24246, 16.10381 ], [ 108.23957, 16.10987 ], [ 108.24194, 16.11266 ], [ 108.23622, 16.11217 ], [ 108.22164, 16.12085 ], [ 108.21915, 16.11513 ], [ 108.21269, 16.12142 ], [ 108.21522, 16.12495 ], [ 108.22065, 16.12417 ], [ 108.22172, 16.13105 ], [ 108.22839, 16.13553 ], [ 108.23184, 16.14274 ], [ 108.23047, 16.14954 ], [ 108.23447, 16.14743 ], [ 108.24914, 16.15549 ], [ 108.25914, 16.15264 ], [ 108.27139, 16.1347 ], [ 108.27547, 16.13321 ], [ 108.28176, 16.13735 ], [ 108.28764, 16.13696 ], [ 108.30523, 16.12321 ], [ 108.31048, 16.12547 ], [ 108.31269, 16.14155 ], [ 108.31645, 16.14461 ], [ 108.32375, 16.14075 ], [ 108.33836, 16.11776 ], [ 108.32086, 16.11671 ], [ 108.3114, 16.11221 ], [ 108.3102, 16.09892 ], [ 108.30678, 16.09589 ], [ 108.29533, 16.10558 ], [ 108.28639, 16.10383 ], [ 108.28028, 16.09733 ], [ 108.27342, 16.09877 ], [ 108.26761, 16.09502 ], [ 108.2646, 16.10112 ], [ 108.25844, 16.10121 ], [ 108.25365, 16.09685 ], [ 108.24783, 16.07933 ], [ 108.24973, 16.04939 ], [ 108.28682, 15.97132 ], [ 108.30981, 15.93894 ], [ 108.32969, 15.92109 ], [ 108.38595, 15.88712 ], [ 108.39311, 15.87639 ], [ 108.40615, 15.87212 ], [ 108.40604, 15.84612 ], [ 108.41854, 15.80208 ], [ 108.43314, 15.7742 ], [ 108.52567, 15.6283 ], [ 108.57996, 15.55721 ], [ 108.61834, 15.51492 ], [ 108.65079, 15.49815 ], [ 108.66764, 15.49957 ], [ 108.67455, 15.50581 ], [ 108.67352, 15.51516 ], [ 108.67908, 15.51149 ], [ 108.68181, 15.50591 ], [ 108.67702, 15.50371 ], [ 108.67435, 15.48641 ], [ 108.68201, 15.47856 ], [ 108.68677, 15.48571 ], [ 108.69233, 15.4822 ], [ 108.6903, 15.47649 ], [ 108.69607, 15.47156 ], [ 108.70118, 15.45754 ], [ 108.69713, 15.45186 ], [ 108.69692, 15.44031 ], [ 108.73896, 15.39907 ], [ 108.72135, 15.37484 ], [ 108.71371, 15.37067 ], [ 108.70119, 15.37322 ], [ 108.69044, 15.3681 ], [ 108.68148, 15.36656 ], [ 108.67836, 15.36919 ], [ 108.67239, 15.36419 ], [ 108.6619, 15.36967 ], [ 108.6589, 15.36574 ], [ 108.65483, 15.3687 ], [ 108.64198, 15.36793 ], [ 108.63062, 15.35751 ], [ 108.60257, 15.35251 ], [ 108.60247, 15.34582 ], [ 108.57571, 15.34411 ], [ 108.56053, 15.33452 ], [ 108.5455, 15.33639 ], [ 108.52646, 15.32017 ], [ 108.50699, 15.32582 ], [ 108.49992, 15.3245 ], [ 108.49506, 15.31517 ], [ 108.48241, 15.30796 ], [ 108.47771, 15.31253 ], [ 108.46162, 15.30961 ], [ 108.43881, 15.31204 ], [ 108.43565, 15.31672 ], [ 108.43554, 15.32592 ], [ 108.42937, 15.32624 ], [ 108.42673, 15.31575 ], [ 108.42258, 15.31307 ], [ 108.41163, 15.31624 ], [ 108.40296, 15.30879 ], [ 108.40287, 15.30026 ], [ 108.3916, 15.29876 ], [ 108.37868, 15.30338 ], [ 108.36434, 15.29444 ], [ 108.34254, 15.2984 ], [ 108.33714, 15.29653 ], [ 108.32219, 15.30159 ], [ 108.31413, 15.2981 ], [ 108.29943, 15.27901 ], [ 108.30451, 15.27676 ], [ 108.30614, 15.26818 ], [ 108.30276, 15.25796 ], [ 108.29352, 15.25301 ], [ 108.29067, 15.24652 ], [ 108.2812, 15.24347 ], [ 108.2838, 15.23707 ], [ 108.28954, 15.23368 ], [ 108.28595, 15.2271 ], [ 108.29701, 15.22821 ], [ 108.30791, 15.22274 ], [ 108.3045, 15.20969 ], [ 108.29288, 15.20246 ], [ 108.29137, 15.19824 ], [ 108.30241, 15.19304 ], [ 108.30341, 15.18816 ], [ 108.2998, 15.18182 ], [ 108.30653, 15.17414 ], [ 108.29378, 15.16681 ], [ 108.28632, 15.15372 ], [ 108.2831, 15.15305 ], [ 108.2813, 15.14384 ], [ 108.27778, 15.14475 ], [ 108.27924, 15.14003 ], [ 108.27453, 15.13662 ], [ 108.27523, 15.131 ], [ 108.25808, 15.11724 ], [ 108.26031, 15.10381 ], [ 108.25732, 15.09064 ], [ 108.25083, 15.08412 ], [ 108.23511, 15.07823 ], [ 108.24216, 15.06489 ], [ 108.23798, 15.05002 ], [ 108.24313, 15.04118 ], [ 108.24093, 15.03412 ], [ 108.22463, 15.02946 ], [ 108.21159, 15.03233 ], [ 108.19936, 15.0441 ], [ 108.19435, 15.04045 ], [ 108.19185, 15.04873 ], [ 108.17685, 15.06007 ], [ 108.17088, 15.06184 ], [ 108.15919, 15.05916 ], [ 108.14629, 15.04565 ], [ 108.1517, 15.03764 ], [ 108.14982, 15.03284 ], [ 108.15282, 15.02778 ], [ 108.14917, 15.0222 ], [ 108.15218, 15.00932 ], [ 108.15005, 15.00182 ], [ 108.15543, 14.99685 ], [ 108.16219, 14.97379 ], [ 108.14923, 14.96243 ], [ 108.1379, 14.96174 ], [ 108.13327, 14.95854 ], [ 108.12266, 14.96026 ], [ 108.10717, 14.95138 ], [ 108.08853, 14.95135 ], [ 108.08714, 14.96258 ], [ 108.07475, 14.96865 ], [ 108.06332, 14.9686 ], [ 108.04746, 14.99213 ], [ 108.01734, 15.0019 ], [ 108.00864, 14.99731 ], [ 108.00333, 15.00195 ], [ 107.99007, 14.99852 ], [ 107.98279, 15.00765 ], [ 107.97208, 15.01185 ], [ 107.96517, 15.02066 ], [ 107.95953, 15.03348 ], [ 107.9595, 15.04294 ], [ 107.95358, 15.04844 ], [ 107.95311, 15.05461 ] ], [ [ 107.929722305805456, 16.051548971863816 ], [ 107.952314960980971, 16.061660181631208 ], [ 107.93891, 16.05732 ], [ 107.929722305805456, 16.051548971863816 ] ], [ [ 107.959378610224149, 16.063947209600787 ], [ 107.95814, 16.03723 ], [ 107.96053, 16.06432 ], [ 107.959378610224149, 16.063947209600787 ] ], [ [ 107.95586, 15.95844 ], [ 107.95287, 15.95762 ], [ 107.950947062892382, 15.952319084353173 ], [ 107.95586, 15.95844 ] ], [ [ 107.949881175981787, 15.949380778893417 ], [ 107.9495, 15.94833 ], [ 107.955198304762675, 15.943617116361693 ], [ 107.949881175981787, 15.949380778893417 ] ], [ [ 108.1094, 15.94801 ], [ 108.12808, 15.93474 ], [ 108.132565644116625, 15.933610182591316 ], [ 108.1094, 15.94801 ] ], [ [ 108.140748689777539, 15.931549085633245 ], [ 108.14142, 15.93138 ], [ 108.14702, 15.93325 ], [ 108.140748689777539, 15.931549085633245 ] ], [ [ 108.17916, 15.94046 ], [ 108.18463, 15.96542 ], [ 108.1804, 15.95449 ], [ 108.17916, 15.94046 ] ], [ [ 108.200350137943303, 15.963524021798204 ], [ 108.20511, 15.96205 ], [ 108.20269, 15.96387 ], [ 108.200350137943303, 15.963524021798204 ] ] ], [ [ [ 108.69747, 15.81142 ], [ 108.69093, 15.81226 ], [ 108.69264, 15.81782 ], [ 108.69747, 15.81142 ] ] ], [ [ [ 108.39386, 15.88651 ], [ 108.38638, 15.88696 ], [ 108.39293, 15.88808 ], [ 108.39945, 15.88545 ], [ 108.40364, 15.88191 ], [ 108.40432, 15.8788 ], [ 108.39386, 15.88651 ] ] ], [ [ [ 108.54327, 15.90358 ], [ 108.53635, 15.90259 ], [ 108.53285, 15.90687 ], [ 108.54295, 15.91391 ], [ 108.54093, 15.90879 ], [ 108.54327, 15.90358 ] ] ], [ [ [ 108.47349, 15.93117 ], [ 108.47205, 15.93339 ], [ 108.47424, 15.93351 ], [ 108.47682, 15.93205 ], [ 108.47349, 15.93117 ] ] ], [ [ [ 108.47696, 15.94404 ], [ 108.48072, 15.94831 ], [ 108.48467, 15.94867 ], [ 108.48309, 15.94192 ], [ 108.47982, 15.93811 ], [ 108.47696, 15.94404 ] ] ], [ [ [ 108.50476, 15.97889 ], [ 108.51063, 15.97382 ], [ 108.51159, 15.96534 ], [ 108.53848, 15.95633 ], [ 108.53679, 15.94451 ], [ 108.54073, 15.93723 ], [ 108.53732, 15.9308 ], [ 108.54084, 15.92316 ], [ 108.53496, 15.92258 ], [ 108.52828, 15.93272 ], [ 108.50822, 15.94439 ], [ 108.50948, 15.95022 ], [ 108.5075, 15.95733 ], [ 108.50339, 15.95822 ], [ 108.50469, 15.96071 ], [ 108.49753, 15.96034 ], [ 108.49315, 15.95603 ], [ 108.48997, 15.96319 ], [ 108.48719, 15.96235 ], [ 108.48434, 15.96664 ], [ 108.49104, 15.9679 ], [ 108.49388, 15.97387 ], [ 108.50476, 15.97889 ] ] ], [ [ [ 108.41674, 15.97208 ], [ 108.41825, 15.97322 ], [ 108.41791, 15.97226 ], [ 108.41674, 15.97208 ] ] ], [ [ [ 108.42388, 15.97303 ], [ 108.42382, 15.97211 ], [ 108.4207, 15.97344 ], [ 108.42388, 15.97303 ] ] ], [ [ [ 108.44781, 15.96764 ], [ 108.4431, 15.9716 ], [ 108.44985, 15.97956 ], [ 108.45264, 15.97555 ], [ 108.44781, 15.96764 ] ] ], [ [ [ 108.20728, 16.20981 ], [ 108.19826, 16.21419 ], [ 108.20289, 16.2251 ], [ 108.20968, 16.22252 ], [ 108.20728, 16.20981 ] ] ], [ [ [ 111.62873, 16.45096 ], [ 111.6263, 16.44696 ], [ 111.59377, 16.44428 ], [ 111.57963, 16.4481 ], [ 111.57203, 16.45601 ], [ 111.56913, 16.47658 ], [ 111.57718, 16.49333 ], [ 111.58525, 16.49986 ], [ 111.58006, 16.51399 ], [ 111.58702, 16.52501 ], [ 111.59403, 16.52298 ], [ 111.59698, 16.50666 ], [ 111.59493, 16.49156 ], [ 111.60943, 16.46947 ], [ 111.62685, 16.45715 ], [ 111.62873, 16.45096 ] ] ], [ [ [ 111.46725, 17.10593 ], [ 111.50156, 17.11802 ], [ 111.51889, 17.1208 ], [ 111.54047, 17.11868 ], [ 111.55355, 17.11296 ], [ 111.56018, 17.10577 ], [ 111.56205, 17.10021 ], [ 111.55763, 17.09547 ], [ 111.5403, 17.09318 ], [ 111.48255, 17.06802 ], [ 111.46896, 17.06997 ], [ 111.45501, 17.08126 ], [ 111.45145, 17.08796 ], [ 111.45263, 17.09498 ], [ 111.46725, 17.10593 ] ] ], [ [ [ 112.44572, 16.01458 ], [ 112.44052, 16.02373 ], [ 112.4406, 16.03442 ], [ 112.4455, 16.04286 ], [ 112.47115, 16.05382 ], [ 112.5, 16.05856 ], [ 112.56822, 16.0805 ], [ 112.5903, 16.08049 ], [ 112.59617, 16.0762 ], [ 112.5949, 16.06934 ], [ 112.57103, 16.05373 ], [ 112.54345, 16.02835 ], [ 112.49272, 16.01045 ], [ 112.47427, 16.00768 ], [ 112.45346, 16.00976 ], [ 112.44572, 16.01458 ] ] ], [ [ [ 111.56463, 16.18464 ], [ 111.55732, 16.18933 ], [ 111.55541, 16.19533 ], [ 111.55994, 16.21463 ], [ 111.56646, 16.22337 ], [ 111.57277, 16.2169 ], [ 111.56978, 16.19763 ], [ 111.5789, 16.19794 ], [ 111.58923, 16.19173 ], [ 111.61573, 16.19918 ], [ 111.63363, 16.21529 ], [ 111.64617, 16.22072 ], [ 111.67454, 16.22784 ], [ 111.68707, 16.22751 ], [ 111.68377, 16.22147 ], [ 111.64825, 16.21611 ], [ 111.6297, 16.20002 ], [ 111.59923, 16.18426 ], [ 111.58162, 16.18113 ], [ 111.56463, 16.18464 ] ] ], [ [ [ 111.69143, 16.29157 ], [ 111.70553, 16.28871 ], [ 111.72872, 16.28942 ], [ 111.75888, 16.29451 ], [ 111.7885, 16.2912 ], [ 111.80031, 16.28109 ], [ 111.80771, 16.26664 ], [ 111.80644, 16.24847 ], [ 111.78548, 16.22779 ], [ 111.73799, 16.21354 ], [ 111.72012, 16.22139 ], [ 111.72583, 16.22487 ], [ 111.73951, 16.22074 ], [ 111.75503, 16.22415 ], [ 111.76728, 16.22843 ], [ 111.78375, 16.2425 ], [ 111.78652, 16.26383 ], [ 111.77434, 16.2783 ], [ 111.74123, 16.28159 ], [ 111.71002, 16.27832 ], [ 111.66861, 16.28492 ], [ 111.64659, 16.26863 ], [ 111.6158, 16.25373 ], [ 111.58165, 16.22706 ], [ 111.57376, 16.22353 ], [ 111.56807, 16.22782 ], [ 111.63497, 16.27588 ], [ 111.65739, 16.28735 ], [ 111.69143, 16.29157 ] ] ], [ [ [ 112.70291, 16.32473 ], [ 112.70604, 16.31803 ], [ 112.69879, 16.3143 ], [ 112.68065, 16.31671 ], [ 112.66814, 16.32404 ], [ 112.66904, 16.33065 ], [ 112.67788, 16.33247 ], [ 112.69641, 16.32732 ], [ 112.70291, 16.32473 ] ] ], [ [ [ 112.49254, 16.35439 ], [ 112.49274, 16.33166 ], [ 112.48289, 16.31574 ], [ 112.44378, 16.30101 ], [ 112.39806, 16.29186 ], [ 112.35327, 16.28595 ], [ 112.33676, 16.28825 ], [ 112.32853, 16.29292 ], [ 112.32773, 16.30082 ], [ 112.33526, 16.31012 ], [ 112.40462, 16.34387 ], [ 112.42237, 16.35871 ], [ 112.44428, 16.39125 ], [ 112.45759, 16.39333 ], [ 112.47485, 16.38114 ], [ 112.48721, 16.36627 ], [ 112.49254, 16.35439 ] ] ], [ [ [ 112.00539, 16.36651 ], [ 112.03121, 16.36753 ], [ 112.06339, 16.35932 ], [ 112.08115, 16.34944 ], [ 112.08129, 16.33963 ], [ 112.06876, 16.33097 ], [ 112.02343, 16.33973 ], [ 111.98044, 16.32478 ], [ 111.9477, 16.32145 ], [ 111.94441, 16.32486 ], [ 111.95698, 16.34401 ], [ 111.97065, 16.35456 ], [ 111.97917, 16.35962 ], [ 112.00539, 16.36651 ] ] ], [ [ [ 112.55916, 16.38082 ], [ 112.56056, 16.37671 ], [ 112.55236, 16.35504 ], [ 112.54005, 16.33873 ], [ 112.53206, 16.33698 ], [ 112.52589, 16.33903 ], [ 112.52299, 16.35374 ], [ 112.53448, 16.37798 ], [ 112.55224, 16.38264 ], [ 112.55916, 16.38082 ] ] ], [ [ [ 112.61708, 16.43191 ], [ 112.63593, 16.42922 ], [ 112.64788, 16.42136 ], [ 112.6496, 16.41402 ], [ 112.62807, 16.41007 ], [ 112.61689, 16.417 ], [ 112.61256, 16.42729 ], [ 112.61708, 16.43191 ] ] ], [ [ [ 111.67293, 16.52658 ], [ 111.67992, 16.54317 ], [ 111.67374, 16.54996 ], [ 111.66591, 16.55223 ], [ 111.64518, 16.54808 ], [ 111.64681, 16.53185 ], [ 111.6406, 16.52561 ], [ 111.62428, 16.5318 ], [ 111.61584, 16.52708 ], [ 111.60502, 16.52649 ], [ 111.59273, 16.53668 ], [ 111.59225, 16.54279 ], [ 111.59612, 16.54712 ], [ 111.60709, 16.54617 ], [ 111.61611, 16.55443 ], [ 111.63625, 16.55983 ], [ 111.66561, 16.57822 ], [ 111.68201, 16.58273 ], [ 111.68811, 16.5815 ], [ 111.69192, 16.56961 ], [ 111.7014, 16.57358 ], [ 111.71934, 16.55845 ], [ 111.73964, 16.55653 ], [ 111.76843, 16.53868 ], [ 111.7837, 16.5143 ], [ 111.78276, 16.49996 ], [ 111.75962, 16.46414 ], [ 111.73758, 16.45057 ], [ 111.72875, 16.45167 ], [ 111.72827, 16.46476 ], [ 111.71874, 16.47401 ], [ 111.7212, 16.49179 ], [ 111.71901, 16.50192 ], [ 111.71063, 16.50387 ], [ 111.69431, 16.49172 ], [ 111.68748, 16.49273 ], [ 111.68795, 16.51247 ], [ 111.67293, 16.52658 ] ] ], [ [ [ 112.52349, 16.5194 ], [ 112.52554, 16.52447 ], [ 112.54001, 16.53015 ], [ 112.55456, 16.52977 ], [ 112.55853, 16.52392 ], [ 112.54723, 16.51934 ], [ 112.52755, 16.51723 ], [ 112.52349, 16.5194 ] ] ], [ [ [ 112.76133, 16.59562 ], [ 112.74942, 16.60133 ], [ 112.74648, 16.61657 ], [ 112.73096, 16.62771 ], [ 112.72388, 16.6616 ], [ 112.71393, 16.66688 ], [ 112.71141, 16.67351 ], [ 112.70144, 16.67786 ], [ 112.70244, 16.68338 ], [ 112.71055, 16.69107 ], [ 112.72639, 16.69569 ], [ 112.73394, 16.69297 ], [ 112.73427, 16.68033 ], [ 112.75848, 16.65142 ], [ 112.76264, 16.62564 ], [ 112.77544, 16.60301 ], [ 112.77697, 16.54515 ], [ 112.76718, 16.50903 ], [ 112.74615, 16.46519 ], [ 112.71935, 16.43514 ], [ 112.70763, 16.4278 ], [ 112.69502, 16.4249 ], [ 112.68954, 16.42833 ], [ 112.68919, 16.43556 ], [ 112.70615, 16.46729 ], [ 112.71891, 16.50165 ], [ 112.73356, 16.51999 ], [ 112.75593, 16.53091 ], [ 112.76215, 16.54417 ], [ 112.76133, 16.59562 ] ] ], [ [ [ 111.69301, 16.58836 ], [ 111.69498, 16.5926 ], [ 111.70758, 16.59539 ], [ 111.71734, 16.59242 ], [ 111.7234, 16.58549 ], [ 111.72817, 16.56775 ], [ 111.72535, 16.56312 ], [ 111.69301, 16.58836 ] ] ], [ [ [ 112.62257, 16.59456 ], [ 112.63853, 16.59762 ], [ 112.6438, 16.59294 ], [ 112.61649, 16.58663 ], [ 112.62257, 16.59456 ] ] ], [ [ [ 112.20623, 16.78278 ], [ 112.20041, 16.79493 ], [ 112.20371, 16.80033 ], [ 112.22107, 16.79017 ], [ 112.22856, 16.77855 ], [ 112.23704, 16.77342 ], [ 112.23642, 16.76197 ], [ 112.22847, 16.75945 ], [ 112.21141, 16.76434 ], [ 112.20628, 16.7728 ], [ 112.20623, 16.78278 ] ] ], [ [ [ 112.36884, 16.78665 ], [ 112.36518, 16.78845 ], [ 112.3615, 16.79883 ], [ 112.35175, 16.80699 ], [ 112.344, 16.80861 ], [ 112.34417, 16.81803 ], [ 112.3364, 16.82199 ], [ 112.32033, 16.82114 ], [ 112.31111, 16.83758 ], [ 112.31228, 16.84827 ], [ 112.32197, 16.85656 ], [ 112.34292, 16.85859 ], [ 112.37266, 16.84737 ], [ 112.37851, 16.83526 ], [ 112.37714, 16.79827 ], [ 112.37488, 16.79152 ], [ 112.36884, 16.78665 ] ] ], [ [ [ 112.20586, 16.96095 ], [ 112.20014, 16.968 ], [ 112.1862, 16.97582 ], [ 112.19485, 16.99278 ], [ 112.23396, 17.00755 ], [ 112.25034, 17.00739 ], [ 112.26614, 17.0 ], [ 112.27686, 16.99904 ], [ 112.30765, 16.97168 ], [ 112.33398, 16.95576 ], [ 112.34687, 16.93349 ], [ 112.35958, 16.92481 ], [ 112.35997, 16.91994 ], [ 112.35415, 16.91636 ], [ 112.34461, 16.9174 ], [ 112.34256, 16.90488 ], [ 112.3278, 16.90329 ], [ 112.32067, 16.9077 ], [ 112.32257, 16.93575 ], [ 112.31786, 16.94387 ], [ 112.3058, 16.9464 ], [ 112.30773, 16.95538 ], [ 112.29431, 16.95895 ], [ 112.2855, 16.95697 ], [ 112.26617, 16.97184 ], [ 112.24901, 16.96743 ], [ 112.23235, 16.96922 ], [ 112.21989, 16.96301 ], [ 112.20586, 16.96095 ] ] ] ] } },
{ "type": "Feature", "properties": { "NAME_1": "Quảng Ninh", "id": "48", "GID_1": "VNM.49_1", "GID_0": "VNM", "COUNTRY": "Vietnam", "VARNAME_1": "Quang Ninh", "NL_NAME_1": "NA", "TYPE_1": "Tỉnh", "ENGTYPE_1": "Province", "CC_1": "NA", "HASC_1": "VN.QN", "ISO_1": "NA" }, "geometry": { "type": "MultiPolygon", "coordinates": [ [ [ [ 107.29413, 20.8534 ], [ 107.29448, 20.85492 ], [ 107.29607, 20.85466 ], [ 107.29413, 20.8534 ] ] ], [ [ [ 107.29333, 20.85799 ], [ 107.29461, 20.85842 ], [ 107.29399, 20.85667 ], [ 107.29333, 20.85799 ] ] ], [ [ [ 107.29961, 20.86297 ], [ 107.30092, 20.86724 ], [ 107.30276, 20.86466 ], [ 107.30021, 20.8635 ], [ 107.30439, 20.8605 ], [ 107.29961, 20.86297 ] ] ], [ [ [ 107.30182, 20.87163 ], [ 107.299, 20.86933 ], [ 107.29986, 20.87456 ], [ 107.30182, 20.87163 ] ] ], [ [ [ 107.28929, 20.87395 ], [ 107.28999, 20.87566 ], [ 107.29057, 20.87497 ], [ 107.28929, 20.87395 ] ] ], [ [ [ 107.29491, 20.87336 ], [ 107.29605, 20.87664 ], [ 107.29861, 20.8759 ], [ 107.29758, 20.87448 ], [ 107.29491, 20.87336 ] ] ], [ [ [ 107.28809, 20.87519 ], [ 107.28857, 20.87616 ], [ 107.28919, 20.8756 ], [ 107.28809, 20.87519 ] ] ], [ [ [ 107.29297, 20.87932 ], [ 107.29311, 20.87887 ], [ 107.29227, 20.87878 ], [ 107.29297, 20.87932 ] ] ], [ [ [ 107.29427, 20.87958 ], [ 107.29459, 20.87946 ], [ 107.29347, 20.87887 ], [ 107.29427, 20.87958 ] ] ], [ [ [ 107.28865, 20.88118 ], [ 107.28943, 20.88156 ], [ 107.28945, 20.88124 ], [ 107.28865, 20.88118 ] ] ], [ [ [ 107.28709, 20.8815 ], [ 107.28684, 20.88159 ], [ 107.28708, 20.88174 ], [ 107.28709, 20.8815 ] ] ], [ [ [ 107.29118, 20.90244 ], [ 107.28653, 20.90464 ], [ 107.29126, 20.90329 ], [ 107.29118, 20.90244 ] ] ], [ [ [ 107.28587, 20.90491 ], [ 107.28445, 20.90574 ], [ 107.28491, 20.90609 ], [ 107.28587, 20.90491 ] ] ], [ [ [ 106.94496, 20.90696 ], [ 106.94476, 20.90716 ], [ 106.94509, 20.90744 ], [ 106.94496, 20.90696 ] ] ], [ [ [ 106.94801, 20.90718 ], [ 106.94809, 20.90742 ], [ 106.94823, 20.90719 ], [ 106.94801, 20.90718 ] ] ], [ [ [ 106.95117, 20.90878 ], [ 106.95059, 20.90901 ], [ 106.95104, 20.90923 ], [ 106.95117, 20.90878 ] ] ], [ [ [ 107.29504, 20.90929 ], [ 107.29504, 20.90977 ], [ 107.29543, 20.90912 ], [ 107.29504, 20.90929 ] ] ], [ [ [ 107.2942, 20.91176 ], [ 107.29552, 20.91118 ], [ 107.29471, 20.91004 ], [ 107.2942, 20.91176 ] ] ], [ [ [ 107.29877, 20.91152 ], [ 107.3001, 20.91223 ], [ 107.29957, 20.91005 ], [ 107.29877, 20.91152 ] ] ], [ [ [ 107.29745, 20.91225 ], [ 107.29673, 20.91262 ], [ 107.29684, 20.91273 ], [ 107.29745, 20.91225 ] ] ], [ [ [ 106.94734, 20.91254 ], [ 106.9471, 20.91269 ], [ 106.9472, 20.91275 ], [ 106.94734, 20.91254 ] ] ], [ [ [ 107.29727, 20.91297 ], [ 107.29734, 20.91331 ], [ 107.29762, 20.91322 ], [ 107.29727, 20.91297 ] ] ], [ [ [ 107.30097, 20.91299 ], [ 107.30071, 20.91319 ], [ 107.30092, 20.91332 ], [ 107.30097, 20.91299 ] ] ], [ [ [ 106.94894, 20.91248 ], [ 106.94811, 20.91294 ], [ 106.94846, 20.91405 ], [ 106.94894, 20.91248 ] ] ], [ [ [ 107.29803, 20.91356 ], [ 107.29724, 20.91379 ], [ 107.29739, 20.91423 ], [ 107.29803, 20.91356 ] ] ], [ [ [ 106.94735, 20.91666 ], [ 106.94756, 20.91695 ], [ 106.94763, 20.91625 ], [ 106.94735, 20.91666 ] ] ], [ [ [ 106.95123, 20.91763 ], [ 106.95145, 20.91726 ], [ 106.95117, 20.91725 ], [ 106.95123, 20.91763 ] ] ], [ [ [ 106.95065, 20.91764 ], [ 106.94904, 20.91705 ], [ 106.95076, 20.91926 ], [ 106.95065, 20.91764 ] ] ], [ [ [ 106.95267, 20.91874 ], [ 106.95278, 20.91896 ], [ 106.95291, 20.9189 ], [ 106.95267, 20.91874 ] ] ], [ [ [ 106.95201, 20.91886 ], [ 106.95177, 20.91924 ], [ 106.95221, 20.91964 ], [ 106.95201, 20.91886 ] ] ], [ [ [ 106.95371, 20.91962 ], [ 106.95272, 20.91979 ], [ 106.953, 20.92062 ], [ 106.95371, 20.91962 ] ] ], [ [ [ 107.15305, 20.92396 ], [ 107.15285, 20.92552 ], [ 107.15385, 20.92487 ], [ 107.15305, 20.92396 ] ] ], [ [ [ 106.99458, 20.92465 ], [ 106.99386, 20.92489 ], [ 106.995, 20.92545 ], [ 106.99458, 20.92465 ] ] ], [ [ [ 106.99246, 20.92633 ], [ 106.99339, 20.91581 ], [ 106.98999, 20.92221 ], [ 106.98884, 20.91343 ], [ 106.97715, 20.91405 ], [ 106.9727, 20.93751 ], [ 106.9875, 20.94298 ], [ 106.99509, 20.93779 ], [ 106.99719, 20.93179 ], [ 106.99246, 20.92633 ] ] ], [ [ [ 107.16405, 20.92828 ], [ 107.16496, 20.92895 ], [ 107.16454, 20.9279 ], [ 107.16405, 20.92828 ] ] ], [ [ [ 107.1659, 20.93061 ], [ 107.16636, 20.92979 ], [ 107.16502, 20.92936 ], [ 107.1659, 20.93061 ] ] ], [ [ [ 107.20771, 20.93325 ], [ 107.2066, 20.93338 ], [ 107.20731, 20.93399 ], [ 107.20771, 20.93325 ] ] ], [ [ [ 107.20594, 20.93353 ], [ 107.2049, 20.93407 ], [ 107.20548, 20.93416 ], [ 107.20594, 20.93353 ] ] ], [ [ [ 107.20396, 20.93337 ], [ 107.20186, 20.93363 ], [ 107.20183, 20.93508 ], [ 107.20396, 20.93337 ] ] ], [ [ [ 107.14399, 20.93591 ], [ 107.14676, 20.93885 ], [ 107.15015, 20.93751 ], [ 107.14765, 20.931 ], [ 107.14399, 20.93591 ] ] ], [ [ [ 107.20518, 20.93546 ], [ 107.20443, 20.93589 ], [ 107.20521, 20.93627 ], [ 107.20518, 20.93546 ] ] ], [ [ [ 107.20351, 20.93727 ], [ 107.20315, 20.93734 ], [ 107.20348, 20.93762 ], [ 107.20351, 20.93727 ] ] ], [ [ [ 107.20517, 20.93765 ], [ 107.20379, 20.93842 ], [ 107.20509, 20.93849 ], [ 107.20517, 20.93765 ] ] ], [ [ [ 107.21666, 20.95006 ], [ 107.21336, 20.9484 ], [ 107.21245, 20.95092 ], [ 107.21486, 20.95298 ], [ 107.21666, 20.95006 ] ] ], [ [ [ 107.21851, 20.95134 ], [ 107.2187, 20.95037 ], [ 107.21748, 20.95008 ], [ 107.21851, 20.95134 ] ] ], [ [ [ 107.21893, 20.95317 ], [ 107.21999, 20.95408 ], [ 107.21938, 20.95243 ], [ 107.21893, 20.95317 ] ] ], [ [ [ 107.21777, 20.95621 ], [ 107.21734, 20.95674 ], [ 107.21819, 20.95691 ], [ 107.21777, 20.95621 ] ] ], [ [ [ 107.20509, 20.95597 ], [ 107.20735, 20.95478 ], [ 107.20637, 20.9594 ], [ 107.21058, 20.96535 ], [ 107.21964, 20.96559 ], [ 107.2161, 20.96221 ], [ 107.2184, 20.96044 ], [ 107.21633, 20.9593 ], [ 107.21332, 20.96103 ], [ 107.21439, 20.95632 ], [ 107.20934, 20.95651 ], [ 107.21278, 20.95523 ], [ 107.21236, 20.95208 ], [ 107.20573, 20.949 ], [ 107.20509, 20.95597 ] ] ], [ [ [ 107.22538, 20.9644 ], [ 107.22504, 20.9658 ], [ 107.22573, 20.9654 ], [ 107.22538, 20.9644 ] ] ], [ [ [ 107.23217, 20.96499 ], [ 107.22935, 20.96554 ], [ 107.22839, 20.96469 ], [ 107.23225, 20.96864 ], [ 107.23217, 20.96499 ] ] ], [ [ [ 107.22107, 20.96661 ], [ 107.22044, 20.96759 ], [ 107.2212, 20.96752 ], [ 107.22107, 20.96661 ] ] ], [ [ [ 107.22564, 20.96722 ], [ 107.22511, 20.96728 ], [ 107.22503, 20.96761 ], [ 107.22564, 20.96722 ] ] ], [ [ [ 107.23438, 20.96919 ], [ 107.23507, 20.96608 ], [ 107.23439, 20.96586 ], [ 107.23438, 20.96919 ] ] ], [ [ [ 107.22752, 20.9681 ], [ 107.22482, 20.96896 ], [ 107.22715, 20.97004 ], [ 107.22752, 20.9681 ] ] ], [ [ [ 107.23269, 20.96886 ], [ 107.23186, 20.96915 ], [ 107.2322, 20.96954 ], [ 107.23269, 20.96886 ] ] ], [ [ [ 107.24008, 20.97112 ], [ 107.24164, 20.96912 ], [ 107.23941, 20.96993 ], [ 107.24008, 20.97112 ] ] ], [ [ [ 107.22665, 20.97471 ], [ 107.23274, 20.97234 ], [ 107.228, 20.97177 ], [ 107.23054, 20.96986 ], [ 107.22426, 20.9712 ], [ 107.22665, 20.97471 ] ] ], [ [ [ 107.24032, 20.97197 ], [ 107.24006, 20.97269 ], [ 107.24157, 20.97283 ], [ 107.24032, 20.97197 ] ] ], [ [ [ 107.23668, 20.97264 ], [ 107.23661, 20.97298 ], [ 107.23681, 20.97269 ], [ 107.23668, 20.97264 ] ] ], [ [ [ 107.23315, 20.97287 ], [ 107.23319, 20.97422 ], [ 107.23367, 20.97384 ], [ 107.23315, 20.97287 ] ] ], [ [ [ 107.23976, 20.97314 ], [ 107.23835, 20.9742 ], [ 107.23856, 20.97463 ], [ 107.23976, 20.97314 ] ] ], [ [ [ 107.23458, 20.97437 ], [ 107.23497, 20.97422 ], [ 107.23483, 20.97406 ], [ 107.23458, 20.97437 ] ] ], [ [ [ 107.23244, 20.97623 ], [ 107.23483, 20.97573 ], [ 107.23411, 20.97493 ], [ 107.23244, 20.97623 ] ] ], [ [ [ 107.24767, 20.97936 ], [ 107.24593, 20.98006 ], [ 107.24657, 20.98058 ], [ 107.24767, 20.97936 ] ] ], [ [ [ 107.23587, 20.98027 ], [ 107.23606, 20.98107 ], [ 107.23673, 20.98056 ], [ 107.23587, 20.98027 ] ] ], [ [ [ 107.24416, 20.98417 ], [ 107.24503, 20.98186 ], [ 107.24258, 20.98352 ], [ 107.24416, 20.98417 ] ] ], [ [ [ 107.24125, 20.98482 ], [ 107.2425, 20.98432 ], [ 107.24149, 20.9825 ], [ 107.24125, 20.98482 ] ] ], [ [ [ 107.24674, 20.98675 ], [ 107.25488, 20.98494 ], [ 107.25652, 20.98162 ], [ 107.24956, 20.98191 ], [ 107.24674, 20.98675 ] ] ], [ [ [ 107.25755, 20.98683 ], [ 107.25693, 20.9872 ], [ 107.25732, 20.9873 ], [ 107.25755, 20.98683 ] ] ], [ [ [ 107.25481, 20.98655 ], [ 107.25305, 20.98772 ], [ 107.25291, 20.98951 ], [ 107.25481, 20.98655 ] ] ], [ [ [ 107.2929, 20.99049 ], [ 107.29289, 20.99096 ], [ 107.29379, 20.99039 ], [ 107.2929, 20.99049 ] ] ], [ [ [ 107.25571, 20.99187 ], [ 107.25684, 20.9915 ], [ 107.2551, 20.99062 ], [ 107.25571, 20.99187 ] ] ], [ [ [ 106.44769, 21.06974 ], [ 106.44637, 21.07516 ], [ 106.44067, 21.07899 ], [ 106.45073, 21.09474 ], [ 106.4393, 21.10606 ], [ 106.44226, 21.10984 ], [ 106.44162, 21.11707 ], [ 106.45788, 21.11941 ], [ 106.46185, 21.11511 ], [ 106.47274, 21.11852 ], [ 106.47303, 21.12226 ], [ 106.4838, 21.12868 ], [ 106.48123, 21.13339 ], [ 106.48412, 21.1365 ], [ 106.48369, 21.14504 ], [ 106.47971, 21.14615 ], [ 106.48328, 21.16058 ], [ 106.48924, 21.16642 ], [ 106.48692, 21.17306 ], [ 106.48966, 21.18024 ], [ 106.49694, 21.18474 ], [ 106.49449, 21.19912 ], [ 106.50062, 21.20114 ], [ 106.49843, 21.21121 ], [ 106.50188, 21.2244 ], [ 106.51173, 21.22148 ], [ 106.51941, 21.22514 ], [ 106.53012, 21.2219 ], [ 106.54247, 21.19242 ], [ 106.5472, 21.19099 ], [ 106.55777, 21.19431 ], [ 106.56475, 21.18869 ], [ 106.57993, 21.19243 ], [ 106.59086, 21.18378 ], [ 106.58881, 21.17814 ], [ 106.605, 21.1797 ], [ 106.61221, 21.16985 ], [ 106.63103, 21.17191 ], [ 106.63837, 21.16822 ], [ 106.64037, 21.17407 ], [ 106.63828, 21.17838 ], [ 106.64089, 21.18059 ], [ 106.65235, 21.1736 ], [ 106.6799, 21.16985 ], [ 106.68198, 21.16658 ], [ 106.69638, 21.17035 ], [ 106.70171, 21.16712 ], [ 106.70647, 21.16844 ], [ 106.71513, 21.16074 ], [ 106.73306, 21.16121 ], [ 106.74479, 21.15592 ], [ 106.76747, 21.15574 ], [ 106.76917, 21.15245 ], [ 106.79491, 21.14907 ], [ 106.80476, 21.15463 ], [ 106.81937, 21.15635 ], [ 106.83359, 21.15292 ], [ 106.82661, 21.16347 ], [ 106.82604, 21.18856 ], [ 106.84076, 21.18597 ], [ 106.85693, 21.18823 ], [ 106.85972, 21.17724 ], [ 106.87378, 21.17394 ], [ 106.88215, 21.18327 ], [ 106.89262, 21.1789 ], [ 106.91635, 21.18437 ], [ 106.92715, 21.173 ], [ 106.93582, 21.16888 ], [ 106.94271, 21.17332 ], [ 106.9474, 21.18847 ], [ 106.95537, 21.19024 ], [ 106.95623, 21.20642 ], [ 106.96256, 21.21019 ], [ 106.96899, 21.22503 ], [ 106.97835, 21.22638 ], [ 106.97723, 21.23948 ], [ 106.98586, 21.2569 ], [ 106.98398, 21.26539 ], [ 106.97569, 21.27083 ], [ 106.97246, 21.28404 ], [ 106.98373, 21.29206 ], [ 106.9995, 21.29537 ], [ 107.0032, 21.29326 ], [ 107.01999, 21.2992 ], [ 107.03358, 21.31487 ], [ 107.03204, 21.32515 ], [ 107.04996, 21.32865 ], [ 107.05189, 21.33547 ], [ 107.06303, 21.34828 ], [ 107.07866, 21.34627 ], [ 107.08453, 21.35483 ], [ 107.09505, 21.35977 ], [ 107.09702, 21.37376 ], [ 107.10201, 21.37688 ], [ 107.12688, 21.36925 ], [ 107.1433, 21.36939 ], [ 107.14188, 21.36626 ], [ 107.14699, 21.3644 ], [ 107.15774, 21.36832 ], [ 107.16988, 21.36346 ], [ 107.18607, 21.37573 ], [ 107.20354, 21.37885 ], [ 107.20937, 21.38663 ], [ 107.21658, 21.3889 ], [ 107.22793, 21.38035 ], [ 107.22752, 21.37747 ], [ 107.23552, 21.37366 ], [ 107.24073, 21.36432 ], [ 107.25363, 21.36653 ], [ 107.26479, 21.40064 ], [ 107.25773, 21.40465 ], [ 107.2574, 21.4172 ], [ 107.25348, 21.42307 ], [ 107.24828, 21.42365 ], [ 107.24786, 21.42958 ], [ 107.24189, 21.43423 ], [ 107.24555, 21.44347 ], [ 107.24052, 21.44708 ], [ 107.23837, 21.45931 ], [ 107.2421, 21.46558 ], [ 107.23972, 21.47291 ], [ 107.24639, 21.48237 ], [ 107.23647, 21.49627 ], [ 107.2386, 21.50628 ], [ 107.23389, 21.51929 ], [ 107.23142, 21.52176 ], [ 107.22311, 21.51972 ], [ 107.21684, 21.53134 ], [ 107.21114, 21.53111 ], [ 107.20458, 21.54125 ], [ 107.20725, 21.54467 ], [ 107.21692, 21.55239 ], [ 107.22604, 21.55136 ], [ 107.23238, 21.55455 ], [ 107.24535, 21.54818 ], [ 107.24847, 21.55771 ], [ 107.25985, 21.56435 ], [ 107.27946, 21.56427 ], [ 107.28419, 21.569 ], [ 107.2841, 21.57886 ], [ 107.29024, 21.58175 ], [ 107.29556, 21.59335 ], [ 107.30917, 21.59601 ], [ 107.31374, 21.59 ], [ 107.32232, 21.59406 ], [ 107.32763, 21.59229 ], [ 107.33, 21.58745 ], [ 107.34026, 21.58877 ], [ 107.34674, 21.59456 ], [ 107.3584, 21.5951 ], [ 107.36227, 21.60013 ], [ 107.38235, 21.59543 ], [ 107.39806, 21.61019 ], [ 107.39568, 21.6174 ], [ 107.40803, 21.62275 ], [ 107.40891, 21.62724 ], [ 107.41749, 21.63283 ], [ 107.41657, 21.63913 ], [ 107.43068, 21.64981 ], [ 107.46642, 21.6646 ], [ 107.47705, 21.66271 ], [ 107.48224, 21.65777 ], [ 107.48086, 21.6542 ], [ 107.48567, 21.64377 ], [ 107.48519, 21.62744 ], [ 107.48841, 21.62411 ], [ 107.49289, 21.62509 ], [ 107.49808, 21.61467 ], [ 107.49385, 21.60512 ], [ 107.4835, 21.59871 ], [ 107.49945, 21.59476 ], [ 107.50627, 21.59727 ], [ 107.52592, 21.58922 ], [ 107.53707, 21.59442 ], [ 107.54359, 21.58913 ], [ 107.55719, 21.61161 ], [ 107.56851, 21.61188 ], [ 107.5739, 21.61683 ], [ 107.58185, 21.61685 ], [ 107.59001, 21.60664 ], [ 107.603, 21.60361 ], [ 107.61193, 21.60821 ], [ 107.65163, 21.60747 ], [ 107.6652, 21.61406 ], [ 107.67796, 21.60955 ], [ 107.7158, 21.62143 ], [ 107.72126, 21.62879 ], [ 107.73174, 21.63092 ], [ 107.74123, 21.63896 ], [ 107.7791, 21.64806 ], [ 107.78284, 21.65539 ], [ 107.79636, 21.65359 ], [ 107.80366, 21.65503 ], [ 107.80512, 21.65859 ], [ 107.81551, 21.65844 ], [ 107.82687, 21.6533 ], [ 107.83337, 21.64386 ], [ 107.84133, 21.64106 ], [ 107.84475, 21.64244 ], [ 107.84596, 21.64935 ], [ 107.85727, 21.65402 ], [ 107.86043, 21.64964 ], [ 107.87144, 21.64738 ], [ 107.87124, 21.64216 ], [ 107.87801, 21.63997 ], [ 107.87839, 21.6309 ], [ 107.88814, 21.62585 ], [ 107.88532, 21.62028 ], [ 107.89086, 21.61589 ], [ 107.88272, 21.60935 ], [ 107.89213, 21.60617 ], [ 107.8902, 21.59881 ], [ 107.89844, 21.59428 ], [ 107.89922, 21.58795 ], [ 107.90229, 21.58674 ], [ 107.90518, 21.59123 ], [ 107.91541, 21.58605 ], [ 107.92489, 21.58906 ], [ 107.92363, 21.58543 ], [ 107.92944, 21.57725 ], [ 107.94231, 21.57011 ], [ 107.95239, 21.5389 ], [ 107.96642, 21.53594 ], [ 107.97894, 21.54468 ], [ 108.00509, 21.54865 ], [ 108.03351, 21.54741 ], [ 108.03674, 21.54041 ], [ 108.04636, 21.53442 ], [ 108.04919, 21.52765 ], [ 108.04448, 21.52462 ], [ 108.03412, 21.53221 ], [ 108.03193, 21.52872 ], [ 108.0377, 21.5217 ], [ 108.02849, 21.51757 ], [ 108.03816, 21.51953 ], [ 108.0401, 21.51691 ], [ 108.02679, 21.51391 ], [ 108.02711, 21.50911 ], [ 108.03434, 21.50939 ], [ 108.03636, 21.50286 ], [ 108.02583, 21.50773 ], [ 108.03537, 21.50032 ], [ 108.02725, 21.49984 ], [ 108.02725, 21.48762 ], [ 108.05001, 21.49353 ], [ 108.06887, 21.49228 ], [ 108.05983, 21.48492 ], [ 108.03703, 21.48152 ], [ 108.01218, 21.47163 ], [ 107.99392, 21.45803 ], [ 107.98248, 21.44486 ], [ 107.97779, 21.43608 ], [ 107.96553, 21.4323 ], [ 107.96783, 21.44044 ], [ 107.96725, 21.44628 ], [ 107.9546, 21.44155 ], [ 107.95187, 21.42555 ], [ 107.9614, 21.41056 ], [ 107.95932, 21.4085 ], [ 107.95531, 21.41105 ], [ 107.95191, 21.40448 ], [ 107.95509, 21.40181 ], [ 107.94724, 21.40063 ], [ 107.94235, 21.40379 ], [ 107.9435, 21.40047 ], [ 107.93367, 21.39999 ], [ 107.93391, 21.40704 ], [ 107.93104, 21.40356 ], [ 107.93265, 21.39983 ], [ 107.9215, 21.40299 ], [ 107.91841, 21.40967 ], [ 107.91252, 21.41184 ], [ 107.91485, 21.41952 ], [ 107.913, 21.41751 ], [ 107.91045, 21.42112 ], [ 107.91459, 21.42474 ], [ 107.90912, 21.42197 ], [ 107.90346, 21.42637 ], [ 107.90431, 21.43409 ], [ 107.90275, 21.42627 ], [ 107.89417, 21.43133 ], [ 107.89702, 21.44158 ], [ 107.89315, 21.43464 ], [ 107.88415, 21.43723 ], [ 107.88524, 21.44265 ], [ 107.89024, 21.44195 ], [ 107.88479, 21.44412 ], [ 107.88952, 21.44919 ], [ 107.88911, 21.45545 ], [ 107.89118, 21.45696 ], [ 107.89085, 21.45757 ], [ 107.89155, 21.45786 ], [ 107.89108, 21.45755 ], [ 107.89159, 21.45668 ], [ 107.89358, 21.45472 ], [ 107.89208, 21.45866 ], [ 107.89893, 21.4592 ], [ 107.89209, 21.45937 ], [ 107.89372, 21.46252 ], [ 107.84922, 21.45948 ], [ 107.8331, 21.43368 ], [ 107.83686, 21.45117 ], [ 107.83291, 21.45072 ], [ 107.82654, 21.45757 ], [ 107.82621, 21.46943 ], [ 107.78584, 21.47051 ], [ 107.78461, 21.45977 ], [ 107.77959, 21.45824 ], [ 107.7812, 21.45545 ], [ 107.77781, 21.45488 ], [ 107.77822, 21.45716 ], [ 107.77506, 21.45254 ], [ 107.76318, 21.44811 ], [ 107.76578, 21.44181 ], [ 107.76269, 21.44149 ], [ 107.76252, 21.43521 ], [ 107.75756, 21.43185 ], [ 107.75719, 21.42783 ], [ 107.75884, 21.42295 ], [ 107.75945, 21.42597 ], [ 107.76148, 21.42356 ], [ 107.75633, 21.41893 ], [ 107.7586, 21.41705 ], [ 107.75562, 21.41077 ], [ 107.75199, 21.41124 ], [ 107.75501, 21.40396 ], [ 107.71893, 21.39427 ], [ 107.70955, 21.38691 ], [ 107.68778, 21.38763 ], [ 107.68518, 21.38086 ], [ 107.68137, 21.38399 ], [ 107.67376, 21.37693 ], [ 107.67113, 21.3794 ], [ 107.67046, 21.37478 ], [ 107.66584, 21.37553 ], [ 107.66522, 21.37951 ], [ 107.66517, 21.3757 ], [ 107.6699, 21.37324 ], [ 107.66606, 21.36806 ], [ 107.65943, 21.36823 ], [ 107.66135, 21.37106 ], [ 107.66033, 21.37261 ], [ 107.66068, 21.37008 ], [ 107.65479, 21.3708 ], [ 107.64776, 21.36599 ], [ 107.65044, 21.35412 ], [ 107.63818, 21.35622 ], [ 107.63614, 21.35459 ], [ 107.64669, 21.35437 ], [ 107.64843, 21.34953 ], [ 107.64549, 21.34981 ], [ 107.64098, 21.34785 ], [ 107.64781, 21.34774 ], [ 107.63059, 21.33044 ], [ 107.62955, 21.32359 ], [ 107.62134, 21.3117 ], [ 107.6142, 21.31149 ], [ 107.62003, 21.3059 ], [ 107.61486, 21.30475 ], [ 107.61515, 21.30148 ], [ 107.60695, 21.29607 ], [ 107.60547, 21.2911 ], [ 107.59925, 21.28967 ], [ 107.58973, 21.29277 ], [ 107.58561, 21.28743 ], [ 107.58084, 21.28902 ], [ 107.58207, 21.29277 ], [ 107.58053, 21.2894 ], [ 107.58105, 21.28819 ], [ 107.57855, 21.28971 ], [ 107.57964, 21.28988 ], [ 107.5799, 21.29201 ], [ 107.57845, 21.28984 ], [ 107.57618, 21.29201 ], [ 107.5701, 21.29153 ], [ 107.56988, 21.28805 ], [ 107.56809, 21.29132 ], [ 107.56532, 21.29151 ], [ 107.56546, 21.29368 ], [ 107.5639, 21.29541 ], [ 107.5639, 21.29204 ], [ 107.56709, 21.28977 ], [ 107.56831, 21.29047 ], [ 107.56795, 21.28616 ], [ 107.55907, 21.29295 ], [ 107.55006, 21.29336 ], [ 107.54298, 21.29001 ], [ 107.51322, 21.29501 ], [ 107.50047, 21.29231 ], [ 107.50047, 21.2457 ], [ 107.50894, 21.23489 ], [ 107.51472, 21.23327 ], [ 107.51057, 21.23249 ], [ 107.50918, 21.22843 ], [ 107.51825, 21.23145 ], [ 107.51845, 21.22684 ], [ 107.51222, 21.22539 ], [ 107.5171, 21.22419 ], [ 107.51473, 21.22102 ], [ 107.51855, 21.22115 ], [ 107.51778, 21.22563 ], [ 107.52312, 21.22684 ], [ 107.53303, 21.21277 ], [ 107.52765, 21.21118 ], [ 107.5296, 21.20812 ], [ 107.53272, 21.21071 ], [ 107.53294, 21.20604 ], [ 107.53574, 21.20537 ], [ 107.53169, 21.20071 ], [ 107.52656, 21.20589 ], [ 107.51493, 21.20779 ], [ 107.52238, 21.20421 ], [ 107.5176, 21.20181 ], [ 107.5238, 21.20369 ], [ 107.53056, 21.20047 ], [ 107.53102, 21.1974 ], [ 107.53523, 21.19822 ], [ 107.53783, 21.19609 ], [ 107.53423, 21.19161 ], [ 107.54044, 21.1946 ], [ 107.5416, 21.18796 ], [ 107.5435, 21.19343 ], [ 107.54727, 21.19235 ], [ 107.54269, 21.19714 ], [ 107.54807, 21.19772 ], [ 107.54888, 21.19416 ], [ 107.55303, 21.19281 ], [ 107.55032, 21.18822 ], [ 107.55747, 21.1924 ], [ 107.54961, 21.19539 ], [ 107.5533, 21.20068 ], [ 107.55566, 21.19819 ], [ 107.56016, 21.20068 ], [ 107.56335, 21.19878 ], [ 107.56148, 21.2022 ], [ 107.56604, 21.20363 ], [ 107.56917, 21.20012 ], [ 107.56432, 21.19714 ], [ 107.56812, 21.19804 ], [ 107.57256, 21.20085 ], [ 107.57227, 21.20467 ], [ 107.58427, 21.20594 ], [ 107.59649, 21.21912 ], [ 107.60162, 21.21839 ], [ 107.60181, 21.21467 ], [ 107.60348, 21.21839 ], [ 107.61042, 21.21914 ], [ 107.60594, 21.20387 ], [ 107.60246, 21.20332 ], [ 107.59647, 21.19954 ], [ 107.59856, 21.19903 ], [ 107.59332, 21.18831 ], [ 107.58701, 21.18573 ], [ 107.58427, 21.17868 ], [ 107.58046, 21.18186 ], [ 107.58181, 21.17669 ], [ 107.57126, 21.17319 ], [ 107.5736, 21.17082 ], [ 107.56614, 21.16367 ], [ 107.56229, 21.16597 ], [ 107.56063, 21.16421 ], [ 107.56426, 21.16009 ], [ 107.55452, 21.15404 ], [ 107.55121, 21.15611 ], [ 107.55206, 21.15156 ], [ 107.54527, 21.14846 ], [ 107.5411, 21.14318 ], [ 107.54333, 21.14215 ], [ 107.53313, 21.13979 ], [ 107.53271, 21.13634 ], [ 107.48996, 21.11151 ], [ 107.48512, 21.10556 ], [ 107.47348, 21.09979 ], [ 107.47389, 21.0942 ], [ 107.47043, 21.09483 ], [ 107.47084, 21.09844 ], [ 107.46904, 21.09774 ], [ 107.4715, 21.08923 ], [ 107.46882, 21.08685 ], [ 107.46633, 21.08941 ], [ 107.4622, 21.08291 ], [ 107.462, 21.08516 ], [ 107.46076, 21.08726 ], [ 107.45994, 21.08724 ], [ 107.46242, 21.08107 ], [ 107.45993, 21.08379 ], [ 107.45229, 21.07807 ], [ 107.4573, 21.08417 ], [ 107.45381, 21.0875 ], [ 107.44276, 21.07602 ], [ 107.43977, 21.07804 ], [ 107.44111, 21.07478 ], [ 107.43877, 21.07714 ], [ 107.43354, 21.07381 ], [ 107.43668, 21.07095 ], [ 107.43848, 21.07208 ], [ 107.43961, 21.07054 ], [ 107.43676, 21.06981 ], [ 107.43522, 21.07177 ], [ 107.43284, 21.06786 ], [ 107.42905, 21.06836 ], [ 107.43285, 21.07105 ], [ 107.43228, 21.07265 ], [ 107.43145, 21.07278 ], [ 107.42583, 21.06786 ], [ 107.42843, 21.06355 ], [ 107.43164, 21.06486 ], [ 107.43061, 21.05976 ], [ 107.4274, 21.05826 ], [ 107.42758, 21.0598 ], [ 107.42486, 21.06193 ], [ 107.42658, 21.05812 ], [ 107.42424, 21.05807 ], [ 107.42388, 21.06156 ], [ 107.41242, 21.05151 ], [ 107.40131, 21.04847 ], [ 107.40177, 21.04509 ], [ 107.39726, 21.04882 ], [ 107.38341, 21.04086 ], [ 107.36579, 21.01708 ], [ 107.36862, 21.01484 ], [ 107.36378, 21.00858 ], [ 107.34759, 20.9955 ], [ 107.34367, 20.99472 ], [ 107.34509, 20.99607 ], [ 107.34425, 20.99912 ], [ 107.34045, 20.99424 ], [ 107.34036, 20.99558 ], [ 107.3384, 20.99898 ], [ 107.33774, 20.99909 ], [ 107.33843, 20.9937 ], [ 107.33572, 20.99589 ], [ 107.3362, 20.9923 ], [ 107.33083, 20.99143 ], [ 107.32803, 20.98645 ], [ 107.31566, 20.99199 ], [ 107.31607, 20.98891 ], [ 107.31226, 20.99366 ], [ 107.30802, 20.99432 ], [ 107.30482, 20.99193 ], [ 107.30644, 20.99689 ], [ 107.30366, 20.99063 ], [ 107.29292, 20.99222 ], [ 107.29516, 20.99483 ], [ 107.29318, 21.00015 ], [ 107.28745, 20.99581 ], [ 107.28413, 20.9985 ], [ 107.27532, 20.99814 ], [ 107.27288, 21.0015 ], [ 107.26585, 21.00059 ], [ 107.26616, 20.99653 ], [ 107.24948, 20.99762 ], [ 107.24805, 20.99199 ], [ 107.24647, 20.99724 ], [ 107.24705, 20.99342 ], [ 107.23944, 20.99281 ], [ 107.24054, 20.98551 ], [ 107.23367, 20.99148 ], [ 107.23744, 20.98642 ], [ 107.23259, 20.98075 ], [ 107.23229, 20.98623 ], [ 107.23129, 20.9878 ], [ 107.23204, 20.98094 ], [ 107.22831, 20.97584 ], [ 107.22466, 20.97484 ], [ 107.22265, 20.98086 ], [ 107.22158, 20.98132 ], [ 107.22268, 20.975 ], [ 107.19899, 20.96191 ], [ 107.19768, 20.95789 ], [ 107.20119, 20.96154 ], [ 107.20248, 20.95876 ], [ 107.19683, 20.94985 ], [ 107.20326, 20.94388 ], [ 107.19984, 20.93506 ], [ 107.16489, 20.933 ], [ 107.16357, 20.92875 ], [ 107.15698, 20.9277 ], [ 107.15686, 20.92525 ], [ 107.15455, 20.92402 ], [ 107.15568, 20.92925 ], [ 107.15317, 20.93197 ], [ 107.14856, 20.93003 ], [ 107.15118, 20.9381 ], [ 107.15023, 20.93936 ], [ 107.14563, 20.93939 ], [ 107.14593, 20.9418 ], [ 107.14023, 20.94263 ], [ 107.13432, 20.93774 ], [ 107.13612, 20.94501 ], [ 107.12818, 20.93646 ], [ 107.1158, 20.93747 ], [ 107.09839, 20.94865 ], [ 107.08493, 20.95019 ], [ 107.08035, 20.94532 ], [ 107.07549, 20.94575 ], [ 107.06773, 20.95515 ], [ 107.05907, 20.95769 ], [ 107.03152, 20.94623 ], [ 107.01933, 20.94805 ], [ 107.01889, 20.95115 ], [ 107.02328, 20.95041 ], [ 107.02002, 20.95259 ], [ 106.99767, 20.95256 ], [ 106.99383, 20.955 ], [ 106.99178, 20.95243 ], [ 106.98764, 20.95671 ], [ 106.98222, 20.95439 ], [ 106.98707, 20.94328 ], [ 106.9817, 20.95417 ], [ 106.96193, 20.95078 ], [ 106.95902, 20.94384 ], [ 106.94115, 20.93395 ], [ 106.93971, 20.91603 ], [ 106.94662, 20.91367 ], [ 106.94646, 20.91497 ], [ 106.94748, 20.91425 ], [ 106.94871, 20.91668 ], [ 106.94974, 20.91627 ], [ 106.94605, 20.91242 ], [ 106.94694, 20.91007 ], [ 106.94564, 20.90994 ], [ 106.95001, 20.90668 ], [ 106.94732, 20.90817 ], [ 106.93877, 20.90911 ], [ 106.92992, 20.90776 ], [ 106.92024, 20.91047 ], [ 106.90942, 20.90697 ], [ 106.90776, 20.91015 ], [ 106.89813, 20.90255 ], [ 106.88248, 20.90074 ], [ 106.88116, 20.89295 ], [ 106.87368, 20.88622 ], [ 106.87087, 20.87299 ], [ 106.86581, 20.86915 ], [ 106.86556, 20.85458 ], [ 106.87362, 20.83382 ], [ 106.83314, 20.81199 ], [ 106.81665, 20.82902 ], [ 106.78875, 20.83202 ], [ 106.78079, 20.83595 ], [ 106.76328, 20.85314 ], [ 106.75273, 20.87899 ], [ 106.75648, 20.89119 ], [ 106.76601, 20.90136 ], [ 106.77108, 20.9136 ], [ 106.76884, 20.97115 ], [ 106.76575, 20.97953 ], [ 106.75211, 20.99543 ], [ 106.74026, 20.99904 ], [ 106.7237, 20.99672 ], [ 106.70872, 20.99911 ], [ 106.65311, 21.01903 ], [ 106.64708, 21.01934 ], [ 106.63572, 21.01168 ], [ 106.62353, 21.01212 ], [ 106.61137, 21.02046 ], [ 106.60904, 21.02977 ], [ 106.60232, 21.03851 ], [ 106.57731, 21.05629 ], [ 106.56847, 21.05312 ], [ 106.56144, 21.05645 ], [ 106.55458, 21.05269 ], [ 106.54601, 21.05461 ], [ 106.53365, 21.04775 ], [ 106.52499, 21.05036 ], [ 106.52366, 21.04592 ], [ 106.52021, 21.04808 ], [ 106.51674, 21.04607 ], [ 106.51977, 21.05356 ], [ 106.51673, 21.05512 ], [ 106.51744, 21.05988 ], [ 106.50391, 21.05647 ], [ 106.48729, 21.06791 ], [ 106.47542, 21.06956 ], [ 106.45605, 21.06521 ], [ 106.45488, 21.06955 ], [ 106.44769, 21.06974 ] ] ], [ [ [ 107.33369, 20.81212 ], [ 107.33345, 20.80887 ], [ 107.33147, 20.81198 ], [ 107.33369, 20.81212 ] ] ], [ [ [ 107.37966, 20.7938 ], [ 107.37142, 20.80234 ], [ 107.37161, 20.80824 ], [ 107.36652, 20.81134 ], [ 107.37022, 20.80434 ], [ 107.35571, 20.80674 ], [ 107.34391, 20.80422 ], [ 107.34051, 20.82738 ], [ 107.34252, 20.8317 ], [ 107.33385, 20.85359 ], [ 107.33967, 20.85175 ], [ 107.3461, 20.84063 ], [ 107.34982, 20.82047 ], [ 107.35258, 20.83728 ], [ 107.35459, 20.83398 ], [ 107.35725, 20.83502 ], [ 107.35821, 20.82949 ], [ 107.36858, 20.82653 ], [ 107.36904, 20.8237 ], [ 107.37853, 20.8233 ], [ 107.37863, 20.82783 ], [ 107.38294, 20.82837 ], [ 107.37968, 20.81377 ], [ 107.38427, 20.79495 ], [ 107.37966, 20.7938 ] ] ], [ [ [ 107.33283, 20.82846 ], [ 107.33144, 20.82892 ], [ 107.33293, 20.82956 ], [ 107.33283, 20.82846 ] ] ], [ [ [ 107.31062, 20.83271 ], [ 107.31213, 20.82928 ], [ 107.3109, 20.82863 ], [ 107.30966, 20.83272 ], [ 107.3131, 20.83305 ], [ 107.31062, 20.83271 ] ] ], [ [ [ 107.3292, 20.83586 ], [ 107.32783, 20.8341 ], [ 107.32813, 20.83588 ], [ 107.3292, 20.83586 ] ] ], [ [ [ 107.35614, 20.84101 ], [ 107.35802, 20.8486 ], [ 107.3626, 20.83663 ], [ 107.36107, 20.83181 ], [ 107.35614, 20.84101 ] ] ], [ [ [ 107.3027, 20.84311 ], [ 107.30479, 20.84192 ], [ 107.30257, 20.84115 ], [ 107.3027, 20.84311 ] ] ], [ [ [ 107.32903, 20.84263 ], [ 107.33167, 20.84339 ], [ 107.3316, 20.84108 ], [ 107.32903, 20.84263 ] ] ], [ [ [ 107.32295, 20.84662 ], [ 107.32455, 20.84453 ], [ 107.32077, 20.84526 ], [ 107.32295, 20.84662 ] ] ], [ [ [ 107.34449, 20.84714 ], [ 107.34103, 20.85316 ], [ 107.34333, 20.85541 ], [ 107.34639, 20.85146 ], [ 107.34449, 20.84714 ] ] ], [ [ [ 107.31863, 20.86505 ], [ 107.32125, 20.86729 ], [ 107.32226, 20.86449 ], [ 107.32128, 20.86388 ], [ 107.31863, 20.86505 ] ] ], [ [ [ 107.30947, 20.86729 ], [ 107.30684, 20.86794 ], [ 107.30914, 20.86825 ], [ 107.30947, 20.86729 ] ] ], [ [ [ 107.31072, 20.86785 ], [ 107.30931, 20.8697 ], [ 107.31152, 20.87012 ], [ 107.31072, 20.86785 ] ] ], [ [ [ 107.30371, 20.87158 ], [ 107.30473, 20.86749 ], [ 107.30265, 20.87038 ], [ 107.30371, 20.87158 ] ] ], [ [ [ 107.31311, 20.87278 ], [ 107.31036, 20.87333 ], [ 107.31086, 20.87502 ], [ 107.31311, 20.87278 ] ] ], [ [ [ 107.30557, 20.87346 ], [ 107.30288, 20.87307 ], [ 107.30523, 20.87575 ], [ 107.30557, 20.87346 ] ] ], [ [ [ 107.31435, 20.88262 ], [ 107.3238, 20.87604 ], [ 107.32313, 20.87239 ], [ 107.30378, 20.88771 ], [ 107.30093, 20.89151 ], [ 107.30397, 20.89481 ], [ 107.29937, 20.89231 ], [ 107.29739, 20.9022 ], [ 107.29159, 20.90747 ], [ 107.30592, 20.89711 ], [ 107.31435, 20.88262 ] ] ], [ [ [ 107.35382, 20.89385 ], [ 107.34968, 20.89253 ], [ 107.34801, 20.88739 ], [ 107.33903, 20.89915 ], [ 107.34248, 20.89525 ], [ 107.34645, 20.89888 ], [ 107.34516, 20.89563 ], [ 107.35382, 20.89385 ] ] ], [ [ [ 107.35773, 20.89419 ], [ 107.35699, 20.89533 ], [ 107.35745, 20.89588 ], [ 107.35773, 20.89419 ] ] ], [ [ [ 107.33588, 20.89508 ], [ 107.3342, 20.89748 ], [ 107.33511, 20.898 ], [ 107.33759, 20.89692 ], [ 107.33588, 20.89508 ] ] ], [ [ [ 107.34962, 20.8986 ], [ 107.35153, 20.89769 ], [ 107.3485, 20.89558 ], [ 107.34962, 20.8986 ] ] ], [ [ [ 107.32836, 20.89646 ], [ 107.32809, 20.89779 ], [ 107.32879, 20.89716 ], [ 107.32836, 20.89646 ] ] ], [ [ [ 107.32968, 20.89719 ], [ 107.32941, 20.89732 ], [ 107.32969, 20.89738 ], [ 107.32968, 20.89719 ] ] ], [ [ [ 107.3522, 20.89706 ], [ 107.35232, 20.89755 ], [ 107.35327, 20.89755 ], [ 107.3522, 20.89706 ] ] ], [ [ [ 107.35935, 20.89695 ], [ 107.35664, 20.89882 ], [ 107.3575, 20.89915 ], [ 107.35935, 20.89695 ] ] ], [ [ [ 107.32909, 20.89884 ], [ 107.32984, 20.89894 ], [ 107.33107, 20.89787 ], [ 107.32909, 20.89884 ] ] ], [ [ [ 107.3186, 20.88346 ], [ 107.31583, 20.88511 ], [ 107.30833, 20.89689 ], [ 107.30996, 20.90775 ], [ 107.30593, 20.9077 ], [ 107.31168, 20.91464 ], [ 107.319, 20.90104 ], [ 107.3187, 20.89145 ], [ 107.32311, 20.88603 ], [ 107.32233, 20.88253 ], [ 107.31761, 20.88792 ], [ 107.3186, 20.88346 ] ] ], [ [ [ 107.35355, 20.89866 ], [ 107.35508, 20.89992 ], [ 107.35639, 20.89908 ], [ 107.35355, 20.89866 ] ] ], [ [ [ 107.32623, 20.90048 ], [ 107.32815, 20.90117 ], [ 107.32863, 20.89909 ], [ 107.32623, 20.90048 ] ] ], [ [ [ 107.33221, 20.90064 ], [ 107.33353, 20.90175 ], [ 107.33404, 20.90129 ], [ 107.33221, 20.90064 ] ] ], [ [ [ 107.3477, 20.90154 ], [ 107.34882, 20.90291 ], [ 107.34908, 20.90228 ], [ 107.3477, 20.90154 ] ] ], [ [ [ 107.30666, 20.90247 ], [ 107.30494, 20.90295 ], [ 107.30608, 20.90363 ], [ 107.30666, 20.90247 ] ] ], [ [ [ 107.33038, 20.90227 ], [ 107.33141, 20.90421 ], [ 107.33217, 20.90267 ], [ 107.33038, 20.90227 ] ] ], [ [ [ 107.34115, 20.90249 ], [ 107.339, 20.90518 ], [ 107.34475, 20.90384 ], [ 107.34115, 20.90249 ] ] ], [ [ [ 107.31899, 20.90853 ], [ 107.31984, 20.90936 ], [ 107.32701, 20.90212 ], [ 107.31899, 20.90853 ] ] ], [ [ [ 107.30498, 20.90968 ], [ 107.30434, 20.91075 ], [ 107.30557, 20.91021 ], [ 107.30498, 20.90968 ] ] ], [ [ [ 107.30155, 20.91271 ], [ 107.30351, 20.91698 ], [ 107.3063, 20.91251 ], [ 107.30318, 20.91429 ], [ 107.30155, 20.91271 ] ] ], [ [ [ 107.30686, 20.91461 ], [ 107.30654, 20.91466 ], [ 107.30666, 20.91503 ], [ 107.30686, 20.91461 ] ] ], [ [ [ 107.32421, 20.91439 ], [ 107.3229, 20.91508 ], [ 107.32335, 20.91546 ], [ 107.32421, 20.91439 ] ] ], [ [ [ 107.30501, 20.915 ], [ 107.30486, 20.91529 ], [ 107.30508, 20.91521 ], [ 107.30501, 20.915 ] ] ], [ [ [ 107.30642, 20.91522 ], [ 107.30588, 20.9153 ], [ 107.30625, 20.91553 ], [ 107.30642, 20.91522 ] ] ], [ [ [ 107.30559, 20.91767 ], [ 107.31109, 20.91778 ], [ 107.30989, 20.91445 ], [ 107.30559, 20.91767 ] ] ], [ [ [ 107.31085, 20.91641 ], [ 107.31166, 20.91695 ], [ 107.31117, 20.91553 ], [ 107.31085, 20.91641 ] ] ], [ [ [ 107.30473, 20.91845 ], [ 107.30359, 20.91715 ], [ 107.30312, 20.91945 ], [ 107.30473, 20.91845 ] ] ], [ [ [ 107.31052, 20.92343 ], [ 107.31948, 20.92829 ], [ 107.34275, 20.9219 ], [ 107.34939, 20.91514 ], [ 107.33994, 20.91372 ], [ 107.3329, 20.91882 ], [ 107.32044, 20.92067 ], [ 107.32446, 20.92159 ], [ 107.31052, 20.92343 ] ] ], [ [ [ 107.3461, 20.94325 ], [ 107.34648, 20.94379 ], [ 107.34724, 20.9439 ], [ 107.3461, 20.94325 ] ] ], [ [ [ 107.31356, 20.93909 ], [ 107.3152, 20.93656 ], [ 107.31733, 20.93997 ], [ 107.32411, 20.938 ], [ 107.32135, 20.94016 ], [ 107.33186, 20.94363 ], [ 107.33281, 20.9407 ], [ 107.33308, 20.94366 ], [ 107.33655, 20.94404 ], [ 107.34535, 20.93688 ], [ 107.34791, 20.94172 ], [ 107.35252, 20.94135 ], [ 107.36656, 20.94902 ], [ 107.37566, 20.96091 ], [ 107.37633, 20.95761 ], [ 107.38106, 20.95643 ], [ 107.37984, 20.95956 ], [ 107.38686, 20.96585 ], [ 107.38313, 20.95613 ], [ 107.39109, 20.96149 ], [ 107.37714, 20.9435 ], [ 107.37157, 20.94098 ], [ 107.36716, 20.93359 ], [ 107.34889, 20.92506 ], [ 107.31775, 20.93101 ], [ 107.30999, 20.93698 ], [ 107.31349, 20.94269 ], [ 107.31608, 20.94111 ], [ 107.31356, 20.93909 ] ] ], [ [ [ 107.33476, 20.94968 ], [ 107.32838, 20.94791 ], [ 107.32591, 20.94889 ], [ 107.33476, 20.94968 ] ] ], [ [ [ 107.34126, 20.95124 ], [ 107.3422, 20.95174 ], [ 107.34242, 20.95132 ], [ 107.34126, 20.95124 ] ] ], [ [ [ 107.32954, 20.95356 ], [ 107.33126, 20.95239 ], [ 107.32909, 20.95313 ], [ 107.32954, 20.95356 ] ] ], [ [ [ 107.35079, 20.95489 ], [ 107.35297, 20.95681 ], [ 107.35035, 20.95318 ], [ 107.35079, 20.95489 ] ] ], [ [ [ 107.33343, 20.95554 ], [ 107.33251, 20.95597 ], [ 107.33341, 20.95798 ], [ 107.33343, 20.95554 ] ] ], [ [ [ 107.33559, 20.95736 ], [ 107.33648, 20.95805 ], [ 107.33591, 20.9571 ], [ 107.33559, 20.95736 ] ] ], [ [ [ 107.35329, 20.95813 ], [ 107.35335, 20.95874 ], [ 107.35405, 20.95893 ], [ 107.35329, 20.95813 ] ] ], [ [ [ 107.34814, 20.96514 ], [ 107.3488, 20.96619 ], [ 107.34889, 20.96526 ], [ 107.34814, 20.96514 ] ] ], [ [ [ 107.35793, 20.96955 ], [ 107.35775, 20.96963 ], [ 107.358, 20.96977 ], [ 107.35793, 20.96955 ] ] ], [ [ [ 107.36034, 20.96952 ], [ 107.35806, 20.97 ], [ 107.35942, 20.9705 ], [ 107.36034, 20.96952 ] ] ], [ [ [ 107.34689, 20.98243 ], [ 107.34621, 20.98262 ], [ 107.34672, 20.98284 ], [ 107.34689, 20.98243 ] ] ], [ [ [ 107.34378, 20.98331 ], [ 107.34377, 20.98522 ], [ 107.34531, 20.98348 ], [ 107.34378, 20.98331 ] ] ], [ [ [ 107.31129, 20.98568 ], [ 107.31212, 20.98392 ], [ 107.31042, 20.9854 ], [ 107.31129, 20.98568 ] ] ], [ [ [ 107.35166, 20.98506 ], [ 107.35127, 20.98461 ], [ 107.34916, 20.98542 ], [ 107.35166, 20.98506 ] ] ], [ [ [ 107.31255, 20.98636 ], [ 107.31369, 20.98628 ], [ 107.31342, 20.98532 ], [ 107.31255, 20.98636 ] ] ], [ [ [ 107.34103, 20.98685 ], [ 107.34233, 20.98674 ], [ 107.34184, 20.98562 ], [ 107.34103, 20.98685 ] ] ], [ [ [ 107.35562, 20.98616 ], [ 107.35477, 20.98662 ], [ 107.35561, 20.98649 ], [ 107.35562, 20.98616 ] ] ], [ [ [ 107.34032, 20.98692 ], [ 107.33986, 20.98698 ], [ 107.33987, 20.98733 ], [ 107.34032, 20.98692 ] ] ], [ [ [ 107.3457, 20.98857 ], [ 107.34778, 20.98747 ], [ 107.34605, 20.98636 ], [ 107.3457, 20.98857 ] ] ], [ [ [ 107.35903, 20.98982 ], [ 107.35918, 20.98899 ], [ 107.35825, 20.98884 ], [ 107.35903, 20.98982 ] ] ], [ [ [ 107.35453, 20.98946 ], [ 107.35328, 20.98994 ], [ 107.35477, 20.99011 ], [ 107.35453, 20.98946 ] ] ], [ [ [ 107.34383, 20.98835 ], [ 107.34087, 20.98853 ], [ 107.34147, 20.99167 ], [ 107.34403, 20.99198 ], [ 107.34383, 20.98835 ] ] ], [ [ [ 107.34569, 20.99164 ], [ 107.34457, 20.99023 ], [ 107.3446, 20.99122 ], [ 107.34569, 20.99164 ] ] ], [ [ [ 107.3119, 20.99194 ], [ 107.3092, 20.9898 ], [ 107.30431, 20.99066 ], [ 107.30797, 20.99298 ], [ 107.3119, 20.99194 ] ] ], [ [ [ 107.34773, 20.99095 ], [ 107.35093, 20.99391 ], [ 107.35056, 20.99685 ], [ 107.35332, 20.9935 ], [ 107.34773, 20.99095 ] ] ], [ [ [ 107.35452, 20.99409 ], [ 107.35364, 20.99432 ], [ 107.35431, 20.99491 ], [ 107.35452, 20.99409 ] ] ], [ [ [ 107.37892, 20.75255 ], [ 107.3756, 20.74826 ], [ 107.37611, 20.75174 ], [ 107.37892, 20.75255 ] ] ], [ [ [ 107.39892, 20.75158 ], [ 107.38744, 20.74498 ], [ 107.38802, 20.75291 ], [ 107.39507, 20.75849 ], [ 107.39894, 20.75637 ], [ 107.39892, 20.75158 ] ] ], [ [ [ 107.38445, 20.78869 ], [ 107.38524, 20.79004 ], [ 107.38487, 20.7858 ], [ 107.38445, 20.78869 ] ] ], [ [ [ 107.37015, 20.84128 ], [ 107.36904, 20.84292 ], [ 107.37036, 20.8423 ], [ 107.37015, 20.84128 ] ] ], [ [ [ 107.38644, 20.84667 ], [ 107.39165, 20.84619 ], [ 107.39052, 20.8439 ], [ 107.38644, 20.84667 ] ] ], [ [ [ 107.39448, 20.8753 ], [ 107.39477, 20.87277 ], [ 107.39371, 20.87488 ], [ 107.39448, 20.8753 ] ] ], [ [ [ 107.36896, 20.86027 ], [ 107.36674, 20.85789 ], [ 107.35851, 20.86207 ], [ 107.35553, 20.85868 ], [ 107.35243, 20.8609 ], [ 107.35601, 20.86356 ], [ 107.35101, 20.8611 ], [ 107.34789, 20.8646 ], [ 107.3414, 20.88269 ], [ 107.3436, 20.88668 ], [ 107.33857, 20.887 ], [ 107.33704, 20.87243 ], [ 107.32986, 20.87604 ], [ 107.33039, 20.89531 ], [ 107.33701, 20.89392 ], [ 107.3472, 20.88371 ], [ 107.35393, 20.89112 ], [ 107.36154, 20.88716 ], [ 107.36811, 20.89032 ], [ 107.37228, 20.88739 ], [ 107.37074, 20.89037 ], [ 107.37326, 20.89165 ], [ 107.3794, 20.88848 ], [ 107.37831, 20.88554 ], [ 107.38525, 20.87912 ], [ 107.38197, 20.88545 ], [ 107.38313, 20.88999 ], [ 107.38745, 20.88985 ], [ 107.38555, 20.88599 ], [ 107.38841, 20.88237 ], [ 107.39443, 20.88378 ], [ 107.39476, 20.87576 ], [ 107.3893, 20.87856 ], [ 107.37314, 20.87625 ], [ 107.3898, 20.8684 ], [ 107.39183, 20.86393 ], [ 107.38268, 20.8664 ], [ 107.37249, 20.85859 ], [ 107.36912, 20.86109 ], [ 107.37078, 20.86289 ], [ 107.36608, 20.86104 ], [ 107.36896, 20.86027 ] ] ], [ [ [ 107.39796, 20.87941 ], [ 107.39843, 20.87935 ], [ 107.39784, 20.87877 ], [ 107.39796, 20.87941 ] ] ], [ [ [ 107.39011, 20.8891 ], [ 107.38856, 20.88985 ], [ 107.38905, 20.89076 ], [ 107.39011, 20.8891 ] ] ], [ [ [ 107.37495, 20.89204 ], [ 107.37334, 20.89344 ], [ 107.37402, 20.89419 ], [ 107.37495, 20.89204 ] ] ], [ [ [ 107.39012, 20.89149 ], [ 107.39142, 20.89528 ], [ 107.39326, 20.89313 ], [ 107.39012, 20.89149 ] ] ], [ [ [ 107.36003, 20.89588 ], [ 107.35914, 20.89623 ], [ 107.35963, 20.89655 ], [ 107.36003, 20.89588 ] ] ], [ [ [ 107.37005, 20.9019 ], [ 107.37611, 20.89913 ], [ 107.37723, 20.89801 ], [ 107.3627, 20.89952 ], [ 107.37005, 20.9019 ] ] ], [ [ [ 107.37944, 20.90088 ], [ 107.37804, 20.90158 ], [ 107.37845, 20.90172 ], [ 107.37944, 20.90088 ] ] ], [ [ [ 107.37038, 20.91666 ], [ 107.36829, 20.91358 ], [ 107.36244, 20.91496 ], [ 107.37038, 20.91666 ] ] ], [ [ [ 107.37797, 20.91859 ], [ 107.37952, 20.91883 ], [ 107.37564, 20.91659 ], [ 107.37797, 20.91859 ] ] ], [ [ [ 107.38372, 20.91982 ], [ 107.38555, 20.92003 ], [ 107.38311, 20.91902 ], [ 107.38372, 20.91982 ] ] ], [ [ [ 107.3955, 20.92722 ], [ 107.39886, 20.92787 ], [ 107.3965, 20.92497 ], [ 107.3955, 20.92722 ] ] ], [ [ [ 107.39583, 20.93301 ], [ 107.39423, 20.934 ], [ 107.39498, 20.93415 ], [ 107.39583, 20.93301 ] ] ], [ [ [ 107.35533, 20.90005 ], [ 107.34541, 20.90555 ], [ 107.36736, 20.90858 ], [ 107.38646, 20.91678 ], [ 107.40581, 20.92022 ], [ 107.413, 20.92541 ], [ 107.42194, 20.94344 ], [ 107.41963, 20.94428 ], [ 107.42104, 20.94848 ], [ 107.42354, 20.94815 ], [ 107.42307, 20.94391 ], [ 107.43527, 20.95834 ], [ 107.44991, 20.96879 ], [ 107.45487, 20.96721 ], [ 107.44685, 20.94469 ], [ 107.42238, 20.92512 ], [ 107.4198, 20.91965 ], [ 107.40433, 20.9127 ], [ 107.40087, 20.91509 ], [ 107.38873, 20.90701 ], [ 107.37449, 20.90304 ], [ 107.35533, 20.90005 ] ] ], [ [ [ 107.38568, 20.93408 ], [ 107.38567, 20.93631 ], [ 107.38649, 20.93557 ], [ 107.38568, 20.93408 ] ] ], [ [ [ 107.39655, 20.93813 ], [ 107.3975, 20.93913 ], [ 107.39738, 20.93743 ], [ 107.39655, 20.93813 ] ] ], [ [ [ 107.39626, 20.93732 ], [ 107.39076, 20.93962 ], [ 107.39327, 20.94293 ], [ 107.39493, 20.94262 ], [ 107.39626, 20.93732 ] ] ], [ [ [ 107.39799, 20.9398 ], [ 107.39751, 20.94033 ], [ 107.39833, 20.94056 ], [ 107.39799, 20.9398 ] ] ], [ [ [ 107.39209, 20.94252 ], [ 107.38026, 20.93867 ], [ 107.38559, 20.94613 ], [ 107.3912, 20.94528 ], [ 107.38918, 20.94978 ], [ 107.39287, 20.94782 ], [ 107.39209, 20.94252 ] ] ], [ [ [ 107.39246, 20.94998 ], [ 107.395, 20.94937 ], [ 107.39353, 20.94911 ], [ 107.39246, 20.94998 ] ] ], [ [ [ 107.39259, 20.95448 ], [ 107.39507, 20.95199 ], [ 107.39183, 20.9522 ], [ 107.39259, 20.95448 ] ] ], [ [ [ 107.38987, 20.95509 ], [ 107.38816, 20.95309 ], [ 107.38787, 20.95398 ], [ 107.38987, 20.95509 ] ] ], [ [ [ 107.36716, 20.962 ], [ 107.36668, 20.96262 ], [ 107.36728, 20.96328 ], [ 107.36716, 20.962 ] ] ], [ [ [ 107.37048, 20.96306 ], [ 107.37142, 20.96474 ], [ 107.37183, 20.96382 ], [ 107.37048, 20.96306 ] ] ], [ [ [ 107.36762, 20.96375 ], [ 107.3683, 20.96427 ], [ 107.36854, 20.96384 ], [ 107.36762, 20.96375 ] ] ], [ [ [ 107.40747, 20.96513 ], [ 107.40596, 20.96592 ], [ 107.40694, 20.96576 ], [ 107.40747, 20.96513 ] ] ], [ [ [ 107.36999, 20.96819 ], [ 107.37088, 20.9669 ], [ 107.3674, 20.96464 ], [ 107.36999, 20.96819 ] ] ], [ [ [ 107.36066, 20.97131 ], [ 107.36075, 20.97104 ], [ 107.36053, 20.97094 ], [ 107.36066, 20.97131 ] ] ], [ [ [ 107.36877, 20.97173 ], [ 107.36945, 20.97138 ], [ 107.36839, 20.97138 ], [ 107.36877, 20.97173 ] ] ], [ [ [ 107.39783, 20.97363 ], [ 107.39699, 20.97252 ], [ 107.39693, 20.97379 ], [ 107.39783, 20.97363 ] ] ], [ [ [ 107.37263, 20.974 ], [ 107.37224, 20.97409 ], [ 107.37271, 20.97432 ], [ 107.37263, 20.974 ] ] ], [ [ [ 107.37888, 20.97813 ], [ 107.37789, 20.97549 ], [ 107.37402, 20.97839 ], [ 107.37639, 20.97722 ], [ 107.37888, 20.97813 ] ] ], [ [ [ 107.40735, 20.97837 ], [ 107.40543, 20.9762 ], [ 107.40223, 20.9771 ], [ 107.40356, 20.97982 ], [ 107.40735, 20.97837 ] ] ], [ [ [ 107.40562, 20.97981 ], [ 107.40494, 20.9802 ], [ 107.40556, 20.98025 ], [ 107.40562, 20.97981 ] ] ], [ [ [ 107.38276, 20.98308 ], [ 107.38642, 20.98244 ], [ 107.38595, 20.98104 ], [ 107.38218, 20.98031 ], [ 107.38276, 20.98308 ] ] ], [ [ [ 107.40647, 20.98185 ], [ 107.40523, 20.98279 ], [ 107.40611, 20.98294 ], [ 107.40647, 20.98185 ] ] ], [ [ [ 107.38848, 20.98785 ], [ 107.38963, 20.98751 ], [ 107.38927, 20.98565 ], [ 107.38848, 20.98785 ] ] ], [ [ [ 107.35949, 20.98858 ], [ 107.36032, 20.98821 ], [ 107.3602, 20.98755 ], [ 107.35949, 20.98858 ] ] ], [ [ [ 107.40082, 20.98908 ], [ 107.40038, 20.9891 ], [ 107.4006, 20.98958 ], [ 107.40082, 20.98908 ] ] ], [ [ [ 107.36171, 20.98946 ], [ 107.36007, 20.98984 ], [ 107.36176, 20.99036 ], [ 107.36171, 20.98946 ] ] ], [ [ [ 107.40136, 20.98966 ], [ 107.40086, 20.98974 ], [ 107.40114, 20.99034 ], [ 107.40136, 20.98966 ] ] ], [ [ [ 107.39974, 20.99004 ], [ 107.39864, 20.99018 ], [ 107.39854, 20.99119 ], [ 107.39974, 20.99004 ] ] ], [ [ [ 107.36051, 20.99037 ], [ 107.36023, 20.99152 ], [ 107.36087, 20.99115 ], [ 107.36051, 20.99037 ] ] ], [ [ [ 107.3774, 20.9912 ], [ 107.37663, 20.99196 ], [ 107.37732, 20.9919 ], [ 107.3774, 20.9912 ] ] ], [ [ [ 107.40115, 20.99311 ], [ 107.40163, 20.9938 ], [ 107.40503, 20.99199 ], [ 107.40115, 20.99311 ] ] ], [ [ [ 107.39308, 20.99425 ], [ 107.39397, 20.9944 ], [ 107.39423, 20.99368 ], [ 107.39308, 20.99425 ] ] ], [ [ [ 107.39101, 20.99506 ], [ 107.39109, 20.99551 ], [ 107.39144, 20.99499 ], [ 107.39101, 20.99506 ] ] ], [ [ [ 107.37856, 20.99594 ], [ 107.38148, 20.99612 ], [ 107.37859, 20.99502 ], [ 107.37856, 20.99594 ] ] ], [ [ [ 107.40534, 20.9952 ], [ 107.40498, 20.99604 ], [ 107.4056, 20.99596 ], [ 107.40534, 20.9952 ] ] ], [ [ [ 107.36379, 20.99475 ], [ 107.36296, 20.995 ], [ 107.36234, 20.99687 ], [ 107.36379, 20.99475 ] ] ], [ [ [ 107.37867, 20.9966 ], [ 107.37814, 20.9978 ], [ 107.3795, 20.99745 ], [ 107.37867, 20.9966 ] ] ], [ [ [ 107.36251, 20.9971 ], [ 107.36325, 20.99823 ], [ 107.36332, 20.99719 ], [ 107.36251, 20.9971 ] ] ], [ [ [ 107.40263, 20.99784 ], [ 107.40248, 20.99795 ], [ 107.40284, 20.99813 ], [ 107.40263, 20.99784 ] ] ], [ [ [ 107.39273, 20.99739 ], [ 107.39311, 20.99913 ], [ 107.39459, 20.99766 ], [ 107.39273, 20.99739 ] ] ], [ [ [ 107.38963, 20.9982 ], [ 107.38963, 20.99856 ], [ 107.39017, 20.99817 ], [ 107.38963, 20.9982 ] ] ], [ [ [ 107.36535, 20.99838 ], [ 107.36575, 20.99869 ], [ 107.36641, 20.99819 ], [ 107.36535, 20.99838 ] ] ], [ [ [ 107.36721, 20.99855 ], [ 107.36749, 20.99968 ], [ 107.36781, 20.99886 ], [ 107.36721, 20.99855 ] ] ], [ [ [ 107.40357, 21.00057 ], [ 107.40421, 20.99964 ], [ 107.40363, 20.99944 ], [ 107.40357, 21.00057 ] ] ], [ [ [ 107.36595, 21.00206 ], [ 107.36718, 21.00148 ], [ 107.36426, 21.00034 ], [ 107.36595, 21.00206 ] ] ], [ [ [ 107.38375, 21.00737 ], [ 107.3834, 21.00187 ], [ 107.37869, 21.0036 ], [ 107.37961, 21.00701 ], [ 107.38375, 21.00737 ] ] ], [ [ [ 107.40122, 21.00676 ], [ 107.40067, 21.00751 ], [ 107.40131, 21.0071 ], [ 107.40122, 21.00676 ] ] ], [ [ [ 107.38791, 21.00798 ], [ 107.3862, 21.00666 ], [ 107.3847, 21.00762 ], [ 107.38467, 21.00943 ], [ 107.38791, 21.00798 ] ] ], [ [ [ 107.40822, 21.01137 ], [ 107.40429, 21.00892 ], [ 107.40437, 21.01252 ], [ 107.40822, 21.01137 ] ] ], [ [ [ 107.39879, 21.02369 ], [ 107.39916, 21.02352 ], [ 107.39926, 21.02309 ], [ 107.39879, 21.02369 ] ] ], [ [ [ 107.40491, 21.02525 ], [ 107.40613, 21.02528 ], [ 107.40489, 21.02443 ], [ 107.40491, 21.02525 ] ] ], [ [ [ 107.3858, 21.02785 ], [ 107.38407, 21.02193 ], [ 107.38006, 21.01855 ], [ 107.38324, 21.03807 ], [ 107.38842, 21.03846 ], [ 107.39293, 21.03174 ], [ 107.3858, 21.02785 ] ] ], [ [ [ 107.40346, 21.03478 ], [ 107.40578, 21.03353 ], [ 107.40562, 21.03205 ], [ 107.40437, 21.032 ], [ 107.40346, 21.03478 ] ] ], [ [ [ 107.41605, 20.77426 ], [ 107.41145, 20.77321 ], [ 107.41022, 20.76846 ], [ 107.40728, 20.7779 ], [ 107.40121, 20.77739 ], [ 107.39994, 20.77998 ], [ 107.3997, 20.80124 ], [ 107.40708, 20.80962 ], [ 107.42249, 20.79783 ], [ 107.41605, 20.77426 ] ] ], [ [ [ 107.43176, 20.79074 ], [ 107.43125, 20.78687 ], [ 107.43083, 20.79122 ], [ 107.43176, 20.79074 ] ] ], [ [ [ 107.41067, 20.84988 ], [ 107.41453, 20.85506 ], [ 107.41685, 20.85479 ], [ 107.41533, 20.84924 ], [ 107.41067, 20.84988 ] ] ], [ [ [ 107.41615, 20.89292 ], [ 107.42192, 20.89283 ], [ 107.41933, 20.89632 ], [ 107.42231, 20.8944 ], [ 107.44464, 20.90565 ], [ 107.44714, 20.90293 ], [ 107.44502, 20.90074 ], [ 107.45228, 20.9004 ], [ 107.44808, 20.89186 ], [ 107.42833, 20.88369 ], [ 107.42397, 20.89034 ], [ 107.41615, 20.89292 ] ] ], [ [ [ 107.42847, 20.92352 ], [ 107.42938, 20.92434 ], [ 107.42906, 20.92363 ], [ 107.42847, 20.92352 ] ] ], [ [ [ 107.43248, 20.92794 ], [ 107.43549, 20.92937 ], [ 107.43069, 20.92545 ], [ 107.43248, 20.92794 ] ] ], [ [ [ 107.43532, 20.96481 ], [ 107.43288, 20.96244 ], [ 107.42989, 20.96177 ], [ 107.43268, 20.966 ], [ 107.43532, 20.96481 ] ] ], [ [ [ 107.43465, 20.96763 ], [ 107.43398, 20.96778 ], [ 107.43439, 20.96833 ], [ 107.43465, 20.96763 ] ] ], [ [ [ 107.40723, 20.9689 ], [ 107.40661, 20.96915 ], [ 107.40737, 20.96958 ], [ 107.40723, 20.9689 ] ] ], [ [ [ 107.43075, 20.973 ], [ 107.43371, 20.97242 ], [ 107.43111, 20.97209 ], [ 107.43075, 20.973 ] ] ], [ [ [ 107.42349, 20.97281 ], [ 107.42301, 20.97307 ], [ 107.42345, 20.97324 ], [ 107.42349, 20.97281 ] ] ], [ [ [ 107.41352, 20.97377 ], [ 107.41473, 20.97378 ], [ 107.41359, 20.9732 ], [ 107.41352, 20.97377 ] ] ], [ [ [ 107.41335, 20.97415 ], [ 107.4128, 20.97417 ], [ 107.41279, 20.97475 ], [ 107.41335, 20.97415 ] ] ], [ [ [ 107.41734, 20.97478 ], [ 107.41964, 20.97645 ], [ 107.42024, 20.97555 ], [ 107.41734, 20.97478 ] ] ], [ [ [ 107.41795, 20.97661 ], [ 107.41464, 20.97842 ], [ 107.41503, 20.97883 ], [ 107.41795, 20.97661 ] ] ], [ [ [ 107.4175, 20.97905 ], [ 107.41833, 20.97919 ], [ 107.41779, 20.97793 ], [ 107.4175, 20.97905 ] ] ], [ [ [ 107.42165, 20.97851 ], [ 107.421, 20.97857 ], [ 107.42152, 20.97894 ], [ 107.42165, 20.97851 ] ] ], [ [ [ 107.41887, 20.9793 ], [ 107.41847, 20.97937 ], [ 107.41877, 20.97953 ], [ 107.41887, 20.9793 ] ] ], [ [ [ 107.40803, 20.97982 ], [ 107.40681, 20.98079 ], [ 107.40784, 20.98067 ], [ 107.40803, 20.97982 ] ] ], [ [ [ 107.42653, 20.98037 ], [ 107.42625, 20.98055 ], [ 107.42638, 20.98124 ], [ 107.42653, 20.98037 ] ] ], [ [ [ 107.42252, 20.9816 ], [ 107.422, 20.98176 ], [ 107.42264, 20.98234 ], [ 107.42252, 20.9816 ] ] ], [ [ [ 107.41622, 20.98155 ], [ 107.41399, 20.9824 ], [ 107.41523, 20.9825 ], [ 107.41622, 20.98155 ] ] ], [ [ [ 107.41412, 20.98564 ], [ 107.41328, 20.98579 ], [ 107.41379, 20.98615 ], [ 107.41412, 20.98564 ] ] ], [ [ [ 107.41055, 20.98789 ], [ 107.41251, 20.98677 ], [ 107.41196, 20.98561 ], [ 107.41055, 20.98789 ] ] ], [ [ [ 107.41412, 20.98803 ], [ 107.41348, 20.99027 ], [ 107.41534, 20.98954 ], [ 107.41412, 20.98803 ] ] ], [ [ [ 107.42509, 20.99818 ], [ 107.42481, 20.99608 ], [ 107.42687, 20.99367 ], [ 107.42291, 20.99472 ], [ 107.42509, 20.99818 ] ] ], [ [ [ 107.42672, 20.99538 ], [ 107.42721, 20.99656 ], [ 107.42732, 20.99564 ], [ 107.42672, 20.99538 ] ] ], [ [ [ 107.42366, 20.99614 ], [ 107.42196, 20.99669 ], [ 107.42297, 20.9968 ], [ 107.42366, 20.99614 ] ] ], [ [ [ 107.40697, 20.99746 ], [ 107.40944, 20.99763 ], [ 107.41117, 20.99952 ], [ 107.40895, 20.99625 ], [ 107.40697, 20.99746 ] ] ], [ [ [ 107.43015, 20.99792 ], [ 107.42936, 20.99802 ], [ 107.43011, 20.99869 ], [ 107.43015, 20.99792 ] ] ], [ [ [ 107.42618, 20.99952 ], [ 107.42436, 20.99958 ], [ 107.42429, 21.00069 ], [ 107.42618, 20.99952 ] ] ], [ [ [ 107.43201, 21.00056 ], [ 107.43167, 21.00069 ], [ 107.43205, 21.0009 ], [ 107.43201, 21.00056 ] ] ], [ [ [ 107.4072, 21.00605 ], [ 107.40813, 21.00605 ], [ 107.40715, 21.00454 ], [ 107.4072, 21.00605 ] ] ], [ [ [ 107.41689, 21.00599 ], [ 107.41739, 21.00612 ], [ 107.41743, 21.00584 ], [ 107.41689, 21.00599 ] ] ], [ [ [ 107.41015, 21.00616 ], [ 107.40943, 21.00649 ], [ 107.41058, 21.00662 ], [ 107.41015, 21.00616 ] ] ], [ [ [ 107.41876, 21.01074 ], [ 107.41821, 21.01087 ], [ 107.41829, 21.01162 ], [ 107.41876, 21.01074 ] ] ], [ [ [ 107.4227, 21.01043 ], [ 107.42197, 21.01135 ], [ 107.4247, 21.01283 ], [ 107.4227, 21.01043 ] ] ], [ [ [ 107.42161, 21.01176 ], [ 107.42034, 21.01321 ], [ 107.42132, 21.01307 ], [ 107.42161, 21.01176 ] ] ], [ [ [ 107.42015, 21.01366 ], [ 107.41961, 21.014 ], [ 107.4198, 21.01427 ], [ 107.42015, 21.01366 ] ] ], [ [ [ 107.41816, 21.01422 ], [ 107.41785, 21.01447 ], [ 107.41821, 21.01467 ], [ 107.41816, 21.01422 ] ] ], [ [ [ 107.40829, 21.01563 ], [ 107.40655, 21.01339 ], [ 107.40533, 21.01424 ], [ 107.40829, 21.01563 ] ] ], [ [ [ 107.4165, 21.01666 ], [ 107.41655, 21.01708 ], [ 107.41673, 21.01662 ], [ 107.4165, 21.01666 ] ] ], [ [ [ 107.41224, 21.02042 ], [ 107.41428, 21.02032 ], [ 107.41221, 21.01986 ], [ 107.41224, 21.02042 ] ] ], [ [ [ 107.41407, 21.02088 ], [ 107.4137, 21.02114 ], [ 107.41412, 21.02115 ], [ 107.41407, 21.02088 ] ] ], [ [ [ 107.41151, 21.02114 ], [ 107.41126, 21.02174 ], [ 107.41172, 21.02116 ], [ 107.41151, 21.02114 ] ] ], [ [ [ 107.42979, 21.0211 ], [ 107.42699, 21.02157 ], [ 107.42795, 21.02306 ], [ 107.42979, 21.0211 ] ] ], [ [ [ 107.42434, 21.02184 ], [ 107.42277, 21.02188 ], [ 107.42471, 21.02357 ], [ 107.42434, 21.02184 ] ] ], [ [ [ 107.41404, 21.02251 ], [ 107.41457, 21.0233 ], [ 107.4162, 21.02372 ], [ 107.41404, 21.02251 ] ] ], [ [ [ 107.43066, 21.02466 ], [ 107.42824, 21.02349 ], [ 107.43185, 21.0268 ], [ 107.43066, 21.02466 ] ] ], [ [ [ 107.41904, 21.02635 ], [ 107.4188, 21.02664 ], [ 107.41948, 21.02706 ], [ 107.41904, 21.02635 ] ] ], [ [ [ 107.43246, 21.02884 ], [ 107.43308, 21.02876 ], [ 107.43202, 21.02823 ], [ 107.43246, 21.02884 ] ] ], [ [ [ 107.42172, 21.02963 ], [ 107.42269, 21.02942 ], [ 107.42239, 21.02879 ], [ 107.42172, 21.02963 ] ] ], [ [ [ 107.41104, 21.03136 ], [ 107.40978, 21.02789 ], [ 107.40636, 21.02792 ], [ 107.41104, 21.03136 ] ] ], [ [ [ 107.41889, 21.0301 ], [ 107.41608, 21.02799 ], [ 107.41902, 21.03232 ], [ 107.41889, 21.0301 ] ] ], [ [ [ 107.42324, 21.03506 ], [ 107.42694, 21.03488 ], [ 107.42855, 21.03314 ], [ 107.42171, 21.03074 ], [ 107.42324, 21.03506 ] ] ], [ [ [ 107.43473, 21.03545 ], [ 107.43283, 21.03342 ], [ 107.43346, 21.03785 ], [ 107.43473, 21.03545 ] ] ], [ [ [ 107.42865, 21.03517 ], [ 107.42879, 21.03625 ], [ 107.42988, 21.03527 ], [ 107.42865, 21.03517 ] ] ], [ [ [ 107.42704, 21.03554 ], [ 107.42645, 21.03587 ], [ 107.42654, 21.0365 ], [ 107.42704, 21.03554 ] ] ], [ [ [ 107.41741, 21.0391 ], [ 107.41669, 21.0405 ], [ 107.41789, 21.04 ], [ 107.41741, 21.0391 ] ] ], [ [ [ 107.41026, 21.04136 ], [ 107.41138, 21.04071 ], [ 107.40994, 21.03941 ], [ 107.41026, 21.04136 ] ] ], [ [ [ 107.42032, 21.04416 ], [ 107.42083, 21.04363 ], [ 107.42043, 21.04291 ], [ 107.42032, 21.04416 ] ] ], [ [ [ 107.41161, 21.04365 ], [ 107.41174, 21.04409 ], [ 107.41218, 21.04375 ], [ 107.41161, 21.04365 ] ] ], [ [ [ 107.41165, 21.0443 ], [ 107.41151, 21.04453 ], [ 107.41219, 21.04453 ], [ 107.41165, 21.0443 ] ] ], [ [ [ 107.4218, 21.04576 ], [ 107.42175, 21.04658 ], [ 107.42224, 21.04578 ], [ 107.4218, 21.04576 ] ] ], [ [ [ 107.42455, 21.04835 ], [ 107.42474, 21.04586 ], [ 107.42271, 21.04661 ], [ 107.42455, 21.04835 ] ] ], [ [ [ 107.41957, 21.04801 ], [ 107.42016, 21.04722 ], [ 107.41811, 21.04651 ], [ 107.41957, 21.04801 ] ] ], [ [ [ 107.4316, 21.0477 ], [ 107.43192, 21.04815 ], [ 107.43198, 21.04772 ], [ 107.4316, 21.0477 ] ] ], [ [ [ 107.41837, 21.04881 ], [ 107.41634, 21.04722 ], [ 107.41599, 21.04909 ], [ 107.41837, 21.04881 ] ] ], [ [ [ 107.42706, 21.04909 ], [ 107.42542, 21.05042 ], [ 107.42696, 21.05066 ], [ 107.42706, 21.04909 ] ] ], [ [ [ 107.41554, 21.05049 ], [ 107.41589, 21.05025 ], [ 107.4156, 21.05015 ], [ 107.41554, 21.05049 ] ] ], [ [ [ 107.42197, 21.05357 ], [ 107.42355, 21.05415 ], [ 107.42265, 21.05266 ], [ 107.42197, 21.05357 ] ] ], [ [ [ 107.42769, 21.0569 ], [ 107.43017, 21.05568 ], [ 107.4278, 21.05591 ], [ 107.42769, 21.0569 ] ] ], [ [ [ 107.43231, 21.05991 ], [ 107.43395, 21.06053 ], [ 107.43229, 21.05851 ], [ 107.43231, 21.05991 ] ] ], [ [ [ 107.46992, 20.73062 ], [ 107.459, 20.71915 ], [ 107.45384, 20.71671 ], [ 107.44652, 20.71826 ], [ 107.44854, 20.72309 ], [ 107.45796, 20.72723 ], [ 107.45973, 20.73207 ], [ 107.47196, 20.74064 ], [ 107.46992, 20.73062 ] ] ], [ [ [ 107.46037, 20.86276 ], [ 107.4606, 20.86611 ], [ 107.46127, 20.86327 ], [ 107.46037, 20.86276 ] ] ], [ [ [ 107.459, 20.87395 ], [ 107.46756, 20.86721 ], [ 107.46786, 20.86433 ], [ 107.459, 20.87395 ] ] ], [ [ [ 107.47101, 20.88969 ], [ 107.4683, 20.89029 ], [ 107.46352, 20.89687 ], [ 107.46699, 20.89665 ], [ 107.47101, 20.88969 ] ] ], [ [ [ 107.43945, 20.9322 ], [ 107.4407, 20.93296 ], [ 107.43939, 20.93144 ], [ 107.43945, 20.9322 ] ] ], [ [ [ 107.47063, 20.97468 ], [ 107.47607, 20.9776 ], [ 107.48028, 20.97505 ], [ 107.48158, 20.96799 ], [ 107.47315, 20.955 ], [ 107.44325, 20.93276 ], [ 107.457, 20.94616 ], [ 107.45785, 20.95501 ], [ 107.46492, 20.9613 ], [ 107.46375, 20.96517 ], [ 107.46777, 20.96601 ], [ 107.47063, 20.97468 ] ] ], [ [ [ 107.43682, 20.96954 ], [ 107.43798, 20.96883 ], [ 107.43737, 20.96891 ], [ 107.43682, 20.96954 ] ] ], [ [ [ 107.46644, 20.96937 ], [ 107.46581, 20.97096 ], [ 107.46654, 20.97053 ], [ 107.46644, 20.96937 ] ] ], [ [ [ 107.44813, 20.97166 ], [ 107.44511, 20.96846 ], [ 107.44792, 20.97287 ], [ 107.44813, 20.97166 ] ] ], [ [ [ 107.43891, 20.96961 ], [ 107.43838, 20.97176 ], [ 107.4404, 20.97187 ], [ 107.43891, 20.96961 ] ] ], [ [ [ 107.44925, 20.97305 ], [ 107.44938, 20.9743 ], [ 107.44963, 20.97353 ], [ 107.44925, 20.97305 ] ] ], [ [ [ 107.44188, 20.97338 ], [ 107.44146, 20.97425 ], [ 107.44221, 20.97389 ], [ 107.44188, 20.97338 ] ] ], [ [ [ 107.43597, 20.97667 ], [ 107.43587, 20.97771 ], [ 107.43722, 20.9769 ], [ 107.43597, 20.97667 ] ] ], [ [ [ 107.44132, 20.9797 ], [ 107.44236, 20.98181 ], [ 107.44327, 20.97528 ], [ 107.43671, 20.97959 ], [ 107.44132, 20.9797 ] ] ], [ [ [ 107.4677, 20.97767 ], [ 107.46614, 20.97791 ], [ 107.4677, 20.98041 ], [ 107.4677, 20.97767 ] ] ], [ [ [ 107.47459, 20.97917 ], [ 107.46975, 20.97616 ], [ 107.47235, 20.97822 ], [ 107.46992, 20.98066 ], [ 107.47155, 20.98445 ], [ 107.47459, 20.97917 ] ] ], [ [ [ 107.43656, 20.98235 ], [ 107.43875, 20.98373 ], [ 107.44141, 20.98267 ], [ 107.441, 20.98127 ], [ 107.43656, 20.98235 ] ] ], [ [ [ 107.44865, 20.99356 ], [ 107.44709, 20.99365 ], [ 107.44814, 20.99478 ], [ 107.44865, 20.99356 ] ] ], [ [ [ 107.44801, 21.00423 ], [ 107.44292, 21.00929 ], [ 107.44663, 21.01012 ], [ 107.44801, 21.00423 ] ] ], [ [ [ 107.44159, 21.00736 ], [ 107.43998, 21.00978 ], [ 107.44184, 21.01151 ], [ 107.4407, 21.00945 ], [ 107.44159, 21.00736 ] ] ], [ [ [ 107.43737, 21.00872 ], [ 107.43742, 21.01025 ], [ 107.4383, 21.00931 ], [ 107.43737, 21.00872 ] ] ], [ [ [ 107.45468, 21.00931 ], [ 107.45449, 21.01107 ], [ 107.4557, 21.01036 ], [ 107.45468, 21.00931 ] ] ], [ [ [ 107.47305, 21.00986 ], [ 107.4733, 21.01067 ], [ 107.47388, 21.01075 ], [ 107.47305, 21.00986 ] ] ], [ [ [ 107.45152, 21.01223 ], [ 107.4528, 21.01084 ], [ 107.45084, 21.0092 ], [ 107.45152, 21.01223 ] ] ], [ [ [ 107.47321, 21.01219 ], [ 107.47366, 21.01263 ], [ 107.47466, 21.01204 ], [ 107.47321, 21.01219 ] ] ], [ [ [ 107.44399, 21.01225 ], [ 107.44609, 21.01379 ], [ 107.44553, 21.01167 ], [ 107.44399, 21.01225 ] ] ], [ [ [ 107.45972, 21.0145 ], [ 107.45685, 21.01029 ], [ 107.45396, 21.0148 ], [ 107.45693, 21.01325 ], [ 107.45647, 21.01667 ], [ 107.45972, 21.0145 ] ] ], [ [ [ 107.44728, 21.01484 ], [ 107.44743, 21.01706 ], [ 107.44814, 21.01562 ], [ 107.44728, 21.01484 ] ] ], [ [ [ 107.45005, 21.01546 ], [ 107.44961, 21.01614 ], [ 107.45012, 21.01667 ], [ 107.45005, 21.01546 ] ] ], [ [ [ 107.43831, 21.01893 ], [ 107.43877, 21.01703 ], [ 107.43802, 21.01816 ], [ 107.43831, 21.01893 ] ] ], [ [ [ 107.45866, 21.02091 ], [ 107.46116, 21.01967 ], [ 107.46023, 21.01762 ], [ 107.46039, 21.01926 ], [ 107.45866, 21.02091 ] ] ], [ [ [ 107.43959, 21.01388 ], [ 107.43797, 21.01102 ], [ 107.43376, 21.01277 ], [ 107.44094, 21.01702 ], [ 107.44471, 21.02767 ], [ 107.44607, 21.02185 ], [ 107.43925, 21.01162 ], [ 107.43959, 21.01388 ] ] ], [ [ [ 107.452, 21.01912 ], [ 107.45313, 21.02026 ], [ 107.45276, 21.01904 ], [ 107.452, 21.01912 ] ] ], [ [ [ 107.45542, 21.02169 ], [ 107.4549, 21.01991 ], [ 107.45305, 21.02087 ], [ 107.45542, 21.02169 ] ] ], [ [ [ 107.44858, 21.02244 ], [ 107.45245, 21.02587 ], [ 107.45034, 21.01735 ], [ 107.44858, 21.02244 ] ] ], [ [ [ 107.4473, 21.02111 ], [ 107.44814, 21.02251 ], [ 107.44785, 21.02116 ], [ 107.4473, 21.02111 ] ] ], [ [ [ 107.46224, 21.02276 ], [ 107.45915, 21.02421 ], [ 107.46036, 21.0281 ], [ 107.46294, 21.02703 ], [ 107.46224, 21.02276 ] ] ], [ [ [ 107.45417, 21.02336 ], [ 107.45513, 21.03021 ], [ 107.45663, 21.02462 ], [ 107.45417, 21.02336 ] ] ], [ [ [ 107.44755, 21.0276 ], [ 107.44778, 21.02972 ], [ 107.4484, 21.02848 ], [ 107.44755, 21.0276 ] ] ], [ [ [ 107.43434, 21.03375 ], [ 107.43449, 21.03418 ], [ 107.43518, 21.03398 ], [ 107.43434, 21.03375 ] ] ], [ [ [ 107.43608, 21.03351 ], [ 107.43536, 21.03459 ], [ 107.43662, 21.03596 ], [ 107.43608, 21.03351 ] ] ], [ [ [ 107.44309, 21.04947 ], [ 107.4459, 21.0476 ], [ 107.43983, 21.04316 ], [ 107.44309, 21.04947 ] ] ], [ [ [ 107.43787, 21.04803 ], [ 107.43617, 21.04559 ], [ 107.43551, 21.04782 ], [ 107.43787, 21.04803 ] ] ], [ [ [ 107.43952, 21.04845 ], [ 107.43996, 21.04937 ], [ 107.44039, 21.04881 ], [ 107.43952, 21.04845 ] ] ], [ [ [ 107.4406, 21.04883 ], [ 107.44116, 21.04907 ], [ 107.44122, 21.04884 ], [ 107.4406, 21.04883 ] ] ], [ [ [ 107.43793, 21.05011 ], [ 107.43819, 21.05073 ], [ 107.43855, 21.05055 ], [ 107.43793, 21.05011 ] ] ], [ [ [ 107.44159, 21.05145 ], [ 107.4408, 21.0524 ], [ 107.44131, 21.05222 ], [ 107.44159, 21.05145 ] ] ], [ [ [ 107.44585, 21.05429 ], [ 107.44412, 21.05003 ], [ 107.44377, 21.05358 ], [ 107.44585, 21.05429 ] ] ], [ [ [ 107.46961, 21.05402 ], [ 107.46985, 21.05119 ], [ 107.4679, 21.05241 ], [ 107.46961, 21.05402 ] ] ], [ [ [ 107.44151, 21.05316 ], [ 107.44225, 21.05381 ], [ 107.44267, 21.05322 ], [ 107.44151, 21.05316 ] ] ], [ [ [ 107.46001, 21.05416 ], [ 107.46021, 21.05361 ], [ 107.45852, 21.05352 ], [ 107.46001, 21.05416 ] ] ], [ [ [ 107.43856, 21.05684 ], [ 107.4369, 21.0542 ], [ 107.43124, 21.05291 ], [ 107.43856, 21.05684 ] ] ], [ [ [ 107.44211, 21.0546 ], [ 107.4417, 21.05581 ], [ 107.44253, 21.05536 ], [ 107.44211, 21.0546 ] ] ], [ [ [ 107.46931, 21.05756 ], [ 107.47064, 21.05503 ], [ 107.46862, 21.05683 ], [ 107.46931, 21.05756 ] ] ], [ [ [ 107.45943, 21.05595 ], [ 107.45896, 21.05742 ], [ 107.45993, 21.05637 ], [ 107.45943, 21.05595 ] ] ], [ [ [ 107.46264, 21.05843 ], [ 107.46043, 21.05636 ], [ 107.46082, 21.05792 ], [ 107.46264, 21.05843 ] ] ], [ [ [ 107.46564, 21.05863 ], [ 107.46396, 21.05912 ], [ 107.46661, 21.06052 ], [ 107.46564, 21.05863 ] ] ], [ [ [ 107.47063, 21.05888 ], [ 107.47012, 21.06046 ], [ 107.47088, 21.05976 ], [ 107.47063, 21.05888 ] ] ], [ [ [ 107.45179, 21.06123 ], [ 107.45181, 21.06171 ], [ 107.45194, 21.06137 ], [ 107.45179, 21.06123 ] ] ], [ [ [ 107.44618, 21.0624 ], [ 107.44598, 21.06486 ], [ 107.44946, 21.06409 ], [ 107.44618, 21.0624 ] ] ], [ [ [ 107.47436, 21.06595 ], [ 107.47543, 21.06619 ], [ 107.47518, 21.0656 ], [ 107.47436, 21.06595 ] ] ], [ [ [ 107.44617, 21.06958 ], [ 107.44585, 21.06477 ], [ 107.44059, 21.06463 ], [ 107.44617, 21.06958 ] ] ], [ [ [ 107.43682, 21.06864 ], [ 107.43634, 21.06899 ], [ 107.43649, 21.06917 ], [ 107.43682, 21.06864 ] ] ], [ [ [ 107.45707, 21.071 ], [ 107.45658, 21.07148 ], [ 107.45717, 21.07154 ], [ 107.45707, 21.071 ] ] ], [ [ [ 107.45225, 21.07229 ], [ 107.4505, 21.07098 ], [ 107.45165, 21.07404 ], [ 107.45225, 21.07229 ] ] ], [ [ [ 107.45916, 21.07329 ], [ 107.45875, 21.0736 ], [ 107.45922, 21.07374 ], [ 107.45916, 21.07329 ] ] ], [ [ [ 107.4584, 21.07369 ], [ 107.45805, 21.07415 ], [ 107.45851, 21.07403 ], [ 107.4584, 21.07369 ] ] ], [ [ [ 107.45463, 21.0746 ], [ 107.45435, 21.07466 ], [ 107.45463, 21.07516 ], [ 107.45463, 21.0746 ] ] ], [ [ [ 107.45587, 21.07687 ], [ 107.45521, 21.07616 ], [ 107.45472, 21.07754 ], [ 107.45587, 21.07687 ] ] ], [ [ [ 107.45642, 21.08009 ], [ 107.45766, 21.08074 ], [ 107.45699, 21.07966 ], [ 107.45642, 21.08009 ] ] ], [ [ [ 107.46783, 21.08399 ], [ 107.46744, 21.08421 ], [ 107.46771, 21.08423 ], [ 107.46783, 21.08399 ] ] ], [ [ [ 107.46668, 21.08435 ], [ 107.46627, 21.08465 ], [ 107.46697, 21.08477 ], [ 107.46668, 21.08435 ] ] ], [ [ [ 107.454, 21.0871 ], [ 107.45445, 21.08408 ], [ 107.45221, 21.08407 ], [ 107.454, 21.0871 ] ] ], [ [ [ 107.47983, 20.77058 ], [ 107.48822, 20.77151 ], [ 107.49, 20.77735 ], [ 107.49306, 20.77684 ], [ 107.4875, 20.763 ], [ 107.48046, 20.75708 ], [ 107.4725, 20.76197 ], [ 107.47983, 20.77058 ] ] ], [ [ [ 107.48202, 20.80074 ], [ 107.48045, 20.80228 ], [ 107.48092, 20.80247 ], [ 107.48202, 20.80074 ] ] ], [ [ [ 107.56066, 20.93306 ], [ 107.54215, 20.92017 ], [ 107.52366, 20.89706 ], [ 107.51846, 20.88345 ], [ 107.50392, 20.87315 ], [ 107.49348, 20.85414 ], [ 107.49244, 20.85731 ], [ 107.49139, 20.84556 ], [ 107.48071, 20.81956 ], [ 107.47044, 20.81441 ], [ 107.46832, 20.81867 ], [ 107.47316, 20.82137 ], [ 107.47118, 20.82627 ], [ 107.4817, 20.8463 ], [ 107.48271, 20.85746 ], [ 107.4895, 20.86262 ], [ 107.49246, 20.87226 ], [ 107.49009, 20.8759 ], [ 107.4754, 20.88132 ], [ 107.47665, 20.89221 ], [ 107.4837, 20.89426 ], [ 107.47637, 20.8956 ], [ 107.48157, 20.90115 ], [ 107.49223, 20.90127 ], [ 107.49549, 20.90711 ], [ 107.51811, 20.91512 ], [ 107.51428, 20.90535 ], [ 107.52867, 20.92782 ], [ 107.534, 20.93936 ], [ 107.53095, 20.94133 ], [ 107.54146, 20.95967 ], [ 107.55077, 20.96655 ], [ 107.55949, 20.96853 ], [ 107.56015, 20.96441 ], [ 107.55167, 20.94752 ], [ 107.5551, 20.94197 ], [ 107.55913, 20.94184 ], [ 107.55722, 20.93681 ], [ 107.56066, 20.93306 ] ] ], [ [ [ 107.54692, 21.00687 ], [ 107.54313, 21.00518 ], [ 107.54798, 20.99535 ], [ 107.55225, 20.99535 ], [ 107.547, 20.98881 ], [ 107.55044, 20.98344 ], [ 107.54608, 20.98473 ], [ 107.54469, 20.98136 ], [ 107.53789, 20.98625 ], [ 107.53594, 20.98584 ], [ 107.54167, 20.97973 ], [ 107.5387, 20.97288 ], [ 107.53384, 20.97132 ], [ 107.53232, 20.97506 ], [ 107.53082, 20.9693 ], [ 107.53598, 20.97085 ], [ 107.5373, 20.96835 ], [ 107.52541, 20.94213 ], [ 107.52692, 20.94032 ], [ 107.52209, 20.93888 ], [ 107.52312, 20.93008 ], [ 107.51774, 20.92377 ], [ 107.49284, 20.91421 ], [ 107.48365, 20.91588 ], [ 107.48136, 20.90971 ], [ 107.47725, 20.91279 ], [ 107.46106, 20.90495 ], [ 107.44996, 20.90675 ], [ 107.4628, 20.9127 ], [ 107.45406, 20.91666 ], [ 107.41665, 20.90237 ], [ 107.40653, 20.89345 ], [ 107.39445, 20.89071 ], [ 107.3994, 20.89331 ], [ 107.39525, 20.89339 ], [ 107.39415, 20.90151 ], [ 107.40839, 20.90524 ], [ 107.42014, 20.916 ], [ 107.43387, 20.91769 ], [ 107.43298, 20.92142 ], [ 107.4459, 20.93011 ], [ 107.46418, 20.93867 ], [ 107.47183, 20.94575 ], [ 107.47395, 20.94452 ], [ 107.48771, 20.96406 ], [ 107.49213, 20.97875 ], [ 107.48763, 20.97878 ], [ 107.48294, 20.97359 ], [ 107.4777, 20.98539 ], [ 107.4868, 20.98116 ], [ 107.48535, 20.98811 ], [ 107.48979, 20.98841 ], [ 107.49103, 20.99479 ], [ 107.51058, 21.0186 ], [ 107.50716, 21.00339 ], [ 107.5104, 21.0026 ], [ 107.51825, 21.02292 ], [ 107.52317, 21.02468 ], [ 107.52538, 21.03128 ], [ 107.53745, 21.0427 ], [ 107.5378, 21.02976 ], [ 107.5325, 21.01702 ], [ 107.53744, 21.00949 ], [ 107.5509, 21.03161 ], [ 107.5505, 21.04511 ], [ 107.55752, 21.04569 ], [ 107.5608, 21.03726 ], [ 107.55581, 21.02938 ], [ 107.55296, 21.03171 ], [ 107.55243, 21.02398 ], [ 107.54702, 21.02313 ], [ 107.54405, 21.00854 ], [ 107.54692, 21.00687 ] ] ], [ [ [ 107.47524, 21.01119 ], [ 107.4757, 21.01137 ], [ 107.47556, 21.01114 ], [ 107.47524, 21.01119 ] ] ], [ [ [ 107.47772, 21.01524 ], [ 107.4786, 21.01271 ], [ 107.47692, 21.01301 ], [ 107.47772, 21.01524 ] ] ], [ [ [ 107.5381, 21.01486 ], [ 107.5375, 21.0164 ], [ 107.53828, 21.01594 ], [ 107.5381, 21.01486 ] ] ], [ [ [ 107.47862, 21.01804 ], [ 107.48043, 21.01909 ], [ 107.47858, 21.01636 ], [ 107.47862, 21.01804 ] ] ], [ [ [ 107.47577, 21.01764 ], [ 107.47598, 21.0196 ], [ 107.4767, 21.01916 ], [ 107.47577, 21.01764 ] ] ], [ [ [ 107.53943, 21.01978 ], [ 107.53828, 21.02226 ], [ 107.53964, 21.02137 ], [ 107.53943, 21.01978 ] ] ], [ [ [ 107.47832, 21.02076 ], [ 107.47808, 21.02161 ], [ 107.47852, 21.0218 ], [ 107.47832, 21.02076 ] ] ], [ [ [ 107.48434, 21.02148 ], [ 107.48476, 21.02285 ], [ 107.48612, 21.0217 ], [ 107.48434, 21.02148 ] ] ], [ [ [ 107.49945, 21.02187 ], [ 107.49872, 21.02238 ], [ 107.49912, 21.023 ], [ 107.49945, 21.02187 ] ] ], [ [ [ 107.48296, 21.02408 ], [ 107.4836, 21.02437 ], [ 107.48413, 21.02368 ], [ 107.48296, 21.02408 ] ] ], [ [ [ 107.47506, 21.0262 ], [ 107.47632, 21.02506 ], [ 107.47562, 21.02431 ], [ 107.47506, 21.0262 ] ] ], [ [ [ 107.49328, 21.02518 ], [ 107.49272, 21.02577 ], [ 107.49323, 21.02618 ], [ 107.49328, 21.02518 ] ] ], [ [ [ 107.48745, 21.02449 ], [ 107.48682, 21.02729 ], [ 107.48756, 21.02698 ], [ 107.48745, 21.02449 ] ] ], [ [ [ 107.4952, 21.0264 ], [ 107.49471, 21.02653 ], [ 107.4955, 21.02649 ], [ 107.4952, 21.0264 ] ] ], [ [ [ 107.47604, 21.02648 ], [ 107.47591, 21.02731 ], [ 107.47646, 21.02706 ], [ 107.47604, 21.02648 ] ] ], [ [ [ 107.48285, 21.02877 ], [ 107.48326, 21.03093 ], [ 107.48396, 21.02865 ], [ 107.48285, 21.02877 ] ] ], [ [ [ 107.49045, 21.02845 ], [ 107.48714, 21.03048 ], [ 107.48636, 21.0317 ], [ 107.48895, 21.03189 ], [ 107.49045, 21.02845 ] ] ], [ [ [ 107.51389, 21.02932 ], [ 107.51154, 21.03212 ], [ 107.51431, 21.03266 ], [ 107.51389, 21.02932 ] ] ], [ [ [ 107.49319, 21.03202 ], [ 107.49345, 21.03065 ], [ 107.49216, 21.03046 ], [ 107.49319, 21.03202 ] ] ], [ [ [ 107.48128, 21.03211 ], [ 107.48289, 21.03348 ], [ 107.48242, 21.03169 ], [ 107.48128, 21.03211 ] ] ], [ [ [ 107.4952, 21.03288 ], [ 107.49446, 21.03335 ], [ 107.49539, 21.03345 ], [ 107.4952, 21.03288 ] ] ], [ [ [ 107.49183, 21.03666 ], [ 107.49296, 21.03368 ], [ 107.49036, 21.03478 ], [ 107.49183, 21.03666 ] ] ], [ [ [ 107.49966, 21.03604 ], [ 107.50249, 21.03614 ], [ 107.50128, 21.03458 ], [ 107.49966, 21.03604 ] ] ], [ [ [ 107.50335, 21.03534 ], [ 107.50275, 21.03585 ], [ 107.50368, 21.03612 ], [ 107.50335, 21.03534 ] ] ], [ [ [ 107.51746, 21.03652 ], [ 107.51749, 21.03731 ], [ 107.51901, 21.03764 ], [ 107.51746, 21.03652 ] ] ], [ [ [ 107.49799, 21.03521 ], [ 107.49669, 21.03896 ], [ 107.50341, 21.03877 ], [ 107.50038, 21.0386 ], [ 107.49799, 21.03521 ] ] ], [ [ [ 107.5037, 21.0366 ], [ 107.50546, 21.03816 ], [ 107.50568, 21.03712 ], [ 107.5037, 21.0366 ] ] ], [ [ [ 107.50583, 21.03833 ], [ 107.50655, 21.03848 ], [ 107.5068, 21.03813 ], [ 107.50583, 21.03833 ] ] ], [ [ [ 107.48629, 21.03929 ], [ 107.48924, 21.04063 ], [ 107.48997, 21.03699 ], [ 107.48629, 21.03929 ] ] ], [ [ [ 107.50999, 21.04017 ], [ 107.51234, 21.04218 ], [ 107.51061, 21.03969 ], [ 107.50999, 21.04017 ] ] ], [ [ [ 107.50839, 21.04069 ], [ 107.508, 21.04091 ], [ 107.50965, 21.04164 ], [ 107.50839, 21.04069 ] ] ], [ [ [ 107.51192, 21.04326 ], [ 107.51125, 21.04367 ], [ 107.51192, 21.04396 ], [ 107.51192, 21.04326 ] ] ], [ [ [ 107.52254, 21.04841 ], [ 107.52647, 21.05289 ], [ 107.52858, 21.04919 ], [ 107.5248, 21.04606 ], [ 107.52254, 21.04841 ] ] ], [ [ [ 107.52904, 21.05116 ], [ 107.52829, 21.05244 ], [ 107.52911, 21.05205 ], [ 107.52904, 21.05116 ] ] ], [ [ [ 107.49394, 21.05732 ], [ 107.49675, 21.05537 ], [ 107.49268, 21.05524 ], [ 107.49394, 21.05732 ] ] ], [ [ [ 107.51744, 21.04581 ], [ 107.50798, 21.05125 ], [ 107.51258, 21.04558 ], [ 107.50707, 21.04352 ], [ 107.50908, 21.0455 ], [ 107.50535, 21.04576 ], [ 107.50742, 21.04001 ], [ 107.4935, 21.04103 ], [ 107.49734, 21.04361 ], [ 107.50196, 21.04136 ], [ 107.49764, 21.04746 ], [ 107.50802, 21.05151 ], [ 107.51004, 21.05566 ], [ 107.51894, 21.05652 ], [ 107.51725, 21.05842 ], [ 107.52695, 21.06753 ], [ 107.52595, 21.07311 ], [ 107.53371, 21.07082 ], [ 107.52931, 21.06513 ], [ 107.53495, 21.06903 ], [ 107.53634, 21.06734 ], [ 107.53313, 21.06611 ], [ 107.53671, 21.06146 ], [ 107.53317, 21.05789 ], [ 107.53117, 21.06146 ], [ 107.52931, 21.05826 ], [ 107.53359, 21.05372 ], [ 107.52531, 21.05644 ], [ 107.51744, 21.04581 ] ] ], [ [ [ 107.53944, 21.05896 ], [ 107.54128, 21.05445 ], [ 107.53715, 21.05477 ], [ 107.53944, 21.05896 ] ] ], [ [ [ 107.49217, 21.05806 ], [ 107.49331, 21.05739 ], [ 107.49227, 21.05546 ], [ 107.49217, 21.05806 ] ] ], [ [ [ 107.54076, 21.05958 ], [ 107.54016, 21.06 ], [ 107.54052, 21.06014 ], [ 107.54076, 21.05958 ] ] ], [ [ [ 107.50069, 21.05867 ], [ 107.50436, 21.06165 ], [ 107.50585, 21.06051 ], [ 107.50512, 21.05827 ], [ 107.50069, 21.05867 ] ] ], [ [ [ 107.50886, 21.06078 ], [ 107.50793, 21.0612 ], [ 107.50809, 21.06168 ], [ 107.50886, 21.06078 ] ] ], [ [ [ 107.51708, 21.06397 ], [ 107.51467, 21.06182 ], [ 107.51266, 21.06552 ], [ 107.50776, 21.0651 ], [ 107.50592, 21.0663 ], [ 107.51548, 21.06694 ], [ 107.51708, 21.06397 ] ] ], [ [ [ 107.49202, 21.06642 ], [ 107.49212, 21.06331 ], [ 107.48739, 21.06238 ], [ 107.48834, 21.06479 ], [ 107.49202, 21.06642 ] ] ], [ [ [ 107.47744, 21.06778 ], [ 107.47559, 21.06645 ], [ 107.47543, 21.06809 ], [ 107.47744, 21.06778 ] ] ], [ [ [ 107.50839, 21.06816 ], [ 107.50785, 21.06824 ], [ 107.508, 21.06868 ], [ 107.50839, 21.06816 ] ] ], [ [ [ 107.51843, 21.06974 ], [ 107.5165, 21.06877 ], [ 107.51717, 21.07032 ], [ 107.51843, 21.06974 ] ] ], [ [ [ 107.4786, 21.0704 ], [ 107.47913, 21.07009 ], [ 107.47884, 21.06919 ], [ 107.4786, 21.0704 ] ] ], [ [ [ 107.52402, 21.06962 ], [ 107.52356, 21.07 ], [ 107.52412, 21.06997 ], [ 107.52402, 21.06962 ] ] ], [ [ [ 107.5047, 21.07471 ], [ 107.51427, 21.075 ], [ 107.51521, 21.06971 ], [ 107.51156, 21.07155 ], [ 107.5033, 21.06739 ], [ 107.49696, 21.07181 ], [ 107.50041, 21.07353 ], [ 107.50423, 21.06916 ], [ 107.5047, 21.07471 ] ] ], [ [ [ 107.52272, 21.07243 ], [ 107.52335, 21.07375 ], [ 107.5248, 21.07107 ], [ 107.52272, 21.07243 ] ] ], [ [ [ 107.48483, 21.07674 ], [ 107.48529, 21.07741 ], [ 107.48528, 21.07679 ], [ 107.48483, 21.07674 ] ] ], [ [ [ 107.49858, 21.07774 ], [ 107.49995, 21.07856 ], [ 107.49996, 21.07783 ], [ 107.49858, 21.07774 ] ] ], [ [ [ 107.48576, 21.07818 ], [ 107.48596, 21.07877 ], [ 107.48639, 21.07824 ], [ 107.48576, 21.07818 ] ] ], [ [ [ 107.4799, 21.07987 ], [ 107.48116, 21.08182 ], [ 107.48153, 21.0802 ], [ 107.4799, 21.07987 ] ] ], [ [ [ 107.48434, 21.08166 ], [ 107.48459, 21.08219 ], [ 107.48459, 21.08144 ], [ 107.48434, 21.08166 ] ] ], [ [ [ 107.48243, 21.08329 ], [ 107.4839, 21.0831 ], [ 107.48328, 21.08234 ], [ 107.48243, 21.08329 ] ] ], [ [ [ 107.49172, 21.08423 ], [ 107.48509, 21.08283 ], [ 107.48614, 21.08552 ], [ 107.49172, 21.08423 ] ] ], [ [ [ 107.51669, 21.0862 ], [ 107.51374, 21.08724 ], [ 107.51552, 21.0887 ], [ 107.51669, 21.0862 ] ] ], [ [ [ 107.48995, 21.08545 ], [ 107.49151, 21.09007 ], [ 107.49534, 21.08985 ], [ 107.49284, 21.08533 ], [ 107.48995, 21.08545 ] ] ], [ [ [ 107.49287, 21.09233 ], [ 107.4932, 21.0924 ], [ 107.49336, 21.09205 ], [ 107.49287, 21.09233 ] ] ], [ [ [ 107.49179, 21.09351 ], [ 107.49225, 21.09327 ], [ 107.49195, 21.09315 ], [ 107.49179, 21.09351 ] ] ], [ [ [ 107.49916, 21.09183 ], [ 107.50215, 21.09521 ], [ 107.50279, 21.09286 ], [ 107.49916, 21.09183 ] ] ], [ [ [ 107.48371, 21.09469 ], [ 107.48383, 21.09549 ], [ 107.48415, 21.09507 ], [ 107.48371, 21.09469 ] ] ], [ [ [ 107.49895, 21.09684 ], [ 107.49983, 21.09626 ], [ 107.49886, 21.09615 ], [ 107.49895, 21.09684 ] ] ], [ [ [ 107.50459, 21.10202 ], [ 107.50351, 21.10117 ], [ 107.50245, 21.10296 ], [ 107.50459, 21.10202 ] ] ], [ [ [ 107.53919, 21.10833 ], [ 107.53962, 21.10513 ], [ 107.5377, 21.10667 ], [ 107.53919, 21.10833 ] ] ], [ [ [ 107.52018, 21.11226 ], [ 107.51954, 21.1105 ], [ 107.51865, 21.11131 ], [ 107.52018, 21.11226 ] ] ], [ [ [ 107.53707, 21.20131 ], [ 107.5405, 21.19689 ], [ 107.53451, 21.19931 ], [ 107.53707, 21.20131 ] ] ], [ [ [ 107.5322, 21.26433 ], [ 107.53348, 21.26243 ], [ 107.53181, 21.26333 ], [ 107.5322, 21.26433 ] ] ], [ [ [ 107.54332, 21.02541 ], [ 107.54412, 21.02621 ], [ 107.54411, 21.02556 ], [ 107.54332, 21.02541 ] ] ], [ [ [ 107.53798, 21.02258 ], [ 107.53828, 21.0307 ], [ 107.54009, 21.02804 ], [ 107.54166, 21.03054 ], [ 107.54067, 21.03452 ], [ 107.54486, 21.0289 ], [ 107.53798, 21.02258 ] ] ], [ [ [ 107.56247, 21.0362 ], [ 107.56113, 21.03674 ], [ 107.56216, 21.03798 ], [ 107.56247, 21.0362 ] ] ], [ [ [ 107.54568, 21.03182 ], [ 107.54139, 21.04141 ], [ 107.54343, 21.03953 ], [ 107.54656, 21.04373 ], [ 107.54568, 21.03182 ] ] ], [ [ [ 107.5654, 21.04048 ], [ 107.56435, 21.03788 ], [ 107.56398, 21.04019 ], [ 107.5654, 21.04048 ] ] ], [ [ [ 107.56226, 20.97401 ], [ 107.56496, 20.98539 ], [ 107.56726, 20.98796 ], [ 107.57199, 20.9869 ], [ 107.57313, 20.98992 ], [ 107.56669, 20.99121 ], [ 107.56461, 20.99984 ], [ 107.57131, 21.0109 ], [ 107.57296, 21.02258 ], [ 107.58523, 21.03618 ], [ 107.5831, 21.04205 ], [ 107.58744, 21.0715 ], [ 107.63075, 21.12565 ], [ 107.61601, 21.09002 ], [ 107.60923, 21.06469 ], [ 107.59917, 21.04972 ], [ 107.59702, 21.0313 ], [ 107.58821, 21.02437 ], [ 107.577, 20.97907 ], [ 107.5662, 20.96986 ], [ 107.56226, 20.97401 ] ] ], [ [ [ 107.54371, 21.05692 ], [ 107.54272, 21.06219 ], [ 107.54448, 21.05791 ], [ 107.54371, 21.05692 ] ] ], [ [ [ 107.54887, 21.0541 ], [ 107.55354, 21.06784 ], [ 107.55842, 21.0697 ], [ 107.55808, 21.05111 ], [ 107.54887, 21.0541 ] ] ], [ [ [ 107.54844, 21.06224 ], [ 107.54729, 21.06044 ], [ 107.54778, 21.06308 ], [ 107.54844, 21.06224 ] ] ], [ [ [ 107.57466, 21.06678 ], [ 107.57514, 21.06242 ], [ 107.57063, 21.06429 ], [ 107.57043, 21.06762 ], [ 107.57466, 21.06678 ] ] ], [ [ [ 107.56741, 21.06498 ], [ 107.5683, 21.06698 ], [ 107.56818, 21.06322 ], [ 107.56741, 21.06498 ] ] ], [ [ [ 107.54787, 21.06653 ], [ 107.5498, 21.06757 ], [ 107.54968, 21.06672 ], [ 107.54787, 21.06653 ] ] ], [ [ [ 107.5514, 21.06966 ], [ 107.55066, 21.07002 ], [ 107.55129, 21.07013 ], [ 107.5514, 21.06966 ] ] ], [ [ [ 107.57639, 21.08416 ], [ 107.57687, 21.08009 ], [ 107.57402, 21.07616 ], [ 107.57184, 21.07996 ], [ 107.57639, 21.08416 ] ] ], [ [ [ 107.57899, 21.08476 ], [ 107.57715, 21.08476 ], [ 107.57852, 21.08951 ], [ 107.57899, 21.08476 ] ] ], [ [ [ 107.58131, 21.08533 ], [ 107.58418, 21.09169 ], [ 107.58257, 21.08397 ], [ 107.58131, 21.08533 ] ] ], [ [ [ 107.55566, 21.11369 ], [ 107.56285, 21.11148 ], [ 107.57799, 21.11915 ], [ 107.58314, 21.12556 ], [ 107.57932, 21.11369 ], [ 107.58155, 21.10915 ], [ 107.57462, 21.10575 ], [ 107.5733, 21.10222 ], [ 107.57535, 21.10387 ], [ 107.57951, 21.10613 ], [ 107.57211, 21.08978 ], [ 107.56922, 21.08931 ], [ 107.57091, 21.08461 ], [ 107.56713, 21.08214 ], [ 107.55865, 21.08774 ], [ 107.54337, 21.08759 ], [ 107.54581, 21.08481 ], [ 107.56048, 21.08451 ], [ 107.56239, 21.08013 ], [ 107.55916, 21.07308 ], [ 107.55936, 21.0764 ], [ 107.54007, 21.06481 ], [ 107.53625, 21.06992 ], [ 107.5372, 21.07649 ], [ 107.52509, 21.0788 ], [ 107.53022, 21.0793 ], [ 107.526, 21.0902 ], [ 107.5299, 21.09138 ], [ 107.52754, 21.08852 ], [ 107.53153, 21.0878 ], [ 107.53224, 21.08439 ], [ 107.53325, 21.08951 ], [ 107.5396, 21.08922 ], [ 107.53751, 21.08988 ], [ 107.54144, 21.09323 ], [ 107.53583, 21.08993 ], [ 107.53536, 21.09516 ], [ 107.53983, 21.09599 ], [ 107.53919, 21.09858 ], [ 107.54395, 21.09784 ], [ 107.54575, 21.10761 ], [ 107.55433, 21.11832 ], [ 107.55791, 21.1187 ], [ 107.55566, 21.11369 ] ] ], [ [ [ 107.58814, 21.09889 ], [ 107.58312, 21.09253 ], [ 107.58717, 21.10181 ], [ 107.58814, 21.09889 ] ] ], [ [ [ 107.59773, 21.11184 ], [ 107.60077, 21.11266 ], [ 107.60114, 21.1124 ], [ 107.59821, 21.10881 ], [ 107.59773, 21.11184 ] ] ], [ [ [ 107.61404, 21.1114 ], [ 107.61468, 21.11347 ], [ 107.61594, 21.11227 ], [ 107.61404, 21.1114 ] ] ], [ [ [ 107.54323, 21.11683 ], [ 107.54292, 21.11358 ], [ 107.54204, 21.11379 ], [ 107.54126, 21.11524 ], [ 107.54323, 21.11683 ] ] ], [ [ [ 107.54919, 21.11617 ], [ 107.54923, 21.11445 ], [ 107.54865, 21.11448 ], [ 107.54919, 21.11617 ] ] ], [ [ [ 107.60744, 21.11816 ], [ 107.60313, 21.11989 ], [ 107.60452, 21.12367 ], [ 107.6087, 21.12095 ], [ 107.60744, 21.11816 ] ] ], [ [ [ 107.60948, 21.12558 ], [ 107.61095, 21.12346 ], [ 107.60877, 21.12142 ], [ 107.60757, 21.12308 ], [ 107.60948, 21.12558 ] ] ], [ [ [ 107.60981, 21.12828 ], [ 107.60663, 21.12321 ], [ 107.60564, 21.12542 ], [ 107.60981, 21.12828 ] ] ], [ [ [ 107.61124, 21.12714 ], [ 107.61252, 21.12676 ], [ 107.6117, 21.12518 ], [ 107.61124, 21.12714 ] ] ], [ [ [ 107.60997, 21.12686 ], [ 107.61008, 21.12747 ], [ 107.61044, 21.12723 ], [ 107.60997, 21.12686 ] ] ], [ [ [ 107.58273, 21.13668 ], [ 107.57779, 21.12748 ], [ 107.56413, 21.11829 ], [ 107.55848, 21.1196 ], [ 107.55561, 21.12763 ], [ 107.56509, 21.13747 ], [ 107.56827, 21.13826 ], [ 107.56649, 21.13543 ], [ 107.57178, 21.13408 ], [ 107.57973, 21.13971 ], [ 107.58273, 21.13668 ] ] ], [ [ [ 107.59313, 21.13298 ], [ 107.59017, 21.12987 ], [ 107.58804, 21.12962 ], [ 107.58873, 21.13166 ], [ 107.59313, 21.13298 ] ] ], [ [ [ 107.64433, 21.13843 ], [ 107.65035, 21.14089 ], [ 107.64275, 21.13215 ], [ 107.64433, 21.13843 ] ] ], [ [ [ 107.58107, 21.14911 ], [ 107.59003, 21.15605 ], [ 107.58997, 21.15187 ], [ 107.58157, 21.14149 ], [ 107.58107, 21.14911 ] ] ], [ [ [ 107.67475, 21.20401 ], [ 107.6724, 21.18489 ], [ 107.66419, 21.16206 ], [ 107.66581, 21.14534 ], [ 107.6565, 21.1378 ], [ 107.65466, 21.14576 ], [ 107.65821, 21.14719 ], [ 107.65545, 21.14936 ], [ 107.65456, 21.14723 ], [ 107.65453, 21.15178 ], [ 107.65952, 21.1662 ], [ 107.65617, 21.18694 ], [ 107.66519, 21.1952 ], [ 107.67014, 21.20817 ], [ 107.68134, 21.21512 ], [ 107.67475, 21.20401 ] ] ], [ [ [ 107.62408, 21.18147 ], [ 107.62538, 21.18007 ], [ 107.62415, 21.17817 ], [ 107.62408, 21.18147 ] ] ], [ [ [ 107.62229, 21.18644 ], [ 107.6273, 21.19271 ], [ 107.61768, 21.17179 ], [ 107.62229, 21.18644 ] ] ], [ [ [ 107.56646, 21.20572 ], [ 107.58436, 21.21623 ], [ 107.58852, 21.21621 ], [ 107.57945, 21.20941 ], [ 107.56646, 21.20572 ] ] ], [ [ [ 107.69492, 21.23415 ], [ 107.68677, 21.2206 ], [ 107.68232, 21.2198 ], [ 107.69163, 21.23289 ], [ 107.69492, 21.23415 ] ] ], [ [ [ 107.59283, 21.22924 ], [ 107.59476, 21.23284 ], [ 107.60071, 21.23159 ], [ 107.59245, 21.22609 ], [ 107.57922, 21.22337 ], [ 107.59283, 21.22924 ] ] ], [ [ [ 107.61812, 21.23106 ], [ 107.61354, 21.22668 ], [ 107.61274, 21.22783 ], [ 107.61812, 21.23106 ] ] ], [ [ [ 107.5904, 21.23182 ], [ 107.58996, 21.23335 ], [ 107.59121, 21.23274 ], [ 107.5904, 21.23182 ] ] ], [ [ [ 107.59802, 21.23486 ], [ 107.59978, 21.23597 ], [ 107.59964, 21.23439 ], [ 107.59802, 21.23486 ] ] ], [ [ [ 107.58818, 21.23729 ], [ 107.59064, 21.23866 ], [ 107.59134, 21.23549 ], [ 107.58993, 21.2357 ], [ 107.58818, 21.23729 ] ] ], [ [ [ 107.62744, 21.23662 ], [ 107.63863, 21.24236 ], [ 107.64011, 21.24203 ], [ 107.63456, 21.23348 ], [ 107.62831, 21.23373 ], [ 107.62744, 21.23662 ] ] ], [ [ [ 107.63094, 21.25942 ], [ 107.63851, 21.26178 ], [ 107.6432, 21.25982 ], [ 107.62447, 21.24911 ], [ 107.64143, 21.25482 ], [ 107.61811, 21.24044 ], [ 107.61381, 21.23655 ], [ 107.61565, 21.23365 ], [ 107.60919, 21.23288 ], [ 107.61009, 21.23526 ], [ 107.60438, 21.23804 ], [ 107.613, 21.24315 ], [ 107.59134, 21.23672 ], [ 107.60654, 21.24748 ], [ 107.61508, 21.24778 ], [ 107.61504, 21.25186 ], [ 107.62082, 21.25137 ], [ 107.62006, 21.25526 ], [ 107.62966, 21.25525 ], [ 107.63233, 21.25681 ], [ 107.63094, 21.25942 ] ] ], [ [ [ 107.53796, 21.25683 ], [ 107.54643, 21.25343 ], [ 107.53677, 21.25605 ], [ 107.53796, 21.25683 ] ] ], [ [ [ 107.57386, 21.25667 ], [ 107.57069, 21.2575 ], [ 107.56996, 21.2588 ], [ 107.57386, 21.25667 ] ] ], [ [ [ 107.67434, 21.25997 ], [ 107.67957, 21.25968 ], [ 107.67436, 21.25663 ], [ 107.67434, 21.25997 ] ] ], [ [ [ 107.55631, 21.26016 ], [ 107.5566, 21.26076 ], [ 107.55692, 21.26057 ], [ 107.55631, 21.26016 ] ] ], [ [ [ 107.54221, 21.2635 ], [ 107.53635, 21.2615 ], [ 107.53551, 21.2643 ], [ 107.54735, 21.27091 ], [ 107.54452, 21.2658 ], [ 107.54913, 21.25966 ], [ 107.54427, 21.25648 ], [ 107.53726, 21.26091 ], [ 107.54221, 21.2635 ] ] ], [ [ [ 107.68128, 21.26576 ], [ 107.68331, 21.2659 ], [ 107.68103, 21.26424 ], [ 107.68128, 21.26576 ] ] ], [ [ [ 107.55924, 21.26519 ], [ 107.5576, 21.26131 ], [ 107.55471, 21.26524 ], [ 107.55573, 21.26137 ], [ 107.55057, 21.25945 ], [ 107.54584, 21.26711 ], [ 107.5475, 21.27015 ], [ 107.5502, 21.2682 ], [ 107.54797, 21.27041 ], [ 107.56853, 21.27745 ], [ 107.589, 21.26202 ], [ 107.57892, 21.26206 ], [ 107.57874, 21.26432 ], [ 107.5754, 21.26246 ], [ 107.57803, 21.25899 ], [ 107.56634, 21.2591 ], [ 107.56613, 21.26196 ], [ 107.5593, 21.25367 ], [ 107.55234, 21.25484 ], [ 107.55166, 21.25738 ], [ 107.55541, 21.25692 ], [ 107.55445, 21.25915 ], [ 107.55701, 21.2581 ], [ 107.56192, 21.26352 ], [ 107.55924, 21.26519 ] ] ], [ [ [ 107.64031, 21.26823 ], [ 107.64747, 21.27384 ], [ 107.64918, 21.27143 ], [ 107.64797, 21.26703 ], [ 107.64031, 21.26823 ] ] ], [ [ [ 107.52242, 21.27776 ], [ 107.53104, 21.28191 ], [ 107.53115, 21.2854 ], [ 107.53548, 21.28333 ], [ 107.53352, 21.28079 ], [ 107.53656, 21.28285 ], [ 107.54951, 21.28042 ], [ 107.55336, 21.28383 ], [ 107.55875, 21.27961 ], [ 107.55008, 21.27922 ], [ 107.54332, 21.27276 ], [ 107.53884, 21.27711 ], [ 107.54223, 21.27189 ], [ 107.53164, 21.273 ], [ 107.53695, 21.27214 ], [ 107.53954, 21.27035 ], [ 107.53983, 21.26969 ], [ 107.52928, 21.26477 ], [ 107.52409, 21.27302 ], [ 107.52664, 21.27502 ], [ 107.52388, 21.27362 ], [ 107.52242, 21.27776 ] ] ], [ [ [ 107.65055, 21.27528 ], [ 107.65771, 21.28065 ], [ 107.66076, 21.27797 ], [ 107.66328, 21.28373 ], [ 107.66941, 21.28106 ], [ 107.65083, 21.26918 ], [ 107.65055, 21.27528 ] ] ], [ [ [ 107.61517, 21.28026 ], [ 107.61447, 21.2826 ], [ 107.62051, 21.2807 ], [ 107.61517, 21.28026 ] ] ], [ [ [ 107.54958, 21.28222 ], [ 107.54894, 21.28252 ], [ 107.54939, 21.28258 ], [ 107.54958, 21.28222 ] ] ], [ [ [ 107.68962, 21.29112 ], [ 107.68471, 21.28454 ], [ 107.65233, 21.26562 ], [ 107.67423, 21.28049 ], [ 107.66789, 21.2852 ], [ 107.67337, 21.29035 ], [ 107.67893, 21.28834 ], [ 107.67884, 21.29203 ], [ 107.68291, 21.29063 ], [ 107.68286, 21.29406 ], [ 107.70136, 21.29962 ], [ 107.69848, 21.29336 ], [ 107.68962, 21.29112 ] ] ], [ [ [ 107.62721, 21.28654 ], [ 107.62858, 21.28872 ], [ 107.62982, 21.28486 ], [ 107.62721, 21.28654 ] ] ], [ [ [ 107.58115, 21.28775 ], [ 107.58139, 21.2883 ], [ 107.58417, 21.28642 ], [ 107.58115, 21.28775 ] ] ], [ [ [ 107.58064, 21.28809 ], [ 107.58091, 21.28818 ], [ 107.58113, 21.28794 ], [ 107.58064, 21.28809 ] ] ], [ [ [ 107.58188, 21.28566 ], [ 107.5737, 21.28583 ], [ 107.57312, 21.29005 ], [ 107.57623, 21.28811 ], [ 107.57593, 21.291 ], [ 107.58188, 21.28566 ] ] ], [ [ [ 107.62626, 21.28907 ], [ 107.62569, 21.28974 ], [ 107.6268, 21.29026 ], [ 107.62626, 21.28907 ] ] ], [ [ [ 107.60813, 21.28939 ], [ 107.60647, 21.29049 ], [ 107.60841, 21.29053 ], [ 107.60813, 21.28939 ] ] ], [ [ [ 107.61317, 21.29206 ], [ 107.6129, 21.2902 ], [ 107.61083, 21.29117 ], [ 107.61317, 21.29206 ] ] ], [ [ [ 107.65024, 21.29996 ], [ 107.64802, 21.30191 ], [ 107.64918, 21.30223 ], [ 107.65024, 21.29996 ] ] ], [ [ [ 107.61895, 21.30203 ], [ 107.62122, 21.30284 ], [ 107.62213, 21.302 ], [ 107.62174, 21.30108 ], [ 107.61895, 21.30203 ] ] ], [ [ [ 107.65943, 21.30679 ], [ 107.66413, 21.30445 ], [ 107.65834, 21.30557 ], [ 107.65943, 21.30679 ] ] ], [ [ [ 107.65479, 21.3064 ], [ 107.65533, 21.31019 ], [ 107.65704, 21.30995 ], [ 107.65745, 21.30534 ], [ 107.65479, 21.3064 ] ] ], [ [ [ 107.6347, 21.31156 ], [ 107.63311, 21.31317 ], [ 107.63454, 21.31319 ], [ 107.6347, 21.31156 ] ] ], [ [ [ 107.68876, 21.33018 ], [ 107.68627, 21.33192 ], [ 107.68665, 21.3325 ], [ 107.68876, 21.33018 ] ] ], [ [ [ 107.67406, 21.34179 ], [ 107.67416, 21.34217 ], [ 107.67465, 21.34147 ], [ 107.67406, 21.34179 ] ] ], [ [ [ 107.67514, 21.34398 ], [ 107.67567, 21.34264 ], [ 107.67433, 21.34441 ], [ 107.67514, 21.34398 ] ] ], [ [ [ 107.67799, 21.34312 ], [ 107.67638, 21.34582 ], [ 107.67808, 21.34561 ], [ 107.67799, 21.34312 ] ] ], [ [ [ 107.67446, 21.34477 ], [ 107.67386, 21.34579 ], [ 107.67477, 21.34562 ], [ 107.67446, 21.34477 ] ] ], [ [ [ 107.78735, 20.97694 ], [ 107.79177, 20.97414 ], [ 107.78936, 20.9721 ], [ 107.78413, 20.97387 ], [ 107.78735, 20.97694 ] ] ], [ [ [ 107.78092, 20.97143 ], [ 107.76102, 20.95462 ], [ 107.74999, 20.95467 ], [ 107.7476, 20.94607 ], [ 107.73851, 20.9419 ], [ 107.76163, 20.97135 ], [ 107.74943, 20.98602 ], [ 107.73499, 20.99081 ], [ 107.73719, 20.9971 ], [ 107.73, 21.00217 ], [ 107.73864, 21.01681 ], [ 107.74824, 21.02392 ], [ 107.75541, 21.01489 ], [ 107.76189, 21.01546 ], [ 107.77562, 20.99716 ], [ 107.78593, 20.9907 ], [ 107.78418, 20.98273 ], [ 107.77806, 20.97682 ], [ 107.78092, 20.97143 ] ] ], [ [ [ 107.79988, 20.98311 ], [ 107.80254, 20.98748 ], [ 107.80365, 20.98358 ], [ 107.79988, 20.98311 ] ] ], [ [ [ 107.83933, 21.00803 ], [ 107.83443, 21.00408 ], [ 107.83542, 20.99906 ], [ 107.83047, 20.99985 ], [ 107.82941, 20.99567 ], [ 107.82286, 20.99395 ], [ 107.82044, 20.98711 ], [ 107.8235, 20.98352 ], [ 107.81917, 20.98146 ], [ 107.8128, 20.98339 ], [ 107.81146, 20.97862 ], [ 107.80617, 20.9764 ], [ 107.80407, 20.98028 ], [ 107.80821, 20.98673 ], [ 107.80474, 20.99447 ], [ 107.80939, 21.0006 ], [ 107.80711, 21.00292 ], [ 107.81368, 21.01677 ], [ 107.81968, 21.02023 ], [ 107.82481, 21.03101 ], [ 107.83147, 21.03134 ], [ 107.83798, 21.04391 ], [ 107.84766, 21.03953 ], [ 107.85495, 21.04537 ], [ 107.8609, 21.04252 ], [ 107.86123, 21.03049 ], [ 107.8644, 21.0293 ], [ 107.85383, 21.02212 ], [ 107.85276, 21.01723 ], [ 107.84888, 21.0187 ], [ 107.84226, 21.01103 ], [ 107.83853, 21.01091 ], [ 107.83933, 21.00803 ] ] ], [ [ [ 107.79349, 21.03283 ], [ 107.79572, 21.03608 ], [ 107.79638, 21.03431 ], [ 107.79349, 21.03283 ] ] ], [ [ [ 107.82024, 21.03275 ], [ 107.81941, 21.03717 ], [ 107.82506, 21.0373 ], [ 107.82447, 21.03296 ], [ 107.82024, 21.03275 ] ] ], [ [ [ 107.76308, 21.04317 ], [ 107.77846, 21.05129 ], [ 107.78317, 21.0377 ], [ 107.77015, 21.03112 ], [ 107.76177, 21.03173 ], [ 107.76308, 21.04317 ] ] ], [ [ [ 107.75756, 21.04783 ], [ 107.75226, 21.04741 ], [ 107.75584, 21.05135 ], [ 107.75756, 21.04783 ] ] ], [ [ [ 107.85025, 21.05049 ], [ 107.85219, 21.05267 ], [ 107.85311, 21.05161 ], [ 107.85268, 21.0505 ], [ 107.85025, 21.05049 ] ] ], [ [ [ 107.86186, 21.05329 ], [ 107.86527, 21.06101 ], [ 107.86576, 21.05419 ], [ 107.86186, 21.05329 ] ] ], [ [ [ 107.77345, 21.07463 ], [ 107.77497, 21.07521 ], [ 107.77528, 21.06876 ], [ 107.77215, 21.06644 ], [ 107.76983, 21.06876 ], [ 107.77345, 21.07463 ] ] ], [ [ [ 107.82077, 21.0735 ], [ 107.82159, 21.07459 ], [ 107.82171, 21.0736 ], [ 107.82077, 21.0735 ] ] ], [ [ [ 107.82313, 21.10106 ], [ 107.82707, 21.10374 ], [ 107.82669, 21.10243 ], [ 107.82313, 21.10106 ] ] ], [ [ [ 107.81866, 21.11618 ], [ 107.82089, 21.10963 ], [ 107.80215, 21.10346 ], [ 107.81146, 21.10843 ], [ 107.81171, 21.1135 ], [ 107.81866, 21.11618 ] ] ], [ [ [ 107.79784, 21.12985 ], [ 107.8028, 21.12853 ], [ 107.80012, 21.12862 ], [ 107.79784, 21.12985 ] ] ], [ [ [ 107.85908, 21.12919 ], [ 107.86012, 21.13144 ], [ 107.86019, 21.12883 ], [ 107.85908, 21.12919 ] ] ], [ [ [ 107.80203, 21.13066 ], [ 107.80225, 21.13183 ], [ 107.8029, 21.13121 ], [ 107.80203, 21.13066 ] ] ], [ [ [ 107.79248, 21.12894 ], [ 107.79543, 21.13351 ], [ 107.79739, 21.13472 ], [ 107.79771, 21.13018 ], [ 107.79248, 21.12894 ] ] ], [ [ [ 107.79963, 21.13147 ], [ 107.80074, 21.13294 ], [ 107.8007, 21.13193 ], [ 107.79963, 21.13147 ] ] ], [ [ [ 107.79865, 21.13447 ], [ 107.79951, 21.13721 ], [ 107.80009, 21.13622 ], [ 107.79865, 21.13447 ] ] ], [ [ [ 107.84747, 21.13507 ], [ 107.8462, 21.13991 ], [ 107.84654, 21.14177 ], [ 107.85178, 21.13484 ], [ 107.84747, 21.13507 ] ] ], [ [ [ 107.80033, 21.13824 ], [ 107.80039, 21.13919 ], [ 107.80071, 21.13866 ], [ 107.80033, 21.13824 ] ] ], [ [ [ 107.86688, 21.14087 ], [ 107.864, 21.14714 ], [ 107.87061, 21.14593 ], [ 107.87104, 21.14159 ], [ 107.86688, 21.14087 ] ] ], [ [ [ 107.8414, 21.1473 ], [ 107.84463, 21.1479 ], [ 107.84522, 21.14715 ], [ 107.84421, 21.14647 ], [ 107.8414, 21.1473 ] ] ], [ [ [ 107.85082, 21.15238 ], [ 107.86213, 21.16115 ], [ 107.86437, 21.15909 ], [ 107.85082, 21.15238 ] ] ], [ [ [ 107.86717, 21.16051 ], [ 107.8623, 21.16147 ], [ 107.8644, 21.1639 ], [ 107.8605, 21.1618 ], [ 107.8683, 21.16654 ], [ 107.86717, 21.16051 ] ] ], [ [ [ 108.01742, 21.19502 ], [ 108.02161, 21.19186 ], [ 108.01953, 21.18864 ], [ 108.01048, 21.19082 ], [ 108.01742, 21.19502 ] ] ], [ [ [ 108.00837, 21.20414 ], [ 108.00835, 21.20498 ], [ 108.00987, 21.20507 ], [ 108.00837, 21.20414 ] ] ], [ [ [ 108.0133, 21.2026 ], [ 108.01119, 21.20542 ], [ 108.01158, 21.20696 ], [ 108.01557, 21.2062 ], [ 108.0133, 21.2026 ] ] ], [ [ [ 107.94764, 21.23737 ], [ 107.95792, 21.24542 ], [ 107.97322, 21.24989 ], [ 107.97841, 21.24161 ], [ 107.98181, 21.24145 ], [ 107.97849, 21.23043 ], [ 107.96782, 21.23253 ], [ 107.95611, 21.23017 ], [ 107.95584, 21.23378 ], [ 107.95068, 21.2332 ], [ 107.94764, 21.23737 ] ] ], [ [ [ 107.69473, 21.26969 ], [ 107.69126, 21.26595 ], [ 107.68349, 21.26652 ], [ 107.69136, 21.26726 ], [ 107.69473, 21.26969 ] ] ], [ [ [ 107.70512, 21.27921 ], [ 107.70772, 21.27933 ], [ 107.70195, 21.27548 ], [ 107.70512, 21.27921 ] ] ], [ [ [ 107.79513, 21.29588 ], [ 107.78966, 21.29292 ], [ 107.77587, 21.29398 ], [ 107.75313, 21.28246 ], [ 107.75066, 21.287 ], [ 107.7543, 21.29158 ], [ 107.76598, 21.29576 ], [ 107.79513, 21.29588 ] ] ], [ [ [ 107.77561, 21.32516 ], [ 107.75871, 21.3171 ], [ 107.74995, 21.31206 ], [ 107.74675, 21.30635 ], [ 107.73161, 21.30245 ], [ 107.73523, 21.30665 ], [ 107.73514, 21.30947 ], [ 107.7306, 21.31026 ], [ 107.73245, 21.31228 ], [ 107.71684, 21.30332 ], [ 107.70385, 21.30063 ], [ 107.72726, 21.31225 ], [ 107.74561, 21.32578 ], [ 107.75721, 21.33101 ], [ 107.76731, 21.33152 ], [ 107.76302, 21.32867 ], [ 107.77393, 21.33335 ], [ 107.7682, 21.33172 ], [ 107.7708, 21.3363 ], [ 107.79457, 21.35066 ], [ 107.816, 21.35803 ], [ 107.82308, 21.35319 ], [ 107.8083, 21.34541 ], [ 107.80147, 21.33634 ], [ 107.79826, 21.33797 ], [ 107.7966, 21.33211 ], [ 107.77832, 21.3227 ], [ 107.7749, 21.32291 ], [ 107.77596, 21.32327 ], [ 107.77561, 21.32516 ] ] ], [ [ [ 107.68765, 21.34013 ], [ 107.69038, 21.34219 ], [ 107.68867, 21.33986 ], [ 107.68765, 21.34013 ] ] ], [ [ [ 107.6899, 21.34335 ], [ 107.68915, 21.34366 ], [ 107.69001, 21.34405 ], [ 107.6899, 21.34335 ] ] ], [ [ [ 107.69228, 21.3481 ], [ 107.69125, 21.34859 ], [ 107.69322, 21.34975 ], [ 107.69228, 21.3481 ] ] ], [ [ [ 107.72524, 21.34568 ], [ 107.72363, 21.35016 ], [ 107.72647, 21.3522 ], [ 107.72797, 21.35047 ], [ 107.72524, 21.34568 ] ] ], [ [ [ 107.69007, 21.35147 ], [ 107.69212, 21.35274 ], [ 107.6932, 21.35194 ], [ 107.69263, 21.35068 ], [ 107.69007, 21.35147 ] ] ], [ [ [ 107.72515, 21.3551 ], [ 107.72716, 21.3552 ], [ 107.72693, 21.35405 ], [ 107.72515, 21.3551 ] ] ], [ [ [ 107.74371, 21.36442 ], [ 107.74295, 21.36905 ], [ 107.75572, 21.37274 ], [ 107.76193, 21.36523 ], [ 107.74889, 21.36064 ], [ 107.74371, 21.36442 ] ] ], [ [ [ 107.94828, 21.35667 ], [ 107.93736, 21.35623 ], [ 107.92838, 21.3593 ], [ 107.92778, 21.36222 ], [ 107.91199, 21.3582 ], [ 107.90385, 21.36008 ], [ 107.87963, 21.35674 ], [ 107.84609, 21.33901 ], [ 107.84211, 21.34438 ], [ 107.84956, 21.35757 ], [ 107.85344, 21.35428 ], [ 107.84989, 21.35386 ], [ 107.84623, 21.34725 ], [ 107.86507, 21.3562 ], [ 107.86704, 21.35315 ], [ 107.87716, 21.35796 ], [ 107.87172, 21.36002 ], [ 107.86889, 21.35586 ], [ 107.86533, 21.36057 ], [ 107.86542, 21.35746 ], [ 107.8571, 21.35743 ], [ 107.85471, 21.36009 ], [ 107.85821, 21.36365 ], [ 107.85683, 21.3669 ], [ 107.86421, 21.36611 ], [ 107.86412, 21.36823 ], [ 107.85709, 21.36803 ], [ 107.85683, 21.37146 ], [ 107.85245, 21.37276 ], [ 107.84039, 21.36505 ], [ 107.82799, 21.36426 ], [ 107.84009, 21.3725 ], [ 107.84641, 21.37243 ], [ 107.86322, 21.38091 ], [ 107.86914, 21.37934 ], [ 107.88612, 21.38364 ], [ 107.90417, 21.38023 ], [ 107.96187, 21.39667 ], [ 108.00552, 21.3968 ], [ 107.99964, 21.39433 ], [ 107.99936, 21.38969 ], [ 107.98616, 21.38873 ], [ 107.98682, 21.38556 ], [ 107.96726, 21.37775 ], [ 107.94828, 21.35667 ] ] ], [ [ [ 107.84644, 21.37649 ], [ 107.84969, 21.37602 ], [ 107.84585, 21.37484 ], [ 107.84644, 21.37649 ] ] ], [ [ [ 107.76481, 21.38756 ], [ 107.76913, 21.38975 ], [ 107.76657, 21.38271 ], [ 107.76325, 21.38293 ], [ 107.76099, 21.3876 ], [ 107.76481, 21.38756 ] ] ], [ [ [ 107.86871, 21.40518 ], [ 107.88166, 21.41551 ], [ 107.89174, 21.41452 ], [ 107.88469, 21.40722 ], [ 107.89241, 21.41206 ], [ 107.9089, 21.40982 ], [ 107.90739, 21.40605 ], [ 107.90295, 21.40524 ], [ 107.90651, 21.40521 ], [ 107.90847, 21.39863 ], [ 107.89837, 21.39492 ], [ 107.89821, 21.3986 ], [ 107.89794, 21.39503 ], [ 107.89389, 21.39561 ], [ 107.88683, 21.39951 ], [ 107.88483, 21.40583 ], [ 107.88461, 21.39851 ], [ 107.88108, 21.40335 ], [ 107.87395, 21.39786 ], [ 107.86237, 21.39519 ], [ 107.86871, 21.40518 ] ] ], [ [ [ 107.90913, 21.41567 ], [ 107.90575, 21.41749 ], [ 107.90807, 21.41797 ], [ 107.90913, 21.41567 ] ] ], [ [ [ 107.90143, 21.41719 ], [ 107.89862, 21.41605 ], [ 107.89986, 21.418 ], [ 107.90143, 21.41719 ] ] ], [ [ [ 107.96331, 21.42134 ], [ 107.96371, 21.42274 ], [ 107.96573, 21.42308 ], [ 107.96331, 21.42134 ] ] ], [ [ [ 107.95697, 21.43176 ], [ 107.95958, 21.42864 ], [ 107.96034, 21.4205 ], [ 107.95632, 21.42717 ], [ 107.95697, 21.43176 ] ] ], [ [ [ 107.97285, 21.42681 ], [ 107.97192, 21.42777 ], [ 107.97354, 21.42666 ], [ 107.97285, 21.42681 ] ] ], [ [ [ 107.97211, 21.42816 ], [ 107.97232, 21.42858 ], [ 107.97239, 21.42808 ], [ 107.97211, 21.42816 ] ] ], [ [ [ 107.97196, 21.42884 ], [ 107.97111, 21.42904 ], [ 107.97133, 21.42922 ], [ 107.97196, 21.42884 ] ] ], [ [ [ 107.96111, 21.43008 ], [ 107.96532, 21.42806 ], [ 107.96198, 21.43114 ], [ 107.96132, 21.43413 ], [ 107.96175, 21.43538 ], [ 107.96796, 21.42537 ], [ 107.96208, 21.42741 ], [ 107.96312, 21.42356 ], [ 107.96111, 21.43008 ] ] ], [ [ [ 107.96934, 21.43068 ], [ 107.97039, 21.42956 ], [ 107.97073, 21.42853 ], [ 107.96867, 21.42972 ], [ 107.96934, 21.43068 ] ] ], [ [ [ 107.96855, 21.42997 ], [ 107.96813, 21.43002 ], [ 107.96762, 21.43055 ], [ 107.96855, 21.42997 ] ] ], [ [ [ 107.96864, 21.4307 ], [ 107.96735, 21.43121 ], [ 107.96768, 21.43185 ], [ 107.96864, 21.4307 ] ] ], [ [ [ 107.95587, 21.43357 ], [ 107.95529, 21.43675 ], [ 107.9558, 21.43635 ], [ 107.95587, 21.43357 ] ] ], [ [ [ 107.95771, 21.43275 ], [ 107.95771, 21.4408 ], [ 107.95834, 21.43287 ], [ 107.95771, 21.43275 ] ] ], [ [ [ 107.96544, 21.43717 ], [ 107.96573, 21.44089 ], [ 107.96633, 21.4417 ], [ 107.96774, 21.44071 ], [ 107.96544, 21.43717 ] ] ], [ [ [ 107.96415, 21.44075 ], [ 107.96464, 21.4382 ], [ 107.96301, 21.43838 ], [ 107.96415, 21.44075 ] ] ], [ [ [ 107.95776, 21.44163 ], [ 107.95803, 21.4419 ], [ 107.95821, 21.44184 ], [ 107.95776, 21.44163 ] ] ], [ [ [ 107.96191, 21.4429 ], [ 107.96234, 21.44383 ], [ 107.96264, 21.44328 ], [ 107.96191, 21.4429 ] ] ], [ [ [ 107.96717, 21.44408 ], [ 107.96515, 21.44098 ], [ 107.96676, 21.44587 ], [ 107.96717, 21.44408 ] ] ], [ [ [ 107.98188, 21.4431 ], [ 107.98197, 21.44389 ], [ 107.98215, 21.44365 ], [ 107.98188, 21.4431 ] ] ], [ [ [ 107.77397, 21.44657 ], [ 107.77448, 21.44565 ], [ 107.77239, 21.44482 ], [ 107.77397, 21.44657 ] ] ], [ [ [ 107.78118, 21.44779 ], [ 107.77994, 21.44856 ], [ 107.77949, 21.45028 ], [ 107.78118, 21.44779 ] ] ], [ [ [ 108.03603, 21.50961 ], [ 108.03616, 21.50787 ], [ 108.03475, 21.50969 ], [ 108.03603, 21.50961 ] ] ], [ [ [ 108.05493, 21.51052 ], [ 108.03789, 21.50466 ], [ 108.03834, 21.5133 ], [ 108.03872, 21.51158 ], [ 108.04597, 21.50902 ], [ 108.04586, 21.51217 ], [ 108.05493, 21.51052 ] ] ], [ [ [ 108.04147, 21.51128 ], [ 108.04009, 21.51134 ], [ 108.03938, 21.51227 ], [ 108.04147, 21.51128 ] ] ], [ [ [ 108.03733, 21.54476 ], [ 108.04809, 21.53757 ], [ 108.03841, 21.53978 ], [ 108.03733, 21.54476 ] ] ] ] } },
{ "type": "Feature", "properties": { "NAME_1": "Sóc Trăng", "id": "50", "GID_1": "VNM.51_1", "GID_0": "VNM", "COUNTRY": "Vietnam", "VARNAME_1": "Soc Trang", "NL_NAME_1": "NA", "TYPE_1": "Tỉnh", "ENGTYPE_1": "Province", "CC_1": "NA", "HASC_1": "VN.ST", "ISO_1": "NA" }, "geometry": { "type": "Polygon", "coordinates": [ [ [ 105.81215, 9.33932 ], [ 105.85905, 9.3599 ], [ 105.86048, 9.3646 ], [ 105.85734, 9.3665 ], [ 105.85302, 9.38017 ], [ 105.85712, 9.38402 ], [ 105.84863, 9.38929 ], [ 105.84848, 9.3959 ], [ 105.84255, 9.39967 ], [ 105.84296, 9.40443 ], [ 105.83086, 9.40049 ], [ 105.8354, 9.39916 ], [ 105.83294, 9.39186 ], [ 105.82859, 9.39027 ], [ 105.8209, 9.39398 ], [ 105.8224, 9.38562 ], [ 105.81898, 9.37879 ], [ 105.81352, 9.37674 ], [ 105.81804, 9.37299 ], [ 105.81694, 9.37028 ], [ 105.80962, 9.37119 ], [ 105.80576, 9.37605 ], [ 105.79893, 9.3745 ], [ 105.79321, 9.37718 ], [ 105.79048, 9.38412 ], [ 105.78561, 9.38279 ], [ 105.77651, 9.39402 ], [ 105.78534, 9.40056 ], [ 105.77828, 9.40243 ], [ 105.77194, 9.41138 ], [ 105.76902, 9.40903 ], [ 105.76183, 9.4138 ], [ 105.75768, 9.40961 ], [ 105.75122, 9.41094 ], [ 105.75157, 9.40649 ], [ 105.74561, 9.40601 ], [ 105.74664, 9.40367 ], [ 105.74162, 9.40015 ], [ 105.73701, 9.40164 ], [ 105.73766, 9.39531 ], [ 105.72827, 9.39573 ], [ 105.72369, 9.39028 ], [ 105.71628, 9.39085 ], [ 105.70984, 9.3975 ], [ 105.7051, 9.39644 ], [ 105.70791, 9.39455 ], [ 105.70683, 9.38362 ], [ 105.70544, 9.37779 ], [ 105.70164, 9.37741 ], [ 105.68799, 9.37898 ], [ 105.68364, 9.38458 ], [ 105.67738, 9.38423 ], [ 105.67313, 9.39079 ], [ 105.65612, 9.38476 ], [ 105.64991, 9.38744 ], [ 105.64752, 9.39518 ], [ 105.63667, 9.39614 ], [ 105.64109, 9.40153 ], [ 105.63911, 9.4089 ], [ 105.61956, 9.41529 ], [ 105.61546, 9.40644 ], [ 105.61172, 9.41226 ], [ 105.60216, 9.41693 ], [ 105.60034, 9.42314 ], [ 105.59566, 9.4194 ], [ 105.58762, 9.42363 ], [ 105.58083, 9.41171 ], [ 105.57866, 9.41341 ], [ 105.54531, 9.45063 ], [ 105.54513, 9.48327 ], [ 105.55537, 9.56036 ], [ 105.55494, 9.56768 ], [ 105.54611, 9.58628 ], [ 105.54909, 9.59211 ], [ 105.54695, 9.59673 ], [ 105.55687, 9.59635 ], [ 105.55824, 9.60377 ], [ 105.56239, 9.60638 ], [ 105.56895, 9.60334 ], [ 105.57496, 9.60937 ], [ 105.57589, 9.61506 ], [ 105.5871, 9.61253 ], [ 105.58709, 9.60916 ], [ 105.59492, 9.60295 ], [ 105.59514, 9.608 ], [ 105.60688, 9.62004 ], [ 105.61505, 9.62204 ], [ 105.61733, 9.61537 ], [ 105.63526, 9.61869 ], [ 105.63918, 9.62358 ], [ 105.64642, 9.62549 ], [ 105.64917, 9.63435 ], [ 105.65919, 9.6354 ], [ 105.66724, 9.64191 ], [ 105.66908, 9.63339 ], [ 105.7102, 9.66873 ], [ 105.84338, 9.74881 ], [ 105.84415, 9.7638 ], [ 105.8553, 9.80551 ], [ 105.84853, 9.8072 ], [ 105.85648, 9.84083 ], [ 105.861, 9.85321 ], [ 105.86392, 9.85247 ], [ 105.86954, 9.88033 ], [ 105.87187, 9.88061 ], [ 105.86887, 9.88457 ], [ 105.87222, 9.88986 ], [ 105.86903, 9.89098 ], [ 105.8744, 9.90041 ], [ 105.87186, 9.90181 ], [ 105.87524, 9.90511 ], [ 105.87309, 9.90891 ], [ 105.87553, 9.91601 ], [ 105.88498, 9.92438 ], [ 105.88374, 9.92772 ], [ 105.89121, 9.92943 ], [ 105.89821, 9.93746 ], [ 105.90604, 9.93198 ], [ 105.91922, 9.93146 ], [ 105.96051, 9.90204 ], [ 105.99586, 9.86559 ], [ 106.00519, 9.84666 ], [ 106.02271, 9.82579 ], [ 106.05112, 9.80246 ], [ 106.07166, 9.77596 ], [ 106.1112, 9.7512 ], [ 106.17175, 9.68554 ], [ 106.25043, 9.61532 ], [ 106.29975, 9.58593 ], [ 106.29259, 9.57649 ], [ 106.28758, 9.54621 ], [ 106.26646, 9.50632 ], [ 106.2476, 9.49294 ], [ 106.23822, 9.49156 ], [ 106.2101, 9.47766 ], [ 106.2049, 9.45524 ], [ 106.18155, 9.43637 ], [ 106.17215, 9.42471 ], [ 106.17378, 9.41973 ], [ 106.18679, 9.415 ], [ 106.18687, 9.37912 ], [ 106.17645, 9.36517 ], [ 106.13716, 9.33627 ], [ 106.10817, 9.32751 ], [ 106.10471, 9.32835 ], [ 106.10815, 9.3326 ], [ 106.10477, 9.33579 ], [ 106.09884, 9.33616 ], [ 106.06329, 9.32447 ], [ 106.05997, 9.32084 ], [ 106.01957, 9.3123 ], [ 105.97955, 9.29596 ], [ 105.97601, 9.298 ], [ 105.92213, 9.28203 ], [ 105.82742, 9.24491 ], [ 105.81918, 9.27255 ], [ 105.826, 9.27646 ], [ 105.81215, 9.33932 ] ] ] } },
{ "type": "Feature", "properties": { "NAME_1": "Sông Bé", "id": "8", "GID_1": "VNM.9_1", "GID_0": "VNM", "COUNTRY": "Vietnam", "VARNAME_1": "Binh Duong", "NL_NAME_1": "NA", "TYPE_1": "Tỉnh", "ENGTYPE_1": "Province", "CC_1": "NA", "HASC_1": "VN.BI", "ISO_1": "NA" }, "geometry": { "type": "Polygon", "coordinates": [ [ [ 106.76221, 10.86726 ], [ 106.75176, 10.86337 ], [ 106.746, 10.87173 ], [ 106.75043, 10.87722 ], [ 106.74505, 10.88158 ], [ 106.73421, 10.88052 ], [ 106.73669, 10.88459 ], [ 106.73132, 10.88595 ], [ 106.73244, 10.89064 ], [ 106.72925, 10.88943 ], [ 106.71761, 10.89638 ], [ 106.7131, 10.88989 ], [ 106.71448, 10.88679 ], [ 106.71754, 10.88783 ], [ 106.71796, 10.88085 ], [ 106.71259, 10.87795 ], [ 106.72124, 10.87636 ], [ 106.72353, 10.87185 ], [ 106.71539, 10.87276 ], [ 106.71323, 10.86589 ], [ 106.69987, 10.86843 ], [ 106.68931, 10.88119 ], [ 106.69453, 10.89624 ], [ 106.68489, 10.92114 ], [ 106.68076, 10.92352 ], [ 106.6648, 10.92188 ], [ 106.65043, 10.93392 ], [ 106.65205, 10.95275 ], [ 106.6484, 10.98082 ], [ 106.63692, 10.97761 ], [ 106.62506, 10.98108 ], [ 106.61582, 10.9909 ], [ 106.62102, 11.00188 ], [ 106.62006, 11.00816 ], [ 106.59751, 11.01683 ], [ 106.59557, 11.02998 ], [ 106.60329, 11.03957 ], [ 106.60023, 11.04475 ], [ 106.59618, 11.04575 ], [ 106.59104, 11.03691 ], [ 106.58649, 11.03641 ], [ 106.57266, 11.05463 ], [ 106.56461, 11.04493 ], [ 106.54989, 11.04628 ], [ 106.54626, 11.05213 ], [ 106.53432, 11.05755 ], [ 106.52383, 11.07366 ], [ 106.53413, 11.0902 ], [ 106.53017, 11.09241 ], [ 106.52316, 11.08986 ], [ 106.5162, 11.1008 ], [ 106.52602, 11.10528 ], [ 106.52697, 11.12033 ], [ 106.51531, 11.12634 ], [ 106.50764, 11.14197 ], [ 106.50146, 11.14015 ], [ 106.49146, 11.14451 ], [ 106.47228, 11.14334 ], [ 106.46724, 11.14789 ], [ 106.47095, 11.15525 ], [ 106.46385, 11.16001 ], [ 106.45615, 11.16031 ], [ 106.45146, 11.15348 ], [ 106.45775, 11.15292 ], [ 106.45631, 11.14149 ], [ 106.44578, 11.13583 ], [ 106.43656, 11.14051 ], [ 106.42986, 11.14861 ], [ 106.43712, 11.15814 ], [ 106.43256, 11.17214 ], [ 106.42975, 11.1748 ], [ 106.42564, 11.17044 ], [ 106.41612, 11.17426 ], [ 106.41063, 11.17213 ], [ 106.41072, 11.18359 ], [ 106.40522, 11.18809 ], [ 106.4046, 11.18384 ], [ 106.39867, 11.18151 ], [ 106.38811, 11.18549 ], [ 106.38385, 11.1927 ], [ 106.38926, 11.21239 ], [ 106.38005, 11.21759 ], [ 106.38392, 11.22769 ], [ 106.37852, 11.22919 ], [ 106.37128, 11.24467 ], [ 106.36192, 11.23809 ], [ 106.35133, 11.24863 ], [ 106.36455, 11.26032 ], [ 106.36258, 11.26305 ], [ 106.35887, 11.26086 ], [ 106.35056, 11.26286 ], [ 106.35526, 11.28818 ], [ 106.35273, 11.28596 ], [ 106.34754, 11.28964 ], [ 106.34353, 11.28301 ], [ 106.34105, 11.29365 ], [ 106.34508, 11.29398 ], [ 106.34022, 11.29812 ], [ 106.3381, 11.29622 ], [ 106.34023, 11.29181 ], [ 106.33546, 11.29579 ], [ 106.34462, 11.32313 ], [ 106.33347, 11.33984 ], [ 106.33109, 11.35317 ], [ 106.35069, 11.3767 ], [ 106.37001, 11.44771 ], [ 106.37979, 11.45732 ], [ 106.40929, 11.47033 ], [ 106.42365, 11.49516 ], [ 106.42246, 11.50638 ], [ 106.42875, 11.51577 ], [ 106.42802, 11.53489 ], [ 106.4342, 11.53633 ], [ 106.43611, 11.54197 ], [ 106.44465, 11.54739 ], [ 106.45495, 11.54138 ], [ 106.46116, 11.54611 ], [ 106.4658, 11.54273 ], [ 106.47499, 11.54905 ], [ 106.48006, 11.54673 ], [ 106.48051, 11.55582 ], [ 106.48242, 11.5546 ], [ 106.48251, 11.55996 ], [ 106.49044, 11.57099 ], [ 106.48598, 11.57794 ], [ 106.49072, 11.57979 ], [ 106.48311, 11.59478 ], [ 106.48673, 11.60332 ], [ 106.48161, 11.60983 ], [ 106.47624, 11.61051 ], [ 106.47694, 11.61347 ], [ 106.46944, 11.61391 ], [ 106.46879, 11.61891 ], [ 106.46392, 11.62302 ], [ 106.46615, 11.63248 ], [ 106.46191, 11.63398 ], [ 106.46474, 11.6394 ], [ 106.45858, 11.64518 ], [ 106.45922, 11.65101 ], [ 106.45319, 11.65381 ], [ 106.45534, 11.6576 ], [ 106.44933, 11.66484 ], [ 106.4529, 11.67289 ], [ 106.45355, 11.69044 ], [ 106.43851, 11.70495 ], [ 106.43514, 11.71917 ], [ 106.4318, 11.72052 ], [ 106.42251, 11.73851 ], [ 106.41989, 11.75725 ], [ 106.41591, 11.75949 ], [ 106.41725, 11.7647 ], [ 106.4143, 11.76616 ], [ 106.41811, 11.77019 ], [ 106.41619, 11.77356 ], [ 106.41943, 11.7797 ], [ 106.43407, 11.79957 ], [ 106.43403, 11.80792 ], [ 106.44751, 11.82274 ], [ 106.44416, 11.83353 ], [ 106.44134, 11.83347 ], [ 106.4379, 11.84023 ], [ 106.4417, 11.84284 ], [ 106.43988, 11.85693 ], [ 106.44561, 11.8596 ], [ 106.4467, 11.86617 ], [ 106.45691, 11.86403 ], [ 106.46668, 11.86753 ], [ 106.41186, 11.97356 ], [ 106.43215, 11.97213 ], [ 106.43426, 11.97319 ], [ 106.43248, 11.97773 ], [ 106.44119, 11.98633 ], [ 106.44648, 11.98525 ], [ 106.45448, 11.98882 ], [ 106.46484, 11.9827 ], [ 106.46925, 11.97322 ], [ 106.492, 11.96895 ], [ 106.51004, 11.98012 ], [ 106.51975, 11.98077 ], [ 106.53651, 11.97525 ], [ 106.53181, 11.97427 ], [ 106.52912, 11.97023 ], [ 106.53121, 11.96852 ], [ 106.62699, 11.97452 ], [ 106.63079, 11.97228 ], [ 106.63059, 11.96253 ], [ 106.6358, 11.96114 ], [ 106.63574, 11.96932 ], [ 106.6398, 11.97447 ], [ 106.64341, 11.97468 ], [ 106.64164, 11.96988 ], [ 106.64804, 11.96392 ], [ 106.65006, 11.96649 ], [ 106.6548, 11.96356 ], [ 106.65605, 11.96629 ], [ 106.6597, 11.96527 ], [ 106.64949, 11.9801 ], [ 106.65524, 11.98971 ], [ 106.66607, 11.98385 ], [ 106.67095, 11.97715 ], [ 106.67562, 11.97833 ], [ 106.68339, 11.96498 ], [ 106.69293, 11.96375 ], [ 106.69819, 11.96846 ], [ 106.70372, 11.96649 ], [ 106.7184, 11.97303 ], [ 106.72111, 11.9685 ], [ 106.72082, 11.97611 ], [ 106.7241, 11.97569 ], [ 106.73393, 11.98739 ], [ 106.7408, 12.00113 ], [ 106.74535, 12.00104 ], [ 106.74642, 12.02163 ], [ 106.75239, 12.02197 ], [ 106.75621, 12.02912 ], [ 106.75938, 12.02871 ], [ 106.75701, 12.03298 ], [ 106.76146, 12.0341 ], [ 106.76134, 12.04086 ], [ 106.7696, 12.04437 ], [ 106.76819, 12.0491 ], [ 106.77104, 12.05428 ], [ 106.78217, 12.06597 ], [ 106.78162, 12.0729 ], [ 106.78491, 12.07251 ], [ 106.78629, 12.07654 ], [ 106.79023, 12.07544 ], [ 106.79293, 12.08299 ], [ 106.79922, 12.084 ], [ 106.8049, 12.07965 ], [ 106.81155, 12.07949 ], [ 106.81536, 12.08338 ], [ 106.82371, 12.08307 ], [ 106.83417, 12.07211 ], [ 106.84573, 12.07414 ], [ 106.85471, 12.06638 ], [ 106.86948, 12.0733 ], [ 106.87982, 12.0738 ], [ 106.89706, 12.06609 ], [ 106.91163, 12.06683 ], [ 106.9163, 12.06196 ], [ 106.93935, 12.06879 ], [ 106.94531, 12.06758 ], [ 106.95136, 12.07453 ], [ 107.00335, 12.08935 ], [ 107.01573, 12.10646 ], [ 107.02915, 12.11434 ], [ 107.0371, 12.13081 ], [ 107.04965, 12.13462 ], [ 107.04776, 12.13766 ], [ 107.05003, 12.14255 ], [ 107.05479, 12.14249 ], [ 107.05224, 12.1488 ], [ 107.05504, 12.14784 ], [ 107.05918, 12.15474 ], [ 107.05626, 12.15725 ], [ 107.0591, 12.15759 ], [ 107.05877, 12.16104 ], [ 107.06281, 12.15779 ], [ 107.07398, 12.16402 ], [ 107.07894, 12.16303 ], [ 107.07998, 12.16932 ], [ 107.06962, 12.17774 ], [ 107.07364, 12.17966 ], [ 107.07354, 12.18736 ], [ 107.08047, 12.18438 ], [ 107.08699, 12.1862 ], [ 107.08586, 12.1814 ], [ 107.09274, 12.18125 ], [ 107.09504, 12.19112 ], [ 107.09799, 12.19152 ], [ 107.0969, 12.19808 ], [ 107.10199, 12.20191 ], [ 107.10051, 12.20655 ], [ 107.1106, 12.21451 ], [ 107.1112, 12.21949 ], [ 107.1149, 12.21633 ], [ 107.12082, 12.21942 ], [ 107.12035, 12.22384 ], [ 107.12322, 12.22184 ], [ 107.12631, 12.22702 ], [ 107.12958, 12.22425 ], [ 107.13861, 12.23008 ], [ 107.13946, 12.23728 ], [ 107.13544, 12.23847 ], [ 107.13901, 12.24226 ], [ 107.13655, 12.24321 ], [ 107.14169, 12.24574 ], [ 107.14027, 12.2503 ], [ 107.14544, 12.25025 ], [ 107.1441, 12.25868 ], [ 107.14865, 12.25903 ], [ 107.14526, 12.26353 ], [ 107.1526, 12.2664 ], [ 107.1522, 12.27616 ], [ 107.17494, 12.28052 ], [ 107.18017, 12.28587 ], [ 107.18296, 12.28325 ], [ 107.18501, 12.2901 ], [ 107.19114, 12.29104 ], [ 107.19074, 12.29508 ], [ 107.20359, 12.29806 ], [ 107.20651, 12.2962 ], [ 107.22955, 12.13509 ], [ 107.2217, 12.12593 ], [ 107.22671, 12.12298 ], [ 107.22834, 12.11562 ], [ 107.24012, 12.11437 ], [ 107.23176, 12.09876 ], [ 107.23312, 12.08999 ], [ 107.2294, 12.08616 ], [ 107.23416, 12.04451 ], [ 107.23064, 12.02869 ], [ 107.23363, 12.0278 ], [ 107.23679, 12.03701 ], [ 107.2404, 12.0337 ], [ 107.24265, 12.03915 ], [ 107.24564, 12.0345 ], [ 107.24271, 12.02588 ], [ 107.24956, 12.02606 ], [ 107.25233, 12.021 ], [ 107.26115, 12.02044 ], [ 107.26842, 12.01361 ], [ 107.27072, 12.01731 ], [ 107.27591, 12.01332 ], [ 107.27848, 12.01779 ], [ 107.27999, 12.01279 ], [ 107.28384, 12.0182 ], [ 107.28996, 12.01574 ], [ 107.29169, 12.0216 ], [ 107.29094, 12.01886 ], [ 107.29601, 12.01582 ], [ 107.29404, 12.00957 ], [ 107.30392, 12.01051 ], [ 107.30805, 12.00567 ], [ 107.31367, 12.00821 ], [ 107.32451, 12.0031 ], [ 107.32429, 11.99981 ], [ 107.33202, 11.99464 ], [ 107.35125, 11.96819 ], [ 107.34839, 11.966 ], [ 107.35306, 11.96176 ], [ 107.35245, 11.95387 ], [ 107.3569, 11.95225 ], [ 107.35519, 11.94723 ], [ 107.352, 11.94671 ], [ 107.35684, 11.93984 ], [ 107.35283, 11.93922 ], [ 107.36758, 11.93298 ], [ 107.36953, 11.92796 ], [ 107.38557, 11.91873 ], [ 107.38587, 11.91237 ], [ 107.40137, 11.88938 ], [ 107.40581, 11.86734 ], [ 107.41257, 11.86412 ], [ 107.41862, 11.86543 ], [ 107.42575, 11.8594 ], [ 107.42695, 11.84428 ], [ 107.41924, 11.842 ], [ 107.41641, 11.83707 ], [ 107.41795, 11.83113 ], [ 107.41411, 11.83403 ], [ 107.41357, 11.82655 ], [ 107.40527, 11.81864 ], [ 107.40474, 11.81344 ], [ 107.40961, 11.80691 ], [ 107.40129, 11.79781 ], [ 107.39576, 11.80011 ], [ 107.39611, 11.79619 ], [ 107.39312, 11.79493 ], [ 107.39286, 11.78892 ], [ 107.39723, 11.785 ], [ 107.39516, 11.78088 ], [ 107.39931, 11.77709 ], [ 107.3958, 11.77069 ], [ 107.39124, 11.76664 ], [ 107.38686, 11.77304 ], [ 107.37399, 11.77095 ], [ 107.36528, 11.76615 ], [ 107.36325, 11.7612 ], [ 107.3567, 11.76221 ], [ 107.35301, 11.75274 ], [ 107.33568, 11.74795 ], [ 107.32662, 11.74949 ], [ 107.31525, 11.7404 ], [ 107.30042, 11.73867 ], [ 107.29649, 11.72952 ], [ 107.28971, 11.72976 ], [ 107.28579, 11.72561 ], [ 107.28386, 11.69827 ], [ 107.27855, 11.69217 ], [ 107.28513, 11.68643 ], [ 107.27799, 11.68146 ], [ 107.26658, 11.66231 ], [ 107.26569, 11.65831 ], [ 107.2731, 11.6503 ], [ 107.26874, 11.64323 ], [ 107.27015, 11.63808 ], [ 107.28558, 11.63218 ], [ 107.30443, 11.61752 ], [ 107.30065, 11.60673 ], [ 107.30669, 11.59892 ], [ 107.29747, 11.58373 ], [ 107.30068, 11.57742 ], [ 107.31206, 11.57163 ], [ 107.30989, 11.56816 ], [ 107.30175, 11.57088 ], [ 107.31005, 11.55523 ], [ 107.33273, 11.55416 ], [ 107.33599, 11.54711 ], [ 107.14698, 11.50538 ], [ 107.13079, 11.50049 ], [ 107.12276, 11.49254 ], [ 107.11871, 11.48316 ], [ 107.11253, 11.48037 ], [ 107.09921, 11.48274 ], [ 107.09492, 11.48044 ], [ 107.09434, 11.46861 ], [ 107.08513, 11.46579 ], [ 107.08365, 11.45988 ], [ 107.07705, 11.45811 ], [ 107.07773, 11.45528 ], [ 107.07472, 11.45602 ], [ 107.06794, 11.44932 ], [ 107.06592, 11.44027 ], [ 107.06851, 11.43108 ], [ 107.06602, 11.42826 ], [ 107.07131, 11.42777 ], [ 107.07621, 11.41844 ], [ 107.06797, 11.41198 ], [ 107.06821, 11.40375 ], [ 107.05894, 11.40093 ], [ 107.05628, 11.39676 ], [ 107.05575, 11.39312 ], [ 107.05997, 11.39123 ], [ 107.06165, 11.38585 ], [ 107.05616, 11.38029 ], [ 107.06038, 11.37708 ], [ 107.05393, 11.37646 ], [ 107.05278, 11.3724 ], [ 107.04383, 11.37753 ], [ 107.04085, 11.37619 ], [ 107.04254, 11.3727 ], [ 107.03562, 11.37112 ], [ 107.04173, 11.36723 ], [ 107.0357, 11.36618 ], [ 107.03826, 11.36073 ], [ 107.03275, 11.35534 ], [ 107.02969, 11.35603 ], [ 107.03093, 11.35282 ], [ 107.02525, 11.35498 ], [ 107.02036, 11.34924 ], [ 107.01861, 11.35164 ], [ 107.01558, 11.34767 ], [ 107.01024, 11.34884 ], [ 107.01032, 11.3428 ], [ 107.0131, 11.34375 ], [ 107.01414, 11.34094 ], [ 107.00544, 11.33671 ], [ 107.00337, 11.33846 ], [ 107.00351, 11.33272 ], [ 106.9986, 11.33317 ], [ 107.00063, 11.32888 ], [ 106.99773, 11.33087 ], [ 106.99436, 11.32856 ], [ 106.99603, 11.32624 ], [ 106.99183, 11.32839 ], [ 106.99341, 11.33257 ], [ 106.98569, 11.32903 ], [ 106.98647, 11.33224 ], [ 106.97824, 11.33229 ], [ 106.98158, 11.32471 ], [ 106.98582, 11.32399 ], [ 106.98255, 11.32056 ], [ 106.98576, 11.32025 ], [ 106.98149, 11.31586 ], [ 106.98328, 11.31298 ], [ 106.96733, 11.31832 ], [ 106.96803, 11.31511 ], [ 106.96252, 11.31529 ], [ 106.95748, 11.30996 ], [ 106.96008, 11.30739 ], [ 106.95716, 11.30672 ], [ 106.95789, 11.30181 ], [ 106.95152, 11.3025 ], [ 106.94858, 11.30804 ], [ 106.94606, 11.30599 ], [ 106.94259, 11.30983 ], [ 106.93899, 11.30651 ], [ 106.93633, 11.30904 ], [ 106.93999, 11.30315 ], [ 106.94001, 11.29729 ], [ 106.93739, 11.29646 ], [ 106.94173, 11.2938 ], [ 106.93637, 11.28707 ], [ 106.93327, 11.28742 ], [ 106.93321, 11.27879 ], [ 106.92461, 11.271 ], [ 106.9279, 11.26467 ], [ 106.92377, 11.26428 ], [ 106.92719, 11.26071 ], [ 106.92664, 11.24686 ], [ 106.93164, 11.24477 ], [ 106.91857, 11.2404 ], [ 106.91769, 11.24277 ], [ 106.9111, 11.24157 ], [ 106.91173, 11.23589 ], [ 106.91845, 11.23534 ], [ 106.91359, 11.23245 ], [ 106.91823, 11.22035 ], [ 106.91486, 11.21416 ], [ 106.90234, 11.21081 ], [ 106.90157, 11.20787 ], [ 106.9071, 11.20334 ], [ 106.9066, 11.1927 ], [ 106.91958, 11.19299 ], [ 106.92347, 11.18689 ], [ 106.92816, 11.1898 ], [ 106.93394, 11.18858 ], [ 106.93973, 11.17888 ], [ 106.94573, 11.17671 ], [ 106.94138, 11.16768 ], [ 106.95364, 11.16349 ], [ 106.95593, 11.15273 ], [ 106.96565, 11.14872 ], [ 106.96535, 11.14272 ], [ 106.95446, 11.14149 ], [ 106.95706, 11.13524 ], [ 106.9534, 11.12972 ], [ 106.96583, 11.11003 ], [ 106.95767, 11.10688 ], [ 106.95953, 11.10105 ], [ 106.94723, 11.08992 ], [ 106.94501, 11.07794 ], [ 106.95248, 11.07098 ], [ 106.94643, 11.0579 ], [ 106.94189, 11.05675 ], [ 106.93248, 11.06455 ], [ 106.92249, 11.05611 ], [ 106.92277, 11.04691 ], [ 106.91237, 11.04036 ], [ 106.91096, 11.02559 ], [ 106.90667, 11.02186 ], [ 106.89586, 11.02764 ], [ 106.87268, 11.01983 ], [ 106.85914, 11.03209 ], [ 106.84527, 11.03618 ], [ 106.8386, 11.04153 ], [ 106.82605, 11.06521 ], [ 106.80188, 11.05965 ], [ 106.79864, 11.05649 ], [ 106.80978, 11.04459 ], [ 106.81288, 11.03679 ], [ 106.81152, 11.02882 ], [ 106.7851, 11.01815 ], [ 106.77451, 11.00526 ], [ 106.78165, 10.98705 ], [ 106.79633, 10.97218 ], [ 106.7755, 10.95928 ], [ 106.77139, 10.96526 ], [ 106.7636, 10.9647 ], [ 106.762, 10.96199 ], [ 106.76514, 10.95849 ], [ 106.76273, 10.95333 ], [ 106.77032, 10.95251 ], [ 106.77077, 10.94281 ], [ 106.7793, 10.93708 ], [ 106.78316, 10.93806 ], [ 106.78387, 10.93299 ], [ 106.79058, 10.93222 ], [ 106.79223, 10.92818 ], [ 106.78825, 10.92213 ], [ 106.79411, 10.92368 ], [ 106.80903, 10.91981 ], [ 106.81624, 10.90284 ], [ 106.83192, 10.90674 ], [ 106.84024, 10.89893 ], [ 106.82508, 10.89381 ], [ 106.82492, 10.88822 ], [ 106.81934, 10.88592 ], [ 106.80857, 10.87303 ], [ 106.80524, 10.87505 ], [ 106.78893, 10.87195 ], [ 106.78776, 10.86721 ], [ 106.77995, 10.86839 ], [ 106.78053, 10.8815 ], [ 106.76843, 10.8936 ], [ 106.76053, 10.88125 ], [ 106.76221, 10.86726 ] ], [ [ 106.93922, 11.31012 ], [ 106.938583859966414, 11.311074210050386 ], [ 106.93633, 11.30904 ], [ 106.93922, 11.31012 ] ], [ [ 106.445987017537817, 11.499281681645867 ], [ 106.4342, 11.50068 ], [ 106.432273425893854, 11.499671972600384 ], [ 106.445987017537817, 11.499281681645867 ] ], [ [ 106.86515, 11.31081 ], [ 106.86654, 11.31349 ], [ 106.865832549843134, 11.313574326864689 ], [ 106.86515, 11.31081 ] ], [ [ 106.90266, 11.34194 ], [ 106.90743, 11.35315 ], [ 106.901013533474071, 11.341822052776534 ], [ 106.90266, 11.34194 ] ], [ [ 106.924284793458483, 11.354717558266898 ], [ 106.91775, 11.35606 ], [ 106.914023132004033, 11.355009109896486 ], [ 106.924284793458483, 11.354717558266898 ] ], [ [ 106.942294817321169, 11.348524588972586 ], [ 106.93985, 11.35152 ], [ 106.936852739589355, 11.352135726799292 ], [ 106.942294817321169, 11.348524588972586 ] ], [ [ 106.940055670952532, 11.31240258570142 ], [ 106.94144, 11.31244 ], [ 106.95244, 11.32358 ], [ 106.940055670952532, 11.31240258570142 ] ] ] } },
{ "type": "Feature", "properties": { "NAME_1": "Sơn La", "id": "51", "GID_1": "VNM.52_1", "GID_0": "VNM", "COUNTRY": "Vietnam", "VARNAME_1": "Son La", "NL_NAME_1": "NA", "TYPE_1": "Tỉnh", "ENGTYPE_1": "Province", "CC_1": "NA", "HASC_1": "VN.SL", "ISO_1": "NA" }, "geometry": { "type": "Polygon", "coordinates": [ [ [ 104.64008, 20.66501 ], [ 104.63596, 20.67291 ], [ 104.63115, 20.67421 ], [ 104.60254, 20.67303 ], [ 104.59209, 20.67564 ], [ 104.58481, 20.68231 ], [ 104.58672, 20.69507 ], [ 104.58136, 20.70332 ], [ 104.56491, 20.71748 ], [ 104.55296, 20.72205 ], [ 104.5413, 20.71476 ], [ 104.53399, 20.71587 ], [ 104.52876, 20.71239 ], [ 104.52573, 20.70296 ], [ 104.5204, 20.70095 ], [ 104.50856, 20.71062 ], [ 104.51138, 20.71585 ], [ 104.50019, 20.71322 ], [ 104.49629, 20.71507 ], [ 104.48861, 20.72828 ], [ 104.48907, 20.74531 ], [ 104.48416, 20.75393 ], [ 104.48376, 20.7683 ], [ 104.471, 20.77373 ], [ 104.46852, 20.77981 ], [ 104.45853, 20.77818 ], [ 104.45213, 20.78179 ], [ 104.44746, 20.7995 ], [ 104.43077, 20.79756 ], [ 104.42805, 20.79211 ], [ 104.41962, 20.79578 ], [ 104.39445, 20.82241 ], [ 104.37983, 20.82927 ], [ 104.37883, 20.82071 ], [ 104.37361, 20.8223 ], [ 104.36304, 20.83535 ], [ 104.35709, 20.83961 ], [ 104.35355, 20.83868 ], [ 104.35258, 20.84337 ], [ 104.34852, 20.84415 ], [ 104.3482, 20.85048 ], [ 104.34098, 20.85097 ], [ 104.33707, 20.86037 ], [ 104.33163, 20.85609 ], [ 104.32773, 20.85758 ], [ 104.33507, 20.87134 ], [ 104.33302, 20.88187 ], [ 104.31299, 20.90164 ], [ 104.31348, 20.90441 ], [ 104.30297, 20.91043 ], [ 104.29732, 20.90951 ], [ 104.29334, 20.91374 ], [ 104.29573, 20.9189 ], [ 104.29197, 20.92476 ], [ 104.28076, 20.92804 ], [ 104.27557, 20.92186 ], [ 104.26271, 20.91824 ], [ 104.26055, 20.9122 ], [ 104.26389, 20.9091 ], [ 104.25936, 20.90071 ], [ 104.25256, 20.90063 ], [ 104.23975, 20.90989 ], [ 104.24039, 20.91954 ], [ 104.23604, 20.92029 ], [ 104.24103, 20.92327 ], [ 104.24319, 20.93327 ], [ 104.23111, 20.93583 ], [ 104.22931, 20.93987 ], [ 104.21429, 20.93936 ], [ 104.21391, 20.94352 ], [ 104.20438, 20.94751 ], [ 104.19422, 20.94771 ], [ 104.19054, 20.95385 ], [ 104.19236, 20.95624 ], [ 104.18913, 20.95831 ], [ 104.17978, 20.95557 ], [ 104.15785, 20.9566 ], [ 104.13767, 20.94896 ], [ 104.13129, 20.94929 ], [ 104.12058, 20.97222 ], [ 104.11385, 20.97294 ], [ 104.10561, 20.97872 ], [ 104.09167, 20.96562 ], [ 104.07986, 20.96036 ], [ 104.07318, 20.96229 ], [ 104.0657, 20.95553 ], [ 104.05186, 20.95168 ], [ 104.05738, 20.94271 ], [ 104.04803, 20.92886 ], [ 104.04986, 20.91592 ], [ 104.03131, 20.90378 ], [ 104.021, 20.90665 ], [ 103.99655, 20.90569 ], [ 103.99225, 20.91103 ], [ 103.97976, 20.91092 ], [ 103.97519, 20.9147 ], [ 103.959, 20.89834 ], [ 103.94505, 20.89556 ], [ 103.93836, 20.90384 ], [ 103.91821, 20.90191 ], [ 103.89929, 20.906 ], [ 103.89135, 20.89843 ], [ 103.88523, 20.89756 ], [ 103.88078, 20.89048 ], [ 103.85904, 20.87247 ], [ 103.85233, 20.86155 ], [ 103.84093, 20.866 ], [ 103.83395, 20.87273 ], [ 103.81242, 20.86574 ], [ 103.81425, 20.85541 ], [ 103.80531, 20.85419 ], [ 103.80021, 20.84944 ], [ 103.8045, 20.8459 ], [ 103.8095, 20.82906 ], [ 103.80767, 20.82297 ], [ 103.79585, 20.81921 ], [ 103.77959, 20.80337 ], [ 103.78085, 20.79076 ], [ 103.79015, 20.78075 ], [ 103.78244, 20.76735 ], [ 103.79107, 20.7502 ], [ 103.77114, 20.73494 ], [ 103.76424, 20.73925 ], [ 103.75702, 20.73543 ], [ 103.75674, 20.73238 ], [ 103.73372, 20.73456 ], [ 103.729, 20.72019 ], [ 103.73558, 20.71104 ], [ 103.73466, 20.69284 ], [ 103.742, 20.68699 ], [ 103.74493, 20.67799 ], [ 103.73691, 20.6741 ], [ 103.73582, 20.6688 ], [ 103.72433, 20.66572 ], [ 103.71487, 20.66909 ], [ 103.69519, 20.66235 ], [ 103.68179, 20.66227 ], [ 103.67445, 20.66868 ], [ 103.67202, 20.67733 ], [ 103.67407, 20.68362 ], [ 103.66996, 20.68822 ], [ 103.66704, 20.70073 ], [ 103.65694, 20.69645 ], [ 103.64793, 20.70098 ], [ 103.63908, 20.71369 ], [ 103.63795, 20.72027 ], [ 103.60951, 20.73121 ], [ 103.60031, 20.74497 ], [ 103.59282, 20.745 ], [ 103.58324, 20.74987 ], [ 103.57477, 20.74651 ], [ 103.56215, 20.75034 ], [ 103.55205, 20.74508 ], [ 103.53731, 20.75463 ], [ 103.52354, 20.74974 ], [ 103.50749, 20.75543 ], [ 103.50143, 20.76596 ], [ 103.50138, 20.77359 ], [ 103.4819, 20.79536 ], [ 103.48465, 20.81061 ], [ 103.46818, 20.82309 ], [ 103.46729, 20.82726 ], [ 103.45105, 20.82157 ], [ 103.44405, 20.81187 ], [ 103.43801, 20.7943 ], [ 103.43259, 20.79786 ], [ 103.42172, 20.79545 ], [ 103.4128, 20.79746 ], [ 103.40693, 20.78813 ], [ 103.39986, 20.78401 ], [ 103.38297, 20.78764 ], [ 103.36458, 20.8079 ], [ 103.35023, 20.80348 ], [ 103.32225, 20.8192 ], [ 103.29947, 20.82279 ], [ 103.29832, 20.83015 ], [ 103.2906, 20.83843 ], [ 103.26701, 20.82332 ], [ 103.25822, 20.82486 ], [ 103.24319, 20.83526 ], [ 103.23691, 20.83406 ], [ 103.23212, 20.83776 ], [ 103.23392, 20.84121 ], [ 103.22755, 20.84328 ], [ 103.2255, 20.85165 ], [ 103.23522, 20.87372 ], [ 103.22367, 20.88618 ], [ 103.21313, 20.89095 ], [ 103.2209, 20.8955 ], [ 103.24572, 20.89204 ], [ 103.27328, 20.90237 ], [ 103.28178, 20.89621 ], [ 103.2811, 20.90083 ], [ 103.28975, 20.90804 ], [ 103.27837, 20.92043 ], [ 103.27727, 20.93794 ], [ 103.28936, 20.94757 ], [ 103.3024, 20.94548 ], [ 103.29778, 20.95581 ], [ 103.29942, 20.97029 ], [ 103.29406, 20.97637 ], [ 103.28983, 20.99483 ], [ 103.28336, 20.99744 ], [ 103.28488, 20.99998 ], [ 103.28104, 20.9991 ], [ 103.27971, 21.00377 ], [ 103.28513, 21.00499 ], [ 103.28665, 21.01186 ], [ 103.28336, 21.01414 ], [ 103.29214, 21.01722 ], [ 103.28889, 21.02121 ], [ 103.29195, 21.0248 ], [ 103.28673, 21.02618 ], [ 103.28893, 21.02748 ], [ 103.28493, 21.0298 ], [ 103.28624, 21.03517 ], [ 103.27591, 21.0445 ], [ 103.27749, 21.05096 ], [ 103.27389, 21.05239 ], [ 103.27863, 21.05901 ], [ 103.27568, 21.06267 ], [ 103.28107, 21.06057 ], [ 103.28204, 21.06601 ], [ 103.28943, 21.06141 ], [ 103.29999, 21.05931 ], [ 103.3019, 21.06152 ], [ 103.29339, 21.07526 ], [ 103.2878, 21.07797 ], [ 103.29278, 21.08402 ], [ 103.28648, 21.0933 ], [ 103.29473, 21.09852 ], [ 103.30936, 21.09617 ], [ 103.31285, 21.09272 ], [ 103.31738, 21.09582 ], [ 103.33391, 21.09184 ], [ 103.35856, 21.07205 ], [ 103.36578, 21.07102 ], [ 103.37153, 21.06235 ], [ 103.3921, 21.06364 ], [ 103.40219, 21.06006 ], [ 103.42212, 21.06495 ], [ 103.4251, 21.06894 ], [ 103.40873, 21.08745 ], [ 103.40208, 21.10515 ], [ 103.40063, 21.12993 ], [ 103.39529, 21.14817 ], [ 103.41503, 21.16891 ], [ 103.4281, 21.16304 ], [ 103.43384, 21.16907 ], [ 103.43813, 21.19166 ], [ 103.43262, 21.20827 ], [ 103.43491, 21.22053 ], [ 103.43161, 21.22421 ], [ 103.43661, 21.24134 ], [ 103.43082, 21.25194 ], [ 103.43931, 21.26375 ], [ 103.4412, 21.28237 ], [ 103.43275, 21.31071 ], [ 103.41502, 21.31943 ], [ 103.39737, 21.31728 ], [ 103.38142, 21.32853 ], [ 103.36975, 21.33155 ], [ 103.37161, 21.34068 ], [ 103.38803, 21.36048 ], [ 103.38837, 21.36758 ], [ 103.36258, 21.37185 ], [ 103.3586, 21.38828 ], [ 103.345, 21.3996 ], [ 103.34018, 21.39987 ], [ 103.33694, 21.4107 ], [ 103.33108, 21.41543 ], [ 103.33771, 21.41759 ], [ 103.34297, 21.42881 ], [ 103.35403, 21.42469 ], [ 103.36617, 21.42907 ], [ 103.37627, 21.42793 ], [ 103.37965, 21.43001 ], [ 103.3781, 21.43597 ], [ 103.38573, 21.43376 ], [ 103.39186, 21.43679 ], [ 103.41784, 21.42664 ], [ 103.42359, 21.43088 ], [ 103.4409, 21.43118 ], [ 103.4491, 21.43827 ], [ 103.44644, 21.44313 ], [ 103.4568, 21.45765 ], [ 103.45422, 21.4802 ], [ 103.44786, 21.48704 ], [ 103.45114, 21.49168 ], [ 103.45166, 21.50183 ], [ 103.46192, 21.51224 ], [ 103.45951, 21.51789 ], [ 103.46358, 21.51967 ], [ 103.47062, 21.51678 ], [ 103.47419, 21.52054 ], [ 103.48489, 21.5207 ], [ 103.4891, 21.52715 ], [ 103.50309, 21.53366 ], [ 103.51714, 21.5328 ], [ 103.52252, 21.54297 ], [ 103.51921, 21.56499 ], [ 103.53407, 21.56865 ], [ 103.53056, 21.58673 ], [ 103.53465, 21.59095 ], [ 103.53778, 21.5901 ], [ 103.53952, 21.60092 ], [ 103.54788, 21.60234 ], [ 103.55549, 21.61741 ], [ 103.55402, 21.62078 ], [ 103.55989, 21.62664 ], [ 103.5508, 21.63264 ], [ 103.55098, 21.63819 ], [ 103.54503, 21.63991 ], [ 103.54165, 21.64564 ], [ 103.55706, 21.65597 ], [ 103.56047, 21.66758 ], [ 103.56699, 21.67214 ], [ 103.56789, 21.67781 ], [ 103.57649, 21.68329 ], [ 103.58415, 21.68521 ], [ 103.59446, 21.67463 ], [ 103.59857, 21.68167 ], [ 103.59351, 21.69304 ], [ 103.58524, 21.7018 ], [ 103.58604, 21.70739 ], [ 103.57079, 21.73653 ], [ 103.57259, 21.73956 ], [ 103.56139, 21.74927 ], [ 103.55843, 21.76208 ], [ 103.54111, 21.77742 ], [ 103.54748, 21.79954 ], [ 103.53638, 21.81418 ], [ 103.54211, 21.82128 ], [ 103.53853, 21.82951 ], [ 103.5295, 21.83319 ], [ 103.53005, 21.84214 ], [ 103.52357, 21.85289 ], [ 103.52232, 21.86146 ], [ 103.50677, 21.8728 ], [ 103.4948, 21.87522 ], [ 103.48787, 21.88423 ], [ 103.48954, 21.88972 ], [ 103.48281, 21.89499 ], [ 103.48667, 21.90336 ], [ 103.47955, 21.90866 ], [ 103.48004, 21.91579 ], [ 103.48431, 21.92106 ], [ 103.48341, 21.92954 ], [ 103.48892, 21.93299 ], [ 103.48491, 21.93406 ], [ 103.4845, 21.93832 ], [ 103.49844, 21.94456 ], [ 103.50037, 21.95255 ], [ 103.50548, 21.95521 ], [ 103.50256, 21.96589 ], [ 103.49685, 21.96976 ], [ 103.50119, 21.98055 ], [ 103.50809, 21.98301 ], [ 103.51346, 21.99112 ], [ 103.51134, 21.99772 ], [ 103.51385, 22.00546 ], [ 103.5106, 22.01028 ], [ 103.525, 22.02476 ], [ 103.54569, 22.03071 ], [ 103.55386, 22.02379 ], [ 103.56171, 22.02438 ], [ 103.57021, 22.01947 ], [ 103.60757, 22.01205 ], [ 103.61333, 22.0016 ], [ 103.63409, 21.98985 ], [ 103.64458, 21.99444 ], [ 103.6517, 21.99286 ], [ 103.65212, 21.98528 ], [ 103.65785, 21.98175 ], [ 103.66169, 21.97294 ], [ 103.65945, 21.96632 ], [ 103.66565, 21.95074 ], [ 103.68871, 21.94068 ], [ 103.68993, 21.93182 ], [ 103.68334, 21.92073 ], [ 103.70388, 21.90644 ], [ 103.70638, 21.9011 ], [ 103.70513, 21.88431 ], [ 103.71555, 21.88562 ], [ 103.71628, 21.87993 ], [ 103.72298, 21.87881 ], [ 103.72125, 21.87072 ], [ 103.70843, 21.85376 ], [ 103.70615, 21.84291 ], [ 103.6964, 21.83785 ], [ 103.69427, 21.83091 ], [ 103.69733, 21.82448 ], [ 103.71104, 21.82195 ], [ 103.71559, 21.81274 ], [ 103.72235, 21.81057 ], [ 103.72421, 21.80634 ], [ 103.74167, 21.8101 ], [ 103.76001, 21.80789 ], [ 103.75346, 21.78823 ], [ 103.75437, 21.77956 ], [ 103.77908, 21.77858 ], [ 103.78323, 21.76291 ], [ 103.79016, 21.76293 ], [ 103.80744, 21.73704 ], [ 103.81409, 21.74026 ], [ 103.82603, 21.73511 ], [ 103.83322, 21.74383 ], [ 103.83692, 21.73789 ], [ 103.83279, 21.72939 ], [ 103.8381, 21.71676 ], [ 103.83782, 21.7065 ], [ 103.84199, 21.70135 ], [ 103.84905, 21.7012 ], [ 103.85336, 21.68941 ], [ 103.86129, 21.69283 ], [ 103.86452, 21.68869 ], [ 103.87826, 21.68588 ], [ 103.88126, 21.68799 ], [ 103.88243, 21.70885 ], [ 103.88979, 21.70151 ], [ 103.90525, 21.6948 ], [ 103.91789, 21.69684 ], [ 103.92207, 21.70065 ], [ 103.93129, 21.69565 ], [ 103.93809, 21.69059 ], [ 103.9373, 21.66983 ], [ 103.96545, 21.66892 ], [ 103.96815, 21.66379 ], [ 103.98455, 21.67833 ], [ 103.98749, 21.67397 ], [ 103.99593, 21.67573 ], [ 104.00533, 21.67281 ], [ 104.00706, 21.66575 ], [ 104.01504, 21.67076 ], [ 104.02089, 21.66859 ], [ 104.02766, 21.67217 ], [ 104.04878, 21.65765 ], [ 104.08018, 21.64947 ], [ 104.08771, 21.64288 ], [ 104.10128, 21.64737 ], [ 104.11818, 21.64732 ], [ 104.12352, 21.6514 ], [ 104.13972, 21.65441 ], [ 104.15997, 21.65574 ], [ 104.17419, 21.64874 ], [ 104.19648, 21.64801 ], [ 104.21088, 21.66404 ], [ 104.21187, 21.67135 ], [ 104.23199, 21.67306 ], [ 104.25423, 21.67104 ], [ 104.25587, 21.66601 ], [ 104.26075, 21.66365 ], [ 104.2722, 21.6651 ], [ 104.28791, 21.6615 ], [ 104.29678, 21.65297 ], [ 104.316, 21.65667 ], [ 104.33888, 21.65313 ], [ 104.33965, 21.6417 ], [ 104.33049, 21.63788 ], [ 104.3195, 21.62016 ], [ 104.29939, 21.60427 ], [ 104.28786, 21.59994 ], [ 104.29151, 21.59561 ], [ 104.29781, 21.57129 ], [ 104.288, 21.56826 ], [ 104.27696, 21.55122 ], [ 104.28255, 21.5372 ], [ 104.29276, 21.52631 ], [ 104.29509, 21.51039 ], [ 104.28412, 21.49156 ], [ 104.28198, 21.47207 ], [ 104.28702, 21.4637 ], [ 104.30044, 21.45758 ], [ 104.30209, 21.45253 ], [ 104.29857, 21.43902 ], [ 104.30362, 21.43383 ], [ 104.31905, 21.42877 ], [ 104.32274, 21.41872 ], [ 104.33203, 21.40811 ], [ 104.34054, 21.40933 ], [ 104.34361, 21.41766 ], [ 104.34777, 21.41835 ], [ 104.35381, 21.41504 ], [ 104.36263, 21.40231 ], [ 104.36991, 21.39865 ], [ 104.38239, 21.40252 ], [ 104.39272, 21.39901 ], [ 104.39703, 21.39239 ], [ 104.41226, 21.38662 ], [ 104.41814, 21.38019 ], [ 104.42078, 21.35999 ], [ 104.42986, 21.35454 ], [ 104.444, 21.35756 ], [ 104.46654, 21.35159 ], [ 104.47709, 21.35332 ], [ 104.48723, 21.36764 ], [ 104.50446, 21.37677 ], [ 104.52895, 21.41305 ], [ 104.54103, 21.41387 ], [ 104.55025, 21.40961 ], [ 104.56176, 21.40947 ], [ 104.57016, 21.41288 ], [ 104.57887, 21.40883 ], [ 104.58385, 21.42027 ], [ 104.59061, 21.4226 ], [ 104.60674, 21.41588 ], [ 104.61555, 21.40205 ], [ 104.62036, 21.40153 ], [ 104.64476, 21.38342 ], [ 104.65228, 21.38476 ], [ 104.67113, 21.37598 ], [ 104.68557, 21.37709 ], [ 104.69012, 21.40075 ], [ 104.69732, 21.40017 ], [ 104.70313, 21.40586 ], [ 104.71036, 21.39972 ], [ 104.72443, 21.40057 ], [ 104.73447, 21.40573 ], [ 104.73451, 21.38148 ], [ 104.74393, 21.36836 ], [ 104.74797, 21.36779 ], [ 104.74878, 21.35249 ], [ 104.75723, 21.35294 ], [ 104.75716, 21.34786 ], [ 104.76817, 21.34677 ], [ 104.76961, 21.32937 ], [ 104.77909, 21.32604 ], [ 104.79463, 21.33516 ], [ 104.80219, 21.33069 ], [ 104.81364, 21.33349 ], [ 104.81651, 21.32435 ], [ 104.8237, 21.31803 ], [ 104.84296, 21.31063 ], [ 104.84313, 21.27344 ], [ 104.84031, 21.26486 ], [ 104.84957, 21.25816 ], [ 104.84895, 21.24974 ], [ 104.85543, 21.23389 ], [ 104.84874, 21.23403 ], [ 104.84415, 21.22632 ], [ 104.85297, 21.22349 ], [ 104.86434, 21.21026 ], [ 104.85796, 21.18875 ], [ 104.85098, 21.17978 ], [ 104.85938, 21.17348 ], [ 104.85273, 21.15286 ], [ 104.86137, 21.1454 ], [ 104.87101, 21.14478 ], [ 104.87175, 21.14032 ], [ 104.88126, 21.13421 ], [ 104.89728, 21.12988 ], [ 104.89887, 21.12415 ], [ 104.91232, 21.11808 ], [ 104.91324, 21.11248 ], [ 104.90637, 21.11258 ], [ 104.87668, 21.09871 ], [ 104.87144, 21.09254 ], [ 104.87294, 21.085 ], [ 104.86789, 21.07591 ], [ 104.85729, 21.07898 ], [ 104.85304, 21.0765 ], [ 104.8588, 21.05292 ], [ 104.86765, 21.03073 ], [ 104.88143, 21.02204 ], [ 104.89034, 21.00961 ], [ 104.8961, 20.98892 ], [ 104.90304, 20.97823 ], [ 104.92313, 20.96357 ], [ 104.93947, 20.93219 ], [ 104.95147, 20.92589 ], [ 104.96341, 20.91302 ], [ 104.97574, 20.90913 ], [ 104.98061, 20.88951 ], [ 104.99087, 20.87731 ], [ 104.99045, 20.87081 ], [ 105.00086, 20.85711 ], [ 104.9976, 20.8467 ], [ 105.00689, 20.84439 ], [ 104.99776, 20.81438 ], [ 105.0253, 20.80226 ], [ 105.01241, 20.78534 ], [ 105.00546, 20.78905 ], [ 105.00574, 20.78226 ], [ 104.99106, 20.75432 ], [ 104.99309, 20.75067 ], [ 104.9989, 20.75056 ], [ 105.01351, 20.7406 ], [ 105.01375, 20.73194 ], [ 105.0183, 20.72763 ], [ 104.98558, 20.72246 ], [ 104.95201, 20.74079 ], [ 104.94578, 20.73649 ], [ 104.93829, 20.74495 ], [ 104.92379, 20.74332 ], [ 104.91739, 20.75148 ], [ 104.91085, 20.755 ], [ 104.90647, 20.75328 ], [ 104.89719, 20.75775 ], [ 104.89488, 20.76322 ], [ 104.89085, 20.76145 ], [ 104.88223, 20.76759 ], [ 104.87513, 20.7676 ], [ 104.85899, 20.75424 ], [ 104.84257, 20.75161 ], [ 104.8383, 20.74801 ], [ 104.83644, 20.73428 ], [ 104.84485, 20.7312 ], [ 104.83871, 20.71901 ], [ 104.84104, 20.71082 ], [ 104.84938, 20.70293 ], [ 104.83691, 20.69767 ], [ 104.84158, 20.68578 ], [ 104.83719, 20.66059 ], [ 104.84663, 20.65215 ], [ 104.82005, 20.63941 ], [ 104.81271, 20.62992 ], [ 104.80959, 20.63335 ], [ 104.80665, 20.63004 ], [ 104.80394, 20.62112 ], [ 104.79617, 20.61755 ], [ 104.80035, 20.60495 ], [ 104.80071, 20.5849 ], [ 104.78094, 20.58371 ], [ 104.78006, 20.5763 ], [ 104.77204, 20.5752 ], [ 104.7663, 20.583 ], [ 104.76089, 20.58498 ], [ 104.75296, 20.5775 ], [ 104.7415, 20.57483 ], [ 104.72758, 20.58898 ], [ 104.7225, 20.59764 ], [ 104.72314, 20.60404 ], [ 104.71542, 20.60633 ], [ 104.70825, 20.60376 ], [ 104.69607, 20.60508 ], [ 104.69348, 20.59808 ], [ 104.68409, 20.59695 ], [ 104.68514, 20.61151 ], [ 104.6714, 20.6234 ], [ 104.6624, 20.62459 ], [ 104.65596, 20.63746 ], [ 104.63975, 20.65347 ], [ 104.64008, 20.66501 ] ] ] } },
{ "type": "Feature", "properties": { "NAME_1": "Thanh Hóa", "id": "55", "GID_1": "VNM.57_1", "GID_0": "VNM", "COUNTRY": "Vietnam", "VARNAME_1": "Thanh Hoa", "NL_NAME_1": "NA", "TYPE_1": "Tỉnh", "ENGTYPE_1": "Province", "CC_1": "NA", "HASC_1": "VN.TH", "ISO_1": "NA" }, "geometry": { "type": "MultiPolygon", "coordinates": [ [ [ [ 105.82358, 19.34228 ], [ 105.82615, 19.33815 ], [ 105.82391, 19.324 ], [ 105.82803, 19.31481 ], [ 105.82688, 19.30422 ], [ 105.8207, 19.30569 ], [ 105.8204, 19.31546 ], [ 105.81448, 19.33014 ], [ 105.81594, 19.33733 ], [ 105.82198, 19.33587 ], [ 105.82358, 19.34228 ] ] ], [ [ [ 105.89753, 19.32489 ], [ 105.89832, 19.32496 ], [ 105.89791, 19.32418 ], [ 105.89753, 19.32489 ] ] ], [ [ [ 105.89895, 19.32558 ], [ 105.89861, 19.32608 ], [ 105.89945, 19.32554 ], [ 105.89895, 19.32558 ] ] ], [ [ [ 105.89146, 19.33483 ], [ 105.89016, 19.33445 ], [ 105.88967, 19.33498 ], [ 105.89146, 19.33483 ] ] ], [ [ [ 105.89085, 19.3373 ], [ 105.89166, 19.33562 ], [ 105.8909, 19.33606 ], [ 105.89085, 19.3373 ] ] ], [ [ [ 105.89893, 19.3487 ], [ 105.90555, 19.34112 ], [ 105.90066, 19.34288 ], [ 105.89893, 19.3487 ] ] ], [ [ [ 105.87813, 19.35129 ], [ 105.87812, 19.3542 ], [ 105.879, 19.35264 ], [ 105.87813, 19.35129 ] ] ], [ [ [ 105.87639, 19.35656 ], [ 105.87692, 19.35655 ], [ 105.87792, 19.35609 ], [ 105.87639, 19.35656 ] ] ], [ [ [ 105.87439, 19.35811 ], [ 105.87419, 19.35612 ], [ 105.87188, 19.3573 ], [ 105.87439, 19.35811 ] ] ], [ [ [ 105.87746, 19.35774 ], [ 105.87736, 19.35685 ], [ 105.87674, 19.35822 ], [ 105.87746, 19.35774 ] ] ], [ [ [ 105.62785, 19.38094 ], [ 105.62031, 19.38255 ], [ 105.60942, 19.36855 ], [ 105.59021, 19.37085 ], [ 105.58155, 19.38202 ], [ 105.58218, 19.39111 ], [ 105.56658, 19.40315 ], [ 105.54419, 19.43351 ], [ 105.53915, 19.45495 ], [ 105.52462, 19.46432 ], [ 105.51812, 19.46149 ], [ 105.51336, 19.46369 ], [ 105.50043, 19.46181 ], [ 105.49252, 19.45632 ], [ 105.49181, 19.45116 ], [ 105.48506, 19.44956 ], [ 105.47852, 19.4498 ], [ 105.46925, 19.45566 ], [ 105.4627, 19.45378 ], [ 105.45374, 19.44341 ], [ 105.44642, 19.44088 ], [ 105.43543, 19.45413 ], [ 105.418, 19.45576 ], [ 105.41519, 19.4597 ], [ 105.40331, 19.44892 ], [ 105.38991, 19.45528 ], [ 105.38997, 19.46925 ], [ 105.35941, 19.5064 ], [ 105.36455, 19.51658 ], [ 105.36154, 19.52774 ], [ 105.35606, 19.53216 ], [ 105.35655, 19.54161 ], [ 105.35159, 19.54349 ], [ 105.34266, 19.54013 ], [ 105.33954, 19.53097 ], [ 105.3347, 19.53405 ], [ 105.33132, 19.52703 ], [ 105.33377, 19.52703 ], [ 105.33311, 19.52283 ], [ 105.32881, 19.52333 ], [ 105.32578, 19.51904 ], [ 105.32541, 19.51188 ], [ 105.323, 19.51164 ], [ 105.32484, 19.50955 ], [ 105.30868, 19.49859 ], [ 105.30856, 19.48932 ], [ 105.3018, 19.48808 ], [ 105.30045, 19.48387 ], [ 105.2974, 19.48567 ], [ 105.29883, 19.48067 ], [ 105.29528, 19.48028 ], [ 105.29395, 19.47595 ], [ 105.28983, 19.49131 ], [ 105.27744, 19.49262 ], [ 105.28044, 19.50394 ], [ 105.27164, 19.50783 ], [ 105.27498, 19.51701 ], [ 105.26999, 19.52078 ], [ 105.2675, 19.52963 ], [ 105.27384, 19.54689 ], [ 105.27124, 19.55549 ], [ 105.27438, 19.56075 ], [ 105.28115, 19.56347 ], [ 105.28202, 19.5735 ], [ 105.27787, 19.5854 ], [ 105.27285, 19.58846 ], [ 105.28175, 19.59474 ], [ 105.28208, 19.60342 ], [ 105.26928, 19.60723 ], [ 105.27232, 19.61088 ], [ 105.26629, 19.61657 ], [ 105.26662, 19.62408 ], [ 105.26141, 19.62902 ], [ 105.26108, 19.63841 ], [ 105.24615, 19.65658 ], [ 105.2381, 19.65385 ], [ 105.2352, 19.64473 ], [ 105.22383, 19.64828 ], [ 105.20965, 19.66313 ], [ 105.18184, 19.68047 ], [ 105.16936, 19.68002 ], [ 105.16345, 19.68547 ], [ 105.16512, 19.69887 ], [ 105.16075, 19.69943 ], [ 105.1534, 19.70751 ], [ 105.16259, 19.7225 ], [ 105.1544, 19.72401 ], [ 105.13355, 19.74312 ], [ 105.13625, 19.7489 ], [ 105.13305, 19.76027 ], [ 105.13757, 19.7653 ], [ 105.1308, 19.77819 ], [ 105.13261, 19.78592 ], [ 105.12791, 19.801 ], [ 105.13217, 19.80756 ], [ 105.12997, 19.81749 ], [ 105.13327, 19.82066 ], [ 105.13227, 19.82632 ], [ 105.14533, 19.83461 ], [ 105.15031, 19.85553 ], [ 105.18054, 19.85359 ], [ 105.18848, 19.86315 ], [ 105.18391, 19.87851 ], [ 105.17881, 19.88144 ], [ 105.17714, 19.89585 ], [ 105.17129, 19.90077 ], [ 105.16866, 19.91436 ], [ 105.15511, 19.92196 ], [ 105.14561, 19.92069 ], [ 105.13769, 19.92347 ], [ 105.13445, 19.92044 ], [ 105.1236, 19.92529 ], [ 105.11938, 19.93134 ], [ 105.093, 19.93827 ], [ 105.08741, 19.93519 ], [ 105.04673, 19.92991 ], [ 105.0475, 19.9345 ], [ 105.04247, 19.94025 ], [ 105.03609, 19.93901 ], [ 105.03568, 19.94186 ], [ 105.0267, 19.94427 ], [ 105.01746, 19.95187 ], [ 105.00329, 19.95074 ], [ 104.99868, 19.95554 ], [ 104.99899, 19.96159 ], [ 104.97685, 19.97583 ], [ 104.96568, 19.97457 ], [ 104.95843, 19.9926 ], [ 104.94439, 19.98845 ], [ 104.92805, 19.98847 ], [ 104.91821, 19.99737 ], [ 104.91261, 19.99684 ], [ 104.91125, 20.00153 ], [ 104.92001, 20.00933 ], [ 104.91763, 20.01484 ], [ 104.92467, 20.02018 ], [ 104.93014, 20.03036 ], [ 104.94844, 20.0466 ], [ 104.9604, 20.05025 ], [ 104.96463, 20.05709 ], [ 104.97258, 20.06163 ], [ 104.97594, 20.07846 ], [ 104.98125, 20.08048 ], [ 104.98097, 20.08569 ], [ 104.99319, 20.09363 ], [ 104.98908, 20.09399 ], [ 104.99303, 20.09493 ], [ 104.98931, 20.09701 ], [ 104.9653, 20.099 ], [ 104.96055, 20.10467 ], [ 104.96046, 20.11225 ], [ 104.95315, 20.1148 ], [ 104.94777, 20.12161 ], [ 104.93455, 20.1262 ], [ 104.92236, 20.14117 ], [ 104.92303, 20.14585 ], [ 104.92925, 20.14814 ], [ 104.92743, 20.15821 ], [ 104.9108, 20.15515 ], [ 104.89696, 20.14728 ], [ 104.88634, 20.14751 ], [ 104.88216, 20.14367 ], [ 104.87509, 20.14573 ], [ 104.85983, 20.14293 ], [ 104.85413, 20.14823 ], [ 104.84277, 20.14889 ], [ 104.83517, 20.15634 ], [ 104.82964, 20.1562 ], [ 104.82278, 20.16081 ], [ 104.81953, 20.17087 ], [ 104.7745, 20.19842 ], [ 104.75701, 20.20091 ], [ 104.75041, 20.19882 ], [ 104.73306, 20.20275 ], [ 104.72159, 20.20089 ], [ 104.68643, 20.218 ], [ 104.6689, 20.21812 ], [ 104.66695, 20.22792 ], [ 104.66199, 20.23279 ], [ 104.64379, 20.23494 ], [ 104.63147, 20.22948 ], [ 104.61438, 20.2426 ], [ 104.6096, 20.25596 ], [ 104.61062, 20.27494 ], [ 104.61468, 20.27593 ], [ 104.61282, 20.28032 ], [ 104.61572, 20.28201 ], [ 104.61748, 20.29291 ], [ 104.62244, 20.29528 ], [ 104.61552, 20.30776 ], [ 104.62089, 20.32072 ], [ 104.61836, 20.33428 ], [ 104.62121, 20.34344 ], [ 104.61497, 20.35122 ], [ 104.61838, 20.36311 ], [ 104.64989, 20.37694 ], [ 104.64702, 20.37983 ], [ 104.65495, 20.38036 ], [ 104.66909, 20.38755 ], [ 104.67774, 20.3961 ], [ 104.68306, 20.39693 ], [ 104.68439, 20.40309 ], [ 104.71324, 20.39806 ], [ 104.71963, 20.40821 ], [ 104.70654, 20.41524 ], [ 104.69682, 20.43167 ], [ 104.68942, 20.43406 ], [ 104.68598, 20.44346 ], [ 104.66525, 20.45363 ], [ 104.66425, 20.4607 ], [ 104.67237, 20.46666 ], [ 104.67113, 20.4688 ], [ 104.65895, 20.47024 ], [ 104.65955, 20.47523 ], [ 104.65237, 20.47445 ], [ 104.62541, 20.4616 ], [ 104.61945, 20.45517 ], [ 104.62094, 20.45183 ], [ 104.61208, 20.4468 ], [ 104.61801, 20.44159 ], [ 104.61327, 20.42665 ], [ 104.59735, 20.41696 ], [ 104.56509, 20.41701 ], [ 104.54282, 20.40886 ], [ 104.53192, 20.41352 ], [ 104.53384, 20.41508 ], [ 104.52834, 20.4142 ], [ 104.52322, 20.3929 ], [ 104.5125, 20.38593 ], [ 104.49567, 20.38347 ], [ 104.48146, 20.37181 ], [ 104.46849, 20.36892 ], [ 104.4657, 20.37289 ], [ 104.45734, 20.37205 ], [ 104.44839, 20.37952 ], [ 104.43839, 20.3756 ], [ 104.42623, 20.37893 ], [ 104.42059, 20.37657 ], [ 104.41006, 20.3842 ], [ 104.40451, 20.40802 ], [ 104.41478, 20.42693 ], [ 104.41022, 20.42587 ], [ 104.38535, 20.44305 ], [ 104.37669, 20.44352 ], [ 104.38045, 20.44754 ], [ 104.38013, 20.45606 ], [ 104.37521, 20.4671 ], [ 104.38041, 20.47419 ], [ 104.39055, 20.4774 ], [ 104.39134, 20.48181 ], [ 104.38721, 20.48799 ], [ 104.41536, 20.48938 ], [ 104.43473, 20.50237 ], [ 104.43764, 20.50882 ], [ 104.44423, 20.50674 ], [ 104.47556, 20.51696 ], [ 104.49651, 20.54368 ], [ 104.50656, 20.54334 ], [ 104.51564, 20.54925 ], [ 104.52384, 20.54788 ], [ 104.52782, 20.55561 ], [ 104.5239, 20.56171 ], [ 104.52608, 20.56944 ], [ 104.5342, 20.5757 ], [ 104.53551, 20.58616 ], [ 104.54199, 20.59806 ], [ 104.5557, 20.60227 ], [ 104.56237, 20.60769 ], [ 104.57747, 20.60646 ], [ 104.58573, 20.61038 ], [ 104.60373, 20.6066 ], [ 104.61424, 20.6214 ], [ 104.62729, 20.6263 ], [ 104.63858, 20.65494 ], [ 104.65596, 20.63746 ], [ 104.6624, 20.62459 ], [ 104.6714, 20.6234 ], [ 104.68514, 20.61151 ], [ 104.68409, 20.59695 ], [ 104.69348, 20.59808 ], [ 104.69607, 20.60508 ], [ 104.70825, 20.60376 ], [ 104.71542, 20.60633 ], [ 104.72314, 20.60404 ], [ 104.7225, 20.59764 ], [ 104.72758, 20.58898 ], [ 104.7415, 20.57483 ], [ 104.75296, 20.5775 ], [ 104.76089, 20.58498 ], [ 104.7663, 20.583 ], [ 104.77204, 20.5752 ], [ 104.78006, 20.5763 ], [ 104.78094, 20.58371 ], [ 104.80071, 20.5849 ], [ 104.80035, 20.60495 ], [ 104.79617, 20.61755 ], [ 104.80394, 20.62112 ], [ 104.80959, 20.63335 ], [ 104.81271, 20.62992 ], [ 104.82005, 20.63941 ], [ 104.84663, 20.65215 ], [ 104.85298, 20.66365 ], [ 104.86648, 20.66178 ], [ 104.89976, 20.67021 ], [ 104.93186, 20.64888 ], [ 104.95049, 20.64176 ], [ 104.96291, 20.62187 ], [ 104.96066, 20.61746 ], [ 104.96329, 20.60816 ], [ 104.96979, 20.60424 ], [ 104.97541, 20.59533 ], [ 104.98402, 20.59209 ], [ 104.98467, 20.58482 ], [ 104.97998, 20.57609 ], [ 104.9817, 20.5737 ], [ 104.99658, 20.57791 ], [ 105.00967, 20.57214 ], [ 105.02394, 20.55903 ], [ 105.04134, 20.56019 ], [ 105.04585, 20.5566 ], [ 105.05302, 20.5611 ], [ 105.05436, 20.57039 ], [ 105.06335, 20.57432 ], [ 105.08426, 20.57713 ], [ 105.09359, 20.56686 ], [ 105.10594, 20.57338 ], [ 105.11147, 20.56375 ], [ 105.13033, 20.55671 ], [ 105.14128, 20.54386 ], [ 105.15314, 20.54315 ], [ 105.16174, 20.53514 ], [ 105.16196, 20.52338 ], [ 105.17015, 20.51508 ], [ 105.17827, 20.51643 ], [ 105.1841, 20.52135 ], [ 105.19064, 20.51697 ], [ 105.20135, 20.51845 ], [ 105.23119, 20.50319 ], [ 105.23055, 20.4973 ], [ 105.24459, 20.48805 ], [ 105.23964, 20.47947 ], [ 105.241, 20.47574 ], [ 105.26215, 20.46538 ], [ 105.26249, 20.45611 ], [ 105.26717, 20.45505 ], [ 105.25836, 20.43421 ], [ 105.26981, 20.42885 ], [ 105.27666, 20.43137 ], [ 105.28065, 20.42556 ], [ 105.29679, 20.4163 ], [ 105.30099, 20.41628 ], [ 105.30276, 20.42122 ], [ 105.32358, 20.40381 ], [ 105.3424, 20.39653 ], [ 105.34565, 20.39074 ], [ 105.35732, 20.39179 ], [ 105.40617, 20.37257 ], [ 105.42152, 20.37808 ], [ 105.42714, 20.38327 ], [ 105.43671, 20.38439 ], [ 105.46062, 20.3752 ], [ 105.47656, 20.37518 ], [ 105.50385, 20.36044 ], [ 105.52257, 20.36029 ], [ 105.52524, 20.36856 ], [ 105.52979, 20.37173 ], [ 105.54067, 20.36804 ], [ 105.54986, 20.34644 ], [ 105.54864, 20.3348 ], [ 105.55393, 20.32795 ], [ 105.55785, 20.32947 ], [ 105.56499, 20.32461 ], [ 105.56292, 20.31744 ], [ 105.57079, 20.31835 ], [ 105.57912, 20.31188 ], [ 105.59381, 20.31404 ], [ 105.59985, 20.31194 ], [ 105.61119, 20.29685 ], [ 105.61283, 20.28909 ], [ 105.6208, 20.28193 ], [ 105.65099, 20.27296 ], [ 105.67028, 20.25381 ], [ 105.67016, 20.24833 ], [ 105.67906, 20.24663 ], [ 105.68285, 20.23534 ], [ 105.69392, 20.23086 ], [ 105.69584, 20.22524 ], [ 105.69299, 20.2213 ], [ 105.73069, 20.19935 ], [ 105.73272, 20.19501 ], [ 105.73774, 20.19399 ], [ 105.74227, 20.18744 ], [ 105.74077, 20.18516 ], [ 105.7736, 20.17686 ], [ 105.77707, 20.172 ], [ 105.79344, 20.16999 ], [ 105.80822, 20.15833 ], [ 105.83165, 20.15106 ], [ 105.83488, 20.14355 ], [ 105.85272, 20.13837 ], [ 105.87078, 20.12381 ], [ 105.89614, 20.11736 ], [ 105.90746, 20.10685 ], [ 105.91707, 20.10571 ], [ 105.92487, 20.10077 ], [ 105.93013, 20.09065 ], [ 105.95968, 20.06646 ], [ 105.99261, 20.06869 ], [ 106.01363, 20.06492 ], [ 106.01752, 20.06012 ], [ 106.02334, 20.05905 ], [ 106.07182, 20.06665 ], [ 106.07594, 20.06279 ], [ 106.07351, 20.05135 ], [ 106.06607, 20.03729 ], [ 106.06043, 20.01663 ], [ 106.05298, 20.00495 ], [ 106.04609, 20.0011 ], [ 106.0342, 20.00013 ], [ 106.02549, 19.98938 ], [ 106.02583, 19.95986 ], [ 106.01119, 19.95512 ], [ 106.00734, 19.95065 ], [ 105.98586, 19.94506 ], [ 105.96774, 19.93468 ], [ 105.95307, 19.91923 ], [ 105.94802, 19.89667 ], [ 105.94931, 19.89055 ], [ 105.95061, 19.88758 ], [ 105.96539, 19.89069 ], [ 105.94611, 19.86538 ], [ 105.93559, 19.83938 ], [ 105.93094, 19.81392 ], [ 105.93254, 19.80216 ], [ 105.9388, 19.79565 ], [ 105.93161, 19.79032 ], [ 105.93369, 19.77976 ], [ 105.90562, 19.74266 ], [ 105.89832, 19.72315 ], [ 105.89337, 19.72054 ], [ 105.87913, 19.7294 ], [ 105.86737, 19.72183 ], [ 105.85231, 19.69873 ], [ 105.8373, 19.66277 ], [ 105.81905, 19.58045 ], [ 105.81344, 19.57342 ], [ 105.81568, 19.56724 ], [ 105.80763, 19.51934 ], [ 105.80802, 19.45938 ], [ 105.81426, 19.43005 ], [ 105.81272, 19.42511 ], [ 105.80515, 19.43012 ], [ 105.79895, 19.42671 ], [ 105.79405, 19.418 ], [ 105.79272, 19.40417 ], [ 105.78558, 19.40241 ], [ 105.7847, 19.39934 ], [ 105.79236, 19.35772 ], [ 105.80083, 19.34022 ], [ 105.81371, 19.33127 ], [ 105.81226, 19.32823 ], [ 105.81818, 19.31636 ], [ 105.81541, 19.31531 ], [ 105.8202, 19.31457 ], [ 105.81903, 19.30961 ], [ 105.81441, 19.30849 ], [ 105.80883, 19.30026 ], [ 105.80543, 19.28669 ], [ 105.80107, 19.30201 ], [ 105.76817, 19.29209 ], [ 105.75571, 19.30677 ], [ 105.75211, 19.30161 ], [ 105.74939, 19.30227 ], [ 105.74184, 19.31562 ], [ 105.74185, 19.32354 ], [ 105.73661, 19.3181 ], [ 105.72466, 19.31363 ], [ 105.715, 19.3031 ], [ 105.69388, 19.30417 ], [ 105.69077, 19.30012 ], [ 105.67551, 19.31556 ], [ 105.67627, 19.32253 ], [ 105.6644, 19.31392 ], [ 105.6679, 19.34021 ], [ 105.65559, 19.34262 ], [ 105.65285, 19.35322 ], [ 105.64229, 19.35341 ], [ 105.63882, 19.36623 ], [ 105.63177, 19.36602 ], [ 105.62785, 19.38094 ] ] ], [ [ [ 105.90868, 19.31939 ], [ 105.90945, 19.31991 ], [ 105.90996, 19.31845 ], [ 105.90868, 19.31939 ] ] ], [ [ [ 105.90993, 19.3198 ], [ 105.91148, 19.32064 ], [ 105.91288, 19.31963 ], [ 105.90993, 19.3198 ] ] ], [ [ [ 105.90803, 19.33892 ], [ 105.9077, 19.33878 ], [ 105.90717, 19.33954 ], [ 105.90803, 19.33892 ] ] ], [ [ [ 105.93089, 19.35609 ], [ 105.93665, 19.3541 ], [ 105.93565, 19.34565 ], [ 105.93006, 19.3498 ], [ 105.93089, 19.35609 ] ] ], [ [ [ 105.92975, 19.35762 ], [ 105.92915, 19.35824 ], [ 105.93085, 19.35878 ], [ 105.92975, 19.35762 ] ] ], [ [ [ 105.91025, 19.36636 ], [ 105.91042, 19.36581 ], [ 105.91008, 19.36594 ], [ 105.91025, 19.36636 ] ] ], [ [ [ 105.91254, 19.36711 ], [ 105.91222, 19.36576 ], [ 105.91153, 19.36651 ], [ 105.91254, 19.36711 ] ] ], [ [ [ 105.90748, 19.37036 ], [ 105.91026, 19.36831 ], [ 105.91012, 19.36669 ], [ 105.90888, 19.36743 ], [ 105.90748, 19.37036 ] ] ], [ [ [ 105.93129, 19.3825 ], [ 105.93881, 19.37617 ], [ 105.93355, 19.36314 ], [ 105.92572, 19.35888 ], [ 105.91438, 19.36851 ], [ 105.91482, 19.38167 ], [ 105.91988, 19.3781 ], [ 105.93129, 19.3825 ] ] ], [ [ [ 106.00449, 19.91286 ], [ 106.00652, 19.91469 ], [ 106.01281, 19.91263 ], [ 106.00449, 19.91286 ] ] ] ] } },
{ "type": "Feature", "properties": { "NAME_1": "Thái Bình", "id": "53", "GID_1": "VNM.55_1", "GID_0": "VNM", "COUNTRY": "Vietnam", "VARNAME_1": "Thai Binh", "NL_NAME_1": "NA", "TYPE_1": "Tỉnh", "ENGTYPE_1": "Province", "CC_1": "NA", "HASC_1": "VN.TB", "ISO_1": "NA" }, "geometry": { "type": "MultiPolygon", "coordinates": [ [ [ [ 106.60923, 20.42933 ], [ 106.59682, 20.41637 ], [ 106.60468, 20.44104 ], [ 106.60846, 20.44428 ], [ 106.61154, 20.4385 ], [ 106.60923, 20.42933 ] ] ], [ [ [ 106.60419, 20.46765 ], [ 106.60064, 20.47214 ], [ 106.60239, 20.47639 ], [ 106.59942, 20.49763 ], [ 106.60233, 20.4987 ], [ 106.60588, 20.47759 ], [ 106.60419, 20.46765 ] ] ], [ [ [ 106.25882, 20.32995 ], [ 106.25184, 20.34565 ], [ 106.25418, 20.35589 ], [ 106.28279, 20.37876 ], [ 106.28593, 20.39309 ], [ 106.28216, 20.40068 ], [ 106.2752, 20.40453 ], [ 106.22579, 20.40838 ], [ 106.21785, 20.41272 ], [ 106.21078, 20.42184 ], [ 106.20999, 20.42926 ], [ 106.22334, 20.45225 ], [ 106.22555, 20.46775 ], [ 106.2194, 20.475 ], [ 106.19147, 20.47946 ], [ 106.18335, 20.48487 ], [ 106.17841, 20.4955 ], [ 106.17891, 20.51911 ], [ 106.17171, 20.55092 ], [ 106.16193, 20.56347 ], [ 106.13331, 20.57325 ], [ 106.12559, 20.60253 ], [ 106.11246, 20.61542 ], [ 106.10278, 20.61828 ], [ 106.12745, 20.62783 ], [ 106.12634, 20.6318 ], [ 106.11013, 20.63986 ], [ 106.11275, 20.64497 ], [ 106.12307, 20.6466 ], [ 106.13515, 20.65778 ], [ 106.1428, 20.65956 ], [ 106.16242, 20.64536 ], [ 106.16899, 20.64597 ], [ 106.17104, 20.6557 ], [ 106.17442, 20.65802 ], [ 106.2034, 20.64358 ], [ 106.22465, 20.64204 ], [ 106.21673, 20.65448 ], [ 106.23136, 20.65839 ], [ 106.23979, 20.66818 ], [ 106.26898, 20.68273 ], [ 106.26711, 20.6881 ], [ 106.25366, 20.6901 ], [ 106.24923, 20.69494 ], [ 106.26087, 20.70384 ], [ 106.26748, 20.7029 ], [ 106.27529, 20.69288 ], [ 106.28487, 20.69331 ], [ 106.28981, 20.69536 ], [ 106.28339, 20.70295 ], [ 106.28304, 20.7098 ], [ 106.28834, 20.71061 ], [ 106.29455, 20.70629 ], [ 106.2937, 20.69659 ], [ 106.30316, 20.69035 ], [ 106.33758, 20.71156 ], [ 106.34662, 20.70217 ], [ 106.36072, 20.70201 ], [ 106.37119, 20.70952 ], [ 106.38232, 20.71177 ], [ 106.40182, 20.72904 ], [ 106.4075, 20.72853 ], [ 106.40889, 20.72232 ], [ 106.41721, 20.71681 ], [ 106.41611, 20.71308 ], [ 106.41234, 20.71233 ], [ 106.41404, 20.70652 ], [ 106.40234, 20.69351 ], [ 106.40125, 20.68785 ], [ 106.40648, 20.68695 ], [ 106.4397, 20.66061 ], [ 106.45511, 20.63906 ], [ 106.45065, 20.61971 ], [ 106.46467, 20.61498 ], [ 106.47162, 20.59825 ], [ 106.48231, 20.5996 ], [ 106.49354, 20.61673 ], [ 106.5156, 20.61138 ], [ 106.51951, 20.60244 ], [ 106.52888, 20.60273 ], [ 106.54001, 20.60835 ], [ 106.54185, 20.62283 ], [ 106.54611, 20.6267 ], [ 106.55867, 20.62673 ], [ 106.56846, 20.61968 ], [ 106.58608, 20.62783 ], [ 106.59164, 20.63529 ], [ 106.6014, 20.63961 ], [ 106.61179, 20.62711 ], [ 106.61966, 20.6251 ], [ 106.63475, 20.62756 ], [ 106.65662, 20.61244 ], [ 106.64546, 20.60508 ], [ 106.64286, 20.59793 ], [ 106.63653, 20.59663 ], [ 106.62694, 20.58689 ], [ 106.60851, 20.57746 ], [ 106.58511, 20.55025 ], [ 106.59014, 20.54058 ], [ 106.58405, 20.53612 ], [ 106.58649, 20.53263 ], [ 106.58112, 20.51622 ], [ 106.58633, 20.50728 ], [ 106.59826, 20.49918 ], [ 106.60156, 20.47897 ], [ 106.59766, 20.46895 ], [ 106.60095, 20.44632 ], [ 106.58171, 20.37539 ], [ 106.5774, 20.36815 ], [ 106.57945, 20.35445 ], [ 106.59442, 20.32318 ], [ 106.6153, 20.3059 ], [ 106.60229, 20.25025 ], [ 106.59261, 20.2403 ], [ 106.5799, 20.26424 ], [ 106.52814, 20.31609 ], [ 106.51125, 20.30872 ], [ 106.49687, 20.30796 ], [ 106.4845, 20.29473 ], [ 106.46481, 20.28915 ], [ 106.44235, 20.29351 ], [ 106.4317, 20.30034 ], [ 106.40725, 20.33166 ], [ 106.38876, 20.34386 ], [ 106.37215, 20.34501 ], [ 106.35832, 20.3517 ], [ 106.33917, 20.3774 ], [ 106.28085, 20.33079 ], [ 106.27196, 20.32687 ], [ 106.25882, 20.32995 ] ] ] ] } },
{ "type": "Feature", "properties": { "NAME_1": "Tiền Giang", "id": "57", "GID_1": "VNM.58_1", "GID_0": "VNM", "COUNTRY": "Vietnam", "VARNAME_1": "Tien Giang", "NL_NAME_1": "NA", "TYPE_1": "Tỉnh", "ENGTYPE_1": "Province", "CC_1": "NA", "HASC_1": "VN.TG", "ISO_1": "NA" }, "geometry": { "type": "MultiPolygon", "coordinates": [ [ [ [ 106.78577, 10.20393 ], [ 106.79047, 10.21335 ], [ 106.78497, 10.22418 ], [ 106.79169, 10.22315 ], [ 106.80136, 10.20837 ], [ 106.79002, 10.20123 ], [ 106.78577, 10.20393 ] ] ], [ [ [ 106.77652, 10.23702 ], [ 106.78101, 10.22245 ], [ 106.75661, 10.20551 ], [ 106.75432, 10.19097 ], [ 106.70928, 10.21234 ], [ 106.69123, 10.23091 ], [ 106.67781, 10.23665 ], [ 106.59042, 10.25083 ], [ 106.54195, 10.26556 ], [ 106.47725, 10.30665 ], [ 106.44833, 10.3065 ], [ 106.39827, 10.33618 ], [ 106.38749, 10.33969 ], [ 106.36793, 10.33958 ], [ 106.30469, 10.31916 ], [ 106.30013, 10.31958 ], [ 106.28802, 10.33061 ], [ 106.25478, 10.32164 ], [ 106.22152, 10.31763 ], [ 106.20564, 10.314 ], [ 106.14289, 10.28406 ], [ 106.10374, 10.28371 ], [ 106.08869, 10.27625 ], [ 106.07671, 10.27826 ], [ 106.03464, 10.29879 ], [ 105.99199, 10.33049 ], [ 105.98299, 10.33115 ], [ 105.96932, 10.32474 ], [ 105.92694, 10.28372 ], [ 105.89683, 10.27424 ], [ 105.87384, 10.29173 ], [ 105.83699, 10.29892 ], [ 105.83582, 10.30511 ], [ 105.82146, 10.30912 ], [ 105.82248, 10.31362 ], [ 105.83032, 10.31803 ], [ 105.81681, 10.32225 ], [ 105.81915, 10.34341 ], [ 105.81573, 10.37039 ], [ 105.84457, 10.36616 ], [ 105.85949, 10.40778 ], [ 105.94161, 10.49444 ], [ 105.94173, 10.53648 ], [ 106.10242, 10.52284 ], [ 106.10118, 10.57582 ], [ 106.20473, 10.57922 ], [ 106.28614, 10.58698 ], [ 106.31045, 10.56555 ], [ 106.31871, 10.57072 ], [ 106.32133, 10.56913 ], [ 106.34016, 10.54631 ], [ 106.34828, 10.5448 ], [ 106.34765, 10.52878 ], [ 106.36945, 10.51803 ], [ 106.36649, 10.51106 ], [ 106.37162, 10.50651 ], [ 106.36867, 10.49797 ], [ 106.37444, 10.49419 ], [ 106.37053, 10.48768 ], [ 106.37963, 10.48014 ], [ 106.38885, 10.47556 ], [ 106.39311, 10.47758 ], [ 106.39605, 10.48568 ], [ 106.40028, 10.48453 ], [ 106.40357, 10.4933 ], [ 106.41705, 10.48811 ], [ 106.41737, 10.48195 ], [ 106.4239, 10.4786 ], [ 106.42586, 10.47382 ], [ 106.4421, 10.46597 ], [ 106.44151, 10.45856 ], [ 106.45383, 10.45105 ], [ 106.44753, 10.45116 ], [ 106.43549, 10.43908 ], [ 106.42762, 10.4367 ], [ 106.42733, 10.43391 ], [ 106.41786, 10.43476 ], [ 106.41487, 10.42974 ], [ 106.42125, 10.42766 ], [ 106.42033, 10.42241 ], [ 106.42786, 10.40983 ], [ 106.43127, 10.41496 ], [ 106.43922, 10.4117 ], [ 106.44048, 10.41506 ], [ 106.4492, 10.41121 ], [ 106.45189, 10.4134 ], [ 106.46024, 10.40492 ], [ 106.45463, 10.40073 ], [ 106.44894, 10.40441 ], [ 106.44878, 10.39839 ], [ 106.454, 10.4003 ], [ 106.45621, 10.39465 ], [ 106.46331, 10.40041 ], [ 106.46792, 10.39645 ], [ 106.47269, 10.39869 ], [ 106.48011, 10.39669 ], [ 106.48175, 10.40477 ], [ 106.48617, 10.40343 ], [ 106.48645, 10.40867 ], [ 106.4973, 10.41665 ], [ 106.49925, 10.4151 ], [ 106.50459, 10.42291 ], [ 106.50843, 10.42274 ], [ 106.50967, 10.4276 ], [ 106.51299, 10.42883 ], [ 106.51859, 10.42424 ], [ 106.52988, 10.43327 ], [ 106.53731, 10.42058 ], [ 106.54613, 10.42946 ], [ 106.54894, 10.42483 ], [ 106.5583, 10.42447 ], [ 106.55895, 10.41312 ], [ 106.56728, 10.41481 ], [ 106.57133, 10.41205 ], [ 106.58922, 10.41842 ], [ 106.58396, 10.4325 ], [ 106.58533, 10.43579 ], [ 106.60124, 10.43772 ], [ 106.62806, 10.45233 ], [ 106.63323, 10.4594 ], [ 106.63899, 10.47934 ], [ 106.64447, 10.48316 ], [ 106.65331, 10.48285 ], [ 106.65864, 10.47707 ], [ 106.65987, 10.45098 ], [ 106.66476, 10.44162 ], [ 106.67151, 10.43846 ], [ 106.68206, 10.43981 ], [ 106.68865, 10.44499 ], [ 106.70493, 10.47109 ], [ 106.73588, 10.4981 ], [ 106.74402, 10.49999 ], [ 106.74539, 10.48844 ], [ 106.76315, 10.45245 ], [ 106.81509, 10.39126 ], [ 106.82253, 10.37741 ], [ 106.78273, 10.37564 ], [ 106.78076, 10.29028 ], [ 106.7558, 10.26635 ], [ 106.78023, 10.24878 ], [ 106.77652, 10.23702 ] ] ] ] } },
{ "type": "Feature", "properties": { "NAME_1": "Trà Vinh", "id": "58", "GID_1": "VNM.59_1", "GID_0": "VNM", "COUNTRY": "Vietnam", "VARNAME_1": "Tra Vinh", "NL_NAME_1": "NA", "TYPE_1": "Tỉnh", "ENGTYPE_1": "Province", "CC_1": "NA", "HASC_1": "VN.TV", "ISO_1": "NA" }, "geometry": { "type": "Polygon", "coordinates": [ [ [ 106.41346, 9.52921 ], [ 106.40876, 9.53067 ], [ 106.41006, 9.53407 ], [ 106.40634, 9.53756 ], [ 106.38336, 9.5292 ], [ 106.37198, 9.5309 ], [ 106.36841, 9.53432 ], [ 106.36807, 9.54921 ], [ 106.33055, 9.58298 ], [ 106.30875, 9.59524 ], [ 106.29975, 9.58593 ], [ 106.23887, 9.62502 ], [ 106.17175, 9.68554 ], [ 106.1112, 9.7512 ], [ 106.07166, 9.77596 ], [ 106.05112, 9.80246 ], [ 106.02271, 9.82579 ], [ 105.95252, 9.92248 ], [ 105.96346, 9.92229 ], [ 105.98659, 9.90097 ], [ 105.99232, 9.90653 ], [ 105.99682, 9.90557 ], [ 106.01498, 9.91673 ], [ 106.01322, 9.92437 ], [ 106.02025, 9.93287 ], [ 106.02757, 9.92774 ], [ 106.0379, 9.92729 ], [ 106.04578, 9.93822 ], [ 106.0556, 9.94225 ], [ 106.05606, 9.94685 ], [ 106.07674, 9.94486 ], [ 106.08644, 9.95973 ], [ 106.11272, 9.93837 ], [ 106.13172, 9.96173 ], [ 106.13354, 9.98113 ], [ 106.13065, 9.99109 ], [ 106.13453, 10.00288 ], [ 106.1348, 10.02396 ], [ 106.1507, 10.01763 ], [ 106.18975, 10.02629 ], [ 106.19499, 10.02472 ], [ 106.19848, 10.01504 ], [ 106.20441, 10.00953 ], [ 106.20828, 10.01155 ], [ 106.2105, 10.00848 ], [ 106.21464, 10.01456 ], [ 106.22133, 10.01454 ], [ 106.23234, 10.02362 ], [ 106.23101, 10.04181 ], [ 106.22241, 10.04352 ], [ 106.22637, 10.04793 ], [ 106.22508, 10.05724 ], [ 106.22896, 10.05901 ], [ 106.22786, 10.07035 ], [ 106.23989, 10.08112 ], [ 106.25984, 10.07406 ], [ 106.27959, 10.05921 ], [ 106.31442, 10.02029 ], [ 106.34589, 10.00454 ], [ 106.40921, 9.95909 ], [ 106.47625, 9.92509 ], [ 106.49259, 9.91229 ], [ 106.527, 9.87211 ], [ 106.57461, 9.83194 ], [ 106.61243, 9.78883 ], [ 106.56394, 9.74241 ], [ 106.56735, 9.7382 ], [ 106.57041, 9.72015 ], [ 106.57019, 9.69687 ], [ 106.57892, 9.69281 ], [ 106.58066, 9.66578 ], [ 106.56442, 9.6289 ], [ 106.54217, 9.59547 ], [ 106.52596, 9.57678 ], [ 106.51737, 9.57411 ], [ 106.51648, 9.56916 ], [ 106.48796, 9.55054 ], [ 106.44851, 9.53644 ], [ 106.41346, 9.52921 ] ] ] } },
{ "type": "Feature", "properties": { "NAME_1": "Tuyên Quang", "id": "59", "GID_1": "VNM.60_1", "GID_0": "VNM", "COUNTRY": "Vietnam", "VARNAME_1": "Tuyen Quang", "NL_NAME_1": "NA", "TYPE_1": "Tỉnh", "ENGTYPE_1": "Province", "CC_1": "NA", "HASC_1": "VN.TQ", "ISO_1": "NA" }, "geometry": { "type": "Polygon", "coordinates": [ [ [ 105.50562, 21.61236 ], [ 105.52672, 21.58261 ], [ 105.53595, 21.58137 ], [ 105.54252, 21.57384 ], [ 105.53053, 21.55833 ], [ 105.52164, 21.53527 ], [ 105.51327, 21.5364 ], [ 105.505, 21.52746 ], [ 105.49736, 21.52522 ], [ 105.49374, 21.52839 ], [ 105.48834, 21.51814 ], [ 105.47395, 21.52395 ], [ 105.46881, 21.51768 ], [ 105.45863, 21.51856 ], [ 105.45554, 21.511 ], [ 105.4297, 21.5058 ], [ 105.42346, 21.49759 ], [ 105.41831, 21.50833 ], [ 105.41209, 21.51276 ], [ 105.38914, 21.51193 ], [ 105.38669, 21.51967 ], [ 105.37109, 21.52455 ], [ 105.36494, 21.52378 ], [ 105.3596, 21.51893 ], [ 105.34418, 21.51843 ], [ 105.33698, 21.50801 ], [ 105.34047, 21.50354 ], [ 105.32518, 21.50731 ], [ 105.32022, 21.51301 ], [ 105.30399, 21.50817 ], [ 105.30045, 21.50992 ], [ 105.29586, 21.51689 ], [ 105.29608, 21.53473 ], [ 105.28735, 21.54059 ], [ 105.26791, 21.54564 ], [ 105.27421, 21.56064 ], [ 105.24852, 21.58539 ], [ 105.24765, 21.5941 ], [ 105.24383, 21.59746 ], [ 105.25153, 21.60295 ], [ 105.24702, 21.61596 ], [ 105.23297, 21.6177 ], [ 105.22485, 21.6301 ], [ 105.23775, 21.6431 ], [ 105.23505, 21.65854 ], [ 105.2076, 21.66138 ], [ 105.19479, 21.6696 ], [ 105.19228, 21.67683 ], [ 105.18033, 21.68047 ], [ 105.17657, 21.68734 ], [ 105.16553, 21.68841 ], [ 105.15585, 21.68144 ], [ 105.1564, 21.68775 ], [ 105.15076, 21.69204 ], [ 105.15019, 21.69968 ], [ 105.13377, 21.69667 ], [ 105.1237, 21.70456 ], [ 105.10876, 21.7066 ], [ 105.10194, 21.71781 ], [ 105.08612, 21.71818 ], [ 105.08309, 21.72418 ], [ 105.07693, 21.72203 ], [ 105.07368, 21.72904 ], [ 105.0761, 21.73566 ], [ 105.05636, 21.7479 ], [ 105.06896, 21.75156 ], [ 105.07504, 21.75863 ], [ 105.08091, 21.77073 ], [ 105.0714, 21.78022 ], [ 105.08067, 21.78747 ], [ 105.08817, 21.80652 ], [ 105.10033, 21.81205 ], [ 105.08893, 21.82818 ], [ 105.07721, 21.83024 ], [ 105.06152, 21.84993 ], [ 105.05875, 21.85805 ], [ 105.04577, 21.86394 ], [ 105.0412, 21.87369 ], [ 105.04157, 21.88544 ], [ 105.03703, 21.89127 ], [ 105.02586, 21.89179 ], [ 105.01488, 21.89759 ], [ 105.01429, 21.90719 ], [ 105.02161, 21.91614 ], [ 105.02295, 21.9243 ], [ 105.0189, 21.92693 ], [ 105.01922, 21.93572 ], [ 105.00976, 21.93725 ], [ 104.99755, 21.92866 ], [ 104.98972, 21.93124 ], [ 104.98652, 21.93643 ], [ 104.99534, 21.96179 ], [ 104.99253, 21.97203 ], [ 104.99985, 21.98795 ], [ 104.99559, 21.99348 ], [ 104.99074, 21.99369 ], [ 104.99265, 21.99662 ], [ 104.98971, 22.00262 ], [ 104.99643, 22.01484 ], [ 104.99227, 22.02036 ], [ 104.99772, 22.04288 ], [ 104.99012, 22.0452 ], [ 104.97353, 22.04082 ], [ 104.96764, 22.03132 ], [ 104.96236, 22.02905 ], [ 104.95604, 22.03498 ], [ 104.94653, 22.03565 ], [ 104.94063, 22.04421 ], [ 104.94106, 22.05314 ], [ 104.93474, 22.05862 ], [ 104.92812, 22.06172 ], [ 104.91812, 22.05874 ], [ 104.91256, 22.06543 ], [ 104.90297, 22.06385 ], [ 104.8952, 22.07183 ], [ 104.88197, 22.07243 ], [ 104.87377, 22.08027 ], [ 104.87146, 22.09181 ], [ 104.86492, 22.09655 ], [ 104.86489, 22.11231 ], [ 104.85968, 22.12599 ], [ 104.86189, 22.13218 ], [ 104.85987, 22.13565 ], [ 104.86356, 22.14247 ], [ 104.85403, 22.15735 ], [ 104.85547, 22.17022 ], [ 104.85086, 22.17469 ], [ 104.84897, 22.18515 ], [ 104.85461, 22.18964 ], [ 104.85704, 22.19856 ], [ 104.86062, 22.19691 ], [ 104.8643, 22.20237 ], [ 104.87534, 22.20113 ], [ 104.87449, 22.19578 ], [ 104.87917, 22.18603 ], [ 104.8891, 22.18607 ], [ 104.89359, 22.18285 ], [ 104.89689, 22.18641 ], [ 104.89466, 22.19 ], [ 104.89933, 22.20252 ], [ 104.90401, 22.20518 ], [ 104.90323, 22.21118 ], [ 104.90537, 22.21384 ], [ 104.91065, 22.21129 ], [ 104.91396, 22.21607 ], [ 104.91198, 22.23584 ], [ 104.91819, 22.24046 ], [ 104.91628, 22.24664 ], [ 104.90788, 22.2516 ], [ 104.9051, 22.26068 ], [ 104.89182, 22.27006 ], [ 104.8948, 22.27624 ], [ 104.90549, 22.27545 ], [ 104.91411, 22.29082 ], [ 104.92129, 22.29052 ], [ 104.91497, 22.29712 ], [ 104.91745, 22.30483 ], [ 104.91017, 22.31328 ], [ 104.89649, 22.31625 ], [ 104.89104, 22.32426 ], [ 104.89695, 22.3301 ], [ 104.89603, 22.33838 ], [ 104.89957, 22.34923 ], [ 104.90871, 22.34877 ], [ 104.91177, 22.34044 ], [ 104.91932, 22.33342 ], [ 104.93908, 22.33316 ], [ 104.94998, 22.32091 ], [ 104.96645, 22.31898 ], [ 104.98031, 22.3252 ], [ 104.98415, 22.32354 ], [ 104.98811, 22.31647 ], [ 104.99353, 22.31472 ], [ 104.99629, 22.30203 ], [ 105.00873, 22.29482 ], [ 105.00357, 22.28391 ], [ 105.00752, 22.28038 ], [ 105.0098, 22.26758 ], [ 105.01407, 22.26704 ], [ 105.03114, 22.28374 ], [ 105.04811, 22.28871 ], [ 105.04897, 22.30119 ], [ 105.04414, 22.30614 ], [ 105.04463, 22.31158 ], [ 105.05999, 22.31282 ], [ 105.05922, 22.32278 ], [ 105.06214, 22.32992 ], [ 105.05187, 22.33586 ], [ 105.04913, 22.34414 ], [ 105.04128, 22.35308 ], [ 105.04841, 22.35748 ], [ 105.07636, 22.35231 ], [ 105.08334, 22.35398 ], [ 105.08461, 22.36534 ], [ 105.07288, 22.38233 ], [ 105.07362, 22.38743 ], [ 105.07771, 22.39604 ], [ 105.08996, 22.39478 ], [ 105.10095, 22.4146 ], [ 105.09624, 22.42936 ], [ 105.08713, 22.43905 ], [ 105.11792, 22.4567 ], [ 105.11118, 22.46511 ], [ 105.10989, 22.47408 ], [ 105.11283, 22.48416 ], [ 105.10741, 22.49075 ], [ 105.12045, 22.51441 ], [ 105.12746, 22.53558 ], [ 105.12035, 22.55592 ], [ 105.12022, 22.56734 ], [ 105.11387, 22.57496 ], [ 105.12179, 22.57892 ], [ 105.1237, 22.58487 ], [ 105.1332, 22.5889 ], [ 105.12682, 22.60487 ], [ 105.13926, 22.61322 ], [ 105.14303, 22.62553 ], [ 105.15238, 22.61866 ], [ 105.15966, 22.62224 ], [ 105.15376, 22.62924 ], [ 105.15679, 22.63212 ], [ 105.14931, 22.64207 ], [ 105.1478, 22.65036 ], [ 105.14004, 22.65604 ], [ 105.13956, 22.66399 ], [ 105.1304, 22.66998 ], [ 105.13544, 22.67193 ], [ 105.13862, 22.68673 ], [ 105.14848, 22.69778 ], [ 105.16055, 22.69119 ], [ 105.16924, 22.69021 ], [ 105.17402, 22.68338 ], [ 105.20576, 22.67752 ], [ 105.21162, 22.66539 ], [ 105.21793, 22.66148 ], [ 105.23046, 22.66292 ], [ 105.23586, 22.66059 ], [ 105.24244, 22.65561 ], [ 105.24468, 22.64859 ], [ 105.25101, 22.65394 ], [ 105.26199, 22.64843 ], [ 105.27074, 22.64901 ], [ 105.28499, 22.63254 ], [ 105.28218, 22.61917 ], [ 105.31101, 22.61516 ], [ 105.31268, 22.60892 ], [ 105.31621, 22.62027 ], [ 105.32198, 22.62368 ], [ 105.31989, 22.62739 ], [ 105.32375, 22.6308 ], [ 105.31961, 22.63582 ], [ 105.32948, 22.64152 ], [ 105.35841, 22.63983 ], [ 105.36192, 22.6358 ], [ 105.36828, 22.63613 ], [ 105.3837, 22.62821 ], [ 105.39791, 22.62938 ], [ 105.41005, 22.61386 ], [ 105.43806, 22.60456 ], [ 105.43723, 22.60873 ], [ 105.44221, 22.60998 ], [ 105.44257, 22.60399 ], [ 105.44667, 22.60748 ], [ 105.44662, 22.61242 ], [ 105.45152, 22.6104 ], [ 105.45058, 22.60726 ], [ 105.46035, 22.60921 ], [ 105.4772, 22.62057 ], [ 105.4863, 22.61846 ], [ 105.50198, 22.63493 ], [ 105.51411, 22.63657 ], [ 105.53159, 22.63321 ], [ 105.52891, 22.61925 ], [ 105.54898, 22.59927 ], [ 105.54637, 22.5896 ], [ 105.55182, 22.57604 ], [ 105.55881, 22.57281 ], [ 105.56335, 22.56022 ], [ 105.57347, 22.5617 ], [ 105.5854, 22.55242 ], [ 105.59869, 22.52219 ], [ 105.59167, 22.50815 ], [ 105.59618, 22.5033 ], [ 105.59424, 22.49401 ], [ 105.59833, 22.48903 ], [ 105.56004, 22.46297 ], [ 105.55629, 22.43907 ], [ 105.54861, 22.43746 ], [ 105.55503, 22.42872 ], [ 105.55034, 22.4206 ], [ 105.55282, 22.41213 ], [ 105.55943, 22.41019 ], [ 105.57121, 22.41927 ], [ 105.55979, 22.40241 ], [ 105.53598, 22.40772 ], [ 105.5183, 22.4004 ], [ 105.51998, 22.38982 ], [ 105.5136, 22.37645 ], [ 105.51693, 22.36658 ], [ 105.51321, 22.35648 ], [ 105.51411, 22.34866 ], [ 105.49628, 22.34121 ], [ 105.4976, 22.32012 ], [ 105.48265, 22.31691 ], [ 105.47887, 22.30834 ], [ 105.47961, 22.3041 ], [ 105.49194, 22.29355 ], [ 105.46014, 22.28383 ], [ 105.47279, 22.27282 ], [ 105.46277, 22.26464 ], [ 105.45381, 22.26822 ], [ 105.43566, 22.25878 ], [ 105.43883, 22.25473 ], [ 105.436, 22.2395 ], [ 105.43969, 22.2374 ], [ 105.44129, 22.23045 ], [ 105.43561, 22.2278 ], [ 105.43473, 22.21737 ], [ 105.43113, 22.21632 ], [ 105.45021, 22.19082 ], [ 105.45573, 22.18725 ], [ 105.46004, 22.18963 ], [ 105.46421, 22.18138 ], [ 105.46147, 22.17812 ], [ 105.46243, 22.16938 ], [ 105.46978, 22.16055 ], [ 105.47602, 22.16361 ], [ 105.49296, 22.15816 ], [ 105.49354, 22.15083 ], [ 105.48211, 22.14613 ], [ 105.47468, 22.13716 ], [ 105.47523, 22.12654 ], [ 105.46943, 22.12498 ], [ 105.46315, 22.11554 ], [ 105.46486, 22.10401 ], [ 105.47034, 22.10302 ], [ 105.4749, 22.09737 ], [ 105.46819, 22.08934 ], [ 105.46944, 22.08104 ], [ 105.46297, 22.07442 ], [ 105.47339, 22.06839 ], [ 105.47508, 22.05823 ], [ 105.48753, 22.04755 ], [ 105.49476, 22.01073 ], [ 105.50565, 22.00801 ], [ 105.505, 21.99265 ], [ 105.51122, 21.98971 ], [ 105.51201, 21.98449 ], [ 105.51655, 21.98705 ], [ 105.52493, 21.98148 ], [ 105.53224, 21.96794 ], [ 105.55148, 21.96277 ], [ 105.55569, 21.95748 ], [ 105.5491, 21.94761 ], [ 105.55184, 21.94355 ], [ 105.55294, 21.90854 ], [ 105.54498, 21.90402 ], [ 105.54685, 21.89683 ], [ 105.54447, 21.89219 ], [ 105.52493, 21.88791 ], [ 105.52088, 21.88471 ], [ 105.51838, 21.87587 ], [ 105.52857, 21.85242 ], [ 105.52798, 21.83491 ], [ 105.51682, 21.82668 ], [ 105.51076, 21.83268 ], [ 105.49681, 21.83191 ], [ 105.49382, 21.82817 ], [ 105.49311, 21.80446 ], [ 105.49795, 21.79309 ], [ 105.49339, 21.7796 ], [ 105.4949, 21.77424 ], [ 105.50031, 21.77052 ], [ 105.51598, 21.77423 ], [ 105.5258, 21.76782 ], [ 105.51859, 21.75609 ], [ 105.50904, 21.75039 ], [ 105.51633, 21.73998 ], [ 105.51576, 21.73635 ], [ 105.50419, 21.72977 ], [ 105.49942, 21.72304 ], [ 105.50038, 21.71747 ], [ 105.49416, 21.71599 ], [ 105.49034, 21.70381 ], [ 105.47751, 21.69714 ], [ 105.48795, 21.68875 ], [ 105.48714, 21.68084 ], [ 105.47927, 21.67412 ], [ 105.49031, 21.64371 ], [ 105.49756, 21.63874 ], [ 105.49986, 21.63261 ], [ 105.4966, 21.61843 ], [ 105.50562, 21.61236 ] ] ] } },
{ "type": "Feature", "properties": { "NAME_1": "Tây Ninh", "id": "52", "GID_1": "VNM.53_1", "GID_0": "VNM", "COUNTRY": "Vietnam", "VARNAME_1": "Tay Ninh", "NL_NAME_1": "NA", "TYPE_1": "Tỉnh", "ENGTYPE_1": "Province", "CC_1": "NA", "HASC_1": "VN.TN", "ISO_1": "NA" }, "geometry": { "type": "Polygon", "coordinates": [ [ [ 106.17058, 10.97826 ], [ 106.19058, 10.97173 ], [ 106.20612, 10.97682 ], [ 106.19364, 11.00205 ], [ 106.18769, 11.0512 ], [ 106.15654, 11.09911 ], [ 106.15287, 11.10179 ], [ 106.14392, 11.10089 ], [ 106.12128, 11.08869 ], [ 106.10867, 11.07136 ], [ 106.10139, 11.07382 ], [ 106.09855, 11.07811 ], [ 106.09999, 11.08667 ], [ 106.08843, 11.10133 ], [ 106.07373, 11.09932 ], [ 106.06256, 11.11585 ], [ 106.0231, 11.14039 ], [ 106.01779, 11.1507 ], [ 106.01404, 11.18472 ], [ 106.01032, 11.19116 ], [ 105.99605, 11.19151 ], [ 105.97523, 11.19869 ], [ 105.96332, 11.19616 ], [ 105.94173, 11.20574 ], [ 105.9263, 11.21834 ], [ 105.91078, 11.24058 ], [ 105.90764, 11.25476 ], [ 105.91227, 11.26768 ], [ 105.90774, 11.27585 ], [ 105.90749, 11.2875 ], [ 105.90442, 11.28412 ], [ 105.89399, 11.2901 ], [ 105.87692, 11.28808 ], [ 105.86848, 11.28242 ], [ 105.86546, 11.28426 ], [ 105.86485, 11.28984 ], [ 105.87173, 11.30332 ], [ 105.86804, 11.31756 ], [ 105.87759, 11.33131 ], [ 105.87839, 11.35036 ], [ 105.88503, 11.36279 ], [ 105.88353, 11.36775 ], [ 105.87054, 11.37421 ], [ 105.87877, 11.39031 ], [ 105.87407, 11.40552 ], [ 105.88569, 11.41197 ], [ 105.8911, 11.42478 ], [ 105.90119, 11.42856 ], [ 105.90344, 11.44696 ], [ 105.90039, 11.44687 ], [ 105.9005, 11.45182 ], [ 105.88761, 11.45067 ], [ 105.88565, 11.45446 ], [ 105.88033, 11.4556 ], [ 105.87928, 11.46225 ], [ 105.87682, 11.4593 ], [ 105.87469, 11.46195 ], [ 105.87967, 11.4702 ], [ 105.87747, 11.47451 ], [ 105.8802, 11.48296 ], [ 105.88478, 11.48426 ], [ 105.88427, 11.49341 ], [ 105.87869, 11.50184 ], [ 105.88089, 11.50288 ], [ 105.8793, 11.50971 ], [ 105.88424, 11.5106 ], [ 105.88221, 11.51411 ], [ 105.88594, 11.53002 ], [ 105.88068, 11.54575 ], [ 105.87214, 11.55168 ], [ 105.87377, 11.55491 ], [ 105.86538, 11.55933 ], [ 105.86663, 11.56264 ], [ 105.86286, 11.56178 ], [ 105.8619, 11.56632 ], [ 105.85285, 11.56471 ], [ 105.85092, 11.56073 ], [ 105.84879, 11.56371 ], [ 105.84603, 11.56112 ], [ 105.84538, 11.56453 ], [ 105.84132, 11.5621 ], [ 105.8412, 11.56524 ], [ 105.83377, 11.56451 ], [ 105.83432, 11.56956 ], [ 105.83162, 11.56488 ], [ 105.82679, 11.56483 ], [ 105.82327, 11.57042 ], [ 105.81833, 11.56814 ], [ 105.81652, 11.57081 ], [ 105.81871, 11.57266 ], [ 105.81481, 11.57513 ], [ 105.81771, 11.58156 ], [ 105.81101, 11.588 ], [ 105.80964, 11.59994 ], [ 105.81371, 11.60878 ], [ 105.80973, 11.61872 ], [ 105.82788, 11.61987 ], [ 105.83595, 11.63291 ], [ 105.83725, 11.64742 ], [ 105.8421, 11.64867 ], [ 105.85575, 11.6646 ], [ 105.88401, 11.67697 ], [ 105.89072, 11.67623 ], [ 105.92554, 11.64921 ], [ 105.95175, 11.64025 ], [ 105.95572, 11.64215 ], [ 105.98149, 11.66761 ], [ 105.97809, 11.68649 ], [ 105.99426, 11.7017 ], [ 106.00295, 11.70405 ], [ 106.00834, 11.7196 ], [ 106.01515, 11.72696 ], [ 106.01575, 11.73615 ], [ 106.01039, 11.74984 ], [ 106.0148, 11.76509 ], [ 106.02424, 11.77441 ], [ 106.04209, 11.77838 ], [ 106.05059, 11.77441 ], [ 106.06897, 11.77619 ], [ 106.09058, 11.765 ], [ 106.09346, 11.75733 ], [ 106.10106, 11.75476 ], [ 106.10301, 11.74873 ], [ 106.11525, 11.74285 ], [ 106.13017, 11.7456 ], [ 106.15241, 11.73683 ], [ 106.16641, 11.74693 ], [ 106.18067, 11.74759 ], [ 106.18479, 11.75281 ], [ 106.19094, 11.75382 ], [ 106.19513, 11.74102 ], [ 106.21246, 11.72885 ], [ 106.22694, 11.73165 ], [ 106.24184, 11.72663 ], [ 106.24972, 11.72828 ], [ 106.26643, 11.72051 ], [ 106.27279, 11.71317 ], [ 106.27018, 11.70571 ], [ 106.29888, 11.68124 ], [ 106.29864, 11.67301 ], [ 106.31729, 11.67564 ], [ 106.32984, 11.6871 ], [ 106.3351, 11.68151 ], [ 106.33935, 11.6814 ], [ 106.36704, 11.69638 ], [ 106.38513, 11.69674 ], [ 106.39967, 11.69139 ], [ 106.41571, 11.67769 ], [ 106.42628, 11.67766 ], [ 106.42786, 11.67288 ], [ 106.43427, 11.67004 ], [ 106.45168, 11.67119 ], [ 106.44933, 11.66484 ], [ 106.45534, 11.6576 ], [ 106.45319, 11.65381 ], [ 106.45922, 11.65101 ], [ 106.45858, 11.64518 ], [ 106.46474, 11.6394 ], [ 106.46191, 11.63398 ], [ 106.46615, 11.63248 ], [ 106.46392, 11.62302 ], [ 106.46879, 11.61891 ], [ 106.46944, 11.61391 ], [ 106.47694, 11.61347 ], [ 106.47624, 11.61051 ], [ 106.48161, 11.60983 ], [ 106.48673, 11.60332 ], [ 106.48311, 11.59478 ], [ 106.49072, 11.57979 ], [ 106.48598, 11.57794 ], [ 106.49044, 11.57099 ], [ 106.48251, 11.55996 ], [ 106.48242, 11.5546 ], [ 106.48051, 11.55582 ], [ 106.48006, 11.54673 ], [ 106.47499, 11.54905 ], [ 106.4658, 11.54273 ], [ 106.46116, 11.54611 ], [ 106.45495, 11.54138 ], [ 106.44465, 11.54739 ], [ 106.43611, 11.54197 ], [ 106.4342, 11.53633 ], [ 106.42802, 11.53489 ], [ 106.42875, 11.51577 ], [ 106.42246, 11.50638 ], [ 106.42302, 11.4912 ], [ 106.40929, 11.47033 ], [ 106.37979, 11.45732 ], [ 106.37001, 11.44771 ], [ 106.35069, 11.3767 ], [ 106.33109, 11.35317 ], [ 106.33347, 11.33984 ], [ 106.34462, 11.32313 ], [ 106.33546, 11.29579 ], [ 106.34023, 11.29181 ], [ 106.3381, 11.29622 ], [ 106.34022, 11.29812 ], [ 106.34508, 11.29398 ], [ 106.34105, 11.29365 ], [ 106.34353, 11.28301 ], [ 106.34754, 11.28964 ], [ 106.35273, 11.28596 ], [ 106.35526, 11.28818 ], [ 106.35056, 11.26286 ], [ 106.35887, 11.26086 ], [ 106.36258, 11.26305 ], [ 106.36455, 11.26032 ], [ 106.35133, 11.24863 ], [ 106.36192, 11.23809 ], [ 106.37128, 11.24467 ], [ 106.37852, 11.22919 ], [ 106.38392, 11.22769 ], [ 106.38005, 11.21759 ], [ 106.38926, 11.21239 ], [ 106.38385, 11.1927 ], [ 106.38811, 11.18549 ], [ 106.39867, 11.18151 ], [ 106.4046, 11.18384 ], [ 106.40522, 11.18809 ], [ 106.41072, 11.18359 ], [ 106.41063, 11.17213 ], [ 106.41612, 11.17426 ], [ 106.42564, 11.17044 ], [ 106.42975, 11.1748 ], [ 106.43256, 11.17214 ], [ 106.43712, 11.15814 ], [ 106.42986, 11.14861 ], [ 106.4484, 11.13087 ], [ 106.43085, 11.09206 ], [ 106.42597, 11.09162 ], [ 106.42735, 11.07401 ], [ 106.42575, 11.06656 ], [ 106.42019, 11.06336 ], [ 106.42227, 11.05914 ], [ 106.42035, 11.05192 ], [ 106.42431, 11.04711 ], [ 106.42008, 11.03616 ], [ 106.41331, 11.03194 ], [ 106.40891, 11.02243 ], [ 106.41282, 11.00894 ], [ 106.39204, 10.99979 ], [ 106.36325, 10.99767 ], [ 106.35667, 10.99162 ], [ 106.35114, 10.99892 ], [ 106.3456, 10.99471 ], [ 106.34292, 11.00143 ], [ 106.31222, 11.01993 ], [ 106.29158, 11.02535 ], [ 106.27908, 11.01584 ], [ 106.27383, 11.02173 ], [ 106.27114, 11.0164 ], [ 106.27254, 11.01141 ], [ 106.28297, 11.00436 ], [ 106.28658, 10.992 ], [ 106.2832, 10.98623 ], [ 106.27315, 10.98098 ], [ 106.23962, 10.98729 ], [ 106.17798, 10.96274 ], [ 106.16794, 10.96323 ], [ 106.16373, 10.97068 ], [ 106.16393, 10.97833 ], [ 106.16057, 10.97882 ], [ 106.17058, 10.97826 ] ] ] } },
{ "type": "Feature", "properties": { "NAME_1": "Vĩnh Long", "id": "60", "GID_1": "VNM.61_1", "GID_0": "VNM", "COUNTRY": "Vietnam", "VARNAME_1": "Vinh Long", "NL_NAME_1": "NA", "TYPE_1": "Tỉnh", "ENGTYPE_1": "Province", "CC_1": "NA", "HASC_1": "VN.VL", "ISO_1": "NA" }, "geometry": { "type": "Polygon", "coordinates": [ [ [ 106.07674, 9.94486 ], [ 106.05606, 9.94685 ], [ 106.0556, 9.94225 ], [ 106.04578, 9.93822 ], [ 106.0379, 9.92729 ], [ 106.02757, 9.92774 ], [ 106.02025, 9.93287 ], [ 106.01322, 9.92437 ], [ 106.01498, 9.91673 ], [ 105.99682, 9.90557 ], [ 105.99232, 9.90653 ], [ 105.98659, 9.90097 ], [ 105.96346, 9.92229 ], [ 105.95252, 9.92248 ], [ 105.98045, 9.88385 ], [ 105.92141, 9.93021 ], [ 105.90604, 9.93198 ], [ 105.87676, 9.95124 ], [ 105.84434, 9.98276 ], [ 105.82613, 10.00538 ], [ 105.81313, 10.03077 ], [ 105.78886, 10.06285 ], [ 105.68231, 10.1345 ], [ 105.68695, 10.13907 ], [ 105.68539, 10.14347 ], [ 105.7278, 10.20471 ], [ 105.7477, 10.19693 ], [ 105.75871, 10.18301 ], [ 105.76579, 10.17927 ], [ 105.77481, 10.18897 ], [ 105.80114, 10.15547 ], [ 105.82833, 10.14881 ], [ 105.84911, 10.15018 ], [ 105.85157, 10.16008 ], [ 105.87047, 10.1545 ], [ 105.87427, 10.16633 ], [ 105.87014, 10.16891 ], [ 105.87733, 10.1823 ], [ 105.8762, 10.18919 ], [ 105.88927, 10.18879 ], [ 105.8952, 10.18552 ], [ 105.89957, 10.19176 ], [ 105.91316, 10.19245 ], [ 105.9197, 10.21161 ], [ 105.91216, 10.22686 ], [ 105.90122, 10.23418 ], [ 105.90195, 10.24497 ], [ 105.89029, 10.24425 ], [ 105.88403, 10.2537 ], [ 105.88457, 10.25791 ], [ 105.88236, 10.25667 ], [ 105.87734, 10.26434 ], [ 105.88472, 10.26705 ], [ 105.8935, 10.27595 ], [ 105.90412, 10.27511 ], [ 105.92694, 10.28372 ], [ 105.97485, 10.32892 ], [ 105.99199, 10.33049 ], [ 106.03464, 10.29879 ], [ 106.02921, 10.28975 ], [ 106.02814, 10.27323 ], [ 106.03491, 10.27224 ], [ 106.03814, 10.25934 ], [ 106.03429, 10.25616 ], [ 106.03792, 10.2487 ], [ 106.10322, 10.23986 ], [ 106.12531, 10.2287 ], [ 106.14108, 10.21512 ], [ 106.14399, 10.20419 ], [ 106.16626, 10.18786 ], [ 106.17656, 10.17377 ], [ 106.18771, 10.1777 ], [ 106.21929, 10.14884 ], [ 106.2502, 10.1054 ], [ 106.26958, 10.08363 ], [ 106.2897, 10.04985 ], [ 106.25984, 10.07406 ], [ 106.23989, 10.08112 ], [ 106.22786, 10.07035 ], [ 106.22896, 10.05901 ], [ 106.22508, 10.05724 ], [ 106.22637, 10.04793 ], [ 106.22241, 10.04352 ], [ 106.23101, 10.04181 ], [ 106.23234, 10.02362 ], [ 106.2285, 10.0197 ], [ 106.22133, 10.01454 ], [ 106.21464, 10.01456 ], [ 106.2105, 10.00848 ], [ 106.20828, 10.01155 ], [ 106.20441, 10.00953 ], [ 106.19848, 10.01504 ], [ 106.19499, 10.02472 ], [ 106.18975, 10.02629 ], [ 106.1507, 10.01763 ], [ 106.1348, 10.02396 ], [ 106.13453, 10.00288 ], [ 106.13065, 9.99109 ], [ 106.13354, 9.98113 ], [ 106.13172, 9.96173 ], [ 106.11272, 9.93837 ], [ 106.08644, 9.95973 ], [ 106.07674, 9.94486 ] ] ] } },
{ "type": "Feature", "properties": { "NAME_1": "Vĩnh Phú", "id": "43", "GID_1": "VNM.44_1", "GID_0": "VNM", "COUNTRY": "Vietnam", "VARNAME_1": "Phu Tho", "NL_NAME_1": "NA", "TYPE_1": "Tỉnh", "ENGTYPE_1": "Province", "CC_1": "NA", "HASC_1": "VN.PT", "ISO_1": "NA" }, "geometry": { "type": "Polygon", "coordinates": [ [ [ 105.32558, 20.93553 ], [ 105.31623, 20.93555 ], [ 105.31697, 20.92936 ], [ 105.31294, 20.92418 ], [ 105.29376, 20.92431 ], [ 105.29002, 20.92994 ], [ 105.27577, 20.92484 ], [ 105.27145, 20.94079 ], [ 105.26659, 20.94133 ], [ 105.26593, 20.93747 ], [ 105.26064, 20.93622 ], [ 105.24719, 20.94563 ], [ 105.2426, 20.94438 ], [ 105.24409, 20.94206 ], [ 105.2303, 20.93869 ], [ 105.22964, 20.93576 ], [ 105.22245, 20.93627 ], [ 105.21883, 20.93231 ], [ 105.22456, 20.92667 ], [ 105.21404, 20.92423 ], [ 105.20924, 20.91793 ], [ 105.20198, 20.91668 ], [ 105.19611, 20.92076 ], [ 105.19814, 20.9249 ], [ 105.19396, 20.92983 ], [ 105.20657, 20.95085 ], [ 105.19875, 20.95698 ], [ 105.19218, 20.95848 ], [ 105.19, 20.95201 ], [ 105.17739, 20.94503 ], [ 105.16194, 20.94335 ], [ 105.16128, 20.93958 ], [ 105.14763, 20.94162 ], [ 105.1453, 20.9386 ], [ 105.13212, 20.9381 ], [ 105.12262, 20.94166 ], [ 105.10873, 20.95617 ], [ 105.09164, 20.96108 ], [ 105.08961, 20.96987 ], [ 105.06758, 21.00158 ], [ 105.06208, 21.00246 ], [ 105.05524, 21.01055 ], [ 105.05087, 21.00812 ], [ 105.03834, 21.01239 ], [ 105.03036, 21.02235 ], [ 105.01864, 21.01526 ], [ 105.02136, 21.02134 ], [ 105.01669, 21.03164 ], [ 105.0078, 21.03924 ], [ 104.9982, 21.04151 ], [ 104.99261, 21.04844 ], [ 104.97089, 21.0525 ], [ 104.9632, 21.06024 ], [ 104.95643, 21.05686 ], [ 104.93812, 21.05614 ], [ 104.9297, 21.06546 ], [ 104.91121, 21.06704 ], [ 104.91126, 21.07181 ], [ 104.92126, 21.07516 ], [ 104.92619, 21.08434 ], [ 104.91403, 21.10099 ], [ 104.91232, 21.11808 ], [ 104.89887, 21.12415 ], [ 104.89728, 21.12988 ], [ 104.88126, 21.13421 ], [ 104.87175, 21.14032 ], [ 104.87101, 21.14478 ], [ 104.86137, 21.1454 ], [ 104.85273, 21.15286 ], [ 104.85938, 21.17348 ], [ 104.85098, 21.17978 ], [ 104.85796, 21.18875 ], [ 104.86434, 21.21026 ], [ 104.85297, 21.22349 ], [ 104.84415, 21.22632 ], [ 104.84874, 21.23403 ], [ 104.85543, 21.23389 ], [ 104.84895, 21.24974 ], [ 104.84957, 21.25816 ], [ 104.84031, 21.26486 ], [ 104.84313, 21.27344 ], [ 104.84296, 21.31063 ], [ 104.8237, 21.31803 ], [ 104.81651, 21.32435 ], [ 104.81364, 21.33349 ], [ 104.81912, 21.3381 ], [ 104.84884, 21.3387 ], [ 104.84458, 21.35195 ], [ 104.85419, 21.35193 ], [ 104.85355, 21.3647 ], [ 104.86284, 21.36554 ], [ 104.86842, 21.35358 ], [ 104.88282, 21.34199 ], [ 104.8973, 21.34515 ], [ 104.9004, 21.35083 ], [ 104.89375, 21.36477 ], [ 104.8836, 21.37327 ], [ 104.88471, 21.37972 ], [ 104.88187, 21.38405 ], [ 104.88449, 21.387 ], [ 104.88286, 21.39046 ], [ 104.88651, 21.39325 ], [ 104.89487, 21.39292 ], [ 104.90768, 21.41423 ], [ 104.9057, 21.42809 ], [ 104.91145, 21.43306 ], [ 104.91167, 21.44758 ], [ 104.89679, 21.4694 ], [ 104.89397, 21.48386 ], [ 104.88486, 21.50051 ], [ 104.8825, 21.50859 ], [ 104.8855, 21.52205 ], [ 104.87817, 21.53562 ], [ 104.86849, 21.54214 ], [ 104.86784, 21.54874 ], [ 104.872, 21.55537 ], [ 104.88779, 21.55767 ], [ 104.89877, 21.56518 ], [ 104.89759, 21.58133 ], [ 104.89191, 21.59596 ], [ 104.89361, 21.60432 ], [ 104.88756, 21.61186 ], [ 104.89639, 21.60831 ], [ 104.90515, 21.60928 ], [ 104.90357, 21.62219 ], [ 104.90707, 21.63124 ], [ 104.9225, 21.64055 ], [ 104.93402, 21.64256 ], [ 104.9378, 21.65129 ], [ 104.95024, 21.65534 ], [ 104.95505, 21.66027 ], [ 104.97147, 21.64583 ], [ 104.97277, 21.64915 ], [ 104.97014, 21.65101 ], [ 104.97301, 21.65705 ], [ 104.9858, 21.6622 ], [ 104.98643, 21.66795 ], [ 104.98005, 21.67298 ], [ 104.99168, 21.67887 ], [ 105.00071, 21.67944 ], [ 105.00206, 21.6841 ], [ 104.99953, 21.68755 ], [ 105.01968, 21.68818 ], [ 105.02283, 21.69244 ], [ 105.02054, 21.69625 ], [ 105.02512, 21.69242 ], [ 105.02475, 21.69576 ], [ 105.03077, 21.70108 ], [ 105.05431, 21.68628 ], [ 105.05886, 21.68578 ], [ 105.06116, 21.69008 ], [ 105.07298, 21.6815 ], [ 105.08526, 21.68357 ], [ 105.09441, 21.67815 ], [ 105.09998, 21.68347 ], [ 105.10017, 21.68938 ], [ 105.09551, 21.69595 ], [ 105.09606, 21.70048 ], [ 105.08719, 21.70165 ], [ 105.0917, 21.7128 ], [ 105.08612, 21.71818 ], [ 105.10194, 21.71781 ], [ 105.10876, 21.7066 ], [ 105.1237, 21.70456 ], [ 105.13377, 21.69667 ], [ 105.15019, 21.69968 ], [ 105.15076, 21.69204 ], [ 105.1564, 21.68775 ], [ 105.15585, 21.68144 ], [ 105.16553, 21.68841 ], [ 105.17657, 21.68734 ], [ 105.18033, 21.68047 ], [ 105.19228, 21.67683 ], [ 105.19479, 21.6696 ], [ 105.2076, 21.66138 ], [ 105.23505, 21.65854 ], [ 105.23775, 21.6431 ], [ 105.22485, 21.6301 ], [ 105.23297, 21.6177 ], [ 105.24702, 21.61596 ], [ 105.24947, 21.61146 ], [ 105.25153, 21.60295 ], [ 105.24383, 21.59746 ], [ 105.24765, 21.5941 ], [ 105.24852, 21.58539 ], [ 105.27421, 21.56064 ], [ 105.26791, 21.54564 ], [ 105.28735, 21.54059 ], [ 105.29608, 21.53473 ], [ 105.29586, 21.51689 ], [ 105.30045, 21.50992 ], [ 105.30399, 21.50817 ], [ 105.31851, 21.51325 ], [ 105.32407, 21.51065 ], [ 105.32254, 21.49455 ], [ 105.32518, 21.50731 ], [ 105.34047, 21.50354 ], [ 105.33698, 21.50801 ], [ 105.34418, 21.51843 ], [ 105.3596, 21.51893 ], [ 105.36494, 21.52378 ], [ 105.37109, 21.52455 ], [ 105.38669, 21.51967 ], [ 105.38914, 21.51193 ], [ 105.41209, 21.51276 ], [ 105.41831, 21.50833 ], [ 105.42346, 21.49759 ], [ 105.4297, 21.5058 ], [ 105.45554, 21.511 ], [ 105.45863, 21.51856 ], [ 105.46881, 21.51768 ], [ 105.47395, 21.52395 ], [ 105.48834, 21.51814 ], [ 105.49374, 21.52839 ], [ 105.49736, 21.52522 ], [ 105.505, 21.52746 ], [ 105.51327, 21.5364 ], [ 105.52164, 21.53527 ], [ 105.53053, 21.55833 ], [ 105.53965, 21.57096 ], [ 105.54252, 21.57384 ], [ 105.553, 21.57231 ], [ 105.56367, 21.55715 ], [ 105.58313, 21.53998 ], [ 105.58392, 21.53495 ], [ 105.59946, 21.53226 ], [ 105.60426, 21.52827 ], [ 105.61171, 21.50566 ], [ 105.61848, 21.49857 ], [ 105.63532, 21.49282 ], [ 105.63131, 21.47906 ], [ 105.64404, 21.47 ], [ 105.65259, 21.45731 ], [ 105.66671, 21.45994 ], [ 105.67493, 21.45811 ], [ 105.68736, 21.44284 ], [ 105.69755, 21.43903 ], [ 105.70451, 21.44073 ], [ 105.71347, 21.43017 ], [ 105.72462, 21.43208 ], [ 105.72091, 21.41586 ], [ 105.72959, 21.40891 ], [ 105.74515, 21.41595 ], [ 105.75556, 21.41038 ], [ 105.76311, 21.39959 ], [ 105.76564, 21.38973 ], [ 105.75977, 21.37806 ], [ 105.77304, 21.37049 ], [ 105.7752, 21.36074 ], [ 105.78608, 21.35782 ], [ 105.78304, 21.35383 ], [ 105.78517, 21.34285 ], [ 105.77617, 21.33708 ], [ 105.75335, 21.29488 ], [ 105.74321, 21.29287 ], [ 105.742, 21.28725 ], [ 105.73636, 21.28672 ], [ 105.73263, 21.27501 ], [ 105.72914, 21.2759 ], [ 105.72518, 21.27236 ], [ 105.72924, 21.26905 ], [ 105.72279, 21.26612 ], [ 105.72345, 21.25071 ], [ 105.72923, 21.24894 ], [ 105.72509, 21.24229 ], [ 105.73623, 21.24011 ], [ 105.73682, 21.23534 ], [ 105.73004, 21.2383 ], [ 105.73507, 21.23294 ], [ 105.72425, 21.22532 ], [ 105.7197, 21.23002 ], [ 105.71874, 21.22348 ], [ 105.71557, 21.22469 ], [ 105.70918, 21.21983 ], [ 105.69864, 21.21995 ], [ 105.69823, 21.21331 ], [ 105.69347, 21.22149 ], [ 105.68842, 21.22195 ], [ 105.6873, 21.23046 ], [ 105.68265, 21.23019 ], [ 105.68867, 21.23425 ], [ 105.68137, 21.23465 ], [ 105.67656, 21.22693 ], [ 105.67137, 21.23041 ], [ 105.67491, 21.2362 ], [ 105.66877, 21.23318 ], [ 105.66697, 21.23957 ], [ 105.66169, 21.235 ], [ 105.65195, 21.23812 ], [ 105.64743, 21.23649 ], [ 105.64432, 21.23373 ], [ 105.64536, 21.2271 ], [ 105.6545, 21.22761 ], [ 105.65901, 21.22323 ], [ 105.65822, 21.22039 ], [ 105.64514, 21.21557 ], [ 105.63581, 21.21732 ], [ 105.63873, 21.20726 ], [ 105.62908, 21.21073 ], [ 105.62118, 21.20589 ], [ 105.61519, 21.2076 ], [ 105.61665, 21.20251 ], [ 105.6228, 21.19991 ], [ 105.62168, 21.19481 ], [ 105.62977, 21.18407 ], [ 105.6244, 21.18072 ], [ 105.62585, 21.17553 ], [ 105.61731, 21.17912 ], [ 105.60003, 21.16965 ], [ 105.53363, 21.15421 ], [ 105.50385, 21.15824 ], [ 105.48623, 21.16301 ], [ 105.46984, 21.17875 ], [ 105.46207, 21.22271 ], [ 105.45216, 21.23799 ], [ 105.44479, 21.26482 ], [ 105.44371, 21.26973 ], [ 105.43161, 21.27431 ], [ 105.40578, 21.29911 ], [ 105.39396, 21.30332 ], [ 105.38681, 21.3015 ], [ 105.37873, 21.29225 ], [ 105.36153, 21.28365 ], [ 105.35673, 21.27806 ], [ 105.356, 21.26021 ], [ 105.34787, 21.22676 ], [ 105.32521, 21.20469 ], [ 105.29705, 21.18406 ], [ 105.28914, 21.1703 ], [ 105.29145, 21.15294 ], [ 105.3057, 21.13779 ], [ 105.3205, 21.10991 ], [ 105.31725, 21.09267 ], [ 105.30791, 21.08282 ], [ 105.29404, 21.05468 ], [ 105.29985, 21.02904 ], [ 105.32547, 21.00345 ], [ 105.32864, 20.9852 ], [ 105.33955, 20.95999 ], [ 105.34457, 20.94073 ], [ 105.32607, 20.9378 ], [ 105.32558, 20.93553 ] ], [ [ 105.44847, 21.26545 ], [ 105.45344, 21.29138 ], [ 105.453229171428973, 21.29159232735234 ], [ 105.44847, 21.26545 ] ] ] } },
{ "type": "Feature", "properties": { "NAME_1": "Điện Biên", "id": "17", "GID_1": "VNM.20_1", "GID_0": "VNM", "COUNTRY": "Vietnam", "VARNAME_1": "Dien Bien", "NL_NAME_1": "NA", "TYPE_1": "Tỉnh", "ENGTYPE_1": "Province", "CC_1": "NA", "HASC_1": "VN.DB", "ISO_1": "NA" }, "geometry": { "type": "Polygon", "coordinates": [ [ [ 103.19753, 20.90607 ], [ 103.19323, 20.9016 ], [ 103.18208, 20.90482 ], [ 103.18274, 20.90799 ], [ 103.17391, 20.90949 ], [ 103.16735, 20.91672 ], [ 103.16481, 20.91623 ], [ 103.16491, 20.91072 ], [ 103.15777, 20.90566 ], [ 103.13382, 20.90728 ], [ 103.13065, 20.91212 ], [ 103.12254, 20.90541 ], [ 103.11813, 20.89635 ], [ 103.11037, 20.90024 ], [ 103.11239, 20.91283 ], [ 103.10618, 20.91925 ], [ 103.10796, 20.92534 ], [ 103.10468, 20.93502 ], [ 103.09533, 20.93572 ], [ 103.08913, 20.94126 ], [ 103.08704, 20.969 ], [ 103.08004, 20.97207 ], [ 103.07801, 20.97885 ], [ 103.0721, 20.98149 ], [ 103.07068, 20.99262 ], [ 103.05994, 21.00169 ], [ 103.05887, 21.01436 ], [ 103.04189, 21.03858 ], [ 103.04189, 21.04645 ], [ 103.03666, 21.05752 ], [ 103.01411, 21.06497 ], [ 103.00575, 21.06071 ], [ 102.98837, 21.06215 ], [ 102.97871, 21.06707 ], [ 102.97495, 21.06575 ], [ 102.96924, 21.07039 ], [ 102.96149, 21.08126 ], [ 102.9681, 21.09483 ], [ 102.96149, 21.11088 ], [ 102.9628, 21.11412 ], [ 102.94262, 21.12921 ], [ 102.95187, 21.14141 ], [ 102.94703, 21.14424 ], [ 102.9395, 21.15843 ], [ 102.93158, 21.16269 ], [ 102.92625, 21.16089 ], [ 102.92336, 21.15593 ], [ 102.91827, 21.16162 ], [ 102.90447, 21.16576 ], [ 102.90489, 21.17457 ], [ 102.90962, 21.17599 ], [ 102.91064, 21.1802 ], [ 102.90528, 21.19076 ], [ 102.91265, 21.20416 ], [ 102.90777, 21.22121 ], [ 102.91334, 21.22958 ], [ 102.90406, 21.23182 ], [ 102.8945, 21.2433 ], [ 102.88501, 21.24864 ], [ 102.863, 21.25764 ], [ 102.85728, 21.253 ], [ 102.84825, 21.25323 ], [ 102.84251, 21.24706 ], [ 102.82883, 21.24652 ], [ 102.82664, 21.25322 ], [ 102.81794, 21.25261 ], [ 102.82121, 21.25796 ], [ 102.81419, 21.2638 ], [ 102.81565, 21.26705 ], [ 102.82183, 21.2681 ], [ 102.82071, 21.27169 ], [ 102.8327, 21.27803 ], [ 102.83433, 21.28359 ], [ 102.84339, 21.28406 ], [ 102.84535, 21.29068 ], [ 102.849, 21.2901 ], [ 102.85196, 21.29975 ], [ 102.85848, 21.29805 ], [ 102.87967, 21.30188 ], [ 102.88416, 21.29945 ], [ 102.89688, 21.30323 ], [ 102.90012, 21.31739 ], [ 102.88957, 21.33268 ], [ 102.89682, 21.35596 ], [ 102.89397, 21.36049 ], [ 102.90099, 21.36606 ], [ 102.89825, 21.36892 ], [ 102.90135, 21.3759 ], [ 102.89793, 21.38464 ], [ 102.91046, 21.3928 ], [ 102.91207, 21.39984 ], [ 102.92168, 21.40742 ], [ 102.92079, 21.41868 ], [ 102.92506, 21.43043 ], [ 102.94199, 21.45632 ], [ 102.92609, 21.45666 ], [ 102.91913, 21.45271 ], [ 102.92004, 21.45018 ], [ 102.91373, 21.44458 ], [ 102.91389, 21.4374 ], [ 102.9054, 21.43436 ], [ 102.90472, 21.42971 ], [ 102.89948, 21.435 ], [ 102.88461, 21.42531 ], [ 102.87584, 21.42378 ], [ 102.87294, 21.42759 ], [ 102.88122, 21.43695 ], [ 102.88022, 21.44505 ], [ 102.8887, 21.44923 ], [ 102.88668, 21.46147 ], [ 102.89303, 21.46901 ], [ 102.88921, 21.47567 ], [ 102.90499, 21.47642 ], [ 102.90985, 21.47965 ], [ 102.90964, 21.48566 ], [ 102.91634, 21.49251 ], [ 102.91566, 21.50301 ], [ 102.9281, 21.51496 ], [ 102.93414, 21.51659 ], [ 102.93369, 21.52333 ], [ 102.94282, 21.52712 ], [ 102.94659, 21.53545 ], [ 102.96291, 21.54662 ], [ 102.96072, 21.55412 ], [ 102.96954, 21.56642 ], [ 102.99646, 21.58601 ], [ 102.99246, 21.60325 ], [ 102.98724, 21.60798 ], [ 102.99164, 21.62325 ], [ 102.98386, 21.6398 ], [ 102.98637, 21.64431 ], [ 102.98356, 21.64485 ], [ 102.98202, 21.65103 ], [ 102.98501, 21.65417 ], [ 102.98037, 21.65738 ], [ 102.98684, 21.6609 ], [ 102.99027, 21.68425 ], [ 102.98196, 21.68965 ], [ 102.98061, 21.69675 ], [ 102.9904, 21.70629 ], [ 102.99087, 21.71479 ], [ 102.98512, 21.72227 ], [ 102.98551, 21.72652 ], [ 102.97324, 21.73642 ], [ 102.97442, 21.74537 ], [ 102.96949, 21.74644 ], [ 102.96475, 21.74326 ], [ 102.95496, 21.72891 ], [ 102.92437, 21.72516 ], [ 102.90884, 21.718 ], [ 102.90261, 21.71877 ], [ 102.89857, 21.71476 ], [ 102.88668, 21.71277 ], [ 102.87924, 21.70353 ], [ 102.85905, 21.7216 ], [ 102.86066, 21.73076 ], [ 102.85726, 21.74355 ], [ 102.86241, 21.75285 ], [ 102.86358, 21.76416 ], [ 102.85572, 21.76789 ], [ 102.8596, 21.7831 ], [ 102.85538, 21.7875 ], [ 102.86075, 21.79954 ], [ 102.85537, 21.83903 ], [ 102.84692, 21.84623 ], [ 102.83302, 21.84606 ], [ 102.81707, 21.8395 ], [ 102.81822, 21.83318 ], [ 102.81094, 21.82497 ], [ 102.82056, 21.79896 ], [ 102.81555, 21.79027 ], [ 102.82123, 21.77721 ], [ 102.82516, 21.7342 ], [ 102.81523, 21.73106 ], [ 102.80988, 21.72489 ], [ 102.81144, 21.71912 ], [ 102.80412, 21.71666 ], [ 102.79918, 21.70768 ], [ 102.78803, 21.70678 ], [ 102.78233, 21.70196 ], [ 102.77051, 21.68815 ], [ 102.76923, 21.68131 ], [ 102.76264, 21.67489 ], [ 102.75485, 21.67336 ], [ 102.74917, 21.66389 ], [ 102.7374, 21.65884 ], [ 102.72592, 21.66429 ], [ 102.69374, 21.66435 ], [ 102.68217, 21.65494 ], [ 102.67534, 21.65551 ], [ 102.6741, 21.66498 ], [ 102.66316, 21.68089 ], [ 102.66791, 21.68622 ], [ 102.66122, 21.70008 ], [ 102.66042, 21.71048 ], [ 102.65332, 21.71977 ], [ 102.65147, 21.72786 ], [ 102.64603, 21.73236 ], [ 102.64886, 21.73537 ], [ 102.64943, 21.76351 ], [ 102.66335, 21.79093 ], [ 102.65969, 21.79959 ], [ 102.64835, 21.8081 ], [ 102.65085, 21.8264 ], [ 102.64263, 21.84842 ], [ 102.64567, 21.85892 ], [ 102.63105, 21.86324 ], [ 102.62861, 21.86925 ], [ 102.61547, 21.87288 ], [ 102.60965, 21.87847 ], [ 102.61532, 21.89569 ], [ 102.62077, 21.90016 ], [ 102.61842, 21.90637 ], [ 102.62273, 21.90739 ], [ 102.61782, 21.91748 ], [ 102.57084, 21.93699 ], [ 102.56796, 21.9416 ], [ 102.5424, 21.95785 ], [ 102.5192, 21.96589 ], [ 102.50994, 21.97301 ], [ 102.49186, 21.99439 ], [ 102.49109, 22.00093 ], [ 102.49671, 22.01282 ], [ 102.51106, 22.01517 ], [ 102.52342, 22.02349 ], [ 102.52213, 22.03254 ], [ 102.51367, 22.03725 ], [ 102.4979, 22.0364 ], [ 102.48862, 22.0419 ], [ 102.47625, 22.06015 ], [ 102.46146, 22.069 ], [ 102.44187, 22.07392 ], [ 102.44164, 22.07879 ], [ 102.44578, 22.08026 ], [ 102.44645, 22.08437 ], [ 102.43852, 22.09158 ], [ 102.4412, 22.09934 ], [ 102.43478, 22.11193 ], [ 102.43793, 22.11604 ], [ 102.42254, 22.11599 ], [ 102.40829, 22.12822 ], [ 102.40323, 22.12605 ], [ 102.38987, 22.12885 ], [ 102.38621, 22.15156 ], [ 102.36594, 22.16519 ], [ 102.35918, 22.16668 ], [ 102.34859, 22.16356 ], [ 102.34003, 22.16613 ], [ 102.33887, 22.18685 ], [ 102.32458, 22.20355 ], [ 102.30966, 22.20791 ], [ 102.30322, 22.20138 ], [ 102.2974, 22.20555 ], [ 102.28326, 22.20709 ], [ 102.28164, 22.22064 ], [ 102.27566, 22.22545 ], [ 102.27628, 22.23622 ], [ 102.26579, 22.23663 ], [ 102.26175, 22.23383 ], [ 102.26006, 22.23641 ], [ 102.24606, 22.23781 ], [ 102.24291, 22.24355 ], [ 102.23952, 22.24376 ], [ 102.24147, 22.25506 ], [ 102.23695, 22.26341 ], [ 102.23225, 22.26495 ], [ 102.23383, 22.26931 ], [ 102.23003, 22.2742 ], [ 102.23446, 22.28253 ], [ 102.22426, 22.28748 ], [ 102.21513, 22.2876 ], [ 102.19434, 22.30243 ], [ 102.18185, 22.30623 ], [ 102.18439, 22.32131 ], [ 102.19965, 22.33656 ], [ 102.19444, 22.34022 ], [ 102.18182, 22.33949 ], [ 102.17825, 22.34298 ], [ 102.16861, 22.36065 ], [ 102.17437, 22.37399 ], [ 102.145, 22.39934 ], [ 102.14581, 22.40594 ], [ 102.15454, 22.41766 ], [ 102.15434, 22.4247 ], [ 102.15813, 22.42577 ], [ 102.15903, 22.43003 ], [ 102.166, 22.42897 ], [ 102.18916, 22.43488 ], [ 102.20688, 22.42835 ], [ 102.21318, 22.43149 ], [ 102.22244, 22.42549 ], [ 102.24002, 22.428 ], [ 102.25329, 22.41708 ], [ 102.26251, 22.41418 ], [ 102.26774, 22.42464 ], [ 102.26652, 22.43152 ], [ 102.25203, 22.45405 ], [ 102.24609, 22.45511 ], [ 102.24808, 22.46 ], [ 102.24566, 22.46544 ], [ 102.25168, 22.46363 ], [ 102.25736, 22.4654 ], [ 102.2569, 22.46757 ], [ 102.26355, 22.46728 ], [ 102.26157, 22.47459 ], [ 102.26401, 22.477 ], [ 102.26086, 22.47869 ], [ 102.27114, 22.48168 ], [ 102.27264, 22.49214 ], [ 102.27627, 22.49334 ], [ 102.28056, 22.50226 ], [ 102.28822, 22.50415 ], [ 102.29236, 22.5096 ], [ 102.30126, 22.53203 ], [ 102.31723, 22.5451 ], [ 102.323363425706717, 22.546505763264168 ], [ 102.324, 22.54832 ], [ 102.32133, 22.549 ], [ 102.32333, 22.55155 ], [ 102.32111, 22.55387 ], [ 102.32364, 22.55762 ], [ 102.35464, 22.56664 ], [ 102.35468, 22.57239 ], [ 102.34531, 22.58306 ], [ 102.34685, 22.58975 ], [ 102.35256, 22.58964 ], [ 102.35561, 22.59324 ], [ 102.37154, 22.59336 ], [ 102.40351, 22.63351 ], [ 102.41873, 22.63668 ], [ 102.41634, 22.64232 ], [ 102.40695, 22.64234 ], [ 102.40047, 22.64643 ], [ 102.39639, 22.65784 ], [ 102.38929, 22.66379 ], [ 102.38449, 22.67433 ], [ 102.38425, 22.68463 ], [ 102.39548, 22.69017 ], [ 102.40737, 22.68432 ], [ 102.41174, 22.6855 ], [ 102.4361, 22.7018 ], [ 102.44395, 22.72582 ], [ 102.45642, 22.73256 ], [ 102.45142, 22.74274 ], [ 102.45228, 22.75309 ], [ 102.46377, 22.76773 ], [ 102.47097, 22.77095 ], [ 102.4774, 22.7697 ], [ 102.48158, 22.7788 ], [ 102.49584, 22.78065 ], [ 102.5085, 22.77817 ], [ 102.51714, 22.76787 ], [ 102.53413, 22.75857 ], [ 102.54143, 22.74884 ], [ 102.54921, 22.74672 ], [ 102.54739, 22.74086 ], [ 102.55011, 22.73529 ], [ 102.56492, 22.72309 ], [ 102.56865, 22.7038 ], [ 102.58507, 22.70692 ], [ 102.58858, 22.72326 ], [ 102.59856, 22.73265 ], [ 102.6068, 22.73301 ], [ 102.62758, 22.71305 ], [ 102.65063, 22.69798 ], [ 102.65559, 22.6903 ], [ 102.68848, 22.70449 ], [ 102.70702, 22.69481 ], [ 102.71042, 22.68129 ], [ 102.72402, 22.67855 ], [ 102.73277, 22.66765 ], [ 102.75112, 22.66758 ], [ 102.75361, 22.65836 ], [ 102.76406, 22.64738 ], [ 102.78645, 22.64348 ], [ 102.78111, 22.63596 ], [ 102.78767, 22.62637 ], [ 102.81641, 22.62185 ], [ 102.82485, 22.62709 ], [ 102.84144, 22.61923 ], [ 102.84389, 22.61136 ], [ 102.86294, 22.60829 ], [ 102.86263, 22.60071 ], [ 102.86729, 22.59955 ], [ 102.86814, 22.59607 ], [ 102.87482, 22.59556 ], [ 102.87794, 22.58793 ], [ 102.8722, 22.58265 ], [ 102.87079, 22.57587 ], [ 102.8824, 22.5687 ], [ 102.87764, 22.5588 ], [ 102.8959, 22.54587 ], [ 102.88869, 22.5366 ], [ 102.90736, 22.52492 ], [ 102.90964, 22.51091 ], [ 102.92131, 22.50773 ], [ 102.92345, 22.49039 ], [ 102.92859, 22.4843 ], [ 102.94098, 22.48533 ], [ 102.94978, 22.48218 ], [ 102.95679, 22.48527 ], [ 102.96475, 22.47806 ], [ 102.98385, 22.48092 ], [ 102.99323, 22.47143 ], [ 102.99155, 22.46318 ], [ 103.00703, 22.4594 ], [ 103.03082, 22.44246 ], [ 103.03646, 22.44613 ], [ 103.04994, 22.44516 ], [ 103.05708, 22.45218 ], [ 103.07012, 22.44713 ], [ 103.07996, 22.45113 ], [ 103.07938, 22.46781 ], [ 103.07133, 22.4791 ], [ 103.0752, 22.48496 ], [ 103.07216, 22.49125 ], [ 103.07623, 22.49432 ], [ 103.08295, 22.51011 ], [ 103.09441, 22.51051 ], [ 103.09412, 22.51332 ], [ 103.09885, 22.51558 ], [ 103.11565, 22.51446 ], [ 103.12302, 22.52515 ], [ 103.13488, 22.5326 ], [ 103.13849, 22.54002 ], [ 103.14793, 22.54453 ], [ 103.15698, 22.53939 ], [ 103.16049, 22.5456 ], [ 103.1823, 22.55788 ], [ 103.18279, 22.56089 ], [ 103.16169, 22.58377 ], [ 103.15799, 22.59388 ], [ 103.15937, 22.59835 ], [ 103.16253, 22.59772 ], [ 103.16641, 22.61398 ], [ 103.17598, 22.62672 ], [ 103.17569, 22.63075 ], [ 103.18442, 22.63154 ], [ 103.18493, 22.64332 ], [ 103.19363, 22.64937 ], [ 103.20757, 22.64533 ], [ 103.22689, 22.64694 ], [ 103.23212, 22.65895 ], [ 103.2391, 22.66098 ], [ 103.25195, 22.67292 ], [ 103.26178, 22.66976 ], [ 103.27942, 22.67837 ], [ 103.28365, 22.68493 ], [ 103.28196, 22.70111 ], [ 103.28803, 22.70836 ], [ 103.28637, 22.71351 ], [ 103.28913, 22.72068 ], [ 103.28582, 22.72575 ], [ 103.28541, 22.7371 ], [ 103.30094, 22.75204 ], [ 103.30218, 22.75846 ], [ 103.30982, 22.76319 ], [ 103.30888, 22.76742 ], [ 103.31425, 22.77723 ], [ 103.3198, 22.7802 ], [ 103.31944, 22.80765 ], [ 103.32735, 22.81129 ], [ 103.33432, 22.80599 ], [ 103.36792, 22.80044 ], [ 103.38585, 22.78835 ], [ 103.38525, 22.7853 ], [ 103.39035, 22.78144 ], [ 103.40922, 22.7785 ], [ 103.41403, 22.77433 ], [ 103.41721, 22.7635 ], [ 103.43994, 22.75325 ], [ 103.44083, 22.74107 ], [ 103.42771, 22.73331 ], [ 103.43093, 22.72452 ], [ 103.42618, 22.71452 ], [ 103.43142, 22.7105 ], [ 103.43192, 22.70277 ], [ 103.44002, 22.69291 ], [ 103.45087, 22.68788 ], [ 103.46047, 22.67823 ], [ 103.45557, 22.66914 ], [ 103.45567, 22.66152 ], [ 103.45759, 22.65701 ], [ 103.46468, 22.65392 ], [ 103.46516, 22.6471 ], [ 103.47697, 22.64003 ], [ 103.47735, 22.63232 ], [ 103.48489, 22.62881 ], [ 103.48815, 22.61944 ], [ 103.50762, 22.61112 ], [ 103.5052, 22.60519 ], [ 103.53037, 22.5948 ], [ 103.53307, 22.58417 ], [ 103.54793, 22.58851 ], [ 103.5722, 22.57875 ], [ 103.56633, 22.56837 ], [ 103.58092, 22.54975 ], [ 103.58449, 22.53122 ], [ 103.59546, 22.52586 ], [ 103.58591, 22.51144 ], [ 103.58785, 22.50688 ], [ 103.58265, 22.49839 ], [ 103.57678, 22.49068 ], [ 103.56605, 22.48483 ], [ 103.55508, 22.47084 ], [ 103.5565, 22.46307 ], [ 103.56875, 22.45719 ], [ 103.57169, 22.44734 ], [ 103.57735, 22.44678 ], [ 103.58121, 22.43876 ], [ 103.58837, 22.43616 ], [ 103.5883, 22.42873 ], [ 103.60356, 22.42439 ], [ 103.60365, 22.41045 ], [ 103.62634, 22.3962 ], [ 103.64597, 22.40449 ], [ 103.67583, 22.40348 ], [ 103.69651, 22.40848 ], [ 103.70075, 22.40544 ], [ 103.71149, 22.40854 ], [ 103.71518, 22.41364 ], [ 103.72333, 22.41225 ], [ 103.72717, 22.41512 ], [ 103.73933, 22.4129 ], [ 103.74662, 22.40809 ], [ 103.76529, 22.39034 ], [ 103.76841, 22.37951 ], [ 103.76591, 22.37311 ], [ 103.76665, 22.35552 ], [ 103.78111, 22.34712 ], [ 103.77739, 22.34237 ], [ 103.78184, 22.33761 ], [ 103.7692, 22.33185 ], [ 103.77311, 22.32635 ], [ 103.76119, 22.31157 ], [ 103.77157, 22.30932 ], [ 103.77495, 22.30301 ], [ 103.79014, 22.30119 ], [ 103.82458, 22.27256 ], [ 103.8291, 22.26003 ], [ 103.84277, 22.24241 ], [ 103.84238, 22.22591 ], [ 103.85162, 22.2199 ], [ 103.85724, 22.20575 ], [ 103.873, 22.19917 ], [ 103.87238, 22.18933 ], [ 103.86532, 22.18266 ], [ 103.86845, 22.17838 ], [ 103.88793, 22.17434 ], [ 103.89915, 22.15794 ], [ 103.90765, 22.15569 ], [ 103.91598, 22.14366 ], [ 103.93813, 22.1398 ], [ 103.93938, 22.1263 ], [ 103.93616, 22.12252 ], [ 103.94433, 22.10597 ], [ 103.93845, 22.08154 ], [ 103.94325, 22.07996 ], [ 103.94366, 22.075 ], [ 103.95373, 22.06191 ], [ 103.95727, 22.04893 ], [ 103.95309, 22.02623 ], [ 103.96545, 22.01283 ], [ 103.96141, 22.00413 ], [ 103.95448, 21.99993 ], [ 103.98502, 21.96701 ], [ 103.97697, 21.96003 ], [ 103.97123, 21.95955 ], [ 103.96304, 21.94778 ], [ 103.96061, 21.93551 ], [ 103.94302, 21.91771 ], [ 103.92905, 21.92332 ], [ 103.92564, 21.92953 ], [ 103.91964, 21.93221 ], [ 103.90559, 21.92105 ], [ 103.89348, 21.92117 ], [ 103.88597, 21.90626 ], [ 103.88914, 21.90057 ], [ 103.88689, 21.8917 ], [ 103.88927, 21.86525 ], [ 103.92015, 21.83674 ], [ 103.91759, 21.82918 ], [ 103.93557, 21.81917 ], [ 103.93877, 21.81165 ], [ 103.94471, 21.81004 ], [ 103.94496, 21.80519 ], [ 103.95299, 21.79716 ], [ 103.95187, 21.78821 ], [ 103.956, 21.78726 ], [ 103.96091, 21.77538 ], [ 103.96687, 21.77089 ], [ 103.96392, 21.75575 ], [ 103.95927, 21.75726 ], [ 103.95545, 21.75383 ], [ 103.95152, 21.75697 ], [ 103.95313, 21.7409 ], [ 103.94255, 21.74354 ], [ 103.93829, 21.73869 ], [ 103.93111, 21.74361 ], [ 103.9156, 21.73484 ], [ 103.91757, 21.72418 ], [ 103.91199, 21.71638 ], [ 103.92278, 21.70348 ], [ 103.91789, 21.69684 ], [ 103.90525, 21.6948 ], [ 103.88979, 21.70151 ], [ 103.88243, 21.70885 ], [ 103.88126, 21.68799 ], [ 103.87826, 21.68588 ], [ 103.86452, 21.68869 ], [ 103.86129, 21.69283 ], [ 103.85336, 21.68941 ], [ 103.84905, 21.7012 ], [ 103.84199, 21.70135 ], [ 103.83782, 21.7065 ], [ 103.8381, 21.71676 ], [ 103.83279, 21.72939 ], [ 103.83692, 21.73789 ], [ 103.83322, 21.74383 ], [ 103.82603, 21.73511 ], [ 103.81409, 21.74026 ], [ 103.80744, 21.73704 ], [ 103.79016, 21.76293 ], [ 103.78323, 21.76291 ], [ 103.77908, 21.77858 ], [ 103.75437, 21.77956 ], [ 103.75346, 21.78823 ], [ 103.76001, 21.80789 ], [ 103.74167, 21.8101 ], [ 103.72421, 21.80634 ], [ 103.72235, 21.81057 ], [ 103.71559, 21.81274 ], [ 103.71104, 21.82195 ], [ 103.69733, 21.82448 ], [ 103.69427, 21.83091 ], [ 103.6964, 21.83785 ], [ 103.70615, 21.84291 ], [ 103.70843, 21.85376 ], [ 103.72125, 21.87072 ], [ 103.72298, 21.87881 ], [ 103.71628, 21.87993 ], [ 103.71555, 21.88562 ], [ 103.70513, 21.88431 ], [ 103.70638, 21.9011 ], [ 103.70388, 21.90644 ], [ 103.68334, 21.92073 ], [ 103.68993, 21.93182 ], [ 103.68871, 21.94068 ], [ 103.66565, 21.95074 ], [ 103.65945, 21.96632 ], [ 103.66169, 21.97294 ], [ 103.65785, 21.98175 ], [ 103.65212, 21.98528 ], [ 103.6517, 21.99286 ], [ 103.64458, 21.99444 ], [ 103.63409, 21.98985 ], [ 103.61333, 22.0016 ], [ 103.60757, 22.01205 ], [ 103.57021, 22.01947 ], [ 103.56171, 22.02438 ], [ 103.55386, 22.02379 ], [ 103.54569, 22.03071 ], [ 103.525, 22.02476 ], [ 103.5106, 22.01028 ], [ 103.51385, 22.00546 ], [ 103.51134, 21.99772 ], [ 103.51346, 21.99112 ], [ 103.50809, 21.98301 ], [ 103.50119, 21.98055 ], [ 103.496864288578337, 21.969795523907901 ], [ 103.50256, 21.96589 ], [ 103.50548, 21.95521 ], [ 103.50037, 21.95255 ], [ 103.49844, 21.94456 ], [ 103.4845, 21.93832 ], [ 103.48491, 21.93406 ], [ 103.48892, 21.93299 ], [ 103.48341, 21.92954 ], [ 103.48431, 21.92106 ], [ 103.48004, 21.91579 ], [ 103.47955, 21.90866 ], [ 103.48667, 21.90336 ], [ 103.48281, 21.89499 ], [ 103.48954, 21.88972 ], [ 103.48787, 21.88423 ], [ 103.4948, 21.87522 ], [ 103.50677, 21.8728 ], [ 103.52232, 21.86146 ], [ 103.52357, 21.85289 ], [ 103.53005, 21.84214 ], [ 103.5295, 21.83319 ], [ 103.53853, 21.82951 ], [ 103.54211, 21.82128 ], [ 103.53638, 21.81418 ], [ 103.54748, 21.79954 ], [ 103.54111, 21.77742 ], [ 103.55843, 21.76208 ], [ 103.56139, 21.74927 ], [ 103.57259, 21.73956 ], [ 103.57079, 21.73653 ], [ 103.58604, 21.70739 ], [ 103.58524, 21.7018 ], [ 103.59351, 21.69304 ], [ 103.59857, 21.68167 ], [ 103.59446, 21.67463 ], [ 103.58415, 21.68521 ], [ 103.57649, 21.68329 ], [ 103.56789, 21.67781 ], [ 103.56699, 21.67214 ], [ 103.56047, 21.66758 ], [ 103.55706, 21.65597 ], [ 103.54165, 21.64564 ], [ 103.54503, 21.63991 ], [ 103.55098, 21.63819 ], [ 103.5508, 21.63264 ], [ 103.55989, 21.62664 ], [ 103.55402, 21.62078 ], [ 103.55549, 21.61741 ], [ 103.54788, 21.60234 ], [ 103.53952, 21.60092 ], [ 103.53778, 21.5901 ], [ 103.53465, 21.59095 ], [ 103.53056, 21.58673 ], [ 103.53407, 21.56865 ], [ 103.51921, 21.56499 ], [ 103.52252, 21.54297 ], [ 103.51714, 21.5328 ], [ 103.50309, 21.53366 ], [ 103.4891, 21.52715 ], [ 103.48489, 21.5207 ], [ 103.47419, 21.52054 ], [ 103.47062, 21.51678 ], [ 103.46358, 21.51967 ], [ 103.45951, 21.51789 ], [ 103.46192, 21.51224 ], [ 103.45166, 21.50183 ], [ 103.45114, 21.49168 ], [ 103.44786, 21.48704 ], [ 103.45422, 21.4802 ], [ 103.4568, 21.45765 ], [ 103.44644, 21.44313 ], [ 103.4491, 21.43827 ], [ 103.4409, 21.43118 ], [ 103.42359, 21.43088 ], [ 103.41784, 21.42664 ], [ 103.39186, 21.43679 ], [ 103.38573, 21.43376 ], [ 103.3781, 21.43597 ], [ 103.37965, 21.43001 ], [ 103.37627, 21.42793 ], [ 103.36617, 21.42907 ], [ 103.35403, 21.42469 ], [ 103.34297, 21.42881 ], [ 103.33771, 21.41759 ], [ 103.33108, 21.41543 ], [ 103.33694, 21.4107 ], [ 103.34018, 21.39987 ], [ 103.345, 21.3996 ], [ 103.3586, 21.38828 ], [ 103.36258, 21.37185 ], [ 103.38837, 21.36758 ], [ 103.38803, 21.36048 ], [ 103.37161, 21.34068 ], [ 103.36975, 21.33155 ], [ 103.38142, 21.32853 ], [ 103.39737, 21.31728 ], [ 103.41502, 21.31943 ], [ 103.43275, 21.31071 ], [ 103.4412, 21.28237 ], [ 103.43931, 21.26375 ], [ 103.43082, 21.25194 ], [ 103.43661, 21.24134 ], [ 103.43161, 21.22421 ], [ 103.43491, 21.22053 ], [ 103.43262, 21.20827 ], [ 103.43813, 21.19166 ], [ 103.43384, 21.16907 ], [ 103.4281, 21.16304 ], [ 103.41503, 21.16891 ], [ 103.39529, 21.14817 ], [ 103.40063, 21.12993 ], [ 103.40208, 21.10515 ], [ 103.40873, 21.08745 ], [ 103.4251, 21.06894 ], [ 103.42212, 21.06495 ], [ 103.40219, 21.06006 ], [ 103.3921, 21.06364 ], [ 103.37153, 21.06235 ], [ 103.36578, 21.07102 ], [ 103.35856, 21.07205 ], [ 103.33391, 21.09184 ], [ 103.31738, 21.09582 ], [ 103.31285, 21.09272 ], [ 103.30936, 21.09617 ], [ 103.29473, 21.09852 ], [ 103.28648, 21.0933 ], [ 103.29278, 21.08402 ], [ 103.2878, 21.07797 ], [ 103.29339, 21.07526 ], [ 103.3019, 21.06152 ], [ 103.29999, 21.05931 ], [ 103.28943, 21.06141 ], [ 103.28204, 21.06601 ], [ 103.28107, 21.06057 ], [ 103.27568, 21.06267 ], [ 103.27863, 21.05901 ], [ 103.27389, 21.05239 ], [ 103.27749, 21.05096 ], [ 103.27591, 21.0445 ], [ 103.28624, 21.03517 ], [ 103.28493, 21.0298 ], [ 103.28893, 21.02748 ], [ 103.28673, 21.02618 ], [ 103.29195, 21.0248 ], [ 103.28889, 21.02121 ], [ 103.29214, 21.01722 ], [ 103.28336, 21.01414 ], [ 103.28665, 21.01186 ], [ 103.28513, 21.00499 ], [ 103.27971, 21.00377 ], [ 103.28104, 20.9991 ], [ 103.28488, 20.99998 ], [ 103.28336, 20.99744 ], [ 103.28983, 20.99483 ], [ 103.29406, 20.97637 ], [ 103.29942, 20.97029 ], [ 103.29778, 20.95581 ], [ 103.3024, 20.94548 ], [ 103.28936, 20.94757 ], [ 103.27727, 20.93794 ], [ 103.27837, 20.92043 ], [ 103.28975, 20.90804 ], [ 103.2811, 20.90083 ], [ 103.28178, 20.89621 ], [ 103.27328, 20.90237 ], [ 103.26714, 20.90173 ], [ 103.24572, 20.89204 ], [ 103.21722, 20.89546 ], [ 103.21032, 20.90205 ], [ 103.2001, 20.90262 ], [ 103.19753, 20.90607 ] ], [ [ 102.33064, 22.53382 ], [ 102.336091219166576, 22.529801672728638 ], [ 102.32508, 22.54368 ], [ 102.33064, 22.53382 ] ], [ [ 102.33939, 22.52737 ], [ 102.34296, 22.52824 ], [ 102.33711898285145, 22.529044064069499 ], [ 102.33939, 22.52737 ] ], [ [ 102.61726, 22.20344 ], [ 102.618138157476864, 22.202292424391761 ], [ 102.617865385580856, 22.205580352299542 ], [ 102.61726, 22.20344 ] ], [ [ 102.67699, 22.26278 ], [ 102.6643, 22.25542 ], [ 102.66248, 22.25345 ], [ 102.67699, 22.26278 ] ], [ [ 102.82015, 22.06516 ], [ 102.79649, 22.08011 ], [ 102.787647831601589, 22.083507764258837 ], [ 102.82015, 22.06516 ] ], [ [ 102.98726, 21.66255 ], [ 102.98772, 21.66235 ], [ 102.98776, 21.66338 ], [ 102.98726, 21.66255 ] ] ] } },
{ "type": "Feature", "properties": { "NAME_1": "Đắk Lắk", "id": "15", "GID_1": "VNM.15_1", "GID_0": "VNM", "COUNTRY": "Vietnam", "VARNAME_1": "Dak Lak", "NL_NAME_1": "NA", "TYPE_1": "Tỉnh", "ENGTYPE_1": "Province", "CC_1": "NA", "HASC_1": "VN.DC", "ISO_1": "NA" }, "geometry": { "type": "Polygon", "coordinates": [ [ [ 107.70924, 11.92239 ], [ 107.70187, 11.91579 ], [ 107.68939, 11.91996 ], [ 107.6849, 11.91591 ], [ 107.67361, 11.91352 ], [ 107.67603, 11.9024 ], [ 107.67166, 11.89549 ], [ 107.67769, 11.88942 ], [ 107.67259, 11.88565 ], [ 107.66232, 11.88688 ], [ 107.65982, 11.87583 ], [ 107.64986, 11.87492 ], [ 107.64004, 11.86568 ], [ 107.62929, 11.86477 ], [ 107.61949, 11.83908 ], [ 107.60545, 11.83802 ], [ 107.59231, 11.82592 ], [ 107.57827, 11.82134 ], [ 107.56181, 11.80544 ], [ 107.55289, 11.79203 ], [ 107.54375, 11.78974 ], [ 107.53587, 11.79772 ], [ 107.52806, 11.79947 ], [ 107.51074, 11.79796 ], [ 107.50714, 11.80399 ], [ 107.50234, 11.79865 ], [ 107.48028, 11.79098 ], [ 107.47362, 11.77106 ], [ 107.46299, 11.76101 ], [ 107.45052, 11.75795 ], [ 107.43301, 11.76598 ], [ 107.43241, 11.76217 ], [ 107.41708, 11.74901 ], [ 107.40262, 11.75525 ], [ 107.3974, 11.76568 ], [ 107.39124, 11.76664 ], [ 107.39931, 11.77709 ], [ 107.39516, 11.78088 ], [ 107.39723, 11.785 ], [ 107.39286, 11.78892 ], [ 107.39312, 11.79493 ], [ 107.39611, 11.79619 ], [ 107.39576, 11.80011 ], [ 107.40129, 11.79781 ], [ 107.40961, 11.80691 ], [ 107.40474, 11.81344 ], [ 107.40527, 11.81864 ], [ 107.41357, 11.82655 ], [ 107.41411, 11.83403 ], [ 107.41795, 11.83113 ], [ 107.41641, 11.83707 ], [ 107.41924, 11.842 ], [ 107.42695, 11.84428 ], [ 107.42575, 11.8594 ], [ 107.41862, 11.86543 ], [ 107.41257, 11.86412 ], [ 107.40581, 11.86734 ], [ 107.40137, 11.88938 ], [ 107.38587, 11.91237 ], [ 107.38557, 11.91873 ], [ 107.36953, 11.92796 ], [ 107.36758, 11.93298 ], [ 107.35283, 11.93922 ], [ 107.35684, 11.93984 ], [ 107.352, 11.94671 ], [ 107.35519, 11.94723 ], [ 107.3569, 11.95225 ], [ 107.35245, 11.95387 ], [ 107.35306, 11.96176 ], [ 107.34839, 11.966 ], [ 107.35125, 11.96819 ], [ 107.33202, 11.99464 ], [ 107.32429, 11.99981 ], [ 107.32451, 12.0031 ], [ 107.31367, 12.00821 ], [ 107.30805, 12.00567 ], [ 107.30392, 12.01051 ], [ 107.29404, 12.00957 ], [ 107.29601, 12.01582 ], [ 107.29094, 12.01886 ], [ 107.29169, 12.0216 ], [ 107.28996, 12.01574 ], [ 107.28384, 12.0182 ], [ 107.27999, 12.01279 ], [ 107.27848, 12.01779 ], [ 107.27591, 12.01332 ], [ 107.27072, 12.01731 ], [ 107.26842, 12.01361 ], [ 107.26115, 12.02044 ], [ 107.25233, 12.021 ], [ 107.24956, 12.02606 ], [ 107.24271, 12.02588 ], [ 107.24564, 12.0345 ], [ 107.24265, 12.03915 ], [ 107.2404, 12.0337 ], [ 107.23679, 12.03701 ], [ 107.23363, 12.0278 ], [ 107.23064, 12.02869 ], [ 107.23416, 12.04451 ], [ 107.2294, 12.08616 ], [ 107.23312, 12.08999 ], [ 107.23176, 12.09876 ], [ 107.24012, 12.11437 ], [ 107.22834, 12.11562 ], [ 107.22671, 12.12298 ], [ 107.2217, 12.12593 ], [ 107.22955, 12.13509 ], [ 107.20673, 12.2984 ], [ 107.22024, 12.29954 ], [ 107.2214, 12.29534 ], [ 107.22201, 12.29799 ], [ 107.22404, 12.29537 ], [ 107.23061, 12.29589 ], [ 107.25068, 12.31149 ], [ 107.26213, 12.31442 ], [ 107.26941, 12.32528 ], [ 107.28132, 12.32204 ], [ 107.29191, 12.32817 ], [ 107.30274, 12.32844 ], [ 107.30925, 12.3332 ], [ 107.31266, 12.3223 ], [ 107.31732, 12.32146 ], [ 107.32676, 12.32606 ], [ 107.33776, 12.32648 ], [ 107.34461, 12.33489 ], [ 107.34954, 12.32679 ], [ 107.36279, 12.3194 ], [ 107.3752, 12.30567 ], [ 107.37791, 12.29618 ], [ 107.38327, 12.29504 ], [ 107.38383, 12.28817 ], [ 107.38894, 12.2851 ], [ 107.38714, 12.27102 ], [ 107.39876, 12.26119 ], [ 107.39798, 12.25709 ], [ 107.41406, 12.24768 ], [ 107.41687, 12.24043 ], [ 107.42178, 12.24697 ], [ 107.43407, 12.24611 ], [ 107.43661, 12.25812 ], [ 107.44211, 12.2649 ], [ 107.43833, 12.27143 ], [ 107.44413, 12.27924 ], [ 107.446, 12.29061 ], [ 107.46333, 12.2981 ], [ 107.46977, 12.31172 ], [ 107.51115, 12.32876 ], [ 107.51589, 12.33671 ], [ 107.52702, 12.3403 ], [ 107.52792, 12.34661 ], [ 107.53346, 12.3453 ], [ 107.53689, 12.35187 ], [ 107.5439, 12.35088 ], [ 107.54755, 12.3608 ], [ 107.54481, 12.37197 ], [ 107.55433, 12.3793 ], [ 107.54334, 12.39967 ], [ 107.5458, 12.40429 ], [ 107.54381, 12.41548 ], [ 107.55173, 12.42158 ], [ 107.5548, 12.43392 ], [ 107.5676, 12.45428 ], [ 107.56497, 12.4569 ], [ 107.5688, 12.46406 ], [ 107.56534, 12.47042 ], [ 107.57583, 12.4786 ], [ 107.57979, 12.49532 ], [ 107.56938, 12.50377 ], [ 107.56915, 12.51228 ], [ 107.56242, 12.5166 ], [ 107.56257, 12.5222 ], [ 107.56514, 12.52727 ], [ 107.577, 12.53467 ], [ 107.57803, 12.54603 ], [ 107.58954, 12.55867 ], [ 107.58255, 12.56795 ], [ 107.57933, 12.58106 ], [ 107.58597, 12.59798 ], [ 107.58082, 12.61016 ], [ 107.58463, 12.61289 ], [ 107.57203, 12.62838 ], [ 107.57385, 12.63141 ], [ 107.56923, 12.64258 ], [ 107.56928, 12.64852 ], [ 107.57388, 12.65083 ], [ 107.56924, 12.65639 ], [ 107.57061, 12.66751 ], [ 107.57621, 12.67061 ], [ 107.57671, 12.67723 ], [ 107.58206, 12.67965 ], [ 107.57791, 12.68163 ], [ 107.57865, 12.68445 ], [ 107.57364, 12.69266 ], [ 107.57025, 12.69326 ], [ 107.56704, 12.70343 ], [ 107.5599, 12.70801 ], [ 107.55915, 12.71292 ], [ 107.56763, 12.72819 ], [ 107.56303, 12.7385 ], [ 107.56445, 12.74712 ], [ 107.56, 12.74684 ], [ 107.55944, 12.74996 ], [ 107.56224, 12.77415 ], [ 107.55912, 12.78186 ], [ 107.56274, 12.7875 ], [ 107.56051, 12.79528 ], [ 107.55728, 12.8047 ], [ 107.55238, 12.8061 ], [ 107.55422, 12.81754 ], [ 107.55077, 12.81954 ], [ 107.55115, 12.82321 ], [ 107.54551, 12.82205 ], [ 107.54072, 12.83476 ], [ 107.52656, 12.84039 ], [ 107.52218, 12.85342 ], [ 107.51128, 12.85762 ], [ 107.51135, 12.86956 ], [ 107.50505, 12.87128 ], [ 107.49877, 12.87817 ], [ 107.49665, 12.89294 ], [ 107.4919, 12.89593 ], [ 107.49689, 12.90462 ], [ 107.49593, 12.91144 ], [ 107.49932, 12.91156 ], [ 107.50226, 12.91661 ], [ 107.49313, 12.92387 ], [ 107.49593, 12.93014 ], [ 107.49282, 12.9308 ], [ 107.49375, 12.93706 ], [ 107.48474, 12.94461 ], [ 107.48803, 12.94965 ], [ 107.48564, 12.9537 ], [ 107.48708, 12.96139 ], [ 107.4904, 12.96554 ], [ 107.48822, 12.97105 ], [ 107.50427, 12.97582 ], [ 107.49665, 12.98567 ], [ 107.49826, 12.99844 ], [ 107.49099, 13.00199 ], [ 107.49142, 13.02046 ], [ 107.49462, 13.02252 ], [ 107.54798, 13.17015 ], [ 107.60281, 13.30149 ], [ 107.6147, 13.30764 ], [ 107.61615, 13.312 ], [ 107.62914, 13.31454 ], [ 107.63097, 13.32123 ], [ 107.6392, 13.32214 ], [ 107.64035, 13.32899 ], [ 107.64893, 13.32568 ], [ 107.64983, 13.34256 ], [ 107.65509, 13.34296 ], [ 107.66288, 13.35038 ], [ 107.67082, 13.3496 ], [ 107.67434, 13.35726 ], [ 107.68448, 13.36379 ], [ 107.68895, 13.36205 ], [ 107.69584, 13.37275 ], [ 107.70438, 13.3749 ], [ 107.71008, 13.36967 ], [ 107.71716, 13.3742 ], [ 107.72068, 13.36944 ], [ 107.72964, 13.36614 ], [ 107.73694, 13.36731 ], [ 107.74868, 13.36339 ], [ 107.75201, 13.36978 ], [ 107.76324, 13.37193 ], [ 107.7621, 13.36756 ], [ 107.76497, 13.36489 ], [ 107.76814, 13.36931 ], [ 107.78617, 13.3757 ], [ 107.79222, 13.38186 ], [ 107.79994, 13.38121 ], [ 107.79761, 13.38746 ], [ 107.80143, 13.39379 ], [ 107.81686, 13.39285 ], [ 107.83923, 13.40051 ], [ 107.85168, 13.3893 ], [ 107.87653, 13.39361 ], [ 107.88657, 13.38486 ], [ 107.9072, 13.38888 ], [ 107.92071, 13.37982 ], [ 107.94252, 13.37339 ], [ 107.94405, 13.38012 ], [ 107.9495, 13.38064 ], [ 107.94958, 13.38541 ], [ 107.9586, 13.38036 ], [ 107.9742, 13.38125 ], [ 107.98116, 13.38372 ], [ 107.98041, 13.39069 ], [ 107.98383, 13.39273 ], [ 107.99345, 13.38893 ], [ 107.99793, 13.39048 ], [ 108.00941, 13.38099 ], [ 108.01485, 13.38615 ], [ 108.02187, 13.38703 ], [ 108.02699, 13.3951 ], [ 108.03337, 13.39567 ], [ 108.03595, 13.40282 ], [ 108.04093, 13.39929 ], [ 108.04536, 13.40094 ], [ 108.05345, 13.41234 ], [ 108.05736, 13.40748 ], [ 108.06406, 13.40933 ], [ 108.06473, 13.40639 ], [ 108.06943, 13.40934 ], [ 108.07298, 13.39962 ], [ 108.07941, 13.4045 ], [ 108.08067, 13.39987 ], [ 108.08979, 13.40888 ], [ 108.10689, 13.40968 ], [ 108.11298, 13.41648 ], [ 108.12554, 13.40907 ], [ 108.12974, 13.41132 ], [ 108.13718, 13.40701 ], [ 108.14426, 13.40756 ], [ 108.15109, 13.39955 ], [ 108.16111, 13.40125 ], [ 108.16466, 13.39437 ], [ 108.17423, 13.3915 ], [ 108.1778, 13.38371 ], [ 108.19743, 13.37875 ], [ 108.20329, 13.37332 ], [ 108.20916, 13.3765 ], [ 108.21314, 13.36821 ], [ 108.23815, 13.37334 ], [ 108.24265, 13.36814 ], [ 108.24603, 13.37108 ], [ 108.2587, 13.36943 ], [ 108.2641, 13.37226 ], [ 108.28133, 13.36125 ], [ 108.28854, 13.35044 ], [ 108.2967, 13.35173 ], [ 108.31558, 13.34713 ], [ 108.33708, 13.33787 ], [ 108.34701, 13.33917 ], [ 108.34572, 13.33206 ], [ 108.35288, 13.32974 ], [ 108.35577, 13.31542 ], [ 108.36208, 13.31485 ], [ 108.37247, 13.30253 ], [ 108.36903, 13.30174 ], [ 108.3686, 13.29526 ], [ 108.37327, 13.28822 ], [ 108.37224, 13.26737 ], [ 108.37694, 13.26689 ], [ 108.38859, 13.25696 ], [ 108.39854, 13.25568 ], [ 108.40521, 13.26042 ], [ 108.40942, 13.25612 ], [ 108.41087, 13.24771 ], [ 108.42149, 13.2407 ], [ 108.4174, 13.23458 ], [ 108.42217, 13.22685 ], [ 108.41638, 13.22228 ], [ 108.42365, 13.19772 ], [ 108.43682, 13.1793 ], [ 108.46378, 13.1624 ], [ 108.46131, 13.14887 ], [ 108.46428, 13.14702 ], [ 108.46454, 13.1411 ], [ 108.46996, 13.14086 ], [ 108.46729, 13.13572 ], [ 108.4603, 13.13414 ], [ 108.45721, 13.12643 ], [ 108.46487, 13.11689 ], [ 108.4726, 13.11832 ], [ 108.49078, 13.10844 ], [ 108.49285, 13.10452 ], [ 108.48845, 13.09869 ], [ 108.49669, 13.09426 ], [ 108.49991, 13.08442 ], [ 108.5189, 13.0717 ], [ 108.51785, 13.06746 ], [ 108.52136, 13.06334 ], [ 108.51669, 13.06025 ], [ 108.51111, 13.04599 ], [ 108.51314, 13.03443 ], [ 108.53771, 13.03225 ], [ 108.56797, 13.01968 ], [ 108.57747, 13.02813 ], [ 108.59167, 13.02952 ], [ 108.60053, 13.01793 ], [ 108.60645, 13.01799 ], [ 108.61405, 13.00735 ], [ 108.61858, 13.01036 ], [ 108.62747, 13.00748 ], [ 108.6451, 13.01049 ], [ 108.6506, 13.00298 ], [ 108.65909, 12.99869 ], [ 108.6676, 13.00448 ], [ 108.67566, 12.99643 ], [ 108.67263, 12.99304 ], [ 108.67794, 12.9838 ], [ 108.69056, 12.98089 ], [ 108.69262, 12.97221 ], [ 108.70503, 12.96584 ], [ 108.70452, 12.95344 ], [ 108.70045, 12.94801 ], [ 108.70497, 12.94214 ], [ 108.71206, 12.94143 ], [ 108.71095, 12.94545 ], [ 108.71829, 12.94831 ], [ 108.71892, 12.95466 ], [ 108.75355, 12.94485 ], [ 108.75373, 12.93828 ], [ 108.76025, 12.93208 ], [ 108.763, 12.9218 ], [ 108.77049, 12.91625 ], [ 108.7742, 12.89922 ], [ 108.78066, 12.89688 ], [ 108.78461, 12.89026 ], [ 108.78962, 12.87172 ], [ 108.7971, 12.86765 ], [ 108.79744, 12.87117 ], [ 108.80522, 12.87425 ], [ 108.81557, 12.8747 ], [ 108.82217, 12.86679 ], [ 108.8299, 12.86709 ], [ 108.83308, 12.86209 ], [ 108.85048, 12.85423 ], [ 108.85009, 12.83566 ], [ 108.85542, 12.82818 ], [ 108.86462, 12.8244 ], [ 108.86775, 12.8169 ], [ 108.88045, 12.81386 ], [ 108.88693, 12.81722 ], [ 108.9036, 12.81436 ], [ 108.91148, 12.8086 ], [ 108.91708, 12.81122 ], [ 108.93781, 12.8102 ], [ 108.94024, 12.80471 ], [ 108.94086, 12.80706 ], [ 108.94621, 12.80594 ], [ 108.94825, 12.81126 ], [ 108.95332, 12.8102 ], [ 108.96425, 12.81615 ], [ 108.97265, 12.81561 ], [ 108.97392, 12.80452 ], [ 108.97052, 12.79998 ], [ 108.97611, 12.79653 ], [ 108.97191, 12.79065 ], [ 108.97559, 12.78978 ], [ 108.97706, 12.78452 ], [ 108.98061, 12.78665 ], [ 108.98077, 12.78286 ], [ 108.98788, 12.78152 ], [ 108.98547, 12.77101 ], [ 108.99133, 12.7616 ], [ 108.99155, 12.75448 ], [ 108.98403, 12.74227 ], [ 108.98738, 12.72709 ], [ 108.99456, 12.72103 ], [ 108.99541, 12.71443 ], [ 108.99113, 12.70495 ], [ 108.98557, 12.70342 ], [ 108.98914, 12.69059 ], [ 108.97807, 12.68229 ], [ 108.96655, 12.68655 ], [ 108.96069, 12.68479 ], [ 108.94266, 12.69427 ], [ 108.9189, 12.67925 ], [ 108.90277, 12.67638 ], [ 108.90169, 12.67203 ], [ 108.91456, 12.6608 ], [ 108.91128, 12.64037 ], [ 108.89497, 12.62423 ], [ 108.87492, 12.62517 ], [ 108.86156, 12.60611 ], [ 108.86399, 12.59399 ], [ 108.87876, 12.58804 ], [ 108.88368, 12.58093 ], [ 108.89209, 12.58029 ], [ 108.89458, 12.57471 ], [ 108.89305, 12.56748 ], [ 108.89731, 12.5643 ], [ 108.89008, 12.54523 ], [ 108.88275, 12.54135 ], [ 108.87328, 12.52664 ], [ 108.8783, 12.51385 ], [ 108.87298, 12.51293 ], [ 108.87283, 12.50643 ], [ 108.85825, 12.49205 ], [ 108.87839, 12.47945 ], [ 108.87567, 12.4696 ], [ 108.86957, 12.46691 ], [ 108.86777, 12.45563 ], [ 108.87026, 12.45332 ], [ 108.86321, 12.45316 ], [ 108.84955, 12.45746 ], [ 108.84658, 12.46181 ], [ 108.8368, 12.46303 ], [ 108.83438, 12.46905 ], [ 108.82041, 12.47487 ], [ 108.8143, 12.48321 ], [ 108.80802, 12.48466 ], [ 108.80426, 12.48019 ], [ 108.79942, 12.48031 ], [ 108.79538, 12.48654 ], [ 108.79732, 12.49108 ], [ 108.79417, 12.49747 ], [ 108.7786, 12.50594 ], [ 108.76851, 12.5039 ], [ 108.76394, 12.49813 ], [ 108.75515, 12.50056 ], [ 108.75113, 12.49757 ], [ 108.74837, 12.48067 ], [ 108.73927, 12.47507 ], [ 108.71537, 12.48431 ], [ 108.69994, 12.47249 ], [ 108.69877, 12.46128 ], [ 108.67268, 12.43153 ], [ 108.66932, 12.42274 ], [ 108.67585, 12.41568 ], [ 108.67972, 12.41563 ], [ 108.67831, 12.40811 ], [ 108.67282, 12.40206 ], [ 108.67873, 12.39205 ], [ 108.68536, 12.38984 ], [ 108.68563, 12.38279 ], [ 108.68256, 12.38013 ], [ 108.68777, 12.37805 ], [ 108.68929, 12.37314 ], [ 108.68754, 12.36438 ], [ 108.68299, 12.36203 ], [ 108.67696, 12.34825 ], [ 108.68536, 12.32336 ], [ 108.66637, 12.29908 ], [ 108.64938, 12.29279 ], [ 108.64538, 12.29487 ], [ 108.62527, 12.28998 ], [ 108.61932, 12.2815 ], [ 108.61615, 12.28406 ], [ 108.60838, 12.28332 ], [ 108.59495, 12.27693 ], [ 108.58559, 12.28216 ], [ 108.5892, 12.28819 ], [ 108.57927, 12.2856 ], [ 108.57981, 12.28862 ], [ 108.57484, 12.28825 ], [ 108.57453, 12.29153 ], [ 108.57091, 12.28971 ], [ 108.5696, 12.29548 ], [ 108.56487, 12.29212 ], [ 108.55219, 12.2958 ], [ 108.55008, 12.29213 ], [ 108.54267, 12.2976 ], [ 108.53613, 12.29076 ], [ 108.53991, 12.28643 ], [ 108.53806, 12.2831 ], [ 108.5312, 12.27901 ], [ 108.52091, 12.2807 ], [ 108.51125, 12.2771 ], [ 108.50011, 12.28359 ], [ 108.49984, 12.29233 ], [ 108.49274, 12.30489 ], [ 108.4854, 12.30505 ], [ 108.48398, 12.30991 ], [ 108.48052, 12.30563 ], [ 108.48363, 12.29959 ], [ 108.47475, 12.30029 ], [ 108.47575, 12.29429 ], [ 108.47195, 12.28809 ], [ 108.46946, 12.29506 ], [ 108.46548, 12.29713 ], [ 108.46655, 12.28365 ], [ 108.46004, 12.27586 ], [ 108.45699, 12.27675 ], [ 108.4586, 12.28311 ], [ 108.45065, 12.27335 ], [ 108.44621, 12.27287 ], [ 108.44276, 12.2778 ], [ 108.44104, 12.26867 ], [ 108.44356, 12.26301 ], [ 108.44012, 12.26316 ], [ 108.43968, 12.25879 ], [ 108.43635, 12.25752 ], [ 108.43991, 12.25061 ], [ 108.43735, 12.2498 ], [ 108.42944, 12.25925 ], [ 108.42713, 12.25151 ], [ 108.41927, 12.24951 ], [ 108.413, 12.24358 ], [ 108.38747, 12.24109 ], [ 108.36948, 12.2543 ], [ 108.35601, 12.25483 ], [ 108.34669, 12.24748 ], [ 108.34328, 12.24911 ], [ 108.34197, 12.24529 ], [ 108.33485, 12.24721 ], [ 108.33305, 12.23542 ], [ 108.33967, 12.23396 ], [ 108.34005, 12.22853 ], [ 108.3304, 12.23045 ], [ 108.32114, 12.22386 ], [ 108.32224, 12.2198 ], [ 108.31158, 12.21843 ], [ 108.31094, 12.21464 ], [ 108.2965, 12.20292 ], [ 108.29509, 12.20853 ], [ 108.27679, 12.21408 ], [ 108.27255, 12.20496 ], [ 108.25958, 12.20027 ], [ 108.26044, 12.19223 ], [ 108.25269, 12.18906 ], [ 108.24829, 12.17862 ], [ 108.25423, 12.17143 ], [ 108.24659, 12.1687 ], [ 108.24119, 12.16067 ], [ 108.23817, 12.17577 ], [ 108.23052, 12.17701 ], [ 108.22801, 12.18297 ], [ 108.22373, 12.1722 ], [ 108.2168, 12.18386 ], [ 108.20974, 12.17836 ], [ 108.20931, 12.17257 ], [ 108.2044, 12.1707 ], [ 108.19771, 12.17323 ], [ 108.19713, 12.17741 ], [ 108.19099, 12.17709 ], [ 108.19044, 12.17313 ], [ 108.18493, 12.17422 ], [ 108.18224, 12.18408 ], [ 108.17818, 12.18566 ], [ 108.17239, 12.17969 ], [ 108.17284, 12.18671 ], [ 108.16798, 12.1888 ], [ 108.16521, 12.19676 ], [ 108.15334, 12.18833 ], [ 108.11937, 12.17561 ], [ 108.11287, 12.18436 ], [ 108.112440049486111, 12.188280137038445 ], [ 108.11063, 12.17961 ], [ 108.11411, 12.17497 ], [ 108.11301, 12.16657 ], [ 108.10844, 12.16513 ], [ 108.11084, 12.16123 ], [ 108.11639, 12.161 ], [ 108.11219, 12.15219 ], [ 108.11418, 12.14668 ], [ 108.10888, 12.14994 ], [ 108.10918, 12.14606 ], [ 108.10567, 12.14472 ], [ 108.10303, 12.14864 ], [ 108.10306, 12.14205 ], [ 108.09926, 12.13926 ], [ 108.10146, 12.13615 ], [ 108.09503, 12.14367 ], [ 108.0905, 12.13364 ], [ 108.07717, 12.13836 ], [ 108.07854, 12.13285 ], [ 108.07037, 12.13216 ], [ 108.06674, 12.13335 ], [ 108.06612, 12.13797 ], [ 108.05633, 12.13667 ], [ 108.05518, 12.14365 ], [ 108.051, 12.13857 ], [ 108.04301, 12.13858 ], [ 108.03434, 12.14474 ], [ 108.03094, 12.13874 ], [ 108.02459, 12.13634 ], [ 108.0186, 12.14115 ], [ 108.02007, 12.12931 ], [ 108.01124, 12.12378 ], [ 108.00721, 12.11585 ], [ 108.00496, 12.12287 ], [ 107.99756, 12.12803 ], [ 107.99869, 12.12267 ], [ 107.98903, 12.12157 ], [ 107.99151, 12.11774 ], [ 107.98837, 12.1124 ], [ 107.98985, 12.10959 ], [ 107.98474, 12.11042 ], [ 107.98204, 12.10432 ], [ 107.98429, 12.09225 ], [ 107.97997, 12.08555 ], [ 107.9826, 12.07955 ], [ 107.98027, 12.08166 ], [ 107.97638, 12.07866 ], [ 107.97161, 12.07967 ], [ 107.97449, 12.07486 ], [ 107.96958, 12.07469 ], [ 107.96251, 12.06725 ], [ 107.96409, 12.06173 ], [ 107.96832, 12.06317 ], [ 107.97368, 12.05875 ], [ 107.97303, 12.05558 ], [ 107.97878, 12.05279 ], [ 107.98555, 12.05577 ], [ 107.99962, 12.04905 ], [ 108.01115, 12.05223 ], [ 108.00929, 12.04623 ], [ 108.01286, 12.04088 ], [ 108.0084, 12.04027 ], [ 108.01186, 12.0314 ], [ 108.00879, 12.03198 ], [ 108.00641, 12.02459 ], [ 108.00823, 12.02201 ], [ 108.0168, 12.02243 ], [ 108.02181, 12.01386 ], [ 108.02453, 12.01396 ], [ 108.0229, 12.00357 ], [ 108.02765, 11.99816 ], [ 108.02745, 11.99039 ], [ 108.04005, 11.98439 ], [ 108.04073, 11.97975 ], [ 108.04576, 11.97664 ], [ 108.0469, 11.96388 ], [ 108.0497, 11.96247 ], [ 108.04711, 11.95416 ], [ 108.04916, 11.95164 ], [ 108.04559, 11.95018 ], [ 108.05096, 11.94954 ], [ 108.04969, 11.9469 ], [ 108.05316, 11.9477 ], [ 108.05297, 11.94495 ], [ 108.05814, 11.94725 ], [ 108.06019, 11.94289 ], [ 108.06507, 11.94877 ], [ 108.06893, 11.94827 ], [ 108.0783, 11.93452 ], [ 108.07703, 11.93213 ], [ 108.08298, 11.92956 ], [ 108.081, 11.92459 ], [ 108.08485, 11.91885 ], [ 108.08445, 11.91117 ], [ 108.09241, 11.91229 ], [ 108.09594, 11.90851 ], [ 108.10583, 11.90668 ], [ 108.11148, 11.89937 ], [ 108.09611, 11.86949 ], [ 108.08459, 11.86033 ], [ 108.06905, 11.83475 ], [ 108.05913, 11.83851 ], [ 108.02235, 11.81743 ], [ 108.0238, 11.81023 ], [ 108.02007, 11.81237 ], [ 108.01717, 11.80588 ], [ 108.00709, 11.80714 ], [ 107.99632, 11.79956 ], [ 107.98571, 11.80011 ], [ 107.97885, 11.78994 ], [ 107.97363, 11.79056 ], [ 107.96632, 11.80657 ], [ 107.95798, 11.81046 ], [ 107.95722, 11.81881 ], [ 107.94906, 11.81664 ], [ 107.94771, 11.82338 ], [ 107.9448, 11.81849 ], [ 107.93878, 11.81697 ], [ 107.93858, 11.81155 ], [ 107.93243, 11.80934 ], [ 107.93191, 11.81343 ], [ 107.9288, 11.81145 ], [ 107.9238, 11.79673 ], [ 107.89865, 11.80859 ], [ 107.88807, 11.82101 ], [ 107.89048, 11.82593 ], [ 107.89866, 11.82541 ], [ 107.89024, 11.82988 ], [ 107.89085, 11.84403 ], [ 107.90122, 11.85036 ], [ 107.8967, 11.86878 ], [ 107.88752, 11.87335 ], [ 107.8539, 11.87428 ], [ 107.84182, 11.86893 ], [ 107.83694, 11.87678 ], [ 107.8308, 11.8773 ], [ 107.82652, 11.87427 ], [ 107.82307, 11.86304 ], [ 107.81311, 11.86758 ], [ 107.80869, 11.86105 ], [ 107.78761, 11.85951 ], [ 107.77338, 11.84889 ], [ 107.75291, 11.86597 ], [ 107.7346, 11.87467 ], [ 107.72896, 11.86913 ], [ 107.72614, 11.87571 ], [ 107.73278, 11.88126 ], [ 107.72684, 11.88738 ], [ 107.72335, 11.898 ], [ 107.73381, 11.90334 ], [ 107.72914, 11.91474 ], [ 107.70924, 11.92239 ] ], [ [ 107.84638976563086, 12.811283522104045 ], [ 107.8446, 12.81153 ], [ 107.83501, 12.80365 ], [ 107.84638976563086, 12.811283522104045 ] ], [ [ 107.86257313679836, 12.798480503570691 ], [ 107.86255, 12.79961 ], [ 107.85099, 12.81065 ], [ 107.849454861358552, 12.810861411894283 ], [ 107.86257313679836, 12.798480503570691 ] ], [ [ 107.85331, 12.77957 ], [ 107.86266, 12.79424 ], [ 107.862608763382752, 12.796741278496903 ], [ 107.85331, 12.77957 ] ], [ [ 108.08578, 12.22577 ], [ 108.088392367974336, 12.223089042455561 ], [ 108.08339, 12.23511 ], [ 108.08578, 12.22577 ] ], [ [ 108.09634, 12.21059 ], [ 108.101829386529531, 12.207669510265797 ], [ 108.095329039531293, 12.214066580722944 ], [ 108.09634, 12.21059 ] ], [ [ 108.111455802605789, 12.197254152711915 ], [ 108.11134, 12.19831 ], [ 108.109650738384559, 12.199972422879487 ], [ 108.111455802605789, 12.197254152711915 ] ] ] } },
{ "type": "Feature", "properties": { "NAME_1": "Đồng Nai", "id": "18", "GID_1": "VNM.17_1", "GID_0": "VNM", "COUNTRY": "Vietnam", "VARNAME_1": "Dong Nai", "NL_NAME_1": "NA", "TYPE_1": "Tỉnh", "ENGTYPE_1": "Province", "CC_1": "NA", "HASC_1": "VN.DN", "ISO_1": "NA" }, "geometry": { "type": "Polygon", "coordinates": [ [ [ 107.00338, 10.637 ], [ 106.99734, 10.63264 ], [ 106.99621, 10.62664 ], [ 107.00795, 10.61326 ], [ 107.00655, 10.60984 ], [ 107.00292, 10.6109 ], [ 107.00066, 10.60709 ], [ 106.99069, 10.60489 ], [ 106.98605, 10.59603 ], [ 106.98705, 10.58785 ], [ 106.98386, 10.57943 ], [ 106.97459, 10.58237 ], [ 106.96067, 10.59354 ], [ 106.94138, 10.59669 ], [ 106.92654, 10.60348 ], [ 106.92064, 10.61004 ], [ 106.91137, 10.60827 ], [ 106.90339, 10.6248 ], [ 106.88506, 10.64026 ], [ 106.88297, 10.6474 ], [ 106.87291, 10.64808 ], [ 106.86005, 10.63655 ], [ 106.85154, 10.63979 ], [ 106.8428, 10.63802 ], [ 106.83762, 10.62704 ], [ 106.82393, 10.62904 ], [ 106.81406, 10.64055 ], [ 106.80708, 10.65746 ], [ 106.77276, 10.67629 ], [ 106.75731, 10.69409 ], [ 106.75195, 10.70498 ], [ 106.75201, 10.7211 ], [ 106.76774, 10.74193 ], [ 106.79916, 10.75899 ], [ 106.80557, 10.77009 ], [ 106.81954, 10.78093 ], [ 106.82483, 10.77861 ], [ 106.82609, 10.77394 ], [ 106.82434, 10.75956 ], [ 106.84569, 10.77513 ], [ 106.85192, 10.77464 ], [ 106.86496, 10.76453 ], [ 106.87259, 10.76633 ], [ 106.87422, 10.77423 ], [ 106.86611, 10.78279 ], [ 106.86532, 10.78911 ], [ 106.87821, 10.80054 ], [ 106.88192, 10.80849 ], [ 106.88012, 10.81694 ], [ 106.85669, 10.84268 ], [ 106.84957, 10.85624 ], [ 106.84673, 10.86488 ], [ 106.85107, 10.87628 ], [ 106.84359, 10.88396 ], [ 106.83831, 10.90334 ], [ 106.83192, 10.90674 ], [ 106.81624, 10.90284 ], [ 106.81208, 10.91756 ], [ 106.79411, 10.92368 ], [ 106.78825, 10.92213 ], [ 106.79223, 10.92818 ], [ 106.79058, 10.93222 ], [ 106.78387, 10.93299 ], [ 106.78316, 10.93806 ], [ 106.7793, 10.93708 ], [ 106.77077, 10.94281 ], [ 106.77032, 10.95251 ], [ 106.76273, 10.95333 ], [ 106.76514, 10.95849 ], [ 106.762, 10.96199 ], [ 106.7636, 10.9647 ], [ 106.77139, 10.96526 ], [ 106.7755, 10.95928 ], [ 106.79633, 10.97218 ], [ 106.78165, 10.98705 ], [ 106.77451, 11.00526 ], [ 106.7851, 11.01815 ], [ 106.81152, 11.02882 ], [ 106.81288, 11.03679 ], [ 106.80978, 11.04459 ], [ 106.79977, 11.05284 ], [ 106.79864, 11.05649 ], [ 106.80188, 11.05965 ], [ 106.82605, 11.06521 ], [ 106.8386, 11.04153 ], [ 106.84527, 11.03618 ], [ 106.85914, 11.03209 ], [ 106.87268, 11.01983 ], [ 106.89586, 11.02764 ], [ 106.90903, 11.02275 ], [ 106.91237, 11.04036 ], [ 106.9235, 11.04866 ], [ 106.92249, 11.05611 ], [ 106.93248, 11.06455 ], [ 106.94189, 11.05675 ], [ 106.94643, 11.0579 ], [ 106.95248, 11.07098 ], [ 106.94501, 11.07794 ], [ 106.94723, 11.08992 ], [ 106.95953, 11.10105 ], [ 106.95767, 11.10688 ], [ 106.96583, 11.11003 ], [ 106.9534, 11.12972 ], [ 106.95706, 11.13524 ], [ 106.95446, 11.14149 ], [ 106.96679, 11.14467 ], [ 106.9646, 11.14972 ], [ 106.95593, 11.15273 ], [ 106.95364, 11.16349 ], [ 106.94138, 11.16768 ], [ 106.94573, 11.17671 ], [ 106.93973, 11.17888 ], [ 106.93394, 11.18858 ], [ 106.92816, 11.1898 ], [ 106.92347, 11.18689 ], [ 106.91958, 11.19299 ], [ 106.9066, 11.1927 ], [ 106.9071, 11.20334 ], [ 106.90157, 11.21008 ], [ 106.91486, 11.21416 ], [ 106.91823, 11.22035 ], [ 106.91359, 11.23245 ], [ 106.91845, 11.23534 ], [ 106.91173, 11.23589 ], [ 106.9111, 11.24157 ], [ 106.91769, 11.24277 ], [ 106.91857, 11.2404 ], [ 106.93164, 11.24477 ], [ 106.92664, 11.24686 ], [ 106.92719, 11.26071 ], [ 106.92377, 11.26428 ], [ 106.9279, 11.26467 ], [ 106.92461, 11.271 ], [ 106.93321, 11.27879 ], [ 106.93327, 11.28742 ], [ 106.93637, 11.28707 ], [ 106.94173, 11.2938 ], [ 106.93739, 11.29646 ], [ 106.94001, 11.29729 ], [ 106.93813, 11.30819 ], [ 106.93994, 11.30637 ], [ 106.94259, 11.30983 ], [ 106.94606, 11.30599 ], [ 106.94858, 11.30804 ], [ 106.95152, 11.3025 ], [ 106.95789, 11.30181 ], [ 106.95716, 11.30672 ], [ 106.96008, 11.30739 ], [ 106.95748, 11.30996 ], [ 106.96252, 11.31529 ], [ 106.96803, 11.31511 ], [ 106.96733, 11.31832 ], [ 106.98328, 11.31298 ], [ 106.98149, 11.31586 ], [ 106.98576, 11.32025 ], [ 106.98255, 11.32056 ], [ 106.98582, 11.32399 ], [ 106.98158, 11.32471 ], [ 106.97824, 11.33229 ], [ 106.98647, 11.33224 ], [ 106.98569, 11.32903 ], [ 106.99341, 11.33257 ], [ 106.99183, 11.32839 ], [ 106.99603, 11.32624 ], [ 106.99436, 11.32856 ], [ 106.99773, 11.33087 ], [ 107.00063, 11.32888 ], [ 106.9986, 11.33317 ], [ 107.00351, 11.33272 ], [ 107.00337, 11.33846 ], [ 107.00544, 11.33671 ], [ 107.01414, 11.34094 ], [ 107.0131, 11.34375 ], [ 107.01032, 11.3428 ], [ 107.01024, 11.34884 ], [ 107.01558, 11.34767 ], [ 107.01861, 11.35164 ], [ 107.02036, 11.34924 ], [ 107.02525, 11.35498 ], [ 107.03093, 11.35282 ], [ 107.02969, 11.35603 ], [ 107.03275, 11.35534 ], [ 107.03826, 11.36073 ], [ 107.0357, 11.36618 ], [ 107.04173, 11.36723 ], [ 107.03562, 11.37112 ], [ 107.04254, 11.3727 ], [ 107.04085, 11.37619 ], [ 107.04383, 11.37753 ], [ 107.05278, 11.3724 ], [ 107.05393, 11.37646 ], [ 107.06038, 11.37708 ], [ 107.05616, 11.38029 ], [ 107.06165, 11.38585 ], [ 107.05997, 11.39123 ], [ 107.05575, 11.39312 ], [ 107.05628, 11.39676 ], [ 107.05894, 11.40093 ], [ 107.06821, 11.40375 ], [ 107.06797, 11.41198 ], [ 107.07621, 11.41844 ], [ 107.07131, 11.42777 ], [ 107.06602, 11.42826 ], [ 107.06851, 11.43108 ], [ 107.06592, 11.44027 ], [ 107.06794, 11.44932 ], [ 107.07472, 11.45602 ], [ 107.07773, 11.45528 ], [ 107.07705, 11.45811 ], [ 107.08365, 11.45988 ], [ 107.08513, 11.46579 ], [ 107.09434, 11.46861 ], [ 107.09492, 11.48044 ], [ 107.09921, 11.48274 ], [ 107.11253, 11.48037 ], [ 107.11871, 11.48316 ], [ 107.12276, 11.49254 ], [ 107.13079, 11.50049 ], [ 107.14698, 11.50538 ], [ 107.33599, 11.54711 ], [ 107.34614, 11.54366 ], [ 107.34765, 11.55314 ], [ 107.35656, 11.55896 ], [ 107.35754, 11.58006 ], [ 107.36105, 11.58185 ], [ 107.36638, 11.57316 ], [ 107.36106, 11.56826 ], [ 107.36664, 11.56054 ], [ 107.36025, 11.55514 ], [ 107.37004, 11.54865 ], [ 107.37273, 11.5506 ], [ 107.36834, 11.55852 ], [ 107.37279, 11.55729 ], [ 107.37901, 11.54264 ], [ 107.37516, 11.53211 ], [ 107.37624, 11.52428 ], [ 107.36701, 11.51787 ], [ 107.37381, 11.51503 ], [ 107.38539, 11.52062 ], [ 107.38649, 11.52603 ], [ 107.39834, 11.52677 ], [ 107.40166, 11.52975 ], [ 107.40997, 11.52817 ], [ 107.41213, 11.5187 ], [ 107.42023, 11.51115 ], [ 107.4289, 11.51898 ], [ 107.4325, 11.51246 ], [ 107.44159, 11.51645 ], [ 107.44164, 11.50991 ], [ 107.45316, 11.50172 ], [ 107.45516, 11.49168 ], [ 107.46187, 11.48934 ], [ 107.47216, 11.47806 ], [ 107.47006, 11.47576 ], [ 107.46564, 11.47734 ], [ 107.461, 11.47199 ], [ 107.46255, 11.46331 ], [ 107.45116, 11.45895 ], [ 107.44579, 11.44752 ], [ 107.43039, 11.44024 ], [ 107.43044, 11.4249 ], [ 107.44227, 11.43184 ], [ 107.44708, 11.42798 ], [ 107.44371, 11.4196 ], [ 107.45348, 11.42003 ], [ 107.45583, 11.42258 ], [ 107.45213, 11.42463 ], [ 107.45374, 11.43196 ], [ 107.45828, 11.43083 ], [ 107.47492, 11.43632 ], [ 107.47915, 11.43088 ], [ 107.48805, 11.42721 ], [ 107.48521, 11.40067 ], [ 107.48827, 11.39608 ], [ 107.49621, 11.39646 ], [ 107.4971, 11.38686 ], [ 107.50583, 11.38335 ], [ 107.51298, 11.38459 ], [ 107.51891, 11.37069 ], [ 107.52484, 11.37059 ], [ 107.53527, 11.35528 ], [ 107.54467, 11.36557 ], [ 107.54134, 11.34123 ], [ 107.53556, 11.3332 ], [ 107.5356, 11.32561 ], [ 107.52079, 11.31522 ], [ 107.51765, 11.30948 ], [ 107.52408, 11.29966 ], [ 107.51839, 11.28412 ], [ 107.52368, 11.27227 ], [ 107.52417, 11.25183 ], [ 107.51949, 11.24791 ], [ 107.51678, 11.25168 ], [ 107.51464, 11.24505 ], [ 107.50923, 11.24352 ], [ 107.50787, 11.23724 ], [ 107.50245, 11.23542 ], [ 107.50066, 11.24246 ], [ 107.49682, 11.24214 ], [ 107.49603, 11.23558 ], [ 107.49957, 11.22872 ], [ 107.49335, 11.2249 ], [ 107.49856, 11.22025 ], [ 107.4907, 11.22502 ], [ 107.48228, 11.22123 ], [ 107.48826, 11.2164 ], [ 107.47823, 11.20968 ], [ 107.48421, 11.20461 ], [ 107.47985, 11.19825 ], [ 107.47812, 11.20265 ], [ 107.4732, 11.19948 ], [ 107.47993, 11.19041 ], [ 107.47089, 11.19234 ], [ 107.47166, 11.18589 ], [ 107.46725, 11.1836 ], [ 107.4706, 11.1784 ], [ 107.46591, 11.18046 ], [ 107.46066, 11.17668 ], [ 107.46219, 11.16775 ], [ 107.45467, 11.1597 ], [ 107.45801, 11.15158 ], [ 107.44921, 11.14666 ], [ 107.44523, 11.14911 ], [ 107.44289, 11.13946 ], [ 107.43473, 11.13652 ], [ 107.43922, 11.12554 ], [ 107.44453, 11.12504 ], [ 107.45405, 11.11138 ], [ 107.44368, 11.08546 ], [ 107.44053, 11.08382 ], [ 107.43791, 11.08871 ], [ 107.43055, 11.08703 ], [ 107.43201, 11.08251 ], [ 107.42287, 11.07643 ], [ 107.42612, 11.06554 ], [ 107.41685, 11.05107 ], [ 107.40006, 11.05392 ], [ 107.39446, 11.04985 ], [ 107.40305, 11.04837 ], [ 107.40613, 11.04285 ], [ 107.41233, 11.0457 ], [ 107.41261, 11.04177 ], [ 107.42209, 11.04146 ], [ 107.42072, 11.0371 ], [ 107.42704, 11.03663 ], [ 107.43071, 11.03208 ], [ 107.43234, 11.03429 ], [ 107.44351, 11.03089 ], [ 107.44888, 11.02591 ], [ 107.44926, 11.0209 ], [ 107.46513, 11.01589 ], [ 107.47421, 11.00679 ], [ 107.48106, 11.00675 ], [ 107.5006, 11.01564 ], [ 107.50632, 11.01365 ], [ 107.51323, 11.00265 ], [ 107.51827, 10.99957 ], [ 107.51932, 11.00199 ], [ 107.52398, 10.99526 ], [ 107.53095, 10.99324 ], [ 107.53699, 10.97756 ], [ 107.54275, 10.97827 ], [ 107.56025, 10.93656 ], [ 107.55966, 10.86737 ], [ 107.5765, 10.83836 ], [ 107.57384, 10.81396 ], [ 107.55448, 10.79317 ], [ 107.52608, 10.77561 ], [ 107.49651, 10.76739 ], [ 107.48453, 10.76927 ], [ 107.47163, 10.79362 ], [ 107.45795, 10.79136 ], [ 107.45382, 10.80292 ], [ 107.44464, 10.80451 ], [ 107.43825, 10.80025 ], [ 107.4307, 10.78825 ], [ 107.42625, 10.78773 ], [ 107.41917, 10.77103 ], [ 107.40871, 10.7744 ], [ 107.40076, 10.76902 ], [ 107.39738, 10.76302 ], [ 107.39416, 10.76293 ], [ 107.39158, 10.75548 ], [ 107.38932, 10.75669 ], [ 107.38312, 10.75128 ], [ 107.37994, 10.7412 ], [ 107.37108, 10.73436 ], [ 107.37143, 10.73144 ], [ 107.36827, 10.73316 ], [ 107.36089, 10.72811 ], [ 107.35773, 10.71417 ], [ 107.34797, 10.70576 ], [ 107.35384, 10.69662 ], [ 107.3497, 10.69241 ], [ 107.34952, 10.68839 ], [ 107.3544, 10.68549 ], [ 107.35081, 10.68437 ], [ 107.35222, 10.67854 ], [ 107.34423, 10.67471 ], [ 107.33801, 10.67839 ], [ 107.33184, 10.67748 ], [ 107.31799, 10.66856 ], [ 107.29974, 10.68377 ], [ 107.30778, 10.69403 ], [ 107.29979, 10.7037 ], [ 107.30534, 10.7131 ], [ 107.30087, 10.71907 ], [ 107.30377, 10.72554 ], [ 107.30154, 10.72994 ], [ 107.30536, 10.72856 ], [ 107.30173, 10.74553 ], [ 107.30422, 10.74929 ], [ 107.29951, 10.75046 ], [ 107.30048, 10.75501 ], [ 107.24393, 10.75643 ], [ 107.24414, 10.76003 ], [ 107.23098, 10.76426 ], [ 107.22713, 10.76332 ], [ 107.22726, 10.75939 ], [ 107.21638, 10.75743 ], [ 107.21533, 10.75308 ], [ 107.21095, 10.75259 ], [ 107.21099, 10.75847 ], [ 107.20651, 10.75806 ], [ 107.20684, 10.77462 ], [ 107.18935, 10.77203 ], [ 107.15446, 10.74427 ], [ 107.13667, 10.74392 ], [ 107.1389, 10.7325 ], [ 107.14627, 10.72987 ], [ 107.14346, 10.72916 ], [ 107.14554, 10.72641 ], [ 107.14358, 10.72375 ], [ 107.13918, 10.72784 ], [ 107.14073, 10.7187 ], [ 107.13378, 10.68513 ], [ 107.12516, 10.68253 ], [ 107.12132, 10.67327 ], [ 107.1012, 10.66328 ], [ 107.09646, 10.65201 ], [ 107.04484, 10.6576 ], [ 107.01323, 10.6434 ], [ 107.01673, 10.63249 ], [ 107.00338, 10.637 ] ] ] } },
{ "type": "Feature", "properties": { "NAME_1": "Đồng Tháp", "id": "19", "GID_1": "VNM.18_1", "GID_0": "VNM", "COUNTRY": "Vietnam", "VARNAME_1": "Dong Thap", "NL_NAME_1": "NA", "TYPE_1": "Tỉnh", "ENGTYPE_1": "Province", "CC_1": "NA", "HASC_1": "VN.DT", "ISO_1": "NA" }, "geometry": { "type": "Polygon", "coordinates": [ [ [ 105.82527, 10.14889 ], [ 105.80114, 10.15547 ], [ 105.77481, 10.18897 ], [ 105.76579, 10.17927 ], [ 105.75871, 10.18301 ], [ 105.7477, 10.19693 ], [ 105.7278, 10.20471 ], [ 105.68539, 10.14347 ], [ 105.68695, 10.13907 ], [ 105.68231, 10.1345 ], [ 105.65694, 10.15131 ], [ 105.64634, 10.16682 ], [ 105.62486, 10.18637 ], [ 105.61652, 10.21373 ], [ 105.59933, 10.23907 ], [ 105.56447, 10.27404 ], [ 105.54208, 10.29274 ], [ 105.51275, 10.30801 ], [ 105.49238, 10.32889 ], [ 105.48775, 10.33459 ], [ 105.49152, 10.3384 ], [ 105.49107, 10.34551 ], [ 105.50106, 10.35495 ], [ 105.52105, 10.3634 ], [ 105.52064, 10.36954 ], [ 105.52789, 10.37444 ], [ 105.5238, 10.4001 ], [ 105.52969, 10.4004 ], [ 105.53184, 10.40821 ], [ 105.53962, 10.41322 ], [ 105.55215, 10.41645 ], [ 105.54648, 10.42055 ], [ 105.54862, 10.42948 ], [ 105.5548, 10.43428 ], [ 105.57401, 10.42873 ], [ 105.57359, 10.46853 ], [ 105.55775, 10.50812 ], [ 105.54424, 10.52806 ], [ 105.51317, 10.54704 ], [ 105.48838, 10.54227 ], [ 105.47874, 10.53547 ], [ 105.44582, 10.55283 ], [ 105.41512, 10.55053 ], [ 105.39368, 10.56887 ], [ 105.37109, 10.57321 ], [ 105.34694, 10.62379 ], [ 105.33982, 10.64939 ], [ 105.33795, 10.67345 ], [ 105.34605, 10.69244 ], [ 105.35034, 10.71484 ], [ 105.33707, 10.72326 ], [ 105.30295, 10.71637 ], [ 105.27848, 10.72295 ], [ 105.27548, 10.72853 ], [ 105.27841, 10.7337 ], [ 105.30003, 10.74701 ], [ 105.30379, 10.75882 ], [ 105.29975, 10.76219 ], [ 105.27238, 10.76471 ], [ 105.26056, 10.77235 ], [ 105.25842, 10.78424 ], [ 105.26195, 10.79195 ], [ 105.26134, 10.79988 ], [ 105.23466, 10.80574 ], [ 105.21955, 10.82658 ], [ 105.20949, 10.84947 ], [ 105.19932, 10.84533 ], [ 105.19423, 10.8471 ], [ 105.1854, 10.88319 ], [ 105.18894, 10.91159 ], [ 105.19768, 10.9114 ], [ 105.23872, 10.89279 ], [ 105.2649, 10.89684 ], [ 105.27469, 10.88849 ], [ 105.28513, 10.88747 ], [ 105.33778, 10.86017 ], [ 105.33857, 10.86604 ], [ 105.34646, 10.86802 ], [ 105.35332, 10.87866 ], [ 105.35958, 10.88012 ], [ 105.35959, 10.8869 ], [ 105.36862, 10.88829 ], [ 105.37225, 10.90212 ], [ 105.3806, 10.90295 ], [ 105.37921, 10.90561 ], [ 105.38487, 10.91691 ], [ 105.39318, 10.92414 ], [ 105.39679, 10.92383 ], [ 105.39688, 10.92708 ], [ 105.4081, 10.93123 ], [ 105.40693, 10.93561 ], [ 105.41153, 10.93932 ], [ 105.41114, 10.94368 ], [ 105.42602, 10.97219 ], [ 105.43309, 10.97305 ], [ 105.44204, 10.96085 ], [ 105.45156, 10.95496 ], [ 105.46456, 10.96415 ], [ 105.47352, 10.96465 ], [ 105.48322, 10.95774 ], [ 105.48417, 10.95193 ], [ 105.49609, 10.94808 ], [ 105.49905, 10.95311 ], [ 105.51627, 10.9224 ], [ 105.58263, 10.89188 ], [ 105.61269, 10.83197 ], [ 105.59588, 10.83061 ], [ 105.78064, 10.65875 ], [ 105.80791, 10.6536 ], [ 105.83467, 10.63832 ], [ 105.91, 10.53859 ], [ 105.94173, 10.53648 ], [ 105.94161, 10.49444 ], [ 105.85949, 10.40778 ], [ 105.84457, 10.36616 ], [ 105.81573, 10.37039 ], [ 105.81915, 10.34341 ], [ 105.81681, 10.32225 ], [ 105.83032, 10.31803 ], [ 105.82248, 10.31362 ], [ 105.82146, 10.30912 ], [ 105.83582, 10.30511 ], [ 105.83699, 10.29892 ], [ 105.87384, 10.29173 ], [ 105.8935, 10.27595 ], [ 105.88472, 10.26705 ], [ 105.87734, 10.26434 ], [ 105.88236, 10.25667 ], [ 105.88457, 10.25791 ], [ 105.88403, 10.2537 ], [ 105.89029, 10.24425 ], [ 105.90195, 10.24497 ], [ 105.90122, 10.23418 ], [ 105.91216, 10.22686 ], [ 105.9197, 10.21161 ], [ 105.91316, 10.19245 ], [ 105.89957, 10.19176 ], [ 105.8952, 10.18552 ], [ 105.88927, 10.18879 ], [ 105.8762, 10.18919 ], [ 105.87733, 10.1823 ], [ 105.87014, 10.16891 ], [ 105.87427, 10.16633 ], [ 105.87047, 10.1545 ], [ 105.85157, 10.16008 ], [ 105.84911, 10.15018 ], [ 105.82527, 10.14889 ] ] ] } }
]
}
