{"type":"FeatureCollection","name":"Provinces_2025","crs":{"type":"name","properties":{"name":"urn:ogc:def:crs:OGC:1.3:CRS84"}},"features":[{"type":"Feature","properties":{"id":"0","ma_tinh":"91","ten_tinh":"An Giang","sap_nhap":"An Giang, Kiên Giang","quy_mo":"102 đơn vị (14 phường , 85 xã, và 3 đặc khu: Phú Quốc, Kiên Hải, Thổ Châu)","tru_so":"Số 16C Tôn Đức Thắng, Mỹ Bình, An Giang","loai":"Tỉnh","cap":1,"stt":32,"dtich_km2":9986.95,"dan_so":4995214,"matdo_km2":500.17,"NAME_1":"An Giang","GID_1":"91"},"geometry":{"type":"MultiPolygon","coordinates":[[[[103.4677,9.2543],[103.46919,9.25644],[103.46815,9.25688],[103.4677,9.2543]]],[[[103.48603,9.27716],[103.48569,9.28327],[103.48448,9.28262],[103.48603,9.27716]]],[[[103.50582,9.32036],[103.47617,9.31999],[103.4624,9.31217],[103.45793,9.30448],[103.47369,9.30324],[103.4758,9.30101],[103.47232,9.29505],[103.47406,9.28662],[103.48522,9.28587],[103.49602,9.30051],[103.50445,9.29629],[103.50247,9.30634],[103.51165,9.30982],[103.50582,9.32036]]],[[[103.52825,9.32811],[103.5223,9.32244],[103.53424,9.31562],[103.5325,9.32058],[103.5352,9.32362],[103.52825,9.32811]]],[[[103.54187,9.33605],[103.53517,9.32976],[103.54326,9.3243],[103.54187,9.33605]]],[[[104.35981,9.64554],[104.36253,9.64759],[104.36141,9.64993],[104.3594,9.64922],[104.35981,9.64554]]],[[[104.35817,9.69057],[104.36312,9.69622],[104.36061,9.70599],[104.35433,9.71227],[104.35559,9.69259],[104.35007,9.69196],[104.35098,9.68708],[104.34638,9.68492],[104.34721,9.67194],[104.35419,9.65959],[104.36082,9.65917],[104.36222,9.66119],[104.35817,9.69057]]],[[[104.34559,9.70174],[104.34348,9.71509],[104.34224,9.71184],[104.34559,9.70174]]],[[[104.35399,9.71916],[104.35508,9.72695],[104.3528,9.72895],[104.35214,9.72429],[104.35399,9.71916]]],[[[104.34281,9.73069],[104.34271,9.73224],[104.34194,9.73154],[104.34281,9.73069]]],[[[104.04302,9.81805],[104.04604,9.82163],[104.04385,9.82349],[104.04302,9.81805]]],[[[104.09717,9.85198],[104.09274,9.84895],[104.09411,9.84307],[104.09717,9.85198]]],[[[103.99435,9.90261],[103.99323,9.9043],[103.99229,9.90283],[103.99435,9.90261]]],[[[103.98871,9.90752],[103.98916,9.90713],[103.98935,9.90756],[103.98871,9.90752]]],[[[104.02282,9.90985],[104.02086,9.90547],[104.02186,9.90558],[104.02282,9.90985]]],[[[103.99496,9.91334],[103.9894,9.91425],[103.98581,9.91125],[103.99066,9.90885],[103.9929,9.91026],[103.99496,9.91334]]],[[[104.01807,9.91441],[104.01032,9.91161],[104.01532,9.90959],[104.01807,9.91441]]],[[[104.02129,9.92073],[104.02181,9.91643],[104.02638,9.91637],[104.02129,9.92073]]],[[[104.00329,9.91507],[104.00155,9.92321],[103.99555,9.92048],[103.9965,9.91875],[104.00329,9.91507]]],[[[103.98192,9.91873],[103.98169,9.92238],[103.97848,9.91892],[103.98192,9.91873]]],[[[104.02318,9.93175],[104.01904,9.93394],[104.01584,9.93117],[104.01898,9.92778],[104.02318,9.93175]]],[[[104.01606,9.96708],[104.01015,9.9681],[104.01369,9.95381],[104.01054,9.94852],[104.02253,9.93971],[104.02576,9.94502],[104.02136,9.9505],[104.02301,9.95881],[104.01606,9.96708]]],[[[104.0189,9.984],[104.01323,9.98433],[104.01741,9.97374],[104.02539,9.96874],[104.0189,9.984]]],[[[104.03651,9.99748],[104.0419,9.99115],[104.04217,9.99299],[104.03651,9.99748]]],[[[104.01111,9.99075],[104.01409,9.99488],[104.00712,10.00168],[104.0072,9.99393],[104.01111,9.99075]]],[[[104.2364,10.20573],[104.23684,10.20521],[104.23676,10.20741],[104.2364,10.20573]]],[[[104.23694,10.20808],[104.23981,10.21165],[104.23741,10.21099],[104.23694,10.20808]]],[[[104.03977,10.41558],[104.03404,10.41216],[104.02593,10.41622],[104.00589,10.44758],[103.99783,10.45156],[103.98484,10.4506],[103.97196,10.43987],[103.9669,10.41009],[103.94705,10.40187],[103.94225,10.38188],[103.92851,10.36255],[103.91836,10.36032],[103.88879,10.37012],[103.87416,10.37086],[103.85186,10.37782],[103.84744,10.37452],[103.83771,10.3783],[103.83799,10.37122],[103.8324,10.36535],[103.83394,10.36134],[103.84167,10.35739],[103.85883,10.30247],[103.86267,10.30664],[103.87337,10.30613],[103.88441,10.29814],[103.89035,10.28887],[103.90536,10.29163],[103.91468,10.28698],[103.92325,10.27759],[103.92845,10.26341],[103.93981,10.25358],[103.94747,10.24157],[103.96085,10.20362],[103.97021,10.16428],[103.98487,10.09267],[103.9903,10.04841],[104.00064,10.04162],[104.00901,10.0097],[104.01357,10.01069],[104.01529,10.01656],[104.02147,10.01765],[104.03185,10.00947],[104.03277,10.01404],[104.03773,10.015],[104.05072,10.00447],[104.05021,10.01182],[104.04223,10.01335],[104.03908,10.02226],[104.03064,10.03101],[104.03324,10.03973],[104.03874,10.04041],[104.03559,10.05249],[104.03863,10.06011],[104.04309,10.06096],[104.04342,10.06885],[104.0282,10.07882],[104.02674,10.07449],[104.0185,10.08487],[104.02581,10.09224],[104.02714,10.10759],[104.03712,10.11941],[104.03095,10.13964],[104.03437,10.14613],[104.04355,10.15218],[104.05335,10.1958],[104.05892,10.20687],[104.07115,10.21754],[104.08058,10.24688],[104.0739,10.27655],[104.07986,10.30926],[104.07227,10.3422],[104.07519,10.35142],[104.08,10.35453],[104.0767,10.36262],[104.07759,10.37243],[104.06196,10.39097],[104.05616,10.40302],[104.0504,10.40373],[104.03977,10.41558]]],[[[104.30856,10.25709],[104.30833,10.25699],[104.3094,10.25618],[104.30856,10.25709]]],[[[104.31717,10.28022],[104.31712,10.28096],[104.31349,10.27893],[104.31717,10.28022]]],[[[104.31095,10.28597],[104.31013,10.28558],[104.31057,10.28519],[104.31095,10.28597]]],[[[104.33388,10.28601],[104.33406,10.2885],[104.32389,10.28607],[104.32491,10.28339],[104.33388,10.28601]]],[[[104.31625,10.293],[104.31206,10.29],[104.3131,10.28981],[104.31625,10.293]]],[[[104.34327,10.29712],[104.34015,10.29769],[104.33777,10.29024],[104.34015,10.28994],[104.34327,10.29712]]],[[[104.35219,10.29702],[104.34939,10.30133],[104.3457,10.29661],[104.34652,10.29605],[104.35219,10.29702]]],[[[104.33693,10.29883],[104.33701,10.29903],[104.33676,10.29901],[104.33693,10.29883]]],[[[104.34202,10.30213],[104.34161,10.30195],[104.34163,10.30147],[104.34202,10.30213]]],[[[104.32106,10.30458],[104.31767,10.30512],[104.3161,10.29992],[104.31795,10.30074],[104.32106,10.30458]]],[[[104.32428,10.30695],[104.32489,10.30728],[104.32436,10.30779],[104.32428,10.30695]]],[[[104.32061,10.31112],[104.32257,10.31166],[104.32269,10.31462],[104.32253,10.31325],[104.32061,10.31112]]],[[[104.33701,10.32215],[104.32854,10.31903],[104.32375,10.32201],[104.32187,10.31861],[104.3296,10.31253],[104.33701,10.32215]]],[[[104.33211,10.32301],[104.33266,10.32275],[104.33224,10.32351],[104.33211,10.32301]]],[[[104.3613,9.65462],[104.36344,9.65157],[104.36583,9.65207],[104.3613,9.65462]]],[[[104.39097,9.66293],[104.39086,9.66186],[104.39127,9.66196],[104.39097,9.66293]]],[[[104.39131,9.66475],[104.39092,9.66449],[104.391,9.66429],[104.39131,9.66475]]],[[[104.3865,9.67752],[104.38718,9.67963],[104.38568,9.67868],[104.3865,9.67752]]],[[[104.40224,9.68159],[104.40199,9.67991],[104.40331,9.68042],[104.40224,9.68159]]],[[[104.4041,9.68562],[104.4043,9.68366],[104.40471,9.68356],[104.4041,9.68562]]],[[[104.38766,9.68164],[104.3936,9.68488],[104.39607,9.69135],[104.38826,9.68843],[104.38766,9.68164]]],[[[104.38734,9.70873],[104.3828,9.70942],[104.38485,9.69659],[104.38876,9.70126],[104.38734,9.70873]]],[[[104.36483,9.71183],[104.36475,9.70965],[104.36715,9.71053],[104.36483,9.71183]]],[[[104.36199,9.74295],[104.36072,9.73658],[104.36569,9.73901],[104.36199,9.74295]]],[[[104.49785,9.972],[104.49925,9.97169],[104.49956,9.9733],[104.49785,9.972]]],[[[104.46892,10.01901],[104.47012,10.02105],[104.46984,10.02102],[104.46892,10.01901]]],[[[104.47328,10.05746],[104.47324,10.0572],[104.4741,10.05765],[104.47328,10.05746]]],[[[104.47075,10.072],[104.47075,10.07333],[104.4684,10.07176],[104.47075,10.072]]],[[[104.50812,10.08748],[104.50299,10.08393],[104.50421,10.08313],[104.50812,10.08748]]],[[[104.51137,10.0886],[104.51205,10.08975],[104.51118,10.08999],[104.51137,10.0886]]],[[[104.51673,10.10425],[104.51203,10.10469],[104.51316,10.09441],[104.5144,10.09571],[104.51673,10.10425]]],[[[104.50349,10.10591],[104.49968,10.11214],[104.49648,10.10162],[104.50094,10.10602],[104.50349,10.10591]]],[[[104.52613,10.11831],[104.52617,10.11881],[104.52558,10.11858],[104.52613,10.11831]]],[[[104.50058,10.11954],[104.4998,10.11879],[104.50006,10.11857],[104.50058,10.11954]]],[[[104.49812,10.11944],[104.49844,10.11943],[104.4985,10.11978],[104.49812,10.11944]]],[[[104.52638,10.1218],[104.52639,10.12151],[104.52675,10.12136],[104.52638,10.1218]]],[[[104.52785,10.12299],[104.52764,10.12348],[104.52739,10.12326],[104.52785,10.12299]]],[[[104.50373,10.12304],[104.50365,10.12469],[104.50247,10.1242],[104.50373,10.12304]]],[[[104.52685,10.12428],[104.52594,10.12622],[104.52557,10.12512],[104.52685,10.12428]]],[[[104.49652,10.1291],[104.49386,10.12655],[104.49826,10.12102],[104.49843,10.12649],[104.49652,10.1291]]],[[[104.49377,10.13527],[104.49622,10.13416],[104.49687,10.1355],[104.49377,10.13527]]],[[[104.49885,10.13949],[104.49879,10.1412],[104.49703,10.13874],[104.49885,10.13949]]],[[[104.49582,10.14172],[104.49339,10.142],[104.49263,10.13788],[104.49345,10.13805],[104.49582,10.14172]]],[[[104.52354,10.13842],[104.52001,10.14365],[104.51944,10.13894],[104.52354,10.13842]]],[[[104.39762,10.14443],[104.39826,10.14715],[104.39635,10.14672],[104.39762,10.14443]]],[[[104.53072,10.1464],[104.5309,10.14628],[104.53098,10.14637],[104.53072,10.1464]]],[[[104.50731,10.15081],[104.50691,10.15095],[104.50715,10.15077],[104.50731,10.15081]]],[[[104.50648,10.1515],[104.50452,10.15273],[104.50409,10.15195],[104.50648,10.1515]]],[[[104.52464,10.16023],[104.51804,10.15078],[104.52024,10.1478],[104.52114,10.14779],[104.52464,10.16023]]],[[[104.5084,10.16153],[104.50893,10.16214],[104.5082,10.1622],[104.5084,10.16153]]],[[[104.52956,10.1602],[104.53116,10.16187],[104.52947,10.16456],[104.529,10.16345],[104.52956,10.1602]]],[[[104.52182,10.16612],[104.52176,10.16683],[104.52128,10.16631],[104.52182,10.16612]]],[[[104.52767,10.18803],[104.52372,10.18514],[104.53031,10.17905],[104.53169,10.16914],[104.53476,10.17154],[104.5314,10.1771],[104.53376,10.18133],[104.52767,10.18803]]],[[[104.52383,10.24545],[104.52288,10.24639],[104.52312,10.24198],[104.52383,10.24545]]],[[[104.52892,10.27348],[104.52793,10.27448],[104.52755,10.27343],[104.52892,10.27348]]],[[[104.48289,10.37616],[104.48705,10.37157],[104.48154,10.37013],[104.47752,10.36475],[104.48221,10.36066],[104.49113,10.36519],[104.48863,10.36886],[104.49783,10.36124],[104.5281,10.32162],[104.53253,10.30888],[104.52765,10.30134],[104.53448,10.28845],[104.53103,10.27758],[104.53485,10.27738],[104.54271,10.29117],[104.55111,10.29005],[104.56754,10.27601],[104.58261,10.25196],[104.58769,10.23558],[104.58491,10.23257],[104.58909,10.23143],[104.58978,10.22782],[104.58492,10.22484],[104.5868,10.2214],[104.59125,10.22304],[104.59301,10.21553],[104.58563,10.20843],[104.58575,10.2038],[104.58996,10.20618],[104.59144,10.19609],[104.5967,10.19438],[104.59628,10.18875],[104.5896,10.18616],[104.59249,10.18182],[104.59767,10.18204],[104.6017,10.17381],[104.60018,10.16971],[104.60475,10.17064],[104.60787,10.16581],[104.60473,10.16121],[104.60944,10.15833],[104.60173,10.15017],[104.6008,10.14333],[104.60779,10.14256],[104.61503,10.1484],[104.62824,10.14179],[104.62987,10.14462],[104.63445,10.14314],[104.63984,10.13641],[104.64529,10.13743],[104.64868,10.14119],[104.64578,10.14378],[104.65727,10.1631],[104.66589,10.17001],[104.67024,10.17983],[104.69247,10.20422],[104.71922,10.22171],[104.73408,10.22779],[104.7629,10.22207],[104.80066,10.1997],[104.83031,10.16368],[104.8644,10.11454],[104.86334,10.11054],[104.88517,10.08946],[104.90951,10.08683],[104.95589,10.09757],[104.99237,10.09788],[105.05232,10.03695],[105.06243,10.02401],[105.0581,10.02028],[105.06243,10.01483],[105.07993,10.00657],[105.08257,9.99142],[105.09459,9.9703],[105.09291,9.96414],[105.09846,9.9619],[105.10616,9.94987],[105.10362,9.93164],[105.09772,9.9273],[105.08853,9.9267],[105.07978,9.94812],[105.06479,9.94886],[105.04613,9.94017],[105.01193,9.91292],[104.95651,9.85335],[104.95267,9.85584],[104.9434,9.85215],[104.90669,9.85374],[104.8951,9.84746],[104.89134,9.83358],[104.88577,9.82595],[104.87628,9.76959],[104.86416,9.74107],[104.84922,9.67721],[104.83683,9.53082],[104.84588,9.52938],[104.856,9.51628],[104.88127,9.49414],[104.91647,9.56156],[104.9458,9.53272],[104.96299,9.5559],[104.97601,9.54497],[104.99262,9.53902],[104.99745,9.54297],[105.00301,9.55848],[105.26209,9.39922],[105.27496,9.39512],[105.2779,9.39869],[105.29475,9.38813],[105.30126,9.39133],[105.31228,9.38404],[105.31914,9.38321],[105.31053,9.4165],[105.29455,9.43407],[105.29125,9.4675],[105.29578,9.48195],[105.29387,9.49001],[105.2982,9.49403],[105.29908,9.50503],[105.30103,9.50665],[105.30537,9.50343],[105.30989,9.50706],[105.31559,9.50245],[105.31592,9.51029],[105.32344,9.51684],[105.32009,9.5251],[105.32996,9.52762],[105.32256,9.54508],[105.32387,9.55869],[105.31851,9.56032],[105.308,9.55595],[105.30808,9.5637],[105.31273,9.57208],[105.29532,9.58408],[105.28641,9.59977],[105.28893,9.6137],[105.28651,9.62593],[105.29486,9.63743],[105.29695,9.62993],[105.30358,9.62813],[105.30292,9.62057],[105.30867,9.60757],[105.32395,9.60376],[105.32909,9.59933],[105.3416,9.61261],[105.34231,9.60409],[105.34798,9.59934],[105.34527,9.59279],[105.36326,9.59238],[105.37113,9.5885],[105.37665,9.61605],[105.38833,9.62183],[105.39024,9.62585],[105.39938,9.62186],[105.39922,9.63096],[105.40693,9.64345],[105.40111,9.64646],[105.40665,9.65181],[105.39287,9.66051],[105.38704,9.65803],[105.37678,9.66132],[105.37003,9.65947],[105.36862,9.66284],[105.37381,9.66954],[105.3726,9.67262],[105.3571,9.66873],[105.35233,9.67642],[105.33915,9.67624],[105.33774,9.68804],[105.32802,9.70078],[105.35675,9.71256],[105.37371,9.73067],[105.3909,9.73602],[105.39383,9.74492],[105.40442,9.75077],[105.41171,9.74899],[105.4146,9.75862],[105.41231,9.76108],[105.40705,9.75969],[105.40515,9.77007],[105.41432,9.77067],[105.40931,9.77208],[105.41089,9.7773],[105.41604,9.77333],[105.41384,9.77891],[105.41912,9.77731],[105.41748,9.78288],[105.42171,9.77834],[105.42235,9.78527],[105.42673,9.78318],[105.42553,9.78701],[105.43736,9.79275],[105.43397,9.79613],[105.4309,9.81619],[105.46161,9.8254],[105.52088,9.8591],[105.51654,9.8631],[105.5394,9.91303],[105.36332,10.07395],[105.35671,10.0813],[105.35264,10.10107],[105.31702,10.14139],[105.31059,10.13465],[105.30327,10.14372],[105.29815,10.13864],[105.27587,10.16079],[105.22576,10.20095],[105.25309,10.23858],[105.26093,10.24588],[105.26706,10.23902],[105.28885,10.25991],[105.29154,10.26748],[105.30146,10.27702],[105.30662,10.26892],[105.31202,10.27394],[105.33618,10.2345],[105.39782,10.25313],[105.44107,10.26981],[105.42659,10.303],[105.47707,10.31066],[105.48429,10.31627],[105.48722,10.32381],[105.49653,10.32499],[105.48861,10.33368],[105.4915,10.3386],[105.49052,10.34492],[105.5007,10.3548],[105.521,10.36333],[105.52059,10.3696],[105.52873,10.37595],[105.52395,10.40042],[105.52948,10.40036],[105.53167,10.40813],[105.53964,10.41334],[105.55231,10.41662],[105.54635,10.42083],[105.5494,10.42479],[105.54846,10.42943],[105.55485,10.43432],[105.57381,10.42863],[105.57269,10.43834],[105.57572,10.4464],[105.5705,10.47846],[105.55551,10.51314],[105.5469,10.52574],[105.53257,10.53728],[105.51151,10.54737],[105.48827,10.5425],[105.48221,10.53405],[105.44639,10.55297],[105.41681,10.55],[105.39305,10.56894],[105.37177,10.57218],[105.34974,10.61659],[105.33882,10.65286],[105.33802,10.67397],[105.35235,10.71336],[105.33967,10.7227],[105.29808,10.71623],[105.27848,10.72314],[105.27735,10.73186],[105.30119,10.74799],[105.30347,10.75932],[105.29812,10.76278],[105.27608,10.76384],[105.26533,10.76823],[105.25841,10.78033],[105.26271,10.79583],[105.25938,10.8013],[105.23567,10.80598],[105.22964,10.81027],[105.21091,10.84869],[105.18776,10.87407],[105.18723,10.91155],[105.18026,10.91182],[105.15689,10.92393],[105.10728,10.91821],[105.09927,10.92087],[105.10057,10.92646],[105.11756,10.94431],[105.11742,10.96049],[105.11299,10.96183],[105.09755,10.95475],[105.08276,10.95645],[105.07889,10.95144],[105.07785,10.93684],[105.06841,10.93896],[105.05349,10.92957],[105.05102,10.92493],[105.05266,10.91646],[105.04193,10.91028],[105.04516,10.90157],[105.02848,10.89228],[105.03402,10.86826],[105.05893,10.81986],[105.05808,10.80602],[105.06273,10.79732],[105.06416,10.78049],[105.07626,10.77831],[105.09246,10.75613],[105.09831,10.72164],[104.95384,10.63672],[104.93515,10.61385],[104.8998,10.55004],[104.86826,10.52158],[104.75335,10.5189],[104.6952,10.53771],[104.64682,10.54001],[104.64587,10.52976],[104.61634,10.52828],[104.60827,10.53316],[104.59874,10.534],[104.59042,10.52963],[104.58774,10.52741],[104.58725,10.51105],[104.58381,10.50484],[104.55984,10.49299],[104.55834,10.47284],[104.55255,10.45755],[104.54306,10.44817],[104.5281,10.44686],[104.51826,10.44027],[104.49796,10.40445],[104.48914,10.42036],[104.47832,10.43145],[104.43905,10.42318],[104.44867,10.41085],[104.45279,10.39993],[104.44357,10.384],[104.44625,10.374],[104.44295,10.36483],[104.45309,10.36954],[104.45973,10.36902],[104.46473,10.3766],[104.48289,10.37616]]],[[[104.64399,9.81845],[104.63674,9.82236],[104.62861,9.82019],[104.61776,9.81138],[104.61329,9.8009],[104.60852,9.80165],[104.60573,9.79755],[104.61881,9.79606],[104.62985,9.79904],[104.63649,9.7934],[104.64958,9.79631],[104.6559,9.80425],[104.65838,9.81697],[104.64399,9.81845]]],[[[104.85536,9.97785],[104.83948,9.97486],[104.82928,9.96853],[104.82766,9.95791],[104.83148,9.95168],[104.83638,9.94842],[104.84119,9.95239],[104.84613,9.96535],[104.85319,9.97376],[104.85794,9.97448],[104.85536,9.97785]]],[[[104.55415,10.0402],[104.54426,10.03129],[104.55169,10.01428],[104.55912,10.0161],[104.56168,10.02265],[104.55415,10.0402]]],[[[104.53702,10.1166],[104.53711,10.11587],[104.53799,10.11575],[104.53702,10.1166]]],[[[104.54217,10.12311],[104.54539,10.12566],[104.54411,10.13459],[104.54021,10.12685],[104.54217,10.12311]]],[[[104.6352,10.13451],[104.63506,10.13533],[104.63467,10.1352],[104.6352,10.13451]]],[[[104.63921,10.13561],[104.63916,10.13582],[104.63845,10.13539],[104.63921,10.13561]]],[[[104.63716,10.13629],[104.63727,10.13523],[104.63832,10.13551],[104.63716,10.13629]]],[[[104.54657,10.13537],[104.5462,10.13732],[104.54528,10.13661],[104.54657,10.13537]]],[[[104.54345,10.13947],[104.5432,10.13908],[104.54537,10.13925],[104.54345,10.13947]]],[[[104.53285,10.14061],[104.53181,10.14249],[104.53123,10.14168],[104.53285,10.14061]]],[[[104.53783,10.14249],[104.537,10.14324],[104.53699,10.14303],[104.53783,10.14249]]],[[[104.55214,10.14601],[104.54891,10.14534],[104.54783,10.13984],[104.55085,10.1395],[104.55214,10.14601]]],[[[104.53431,10.14356],[104.53326,10.14407],[104.53315,10.14365],[104.53431,10.14356]]],[[[104.61873,10.14411],[104.61915,10.14463],[104.61885,10.14491],[104.61873,10.14411]]],[[[104.53108,10.14583],[104.53078,10.14594],[104.53069,10.14497],[104.53108,10.14583]]],[[[104.55274,10.14866],[104.55531,10.14848],[104.55041,10.15397],[104.55274,10.14866]]],[[[104.59185,10.15412],[104.5871,10.1545],[104.58569,10.1527],[104.58917,10.15188],[104.59185,10.15412]]],[[[104.57146,10.15535],[104.58099,10.15289],[104.58226,10.15585],[104.57146,10.15535]]],[[[104.57908,10.1706],[104.57809,10.1694],[104.57904,10.16956],[104.57908,10.1706]]],[[[104.57757,10.17167],[104.57774,10.17144],[104.57893,10.17154],[104.57885,10.17436],[104.57745,10.17348],[104.57757,10.17167]],[[104.57771,10.1717],[104.57784,10.1718],[104.57783,10.17178],[104.57771,10.1717]]],[[[104.57947,10.17425],[104.57961,10.17432],[104.57957,10.17434],[104.57947,10.17425]]],[[[104.57806,10.17478],[104.57801,10.1743],[104.57842,10.17426],[104.57806,10.17478]]],[[[104.57952,10.17443],[104.57962,10.17464],[104.57942,10.17459],[104.57952,10.17443]]],[[[104.59377,10.17987],[104.5911,10.17917],[104.59159,10.17574],[104.59271,10.17598],[104.59377,10.17987]]],[[[104.57169,10.1799],[104.57103,10.1782],[104.57207,10.17705],[104.57169,10.17825],[104.57169,10.1799]]],[[[104.57282,10.18139],[104.57229,10.18091],[104.57285,10.18065],[104.57282,10.18139]]],[[[104.5829,10.23928],[104.58255,10.23991],[104.5824,10.23983],[104.5829,10.23928]]],[[[104.58442,10.24022],[104.58311,10.23983],[104.58337,10.23968],[104.58442,10.24022]]]]}},{"type":"Feature","properties":{"id":"1","ma_tinh":"24","ten_tinh":"Bắc Ninh","sap_nhap":"Bắc Ninh, Bắc Giang","quy_mo":"99 đơn vị (33 phường, 66 xã)","tru_so":"Số 82 Hùng Vương, Bắc Giang, Bắc Ninh","loai":"Tỉnh","cap":1,"stt":2,"dtich_km2":4718.61,"dan_so":3619443,"matdo_km2":767.06,"NAME_1":"Bắc Ninh","GID_1":"24"},"geometry":{"type":"Polygon","coordinates":[[[106.04036,21.00189],[106.05503,21.00683],[106.05804,21.00044],[106.0678,21.00093],[106.0685,20.99801],[106.07675,20.99492],[106.08232,20.99839],[106.08364,21.00465],[106.0907,21.00625],[106.10216,20.99725],[106.10927,20.9998],[106.11569,20.99592],[106.11489,20.98324],[106.12742,20.98347],[106.1319,20.99925],[106.13807,21.00127],[106.15096,20.98846],[106.16003,20.9903],[106.16842,20.9875],[106.16957,20.98479],[106.16309,20.97561],[106.16751,20.96935],[106.18742,20.98105],[106.19324,20.97939],[106.22092,20.98979],[106.2206,20.99581],[106.2447,20.99143],[106.24666,20.99771],[106.26635,20.98788],[106.27313,20.99143],[106.27568,21.00544],[106.29468,21.02064],[106.29464,21.04081],[106.30984,21.05754],[106.30282,21.07317],[106.30218,21.08731],[106.29536,21.1075],[106.29939,21.12218],[106.31555,21.13323],[106.32255,21.14841],[106.32094,21.15868],[106.30954,21.18049],[106.31145,21.19161],[106.324,21.19222],[106.3227,21.18409],[106.3308,21.18133],[106.33205,21.17484],[106.34051,21.17282],[106.34526,21.165],[106.34718,21.17348],[106.35287,21.17106],[106.36556,21.17356],[106.36448,21.17841],[106.37405,21.18667],[106.37459,21.19579],[106.38885,21.19762],[106.39388,21.2029],[106.39971,21.20213],[106.41274,21.20748],[106.41621,21.2219],[106.42248,21.22367],[106.42349,21.23073],[106.42634,21.23172],[106.43701,21.22825],[106.45543,21.23283],[106.46628,21.22617],[106.47432,21.23018],[106.48683,21.22874],[106.48893,21.23738],[106.49238,21.2281],[106.50761,21.22177],[106.5191,21.2245],[106.52991,21.22234],[106.54237,21.19239],[106.55741,21.19463],[106.56743,21.1888],[106.57968,21.19249],[106.58786,21.18843],[106.59065,21.18355],[106.58867,21.17831],[106.60516,21.17977],[106.61181,21.17097],[106.63077,21.17233],[106.63766,21.16768],[106.64098,21.17274],[106.63775,21.17861],[106.64008,21.18134],[106.65222,21.17385],[106.67914,21.17051],[106.68189,21.16647],[106.69718,21.17013],[106.70044,21.16701],[106.70669,21.16834],[106.7148,21.16083],[106.72135,21.16205],[106.72483,21.15903],[106.73355,21.16151],[106.74407,21.1556],[106.76446,21.15641],[106.76915,21.15264],[106.79429,21.14911],[106.80396,21.15463],[106.81934,21.15664],[106.83289,21.15263],[106.82599,21.16544],[106.82691,21.18835],[106.8409,21.18608],[106.85334,21.18887],[106.85768,21.18706],[106.86109,21.17656],[106.87079,21.17368],[106.88238,21.18338],[106.89252,21.17908],[106.91645,21.18448],[106.92674,21.17334],[106.93564,21.16869],[106.94279,21.17355],[106.94786,21.18761],[106.95514,21.18997],[106.95612,21.20628],[106.96275,21.21039],[106.96889,21.2252],[106.97842,21.22634],[106.97722,21.23945],[106.98603,21.2568],[106.98252,21.26733],[106.97562,21.27077],[106.97228,21.28394],[106.9841,21.29242],[107.00379,21.29328],[107.02001,21.299],[107.03325,21.31496],[107.0321,21.32493],[107.02181,21.33152],[107.01803,21.34422],[107.00221,21.34992],[106.99762,21.35563],[106.98731,21.36033],[106.99336,21.37605],[106.98541,21.40207],[106.99222,21.40896],[106.99181,21.41526],[107.00377,21.42149],[106.99202,21.43012],[106.98688,21.43971],[106.96876,21.4359],[106.95514,21.42336],[106.95,21.42513],[106.94652,21.43391],[106.94062,21.43535],[106.92847,21.42544],[106.93038,21.43343],[106.92686,21.44094],[106.91546,21.42991],[106.90896,21.4324],[106.89117,21.45178],[106.89217,21.46015],[106.90275,21.47119],[106.89219,21.4773],[106.88938,21.49089],[106.8739,21.49691],[106.8524,21.49639],[106.85254,21.49981],[106.84293,21.49429],[106.84399,21.49975],[106.83867,21.50699],[106.83969,21.51241],[106.85066,21.51719],[106.85175,21.52527],[106.86163,21.52418],[106.86536,21.53028],[106.86504,21.53426],[106.85836,21.53989],[106.85016,21.54132],[106.85022,21.54761],[106.84318,21.56049],[106.82828,21.55986],[106.82144,21.56285],[106.80734,21.559],[106.79305,21.56537],[106.78663,21.57786],[106.75865,21.56956],[106.75534,21.56277],[106.76173,21.55428],[106.75815,21.55293],[106.75877,21.54446],[106.75548,21.54077],[106.74318,21.54168],[106.73395,21.54483],[106.73333,21.54928],[106.72627,21.55576],[106.70896,21.56093],[106.69864,21.57257],[106.70269,21.58224],[106.70267,21.5926],[106.68898,21.60017],[106.67681,21.60338],[106.67028,21.60901],[106.65608,21.6032],[106.64488,21.60703],[106.63487,21.60091],[106.62484,21.60233],[106.62351,21.60593],[106.61503,21.60795],[106.5928,21.59803],[106.5708,21.60248],[106.56618,21.59612],[106.55728,21.59501],[106.5559,21.58978],[106.55217,21.58882],[106.55285,21.58347],[106.5438,21.5766],[106.54003,21.56721],[106.53037,21.56268],[106.52244,21.53601],[106.5087,21.52586],[106.50688,21.52119],[106.52164,21.49954],[106.50868,21.48447],[106.4944,21.48283],[106.48252,21.44852],[106.473,21.44787],[106.47168,21.4418],[106.46569,21.43679],[106.45232,21.44009],[106.45077,21.43636],[106.44359,21.43618],[106.43854,21.44383],[106.43299,21.438],[106.42761,21.44027],[106.41759,21.4372],[106.41418,21.43197],[106.40526,21.42842],[106.40861,21.41907],[106.4157,21.41544],[106.41618,21.40836],[106.4119,21.40523],[106.39519,21.40529],[106.38726,21.39732],[106.37806,21.3936],[106.3672,21.39945],[106.36158,21.39585],[106.35154,21.39604],[106.34595,21.40108],[106.34049,21.39976],[106.34091,21.39685],[106.33513,21.40395],[106.32327,21.41063],[106.32704,21.42005],[106.32478,21.42446],[106.33338,21.43547],[106.32888,21.44109],[106.32896,21.44656],[106.32562,21.44806],[106.3161,21.44407],[106.31057,21.45194],[106.30408,21.4482],[106.30594,21.44222],[106.29874,21.4466],[106.29529,21.44297],[106.28815,21.44983],[106.29006,21.45577],[106.28337,21.45227],[106.28726,21.4699],[106.28274,21.47258],[106.28713,21.4906],[106.27315,21.49356],[106.26789,21.48911],[106.26481,21.4916],[106.2567,21.48672],[106.2488,21.48751],[106.24543,21.48037],[106.24425,21.48174],[106.24366,21.48343],[106.24558,21.48507],[106.24152,21.48657],[106.23797,21.4945],[106.20968,21.49697],[106.18595,21.5082],[106.17574,21.50809],[106.16784,21.51347],[106.17069,21.53459],[106.16738,21.54063],[106.1708,21.54941],[106.16775,21.56072],[106.16978,21.57209],[106.16692,21.57668],[106.1703,21.58635],[106.16943,21.59535],[106.18529,21.604],[106.17414,21.60965],[106.16432,21.62439],[106.15966,21.62647],[106.1422,21.62327],[106.12634,21.61574],[106.10164,21.62167],[106.09896,21.62502],[106.08093,21.61975],[106.06792,21.60502],[106.05681,21.60323],[106.04903,21.58167],[106.03346,21.57238],[106.03349,21.56416],[106.03027,21.5624],[106.04789,21.5589],[106.05061,21.55221],[106.05461,21.55077],[106.05076,21.54538],[106.05309,21.53812],[106.0463,21.52874],[106.04452,21.51827],[106.04112,21.51656],[106.04578,21.50831],[106.03792,21.49034],[106.04763,21.48178],[106.04496,21.47389],[106.04099,21.4727],[106.04193,21.46693],[106.05153,21.45952],[106.0456,21.44149],[106.02659,21.4366],[106.02541,21.43134],[106.03134,21.42537],[106.03401,21.41068],[106.02742,21.39935],[106.02932,21.39411],[106.02286,21.39231],[106.01853,21.39789],[106.01959,21.40255],[106.00751,21.40627],[105.99721,21.40282],[105.99087,21.41177],[105.98644,21.4138],[105.98488,21.41095],[105.97252,21.41992],[105.9647,21.43579],[105.96121,21.43623],[105.95429,21.41313],[105.95899,21.40225],[105.95514,21.40116],[105.95346,21.40676],[105.94549,21.40029],[105.94134,21.40044],[105.94514,21.38963],[105.94081,21.37365],[105.91712,21.37254],[105.91088,21.37567],[105.89553,21.35195],[105.89876,21.34956],[105.90751,21.35226],[105.90689,21.34799],[105.89635,21.34289],[105.88709,21.34603],[105.88114,21.3374],[105.88797,21.32796],[105.89903,21.32507],[105.89694,21.30952],[105.89902,21.30572],[105.90771,21.30155],[105.91734,21.30535],[105.91695,21.29474],[105.93161,21.29376],[105.9232,21.28753],[105.92244,21.27242],[105.93877,21.24471],[105.93351,21.24544],[105.93291,21.2417],[105.92072,21.23495],[105.91954,21.23098],[105.90624,21.23204],[105.9038,21.22536],[105.90512,21.2224],[105.91049,21.22454],[105.91546,21.21486],[105.91553,21.2084],[105.90984,21.20682],[105.91376,21.2031],[105.90765,21.19772],[105.90705,21.19247],[105.91233,21.19236],[105.92368,21.18273],[105.92021,21.17834],[105.92114,21.17376],[105.91686,21.17158],[105.91923,21.16328],[105.92253,21.16318],[105.91953,21.15543],[105.92649,21.14161],[105.92458,21.13331],[105.9219,21.13529],[105.91786,21.13205],[105.91927,21.12991],[105.91277,21.12648],[105.9156,21.11896],[105.92317,21.12082],[105.92143,21.11639],[105.93104,21.11104],[105.93641,21.10166],[105.93454,21.09661],[105.94071,21.08925],[105.94028,21.08333],[105.95803,21.09127],[105.96207,21.0779],[105.96826,21.07212],[105.9937,21.06893],[105.99963,21.07456],[106.00637,21.06333],[106.00862,21.06431],[106.00822,21.05553],[106.01134,21.0582],[106.01432,21.05596],[106.01389,21.05095],[106.02003,21.04762],[106.02013,21.04147],[106.01284,21.03025],[106.00657,21.02861],[106.00941,21.02437],[106.0032,21.01752],[106.00616,21.01509],[106.00446,21.01168],[106.01016,21.01079],[105.99953,21.00547],[106.00141,21.00044],[106.01099,20.99826],[106.0157,21.00211],[106.0205,20.99536],[106.02887,20.993],[106.04036,21.00189]]]}},{"type":"Feature","properties":{"id":"2","ma_tinh":"96","ten_tinh":"Cà Mau","sap_nhap":"Cà Mau, Bạc Liêu","quy_mo":"64 đơn vị (9 phường, 55 xã)","tru_so":"Số 02 Hùng Vương, Tân Thành, Cà Mau","loai":"Tỉnh","cap":1,"stt":34,"dtich_km2":6310.45,"dan_so":1988464,"matdo_km2":315.11,"NAME_1":"Cà Mau","GID_1":"96"},"geometry":{"type":"MultiPolygon","coordinates":[[[[104.84866,8.41904],[104.84899,8.41306],[104.85433,8.414],[104.85745,8.41941],[104.84866,8.41904]]],[[[104.86196,8.42054],[104.86247,8.42169],[104.8612,8.42163],[104.86196,8.42054]]],[[[104.84453,8.44151],[104.84527,8.44709],[104.84039,8.45292],[104.83725,8.44598],[104.832,8.44391],[104.83216,8.43808],[104.82642,8.43601],[104.8191,8.4265],[104.82518,8.42154],[104.83837,8.42617],[104.83688,8.43787],[104.84453,8.44151]]],[[[104.84348,8.45356],[104.84421,8.45453],[104.84281,8.45426],[104.84348,8.45356]]],[[[104.88414,8.57499],[104.91326,8.58292],[104.95419,8.58842],[104.98287,8.60462],[105.00013,8.6009],[105.01069,8.60371],[105.05536,8.62517],[105.07161,8.62741],[105.10447,8.63837],[105.12741,8.66101],[105.12374,8.67463],[105.13269,8.68399],[105.13672,8.69603],[105.1577,8.71223],[105.16906,8.72785],[105.17124,8.7269],[105.17034,8.73009],[105.17544,8.73379],[105.17863,8.742],[105.1818,8.74143],[105.18313,8.74588],[105.18766,8.74558],[105.20649,8.75703],[105.24342,8.76465],[105.26272,8.77229],[105.27656,8.78245],[105.28979,8.8016],[105.29707,8.80603],[105.30614,8.82381],[105.3173,8.82833],[105.32731,8.83758],[105.35796,8.89365],[105.36043,8.90738],[105.37368,8.9362],[105.37994,8.94228],[105.38599,8.95705],[105.38333,8.96955],[105.38914,8.97802],[105.39469,8.99371],[105.39298,8.9958],[105.40584,9.0096],[105.4054,9.01275],[105.41648,9.0221],[105.42426,9.0214],[105.44614,9.0505],[105.48332,9.08632],[105.53793,9.11738],[105.54997,9.11971],[105.54908,9.12307],[105.55169,9.12078],[105.5822,9.13031],[105.582,9.13719],[105.58737,9.13521],[105.58912,9.14019],[105.59026,9.13586],[105.61022,9.14549],[105.60913,9.15248],[105.61338,9.14606],[105.6184,9.14877],[105.61642,9.15496],[105.6197,9.14905],[105.62755,9.15408],[105.62636,9.1585],[105.62877,9.15319],[105.64239,9.15782],[105.64512,9.16243],[105.64756,9.16068],[105.65648,9.16508],[105.65473,9.17052],[105.6579,9.16561],[105.67157,9.17036],[105.6707,9.17638],[105.67436,9.1739],[105.67983,9.17615],[105.67956,9.17968],[105.68172,9.1775],[105.68552,9.17935],[105.68607,9.18246],[105.68874,9.18017],[105.69405,9.18505],[105.69966,9.18496],[105.73166,9.19981],[105.7406,9.19995],[105.74028,9.20387],[105.75645,9.20776],[105.75535,9.21278],[105.75798,9.20852],[105.80636,9.23696],[105.82727,9.24516],[105.81916,9.27257],[105.82566,9.27805],[105.81197,9.33929],[105.84982,9.35527],[105.85527,9.36041],[105.85888,9.35979],[105.86043,9.36452],[105.857,9.36664],[105.85725,9.37272],[105.85289,9.38003],[105.85713,9.38345],[105.84854,9.38937],[105.84708,9.39855],[105.84228,9.40005],[105.84297,9.40426],[105.83096,9.40075],[105.83527,9.39919],[105.83296,9.39193],[105.82848,9.3903],[105.82093,9.39408],[105.82225,9.38557],[105.81906,9.37896],[105.8135,9.37684],[105.81794,9.37296],[105.81545,9.37014],[105.80922,9.37137],[105.80568,9.37606],[105.79883,9.3745],[105.7928,9.37733],[105.79035,9.38414],[105.78552,9.38274],[105.77723,9.3933],[105.7864,9.40062],[105.7858,9.40306],[105.78157,9.4075],[105.77633,9.40493],[105.7719,9.41137],[105.76539,9.40984],[105.76173,9.41378],[105.75558,9.41077],[105.75537,9.40757],[105.75088,9.41073],[105.75144,9.40647],[105.74556,9.40604],[105.74653,9.40357],[105.74146,9.40011],[105.73697,9.40161],[105.73761,9.39532],[105.72817,9.39572],[105.72357,9.39029],[105.7162,9.39087],[105.70974,9.39744],[105.70508,9.39646],[105.70785,9.39462],[105.70715,9.38358],[105.70535,9.3778],[105.70166,9.37742],[105.68516,9.37844],[105.68248,9.38449],[105.67739,9.38419],[105.67311,9.3908],[105.65523,9.38576],[105.64993,9.38735],[105.64779,9.3948],[105.63673,9.39621],[105.64073,9.40675],[105.63135,9.41127],[105.63226,9.41543],[105.62891,9.41864],[105.61961,9.4152],[105.61538,9.40661],[105.61187,9.41226],[105.60181,9.41725],[105.60289,9.4212],[105.59974,9.42428],[105.59561,9.41938],[105.58764,9.42362],[105.58048,9.41139],[105.54528,9.45063],[105.54398,9.47106],[105.5497,9.52064],[105.55252,9.52333],[105.55501,9.56741],[105.5474,9.58455],[105.53709,9.59181],[105.53531,9.59719],[105.52129,9.59464],[105.5206,9.58855],[105.51422,9.58956],[105.51199,9.58392],[105.50423,9.58615],[105.50403,9.59117],[105.49312,9.59075],[105.48901,9.58209],[105.47557,9.58449],[105.47762,9.59068],[105.47057,9.59697],[105.46222,9.58683],[105.45642,9.59032],[105.44968,9.58688],[105.44638,9.59684],[105.44115,9.5947],[105.43001,9.60085],[105.42877,9.59533],[105.41795,9.59268],[105.41549,9.60178],[105.41054,9.59777],[105.39895,9.59821],[105.39962,9.5939],[105.39556,9.58821],[105.39024,9.59053],[105.37954,9.58572],[105.37274,9.59685],[105.36959,9.58765],[105.36355,9.59232],[105.34534,9.59273],[105.34798,9.59934],[105.34231,9.60409],[105.3416,9.61261],[105.32909,9.59933],[105.32395,9.60376],[105.30874,9.60753],[105.30293,9.62052],[105.30358,9.62813],[105.29695,9.62993],[105.29486,9.63743],[105.28634,9.62529],[105.28893,9.6137],[105.28636,9.59991],[105.29517,9.58424],[105.31273,9.57208],[105.30808,9.5637],[105.308,9.55595],[105.31851,9.56032],[105.32387,9.55869],[105.32256,9.54508],[105.32996,9.52762],[105.32009,9.5251],[105.32344,9.51684],[105.31592,9.51029],[105.31559,9.50245],[105.30989,9.50706],[105.30537,9.50343],[105.30103,9.50665],[105.29908,9.50503],[105.2982,9.49403],[105.29387,9.49001],[105.29578,9.48195],[105.29125,9.4675],[105.29455,9.43407],[105.31053,9.4165],[105.31914,9.38321],[105.31228,9.38404],[105.30126,9.39133],[105.29475,9.38813],[105.2779,9.39869],[105.27496,9.39512],[105.26209,9.39922],[105.00301,9.55848],[104.99745,9.54297],[104.99262,9.53902],[104.97601,9.54497],[104.96299,9.5559],[104.9458,9.53272],[104.91647,9.56156],[104.88127,9.49414],[104.856,9.51628],[104.84588,9.52938],[104.83683,9.53082],[104.8299,9.37555],[104.8273,9.37401],[104.82458,9.33553],[104.82262,9.24884],[104.80807,9.17741],[104.8111,9.1694],[104.81281,9.13451],[104.80966,9.07042],[104.80571,9.04663],[104.81189,9.03926],[104.80968,9.02919],[104.80307,9.02091],[104.80737,8.97744],[104.80487,8.97319],[104.80329,8.92505],[104.80009,8.89877],[104.79127,8.87088],[104.7943,8.86437],[104.78566,8.84581],[104.78069,8.81588],[104.7888,8.79461],[104.81132,8.77284],[104.82123,8.7749],[104.82227,8.77436],[104.82345,8.77659],[104.89684,8.80126],[104.89979,8.79834],[104.89762,8.79076],[104.88412,8.78201],[104.87358,8.75963],[104.86299,8.75599],[104.86286,8.74955],[104.84663,8.7399],[104.8132,8.73212],[104.79243,8.71941],[104.78171,8.69365],[104.78385,8.68797],[104.78779,8.68742],[104.78434,8.68315],[104.79448,8.67295],[104.78953,8.66851],[104.79176,8.6652],[104.78739,8.6678],[104.79587,8.65982],[104.79366,8.66228],[104.79755,8.66011],[104.79281,8.65683],[104.79576,8.65578],[104.79012,8.65477],[104.79152,8.65256],[104.78608,8.65362],[104.78732,8.64873],[104.78077,8.65219],[104.78067,8.64544],[104.76853,8.64976],[104.75518,8.64534],[104.74453,8.65431],[104.7357,8.65668],[104.72715,8.65488],[104.71691,8.64822],[104.71232,8.63288],[104.71764,8.60529],[104.72137,8.60608],[104.72215,8.60313],[104.74818,8.59229],[104.80661,8.57826],[104.80462,8.5733],[104.82096,8.56517],[104.83171,8.56276],[104.84691,8.57066],[104.88414,8.57499]]],[[[104.78543,8.66391],[104.79435,8.65983],[104.7922,8.66122],[104.78543,8.66391]]],[[[104.78817,8.66675],[104.79116,8.66295],[104.78504,8.66449],[104.79548,8.65986],[104.78817,8.66675]]],[[[104.78553,8.68615],[104.78656,8.6869],[104.78479,8.68626],[104.78553,8.68615]]],[[[104.78406,8.68755],[104.78369,8.6874],[104.7847,8.68666],[104.78406,8.68755]]],[[[104.81153,8.77256],[104.81148,8.77246],[104.82157,8.77456],[104.81153,8.77256]]],[[[104.80997,8.77323],[104.80084,8.7806],[104.804,8.77632],[104.80997,8.77323]]],[[[104.83229,8.7762],[104.84162,8.78156],[104.8235,8.77628],[104.83229,8.7762]]],[[[104.85195,8.78544],[104.84189,8.78151],[104.84253,8.7809],[104.85195,8.78544]]],[[[104.85931,8.78734],[104.8596,8.78777],[104.85225,8.78543],[104.85931,8.78734]]],[[[104.86059,8.78819],[104.87311,8.79144],[104.87323,8.79235],[104.87299,8.79246],[104.86059,8.78819]]],[[[104.79897,8.7828],[104.78891,8.7942],[104.78679,8.79802],[104.78759,8.79572],[104.78985,8.79233],[104.79897,8.7828]]],[[[104.87361,8.79155],[104.87462,8.792],[104.87419,8.79263],[104.87361,8.79155]]],[[[104.88476,8.79621],[104.87467,8.79269],[104.8747,8.79246],[104.88178,8.79435],[104.88476,8.79621]]],[[[104.56978,8.88255],[104.55902,8.88196],[104.56099,8.88145],[104.56978,8.88255]]],[[[104.52587,8.95479],[104.52215,8.94869],[104.52872,8.94245],[104.52972,8.9454],[104.52587,8.95479]]],[[[104.80408,9.17631],[104.8045,9.17626],[104.80482,9.17695],[104.80408,9.17631]]],[[[104.80272,9.17927],[104.79907,9.18019],[104.79944,9.17874],[104.80272,9.17927]]],[[[105.41249,9.01601],[105.41255,9.01651],[105.41227,9.01642],[105.41249,9.01601]]]]}},{"type":"Feature","properties":{"id":"3","ma_tinh":"92","ten_tinh":"Cần Thơ","sap_nhap":"Cần Thơ, Sóc Trăng, Hậu Giang","quy_mo":"103 đơn vị (31 phường, 72 xã)","tru_so":"Số 02 Hòa Bình, Ninh Kiều, Cần Thơ","loai":"Thành phố","cap":1,"stt":33,"dtich_km2":6360.82,"dan_so":4199788,"matdo_km2":660.26,"NAME_1":"Cần Thơ","GID_1":"92"},"geometry":{"type":"Polygon","coordinates":[[[105.47609,9.58435],[105.48931,9.58215],[105.49282,9.59056],[105.50356,9.59125],[105.50423,9.58615],[105.51199,9.58392],[105.51422,9.58956],[105.5206,9.58855],[105.52129,9.59464],[105.53495,9.59727],[105.53709,9.59181],[105.54773,9.58405],[105.55545,9.56038],[105.54398,9.47106],[105.54528,9.45063],[105.58048,9.41139],[105.58764,9.42362],[105.59561,9.41938],[105.59974,9.42428],[105.60289,9.4212],[105.60181,9.41725],[105.61187,9.41226],[105.61538,9.40661],[105.61961,9.4152],[105.62891,9.41864],[105.63226,9.41543],[105.63135,9.41127],[105.64073,9.40675],[105.63673,9.39621],[105.64779,9.3948],[105.64993,9.38735],[105.65523,9.38576],[105.67311,9.3908],[105.67739,9.38419],[105.68248,9.38449],[105.68516,9.37844],[105.70166,9.37742],[105.70535,9.3778],[105.70715,9.38358],[105.70785,9.39462],[105.70508,9.39646],[105.70974,9.39744],[105.7162,9.39087],[105.72357,9.39029],[105.72817,9.39572],[105.73761,9.39532],[105.73697,9.40161],[105.74146,9.40011],[105.74653,9.40357],[105.74556,9.40604],[105.75144,9.40647],[105.75088,9.41073],[105.75537,9.40757],[105.75558,9.41077],[105.76173,9.41378],[105.76539,9.40984],[105.7719,9.41137],[105.77633,9.40493],[105.78157,9.4075],[105.7858,9.40306],[105.7864,9.40062],[105.77723,9.3933],[105.78552,9.38274],[105.79035,9.38414],[105.7928,9.37733],[105.79883,9.3745],[105.80568,9.37606],[105.80922,9.37137],[105.81545,9.37014],[105.81794,9.37296],[105.8135,9.37684],[105.81906,9.37896],[105.82225,9.38557],[105.82093,9.39408],[105.82848,9.3903],[105.83296,9.39193],[105.83527,9.39919],[105.83096,9.40075],[105.84297,9.40426],[105.84228,9.40005],[105.84708,9.39855],[105.84854,9.38937],[105.85713,9.38345],[105.85289,9.38003],[105.85725,9.37272],[105.857,9.36664],[105.86043,9.36452],[105.85888,9.35979],[105.85527,9.36041],[105.84982,9.35527],[105.81197,9.33929],[105.82566,9.27805],[105.81916,9.27257],[105.82733,9.24516],[105.88054,9.26672],[105.88453,9.26572],[105.89144,9.27068],[105.89802,9.26924],[105.90041,9.27337],[105.90499,9.27152],[105.91294,9.27647],[105.92495,9.27753],[105.93168,9.28248],[105.94064,9.28169],[105.94525,9.28583],[105.95168,9.28488],[105.95928,9.28859],[105.96396,9.28665],[105.97613,9.2928],[105.97476,9.29778],[105.97867,9.29226],[106.01149,9.30099],[106.01313,9.3041],[106.0144,9.30239],[106.0138,9.30591],[106.00988,9.30777],[106.01368,9.31018],[106.01493,9.30216],[106.02139,9.30579],[106.02378,9.30382],[106.02761,9.30527],[106.02756,9.31469],[106.02917,9.31031],[106.02939,9.30594],[106.03666,9.30969],[106.03715,9.31397],[106.03864,9.31014],[106.0515,9.31526],[106.05061,9.32074],[106.05232,9.31549],[106.0567,9.31776],[106.0559,9.32158],[106.05824,9.31803],[106.07524,9.32517],[106.07449,9.32828],[106.0762,9.3245],[106.09157,9.32776],[106.09547,9.32987],[106.09494,9.33483],[106.09652,9.32852],[106.11065,9.32874],[106.13231,9.3354],[106.13102,9.33174],[106.15354,9.34779],[106.17533,9.36504],[106.18653,9.38034],[106.18368,9.39042],[106.18811,9.4017],[106.1858,9.41622],[106.17903,9.41881],[106.1808,9.41161],[106.17933,9.40807],[106.18067,9.41193],[106.17943,9.41246],[106.17867,9.41436],[106.1786,9.41496],[106.17914,9.41625],[106.17865,9.41749],[106.17878,9.41945],[106.16254,9.41518],[106.16915,9.42426],[106.17402,9.42586],[106.18163,9.43889],[106.18607,9.43867],[106.19598,9.44733],[106.18981,9.45151],[106.19706,9.44775],[106.20695,9.4567],[106.20743,9.46682],[106.20046,9.46778],[106.20874,9.46802],[106.21016,9.47898],[106.20378,9.47968],[106.2106,9.48138],[106.21197,9.49899],[106.20489,9.49899],[106.22743,9.50899],[106.23449,9.49143],[106.23902,9.48965],[106.24853,9.49258],[106.26593,9.50536],[106.27779,9.52201],[106.28685,9.54284],[106.29308,9.56653],[106.29322,9.57546],[106.28947,9.57907],[106.29817,9.58847],[106.24567,9.61802],[106.1713,9.68722],[106.11018,9.75199],[106.07138,9.77614],[106.04688,9.80691],[106.02381,9.82504],[106.00543,9.84621],[105.99441,9.86802],[105.9597,9.90276],[105.91993,9.93088],[105.9059,9.93299],[105.89675,9.93804],[105.85348,9.97235],[105.82046,10.01202],[105.81349,10.03023],[105.78435,10.06746],[105.7651,10.07835],[105.74904,10.09203],[105.73446,10.09686],[105.70034,10.12399],[105.65803,10.14998],[105.62678,10.18679],[105.61546,10.21597],[105.59976,10.23916],[105.54491,10.29045],[105.51448,10.30733],[105.49653,10.32499],[105.48722,10.32381],[105.48429,10.31627],[105.47707,10.31066],[105.42659,10.303],[105.44107,10.26981],[105.39782,10.25313],[105.33618,10.2345],[105.31202,10.27394],[105.30662,10.26892],[105.30146,10.27702],[105.29154,10.26748],[105.28885,10.25991],[105.26706,10.23902],[105.26093,10.24588],[105.25309,10.23858],[105.22576,10.20095],[105.27587,10.16079],[105.29815,10.13864],[105.30327,10.14372],[105.31059,10.13465],[105.31702,10.14139],[105.35264,10.10107],[105.35671,10.0813],[105.36332,10.07395],[105.5394,9.91303],[105.51654,9.8631],[105.52088,9.8591],[105.46161,9.8254],[105.4309,9.81619],[105.43397,9.79613],[105.43736,9.79275],[105.42553,9.78701],[105.42673,9.78318],[105.42235,9.78527],[105.42171,9.77834],[105.41748,9.78288],[105.41912,9.77731],[105.41384,9.77891],[105.41604,9.77333],[105.41089,9.7773],[105.40931,9.77208],[105.41432,9.77067],[105.40515,9.77007],[105.40705,9.75969],[105.41231,9.76108],[105.4146,9.75862],[105.41171,9.74899],[105.40442,9.75077],[105.39383,9.74492],[105.3909,9.73602],[105.37371,9.73067],[105.35675,9.71256],[105.32789,9.70012],[105.33774,9.68804],[105.33915,9.67624],[105.35233,9.67642],[105.3571,9.66873],[105.3726,9.67262],[105.37381,9.66954],[105.36862,9.66284],[105.37003,9.65947],[105.37678,9.66132],[105.38704,9.65803],[105.39287,9.66051],[105.40665,9.65181],[105.40111,9.64646],[105.40693,9.64345],[105.39922,9.63096],[105.39938,9.62186],[105.39024,9.62585],[105.38833,9.62183],[105.37673,9.61613],[105.37395,9.61081],[105.37369,9.59615],[105.37795,9.58649],[105.38387,9.58612],[105.39024,9.59053],[105.39556,9.58821],[105.39962,9.5939],[105.39895,9.59821],[105.41054,9.59777],[105.41549,9.60178],[105.41795,9.59268],[105.42877,9.59533],[105.43001,9.60085],[105.44115,9.5947],[105.44638,9.59684],[105.44968,9.58688],[105.45642,9.59032],[105.46222,9.58683],[105.47057,9.59697],[105.47762,9.59068],[105.47609,9.58435]]]}},{"type":"Feature","properties":{"id":"4","ma_tinh":"04","ten_tinh":"Cao Bằng","sap_nhap":"không sáp nhập","quy_mo":"56 đơn vị (3 phường, 53 xã)","tru_so":"Số 11 Hoàng Đình Giong, Thục Phán, Cao Bằng","loai":"Tỉnh","cap":1,"stt":7,"dtich_km2":6700.38,"dan_so":573119,"matdo_km2":85.54,"NAME_1":"Cao Bằng","GID_1":"04"},"geometry":{"type":"Polygon","coordinates":[[[105.9243,22.52179],[105.93317,22.52823],[105.94697,22.52874],[105.9547,22.52292],[105.96586,22.52872],[105.97166,22.53712],[105.97721,22.53672],[105.98577,22.54442],[105.9912,22.54336],[106.00271,22.54816],[106.00728,22.55552],[106.01966,22.56023],[106.02633,22.55799],[106.0381,22.56214],[106.04249,22.56542],[106.04796,22.57821],[106.06571,22.56819],[106.07123,22.57285],[106.08048,22.57395],[106.08252,22.56756],[106.07554,22.56236],[106.07339,22.55463],[106.0866,22.55324],[106.09507,22.5472],[106.09199,22.53866],[106.09445,22.53348],[106.10076,22.53544],[106.0949,22.52795],[106.10159,22.52211],[106.10062,22.51746],[106.11952,22.50972],[106.11462,22.48268],[106.11972,22.47201],[106.10963,22.46316],[106.10433,22.45245],[106.09435,22.44559],[106.0942,22.44124],[106.10161,22.43574],[106.09942,22.42941],[106.10218,22.42268],[106.0988,22.414],[106.1056,22.40919],[106.10433,22.40183],[106.1123,22.39859],[106.12161,22.4022],[106.12239,22.39944],[106.13177,22.39925],[106.13954,22.39431],[106.14804,22.4012],[106.15466,22.39616],[106.15219,22.3906],[106.16116,22.3815],[106.17476,22.38758],[106.18434,22.38709],[106.18667,22.40018],[106.19395,22.40772],[106.19233,22.41594],[106.1995,22.42197],[106.20144,22.43236],[106.21113,22.44093],[106.21716,22.45228],[106.2218,22.45523],[106.23043,22.45454],[106.23959,22.46164],[106.2601,22.45036],[106.27111,22.45086],[106.27688,22.44775],[106.28796,22.42703],[106.29848,22.42369],[106.3123,22.41023],[106.31912,22.40748],[106.33141,22.41194],[106.33447,22.40904],[106.33322,22.40175],[106.34443,22.39229],[106.34171,22.37449],[106.36095,22.35734],[106.37781,22.35903],[106.39679,22.37408],[106.40498,22.36934],[106.4119,22.37072],[106.4253,22.35912],[106.43627,22.36418],[106.45137,22.35691],[106.46679,22.35875],[106.46898,22.36231],[106.4876,22.36806],[106.4893,22.37633],[106.4797,22.37933],[106.49085,22.3848],[106.49074,22.38754],[106.48372,22.39012],[106.49438,22.3964],[106.49044,22.40139],[106.50413,22.40524],[106.52022,22.3981],[106.53299,22.40809],[106.52848,22.41298],[106.5344,22.41538],[106.53539,22.41917],[106.55646,22.41997],[106.56387,22.42378],[106.56779,22.43023],[106.56462,22.43747],[106.56747,22.44112],[106.56288,22.44785],[106.55903,22.4473],[106.56072,22.45572],[106.55709,22.45859],[106.56009,22.46106],[106.5589,22.46527],[106.56391,22.46542],[106.56811,22.47328],[106.57484,22.47573],[106.5734,22.47178],[106.5782,22.46917],[106.58481,22.47644],[106.58224,22.48287],[106.58195,22.51976],[106.59108,22.53578],[106.59035,22.54933],[106.6007,22.55293],[106.60397,22.56464],[106.60099,22.57607],[106.60952,22.5819],[106.60424,22.59022],[106.61121,22.60497],[106.62094,22.60459],[106.62188,22.60724],[106.63228,22.60427],[106.63402,22.59136],[106.64589,22.5833],[106.64747,22.57751],[106.6534,22.57587],[106.67533,22.57855],[106.67797,22.58235],[106.68471,22.57969],[106.6935,22.58484],[106.70883,22.57787],[106.7285,22.59377],[106.73147,22.60147],[106.72254,22.60876],[106.71715,22.6087],[106.7147,22.61407],[106.72412,22.61787],[106.72929,22.63055],[106.72225,22.6379],[106.72565,22.64502],[106.73291,22.6493],[106.73042,22.65492],[106.73564,22.65605],[106.74068,22.66986],[106.75767,22.67504],[106.76071,22.68544],[106.75385,22.6905],[106.75332,22.69666],[106.76559,22.70085],[106.76565,22.70568],[106.77984,22.70832],[106.7649,22.718],[106.76582,22.72384],[106.76086,22.7308],[106.7696,22.73788],[106.7648,22.74115],[106.76732,22.74479],[106.77495,22.74442],[106.77901,22.75154],[106.78813,22.7539],[106.79009,22.75992],[106.78445,22.76518],[106.78579,22.76713],[106.79278,22.76449],[106.79556,22.77065],[106.80205,22.7687],[106.81787,22.77173],[106.82397,22.7791],[106.82158,22.78349],[106.82368,22.78905],[106.83164,22.7959],[106.83128,22.80081],[106.8373,22.80287],[106.81792,22.82011],[106.80593,22.82107],[106.78533,22.81401],[106.77392,22.8172],[106.76516,22.81127],[106.76888,22.82678],[106.75319,22.83164],[106.73709,22.84808],[106.70959,22.86496],[106.70645,22.86836],[106.71637,22.87136],[106.71788,22.87655],[106.7117,22.87907],[106.7062,22.88891],[106.69147,22.89173],[106.68029,22.88665],[106.67674,22.88831],[106.67774,22.89188],[106.66938,22.89295],[106.66523,22.88779],[106.66661,22.876],[106.65279,22.86576],[106.64601,22.86986],[106.64487,22.87455],[106.63656,22.87703],[106.63996,22.8806],[106.63847,22.88546],[106.62912,22.88705],[106.63074,22.89145],[106.61551,22.9013],[106.60974,22.90982],[106.61135,22.91545],[106.60833,22.92115],[106.60464,22.92177],[106.60509,22.92711],[106.60177,22.93],[106.59672,22.92867],[106.59309,22.93341],[106.58759,22.93285],[106.58087,22.92523],[106.57192,22.92493],[106.56572,22.9191],[106.56052,22.9234],[106.55123,22.92434],[106.547,22.92906],[106.54354,22.92828],[106.54037,22.93561],[106.54201,22.94247],[106.52932,22.94121],[106.52533,22.94867],[106.51242,22.94683],[106.50678,22.9316],[106.50014,22.92906],[106.50377,22.92372],[106.49902,22.91782],[106.50381,22.91508],[106.50031,22.91395],[106.50248,22.91094],[106.49814,22.90539],[106.49403,22.90794],[106.48622,22.90192],[106.47432,22.9106],[106.472,22.90149],[106.46419,22.90148],[106.46478,22.89768],[106.46114,22.89585],[106.45484,22.90383],[106.44856,22.90441],[106.44311,22.89208],[106.43801,22.89053],[106.43282,22.88229],[106.42251,22.89274],[106.41195,22.88886],[106.41603,22.87634],[106.40725,22.8748],[106.40203,22.88163],[106.37472,22.88422],[106.36394,22.87915],[106.36343,22.86667],[106.35744,22.85925],[106.34885,22.85582],[106.34529,22.85607],[106.32601,22.87448],[106.32194,22.86785],[106.31121,22.86411],[106.29439,22.87546],[106.29111,22.87547],[106.28795,22.86813],[106.27853,22.86963],[106.27254,22.87607],[106.26758,22.87484],[106.25748,22.87919],[106.26442,22.8842],[106.25117,22.88956],[106.24936,22.89412],[106.25924,22.89703],[106.26142,22.9054],[106.26532,22.90679],[106.26466,22.911],[106.25907,22.92037],[106.24855,22.92651],[106.24699,22.93504],[106.24106,22.93612],[106.24213,22.94126],[106.23421,22.94319],[106.23587,22.95463],[106.22383,22.95883],[106.22412,22.96495],[106.21981,22.96431],[106.21731,22.97036],[106.21185,22.9707],[106.20048,22.9868],[106.19437,22.98462],[106.18471,22.98928],[106.17998,22.98399],[106.16565,22.98421],[106.14556,22.99613],[106.13487,22.99689],[106.13057,22.99384],[106.13065,22.99017],[106.12051,22.9889],[106.11781,22.98533],[106.10838,22.99101],[106.10005,22.98679],[106.0963,22.99573],[106.08898,22.99304],[106.08492,23.00097],[106.05586,22.99084],[106.05147,22.99429],[106.0431,22.98981],[106.03868,22.99408],[106.01807,22.99076],[106.00199,22.99246],[106.00126,22.98127],[106.00676,22.97666],[106.00849,22.96897],[106.00493,22.95354],[105.99789,22.94101],[105.9883,22.94089],[105.97998,22.94745],[105.95677,22.95133],[105.95566,22.94044],[105.93931,22.93834],[105.92248,22.94691],[105.90925,22.93958],[105.88945,22.93917],[105.88274,22.92764],[105.88717,22.91996],[105.87787,22.91664],[105.86962,22.92495],[105.87213,22.93339],[105.86676,22.93939],[105.85437,22.94377],[105.85457,22.95033],[105.84598,22.95725],[105.84676,22.9614],[105.85098,22.96022],[105.85498,22.97005],[105.85147,22.97281],[105.84483,22.96943],[105.83844,22.9711],[105.84317,22.978],[105.83782,22.98083],[105.83644,22.98828],[105.82844,22.99572],[105.8185,22.99598],[105.81558,22.98881],[105.80314,22.99131],[105.77974,23.02325],[105.75858,23.0286],[105.75678,23.03266],[105.74762,23.03474],[105.74196,23.03163],[105.73708,23.03679],[105.7315,23.03616],[105.72754,23.04301],[105.72988,23.05422],[105.72493,23.05423],[105.72217,23.05757],[105.72458,23.0608],[105.71571,23.06468],[105.7107,23.07153],[105.70898,23.06891],[105.71178,23.06207],[105.67554,23.06228],[105.67483,23.06546],[105.66473,23.06871],[105.65971,23.07478],[105.65387,23.07476],[105.64177,23.08154],[105.63112,23.07913],[105.62755,23.07146],[105.61823,23.06608],[105.60229,23.07712],[105.59359,23.07586],[105.59012,23.06924],[105.57823,23.06887],[105.57045,23.07384],[105.56537,23.08071],[105.56621,23.08463],[105.56011,23.08798],[105.56655,23.10195],[105.56367,23.10441],[105.56541,23.11299],[105.56105,23.11593],[105.56473,23.11809],[105.56302,23.11985],[105.5513,23.11066],[105.54043,23.109],[105.53182,23.11144],[105.5286,23.10838],[105.51764,23.0837],[105.52062,23.07585],[105.50841,23.06068],[105.50856,23.05223],[105.50407,23.04272],[105.49741,23.03892],[105.48762,23.00899],[105.4691,23.00784],[105.44896,22.9991],[105.44159,23.0039],[105.42836,22.99917],[105.41854,23.00215],[105.41211,22.99507],[105.37459,22.99025],[105.36107,22.97956],[105.3602,22.9722],[105.36479,22.96693],[105.36164,22.96026],[105.36443,22.952],[105.36197,22.93965],[105.34577,22.9333],[105.33266,22.93422],[105.33263,22.9283],[105.32281,22.91603],[105.30743,22.91217],[105.30359,22.87645],[105.28188,22.87714],[105.26744,22.88118],[105.26912,22.87724],[105.26572,22.86555],[105.27309,22.86423],[105.28038,22.85586],[105.3009,22.85567],[105.30811,22.84953],[105.31145,22.85114],[105.32373,22.84475],[105.32779,22.83282],[105.357,22.82252],[105.36476,22.82441],[105.36831,22.81281],[105.38726,22.80993],[105.39617,22.79677],[105.40863,22.79272],[105.41435,22.78629],[105.42351,22.78481],[105.42147,22.78067],[105.4246,22.77617],[105.4291,22.77735],[105.44462,22.77152],[105.44938,22.75951],[105.47044,22.75517],[105.46867,22.74955],[105.47865,22.73794],[105.47531,22.71888],[105.48194,22.70948],[105.49189,22.70714],[105.50374,22.69477],[105.49439,22.6908],[105.48998,22.66969],[105.49494,22.66558],[105.49761,22.65525],[105.50476,22.6514],[105.50275,22.6496],[105.51394,22.63656],[105.51963,22.63476],[105.53958,22.63354],[105.54393,22.65385],[105.55748,22.6574],[105.56546,22.66432],[105.57564,22.66421],[105.5815,22.66935],[105.58839,22.6664],[105.60321,22.6674],[105.59968,22.67806],[105.60115,22.68323],[105.60798,22.68726],[105.61962,22.70253],[105.62314,22.69904],[105.6352,22.70105],[105.64795,22.69832],[105.64871,22.70403],[105.65624,22.71007],[105.65591,22.71524],[105.6653,22.72426],[105.66903,22.72266],[105.67332,22.72536],[105.69204,22.71805],[105.69673,22.72911],[105.70184,22.72045],[105.7081,22.72745],[105.71704,22.72179],[105.72019,22.72882],[105.72626,22.72407],[105.73291,22.7278],[105.73559,22.73906],[105.74038,22.74125],[105.74697,22.72939],[105.75863,22.72493],[105.75942,22.72042],[105.75178,22.71279],[105.75734,22.70093],[105.76237,22.69616],[105.77708,22.69207],[105.77356,22.68442],[105.75985,22.67055],[105.74962,22.6647],[105.74087,22.65003],[105.74015,22.64319],[105.72695,22.63614],[105.7281,22.63095],[105.7391,22.62821],[105.74056,22.6214],[105.75329,22.60852],[105.75296,22.60323],[105.74666,22.59902],[105.74544,22.59454],[105.75015,22.59185],[105.75084,22.58654],[105.76139,22.58584],[105.76595,22.5887],[105.77792,22.57676],[105.77867,22.57179],[105.77035,22.5647],[105.77322,22.55832],[105.76747,22.55625],[105.77398,22.55414],[105.77169,22.54987],[105.78714,22.55055],[105.80433,22.52341],[105.82126,22.52026],[105.83315,22.5266],[105.83405,22.51533],[105.84166,22.51511],[105.85055,22.52036],[105.86494,22.52053],[105.87562,22.51415],[105.89936,22.50705],[105.8982,22.50421],[105.90435,22.49538],[105.91353,22.49775],[105.92349,22.51317],[105.9243,22.52179]]]}},{"type":"Feature","properties":{"id":"5","ma_tinh":"48","ten_tinh":"Đà Nẵng","sap_nhap":"Đà Nẵng, Quảng Nam","quy_mo":"94 đơn vị (23 phường, 70 xã và 1 đặc khu Hoàng Sa)","tru_so":"Số 24 Trần Phú, Hải Châu, Đà Nẵng","loai":"Thành phố","cap":1,"stt":21,"dtich_km2":11913.08,"dan_so":3122915,"matdo_km2":262.14,"NAME_1":"Đà Nẵng","GID_1":"48"},"geometry":{"type":"MultiPolygon","coordinates":[[[[108.15034,15.00212],[108.15209,15.00926],[108.14898,15.02252],[108.15302,15.02767],[108.14966,15.03356],[108.15184,15.0373],[108.14628,15.04572],[108.16235,15.06113],[108.17724,15.06012],[108.19182,15.04886],[108.1944,15.0403],[108.19969,15.04392],[108.21166,15.03232],[108.22451,15.02935],[108.24066,15.03314],[108.24295,15.04207],[108.23794,15.04933],[108.24199,15.06492],[108.23497,15.07829],[108.25105,15.08428],[108.2574,15.09083],[108.25965,15.10269],[108.2574,15.1161],[108.26211,15.11905],[108.26323,15.12409],[108.27499,15.13076],[108.27439,15.13671],[108.27912,15.13997],[108.27633,15.14245],[108.28116,15.14408],[108.28284,15.15317],[108.28965,15.15775],[108.29492,15.16838],[108.30461,15.17109],[108.3061,15.17451],[108.29963,15.18205],[108.30331,15.1882],[108.30218,15.19306],[108.29324,15.19515],[108.2911,15.19863],[108.3045,15.2098],[108.30786,15.22456],[108.30477,15.22739],[108.286,15.22669],[108.28938,15.23406],[108.28446,15.23571],[108.28097,15.24367],[108.2905,15.24641],[108.293,15.25283],[108.30305,15.25853],[108.3055,15.27414],[108.29938,15.2789],[108.31437,15.2984],[108.32197,15.30185],[108.33616,15.29666],[108.34238,15.29853],[108.36426,15.29439],[108.37877,15.30341],[108.39277,15.29838],[108.40269,15.30028],[108.40324,15.30898],[108.40659,15.3107],[108.41604,15.3067],[108.42671,15.31574],[108.43156,15.32592],[108.43413,15.32586],[108.43744,15.31338],[108.46106,15.30945],[108.47754,15.31245],[108.47845,15.30941],[108.48423,15.30802],[108.49491,15.31496],[108.49776,15.32228],[108.50251,15.32521],[108.50765,15.32618],[108.52669,15.32014],[108.53324,15.33162],[108.53781,15.33048],[108.55252,15.33659],[108.56016,15.33443],[108.5798,15.34528],[108.58744,15.3419],[108.59203,15.34716],[108.59655,15.34395],[108.60115,15.34516],[108.60292,15.35258],[108.62936,15.35659],[108.64198,15.36794],[108.64998,15.36605],[108.65506,15.36882],[108.65956,15.36608],[108.66188,15.36995],[108.6716,15.36383],[108.67649,15.36921],[108.67975,15.36957],[108.68026,15.36687],[108.69853,15.36971],[108.70129,15.37317],[108.71016,15.37083],[108.71886,15.37251],[108.73929,15.39864],[108.6972,15.44015],[108.69741,15.45205],[108.70166,15.45822],[108.69227,15.48253],[108.68662,15.48616],[108.67776,15.48108],[108.67366,15.48889],[108.67749,15.50426],[108.68239,15.5059],[108.67878,15.51188],[108.67347,15.51539],[108.67438,15.50688],[108.65929,15.49578],[108.63631,15.50333],[108.6215,15.51204],[108.57869,15.5586],[108.53017,15.62261],[108.42517,15.78936],[108.41288,15.81479],[108.40461,15.85131],[108.40532,15.86715],[108.39589,15.87119],[108.38941,15.86806],[108.38937,15.88196],[108.32353,15.9268],[108.3053,15.94504],[108.28577,15.97322],[108.24965,16.04961],[108.24643,16.06888],[108.24881,16.08572],[108.25355,16.09676],[108.25922,16.10146],[108.26381,16.1021],[108.26765,16.09497],[108.27372,16.0988],[108.28025,16.09735],[108.28648,16.10393],[108.29516,16.10572],[108.30627,16.09583],[108.31,16.09834],[108.31176,16.11245],[108.32078,16.1167],[108.33842,16.11781],[108.3238,16.14097],[108.31646,16.14475],[108.31286,16.14203],[108.3104,16.12505],[108.30537,16.12312],[108.28778,16.13695],[108.28369,16.13795],[108.27502,16.13321],[108.27103,16.13498],[108.25722,16.15354],[108.24812,16.15552],[108.23969,16.14908],[108.2305,16.14978],[108.23185,16.14282],[108.22845,16.13559],[108.22172,16.13103],[108.22055,16.12457],[108.21371,16.1229],[108.22185,16.09587],[108.21762,16.09374],[108.21485,16.09627],[108.21301,16.0913],[108.20707,16.08888],[108.20658,16.08162],[108.20134,16.07404],[108.18914,16.07361],[108.16491,16.08264],[108.1445,16.09763],[108.13166,16.11292],[108.13188,16.1172],[108.13459,16.11773],[108.12329,16.12341],[108.12542,16.12514],[108.12279,16.13982],[108.12648,16.14249],[108.13619,16.14109],[108.13925,16.14469],[108.1368,16.1575],[108.14093,16.16411],[108.15349,16.1615],[108.15101,16.16791],[108.15398,16.1722],[108.15271,16.18081],[108.15582,16.19043],[108.17341,16.19373],[108.179,16.20013],[108.19444,16.19943],[108.19493,16.20977],[108.17752,16.20576],[108.17107,16.2013],[108.1571,16.20618],[108.15576,16.20036],[108.14372,16.19897],[108.1206,16.1816],[108.11137,16.18197],[108.10051,16.18713],[108.09281,16.1803],[108.06419,16.18415],[108.05935,16.17916],[108.03655,16.19152],[108.01518,16.19405],[108.00564,16.20525],[107.98827,16.21422],[107.96967,16.19416],[107.95611,16.18917],[107.9297,16.19742],[107.9135,16.21454],[107.90607,16.2145],[107.8955,16.20524],[107.88997,16.20625],[107.88813,16.20035],[107.87542,16.19678],[107.87735,16.18904],[107.86743,16.18294],[107.87625,16.16996],[107.87498,16.16069],[107.85873,16.15312],[107.86047,16.1473],[107.8576,16.13867],[107.8602,16.13518],[107.85433,16.12311],[107.85618,16.11443],[107.82688,16.09004],[107.82165,16.07782],[107.82478,16.07011],[107.81565,16.05325],[107.8085,16.05318],[107.78826,16.06813],[107.78155,16.06237],[107.7739,16.06691],[107.77517,16.06007],[107.76986,16.05141],[107.76147,16.04949],[107.75729,16.04341],[107.73875,16.0393],[107.72667,16.03056],[107.72819,16.01871],[107.72456,16.00809],[107.70493,15.99468],[107.67703,15.9991],[107.67241,16.01159],[107.66409,16.01865],[107.65071,16.01921],[107.63231,16.03101],[107.62129,16.03206],[107.62002,16.03863],[107.62611,16.04928],[107.61973,16.06405],[107.59575,16.05623],[107.57185,16.05568],[107.55318,16.04462],[107.5523,16.0416],[107.56035,16.03105],[107.55839,16.02537],[107.56044,16.0219],[107.54636,16.01067],[107.52519,16.0165],[107.51283,16.01606],[107.49615,16.03915],[107.48658,16.04086],[107.48429,16.03548],[107.47337,16.03302],[107.46561,16.02312],[107.46426,16.01522],[107.45619,16.00548],[107.45082,15.99138],[107.44323,15.99038],[107.4472,15.98214],[107.43255,15.95673],[107.42681,15.93641],[107.42819,15.93039],[107.41966,15.92644],[107.41546,15.91236],[107.40926,15.90982],[107.40671,15.90111],[107.40164,15.89926],[107.39887,15.89396],[107.38749,15.89234],[107.38514,15.88669],[107.3713,15.89799],[107.36456,15.89625],[107.36216,15.8916],[107.34852,15.89402],[107.33352,15.88782],[107.32881,15.8901],[107.31582,15.8845],[107.31214,15.87326],[107.30285,15.86594],[107.29843,15.8693],[107.28985,15.86565],[107.28301,15.85773],[107.27567,15.86159],[107.27099,15.85883],[107.26986,15.85125],[107.25749,15.8487],[107.24841,15.83864],[107.2336,15.84357],[107.23202,15.83784],[107.22134,15.83562],[107.22033,15.82977],[107.21076,15.82672],[107.22895,15.80444],[107.22582,15.80057],[107.22987,15.78342],[107.21911,15.77678],[107.21733,15.76032],[107.21152,15.75679],[107.21355,15.73866],[107.22313,15.74287],[107.24883,15.74458],[107.25442,15.7383],[107.24972,15.73177],[107.24957,15.72518],[107.25252,15.72173],[107.26598,15.72097],[107.26551,15.71118],[107.27156,15.70661],[107.27667,15.70691],[107.27205,15.70182],[107.27734,15.69645],[107.273,15.68808],[107.2763,15.68188],[107.26719,15.67048],[107.26408,15.65837],[107.26483,15.65435],[107.27783,15.65221],[107.27448,15.64405],[107.27725,15.63312],[107.29206,15.62316],[107.31652,15.62641],[107.33461,15.62218],[107.34329,15.61419],[107.34175,15.60336],[107.34847,15.60189],[107.35356,15.59144],[107.34246,15.57615],[107.34496,15.57264],[107.35085,15.57342],[107.3526,15.56897],[107.35955,15.57242],[107.36474,15.57031],[107.3645,15.54789],[107.37447,15.5312],[107.3819,15.49349],[107.39263,15.49588],[107.39914,15.49249],[107.40774,15.49423],[107.40963,15.4915],[107.41495,15.49527],[107.41569,15.49068],[107.42213,15.49357],[107.42951,15.49014],[107.43187,15.49201],[107.43041,15.49985],[107.4385,15.50372],[107.45396,15.50358],[107.46117,15.49797],[107.47041,15.49887],[107.48139,15.49079],[107.48248,15.48635],[107.47758,15.48146],[107.47813,15.47785],[107.49276,15.47918],[107.49796,15.47557],[107.51373,15.47319],[107.51781,15.46425],[107.51585,15.46035],[107.52246,15.45721],[107.52223,15.44641],[107.52724,15.44222],[107.52272,15.42751],[107.51928,15.42519],[107.51849,15.41614],[107.53088,15.40518],[107.54638,15.40534],[107.56092,15.39443],[107.57388,15.39773],[107.58975,15.41302],[107.59992,15.41469],[107.60352,15.42141],[107.61094,15.41734],[107.62094,15.41768],[107.62401,15.41453],[107.63129,15.4175],[107.63795,15.41571],[107.64246,15.40597],[107.65439,15.3978],[107.66021,15.38837],[107.65946,15.37296],[107.66405,15.36563],[107.66312,15.35399],[107.66892,15.34554],[107.67682,15.34402],[107.6791,15.33454],[107.69164,15.3248],[107.69288,15.31749],[107.7079,15.30298],[107.73087,15.30734],[107.72777,15.30298],[107.73004,15.29585],[107.72706,15.28859],[107.73027,15.27049],[107.72697,15.26806],[107.73207,15.26143],[107.73529,15.24143],[107.73912,15.23742],[107.73662,15.23338],[107.73372,15.23451],[107.73502,15.23056],[107.74719,15.22983],[107.75566,15.23673],[107.77182,15.23083],[107.77447,15.2234],[107.78066,15.21906],[107.7887,15.21917],[107.80896,15.21181],[107.81931,15.2162],[107.82996,15.20853],[107.83752,15.20715],[107.87226,15.21029],[107.88008,15.19715],[107.88983,15.19379],[107.8995,15.20494],[107.91133,15.20683],[107.91443,15.21195],[107.92808,15.20977],[107.93707,15.19064],[107.94828,15.18656],[107.95037,15.17512],[107.98153,15.16659],[107.98613,15.15948],[107.99934,15.15668],[108.00469,15.14221],[107.99841,15.12834],[108.00216,15.11883],[107.99304,15.11066],[107.98882,15.09581],[107.97961,15.08572],[107.97619,15.06933],[107.96067,15.06332],[107.95,15.05284],[107.95964,15.04329],[107.95679,15.03711],[107.97207,15.01205],[107.98295,15.01034],[107.98987,14.99951],[108.00357,15.00225],[108.00849,14.99712],[108.0171,15.00258],[108.02241,14.9986],[108.04753,14.9923],[108.0487,14.98653],[108.06042,14.97213],[108.07701,14.96912],[108.08128,14.96627],[108.08446,14.95754],[108.09177,14.9526],[108.10627,14.95132],[108.12511,14.96109],[108.13093,14.95907],[108.13582,14.96201],[108.14097,14.95915],[108.14871,14.96117],[108.16179,14.97296],[108.15791,14.99146],[108.15034,15.00212]]],[[[108.20999,16.22197],[108.2035,16.22569],[108.19926,16.2126],[108.20799,16.21066],[108.20999,16.22197]]],[[[108.39079,15.87395],[108.39154,15.87515],[108.39027,15.87586],[108.39079,15.87395]]],[[[108.4731,15.93391],[108.4709,15.93309],[108.47682,15.93205],[108.4731,15.93391]]],[[[108.47606,15.9439],[108.4794,15.93764],[108.48513,15.94868],[108.4802,15.94873],[108.47606,15.9439]]],[[[108.41743,15.97214],[108.41825,15.97322],[108.41777,15.97275],[108.41743,15.97214]]],[[[108.42087,15.97405],[108.42283,15.97177],[108.42382,15.97211],[108.4232,15.97352],[108.42087,15.97405]]],[[[108.44251,15.97098],[108.4476,15.96699],[108.45245,15.97769],[108.44911,15.98004],[108.44251,15.97098]]],[[[108.70421,15.4589],[108.70356,15.45999],[108.70333,15.45825],[108.70421,15.4589]]],[[[108.68737,15.49989],[108.68721,15.49768],[108.69187,15.49916],[108.68737,15.49989]]],[[[108.68641,15.50612],[108.68553,15.5052],[108.68686,15.50428],[108.68641,15.50612]]],[[[108.69039,15.81226],[108.69692,15.81142],[108.69816,15.8139],[108.69275,15.81821],[108.69039,15.81226]]],[[[108.54327,15.90358],[108.54093,15.90879],[108.54295,15.91391],[108.53285,15.90687],[108.53341,15.90356],[108.54327,15.90358]]],[[[108.51159,15.96534],[108.51063,15.97382],[108.50476,15.97889],[108.49388,15.97387],[108.49104,15.9679],[108.48434,15.96664],[108.48719,15.96235],[108.48997,15.96319],[108.49315,15.95603],[108.49753,15.96034],[108.50469,15.96071],[108.50339,15.95822],[108.5075,15.95733],[108.50948,15.95022],[108.50822,15.94439],[108.52827,15.93272],[108.53496,15.92258],[108.54084,15.92316],[108.53732,15.9308],[108.54073,15.93723],[108.53679,15.94451],[108.53848,15.95633],[108.51159,15.96534]]],[[[112.49483,16.01112],[112.54345,16.02835],[112.57103,16.05373],[112.5949,16.06934],[112.59617,16.0762],[112.5903,16.08049],[112.56822,16.0805],[112.5,16.05856],[112.4738,16.05477],[112.44816,16.04448],[112.44248,16.03931],[112.43966,16.02584],[112.44462,16.01591],[112.45103,16.01074],[112.47427,16.00768],[112.49483,16.01112]]],[[[111.5557,16.19187],[111.56463,16.18464],[111.59087,16.1814],[111.6297,16.20002],[111.64825,16.21611],[111.68377,16.22147],[111.68707,16.22751],[111.67454,16.22784],[111.64617,16.22072],[111.63363,16.21529],[111.61573,16.19918],[111.58923,16.19173],[111.5789,16.19794],[111.56978,16.19763],[111.57277,16.2169],[111.56646,16.22337],[111.55663,16.20599],[111.5557,16.19187]]],[[[111.75978,16.21721],[111.78548,16.22779],[111.80855,16.25279],[111.80476,16.27415],[111.7885,16.2912],[111.75888,16.29451],[111.72872,16.28942],[111.70553,16.28871],[111.69143,16.29157],[111.65739,16.28735],[111.63497,16.27588],[111.56807,16.22782],[111.57376,16.22353],[111.58165,16.22706],[111.6158,16.25373],[111.64659,16.26863],[111.66861,16.28492],[111.71002,16.27832],[111.74123,16.28159],[111.77036,16.27964],[111.77983,16.27406],[111.78652,16.26383],[111.78375,16.2425],[111.76728,16.22843],[111.75503,16.22415],[111.73951,16.22074],[111.72583,16.22487],[111.72012,16.22139],[111.73799,16.21354],[111.75978,16.21721]]],[[[112.67965,16.33157],[112.66904,16.33065],[112.66814,16.32404],[112.68895,16.31452],[112.70494,16.31604],[112.70582,16.32164],[112.70291,16.32473],[112.67965,16.33157]]],[[[112.45829,16.39321],[112.44428,16.39125],[112.42219,16.3585],[112.40443,16.34374],[112.33526,16.31012],[112.32773,16.30082],[112.32853,16.29292],[112.33676,16.28825],[112.35327,16.28595],[112.39778,16.29182],[112.44378,16.30101],[112.48271,16.3156],[112.49268,16.3314],[112.49262,16.35413],[112.48176,16.37334],[112.46631,16.38951],[112.45829,16.39321]]],[[[111.98044,16.32478],[112.02343,16.33973],[112.06876,16.33097],[112.08129,16.33963],[112.08115,16.34944],[112.06339,16.35932],[112.03121,16.36753],[111.99192,16.36347],[111.97917,16.35962],[111.95698,16.34401],[111.94441,16.32486],[111.9477,16.32145],[111.98044,16.32478]]],[[[112.56056,16.37671],[112.55916,16.38082],[112.55224,16.38264],[112.53448,16.37798],[112.52299,16.35374],[112.52589,16.33903],[112.54005,16.33873],[112.55236,16.35504],[112.56056,16.37671]]],[[[112.64788,16.42136],[112.63593,16.42922],[112.61708,16.43191],[112.61256,16.42729],[112.61689,16.417],[112.62807,16.41007],[112.6456,16.41167],[112.6496,16.41402],[112.64788,16.42136]]],[[[111.59712,16.5059],[111.59415,16.52274],[111.58727,16.52514],[111.58006,16.51399],[111.58525,16.49986],[111.57718,16.49333],[111.56913,16.47658],[111.57203,16.45601],[111.57963,16.4481],[111.59377,16.44428],[111.6263,16.44696],[111.62873,16.45096],[111.62685,16.45715],[111.60943,16.46947],[111.59493,16.49156],[111.59712,16.5059]]],[[[111.68843,16.58114],[111.68498,16.58244],[111.66561,16.57822],[111.63625,16.55983],[111.61611,16.55443],[111.60709,16.54617],[111.59612,16.54712],[111.59225,16.54279],[111.59273,16.53668],[111.60502,16.52649],[111.61584,16.52708],[111.62428,16.5318],[111.6406,16.52561],[111.64681,16.53185],[111.64518,16.54808],[111.66591,16.55223],[111.67374,16.54996],[111.67992,16.54317],[111.67293,16.52658],[111.68795,16.51247],[111.68748,16.49273],[111.69431,16.49172],[111.71063,16.50387],[111.71901,16.50192],[111.7212,16.49179],[111.71874,16.47401],[111.72827,16.46476],[111.72875,16.45167],[111.73758,16.45057],[111.75962,16.46414],[111.78276,16.49996],[111.7836,16.51455],[111.76843,16.53868],[111.73964,16.55653],[111.71934,16.55845],[111.7014,16.57358],[111.69192,16.56961],[111.68843,16.58114]]],[[[112.55456,16.52977],[112.53062,16.52754],[112.52349,16.5194],[112.52755,16.51723],[112.55397,16.52034],[112.55853,16.52392],[112.55456,16.52977]]],[[[112.72653,16.69569],[112.71074,16.6912],[112.70263,16.68364],[112.70144,16.67786],[112.71141,16.67351],[112.71393,16.66688],[112.72388,16.6616],[112.73096,16.62771],[112.74648,16.61657],[112.74942,16.60133],[112.76133,16.59562],[112.76215,16.54417],[112.75593,16.53091],[112.73356,16.51999],[112.71891,16.50165],[112.70615,16.46729],[112.68919,16.43556],[112.68954,16.42833],[112.69502,16.4249],[112.70763,16.4278],[112.71935,16.43514],[112.74615,16.46519],[112.76718,16.50903],[112.77694,16.54493],[112.77544,16.60301],[112.76264,16.62564],[112.75848,16.65142],[112.73427,16.68033],[112.73396,16.69293],[112.72653,16.69569]]],[[[111.71734,16.59242],[111.70183,16.59482],[111.69498,16.5926],[111.69301,16.58836],[111.72535,16.56312],[111.72817,16.56775],[111.72405,16.58401],[111.71734,16.59242]]],[[[112.6404,16.59736],[112.62257,16.59456],[112.61649,16.58663],[112.6438,16.59294],[112.6404,16.59736]]],[[[112.20611,16.78357],[112.20628,16.7728],[112.21122,16.76448],[112.22847,16.75945],[112.23642,16.76197],[112.23704,16.77342],[112.22856,16.77855],[112.22107,16.79017],[112.20371,16.80033],[112.20041,16.79493],[112.20611,16.78357]]],[[[112.34339,16.85855],[112.32219,16.85664],[112.31242,16.8485],[112.31106,16.83785],[112.32033,16.82114],[112.3364,16.82199],[112.34417,16.81803],[112.344,16.80861],[112.35175,16.80699],[112.3615,16.79883],[112.36518,16.78845],[112.36884,16.78665],[112.37704,16.79778],[112.37856,16.83499],[112.37285,16.84723],[112.34339,16.85855]]],[[[112.27742,16.99897],[112.26614,17.0],[112.25034,17.00739],[112.23396,17.00755],[112.19485,16.99278],[112.1862,16.97582],[112.20014,16.968],[112.20586,16.96095],[112.21989,16.96301],[112.23235,16.96922],[112.24901,16.96743],[112.26617,16.97184],[112.2855,16.95697],[112.29431,16.95895],[112.30773,16.95538],[112.3058,16.9464],[112.31786,16.94387],[112.32257,16.93575],[112.32067,16.9077],[112.3278,16.90329],[112.34256,16.90488],[112.34461,16.9174],[112.35415,16.91636],[112.35997,16.91994],[112.35958,16.92481],[112.34687,16.93349],[112.33398,16.95576],[112.30765,16.97168],[112.27742,16.99897]]],[[[111.48255,17.06802],[111.5403,17.09318],[111.55763,17.09547],[111.56205,17.10021],[111.56018,17.10577],[111.55066,17.11475],[111.52399,17.12112],[111.50156,17.11802],[111.46147,17.10332],[111.45162,17.09155],[111.45501,17.08126],[111.46896,17.06997],[111.48255,17.06802]]]]}},{"type":"Feature","properties":{"id":"6","ma_tinh":"66","ten_tinh":"Đắk Lắk","sap_nhap":"Đắk Lắk, Phú Yên","quy_mo":"102 đơn vị (14 phường, 88 xã)","tru_so":"Số 9 Lê Duẩn, Buôn Ma Thuột, Đắk Lắk","loai":"Tỉnh","cap":1,"stt":25,"dtich_km2":18096.37,"dan_so":3346853,"matdo_km2":184.95,"NAME_1":"Đắk Lắk","GID_1":"66"},"geometry":{"type":"MultiPolygon","coordinates":[[[[108.05497,12.26314],[108.06249,12.26444],[108.07598,12.25242],[108.0839,12.23878],[108.08589,12.22524],[108.09661,12.21092],[108.11058,12.19989],[108.11311,12.18424],[108.11957,12.1754],[108.15304,12.18813],[108.16584,12.19655],[108.16821,12.18849],[108.17295,12.18632],[108.17239,12.17961],[108.17726,12.18544],[108.18163,12.18447],[108.18479,12.1745],[108.18959,12.17263],[108.1892,12.17585],[108.19428,12.17712],[108.20531,12.17078],[108.21672,12.18397],[108.22102,12.17844],[108.22053,12.17319],[108.22371,12.17209],[108.22809,12.18297],[108.23029,12.17715],[108.23809,12.17594],[108.2408,12.16055],[108.24653,12.16866],[108.25405,12.17235],[108.2483,12.17866],[108.25221,12.18776],[108.26038,12.19208],[108.25942,12.19985],[108.27254,12.20474],[108.27696,12.21408],[108.29042,12.2112],[108.29682,12.20248],[108.31161,12.21832],[108.32116,12.21975],[108.32176,12.22435],[108.33073,12.23054],[108.34018,12.22818],[108.3399,12.23383],[108.33303,12.23556],[108.33589,12.24805],[108.34189,12.24532],[108.343,12.24887],[108.34719,12.24762],[108.35672,12.25504],[108.37057,12.25369],[108.38752,12.24101],[108.39412,12.24371],[108.41272,12.24359],[108.42721,12.25157],[108.42947,12.25899],[108.43939,12.25031],[108.43632,12.25735],[108.43974,12.25881],[108.44024,12.26315],[108.4435,12.26312],[108.44099,12.26843],[108.4425,12.27744],[108.44598,12.27275],[108.45042,12.27322],[108.45849,12.28283],[108.45701,12.27575],[108.46007,12.27569],[108.4664,12.28325],[108.46538,12.2969],[108.46869,12.29585],[108.472,12.28794],[108.47575,12.29443],[108.47483,12.30022],[108.48373,12.29964],[108.48054,12.30483],[108.48331,12.30951],[108.48563,12.3048],[108.49215,12.30545],[108.49977,12.29197],[108.49901,12.2847],[108.51085,12.27706],[108.52079,12.28081],[108.53112,12.27901],[108.538,12.28316],[108.53964,12.28656],[108.53592,12.29039],[108.54211,12.29757],[108.54991,12.292],[108.55226,12.29578],[108.55795,12.29221],[108.56496,12.29212],[108.5693,12.29548],[108.57109,12.28955],[108.57438,12.29148],[108.57497,12.28813],[108.5796,12.28871],[108.5792,12.28546],[108.58919,12.28808],[108.58535,12.28224],[108.59568,12.27664],[108.60886,12.28149],[108.60775,12.28327],[108.6174,12.2832],[108.62228,12.29056],[108.62782,12.28855],[108.63861,12.29379],[108.6492,12.293],[108.6662,12.29901],[108.68523,12.32293],[108.67681,12.34816],[108.68134,12.35928],[108.6875,12.36426],[108.68926,12.37218],[108.68773,12.37793],[108.68271,12.37983],[108.68501,12.39025],[108.67821,12.39243],[108.67273,12.40194],[108.67799,12.40793],[108.67958,12.4158],[108.67554,12.41582],[108.66933,12.42253],[108.67281,12.43191],[108.68278,12.43975],[108.68662,12.44974],[108.69912,12.46121],[108.69996,12.47249],[108.71525,12.48391],[108.73906,12.47427],[108.74831,12.48043],[108.75055,12.4975],[108.75491,12.50094],[108.76396,12.49793],[108.76786,12.5037],[108.77852,12.50563],[108.79501,12.49686],[108.79765,12.49137],[108.79557,12.4862],[108.79906,12.48128],[108.81162,12.48472],[108.81988,12.47914],[108.81962,12.47535],[108.83457,12.46926],[108.83716,12.46322],[108.84715,12.46259],[108.84988,12.45784],[108.86386,12.45303],[108.87049,12.45358],[108.86789,12.45617],[108.86998,12.46671],[108.87449,12.46895],[108.8787,12.48012],[108.8624,12.49051],[108.86058,12.49539],[108.87272,12.50615],[108.87402,12.514],[108.87812,12.51357],[108.87275,12.52548],[108.88012,12.53843],[108.89285,12.5499],[108.89327,12.56046],[108.89721,12.56438],[108.89304,12.56794],[108.89476,12.57403],[108.89101,12.57569],[108.89227,12.58007],[108.90051,12.58226],[108.91909,12.60013],[108.90596,12.62158],[108.8963,12.62503],[108.90814,12.63898],[108.91986,12.63827],[108.93615,12.64834],[108.94086,12.6473],[108.93751,12.65989],[108.9555,12.6872],[108.97822,12.68206],[108.98891,12.69093],[108.98607,12.70354],[109.00857,12.71909],[109.01384,12.7185],[109.01898,12.72217],[109.01452,12.72848],[109.02483,12.7362],[109.03833,12.73674],[109.0388,12.74592],[109.05568,12.74705],[109.05931,12.74421],[109.06746,12.75372],[109.07633,12.7452],[109.08628,12.74404],[109.09282,12.75163],[109.09087,12.76254],[109.10151,12.76831],[109.102,12.77278],[109.10677,12.77222],[109.10471,12.77527],[109.10941,12.78098],[109.10871,12.78474],[109.11466,12.78917],[109.11516,12.79803],[109.12358,12.79799],[109.13061,12.7866],[109.13999,12.78047],[109.14499,12.781],[109.1477,12.7875],[109.14578,12.79185],[109.15193,12.79955],[109.15511,12.81296],[109.15955,12.81483],[109.16639,12.82665],[109.19021,12.82869],[109.19563,12.83191],[109.20023,12.82922],[109.20717,12.83045],[109.21452,12.82751],[109.21959,12.81667],[109.22782,12.8133],[109.25277,12.83339],[109.25493,12.83846],[109.26998,12.83329],[109.2836,12.83291],[109.29963,12.84165],[109.30754,12.83936],[109.31493,12.84404],[109.31528,12.83925],[109.32044,12.8359],[109.32137,12.83955],[109.327,12.84136],[109.33035,12.84999],[109.34096,12.84774],[109.34931,12.85723],[109.36165,12.85979],[109.36562,12.86907],[109.38822,12.84274],[109.39323,12.85143],[109.40056,12.85426],[109.40315,12.85899],[109.40132,12.8668],[109.42129,12.87274],[109.42157,12.87319],[109.42054,12.87449],[109.41906,12.87479],[109.41858,12.87679],[109.43,12.88141],[109.4379,12.88028],[109.43811,12.86957],[109.42466,12.85664],[109.42056,12.84805],[109.42879,12.84738],[109.43868,12.85717],[109.45294,12.86003],[109.45154,12.87855],[109.45887,12.88125],[109.45395,12.88845],[109.45855,12.89761],[109.45374,12.89657],[109.45126,12.89924],[109.45585,12.9133],[109.44473,12.91606],[109.4293,12.93788],[109.43161,12.94655],[109.40793,12.96892],[109.37465,13.01058],[109.33424,13.08024],[109.30318,13.12312],[109.29542,13.13981],[109.29226,13.15617],[109.29403,13.17243],[109.30145,13.18709],[109.30645,13.18744],[109.29854,13.19491],[109.29326,13.21706],[109.29865,13.22456],[109.30777,13.22902],[109.30281,13.23827],[109.30367,13.25034],[109.31697,13.25476],[109.30883,13.27722],[109.29147,13.29662],[109.28359,13.31707],[109.28569,13.33401],[109.28881,13.3367],[109.29875,13.33479],[109.29844,13.33978],[109.29073,13.35019],[109.29638,13.35583],[109.29431,13.36392],[109.27594,13.36598],[109.26969,13.36448],[109.27043,13.36049],[109.26556,13.35715],[109.25953,13.35787],[109.24886,13.36845],[109.24453,13.38856],[109.23489,13.39335],[109.223,13.3889],[109.21591,13.39412],[109.21928,13.3985],[109.22146,13.39597],[109.22747,13.39687],[109.23075,13.41146],[109.21941,13.41557],[109.21929,13.418],[109.22556,13.4201],[109.22728,13.42617],[109.2326,13.42393],[109.23827,13.42789],[109.23704,13.43116],[109.22641,13.43284],[109.22217,13.44614],[109.22616,13.45581],[109.22403,13.45934],[109.23346,13.47196],[109.23265,13.47762],[109.22882,13.47967],[109.2334,13.48591],[109.23543,13.48419],[109.23922,13.48811],[109.24278,13.48574],[109.23947,13.49184],[109.24162,13.49278],[109.24466,13.49204],[109.24508,13.49449],[109.24582,13.49439],[109.24573,13.49544],[109.24659,13.49552],[109.24591,13.49513],[109.24646,13.4945],[109.24475,13.49159],[109.25144,13.48206],[109.26683,13.47956],[109.2768,13.46437],[109.28165,13.46156],[109.28469,13.46371],[109.29275,13.45562],[109.29088,13.44683],[109.28561,13.44566],[109.28408,13.44809],[109.27724,13.43456],[109.26551,13.43475],[109.25882,13.42787],[109.26753,13.4208],[109.26531,13.41725],[109.26822,13.4123],[109.27272,13.41578],[109.28756,13.41406],[109.28804,13.4173],[109.2917,13.41699],[109.29468,13.41275],[109.29272,13.40868],[109.29823,13.40459],[109.29918,13.41187],[109.30445,13.41227],[109.30243,13.41601],[109.31092,13.41319],[109.31015,13.43805],[109.3198,13.44428],[109.31564,13.45151],[109.31659,13.45941],[109.32239,13.46536],[109.32659,13.46198],[109.33054,13.46404],[109.32702,13.47332],[109.32224,13.47564],[109.31861,13.46605],[109.30598,13.46622],[109.29258,13.48331],[109.28783,13.50153],[109.29536,13.51206],[109.30148,13.50639],[109.30036,13.51635],[109.30218,13.51905],[109.29518,13.52634],[109.2939,13.52586],[109.2872,13.52862],[109.28502,13.53215],[109.27963,13.53233],[109.2763,13.54586],[109.28022,13.55679],[109.28998,13.5606],[109.28973,13.56743],[109.29853,13.56782],[109.28845,13.57663],[109.28868,13.57325],[109.28328,13.57224],[109.27052,13.57852],[109.255,13.59267],[109.24171,13.6104],[109.22572,13.64192],[109.23015,13.6463],[109.2283,13.65223],[109.23299,13.65292],[109.22995,13.66554],[109.2338,13.67081],[109.22768,13.6774],[109.21831,13.6816],[109.21236,13.67903],[109.20818,13.68067],[109.20331,13.69361],[109.19953,13.6953],[109.19091,13.69394],[109.18274,13.68348],[109.16941,13.68313],[109.1629,13.67635],[109.15619,13.67838],[109.15703,13.66887],[109.15114,13.65515],[109.15405,13.64694],[109.1527,13.634],[109.14475,13.63042],[109.12685,13.64358],[109.12245,13.64494],[109.11974,13.64107],[109.11889,13.63479],[109.12718,13.62334],[109.12636,13.62019],[109.11883,13.61869],[109.11516,13.61445],[109.11808,13.60366],[109.11326,13.59375],[109.11742,13.58447],[109.11138,13.58753],[109.10031,13.58343],[109.09586,13.57406],[109.08859,13.57216],[109.08433,13.5671],[109.05302,13.5693],[109.05021,13.5616],[109.04461,13.55928],[109.04098,13.54799],[109.03415,13.54513],[109.02951,13.53152],[109.01902,13.53005],[109.01741,13.52571],[109.01229,13.52775],[109.00709,13.52282],[108.99897,13.52269],[108.98858,13.52857],[108.98135,13.52591],[108.9747,13.52852],[108.97235,13.52596],[108.94469,13.52704],[108.93627,13.53257],[108.93225,13.53174],[108.92019,13.5411],[108.90669,13.54204],[108.90324,13.53807],[108.89457,13.54114],[108.89172,13.53675],[108.86732,13.53491],[108.86691,13.54123],[108.85813,13.5479],[108.85124,13.56806],[108.84436,13.56423],[108.82737,13.56489],[108.82192,13.57275],[108.81846,13.57089],[108.81432,13.57699],[108.78526,13.57763],[108.78042,13.56884],[108.77452,13.57038],[108.76819,13.56184],[108.7485,13.56626],[108.74754,13.55499],[108.73914,13.55675],[108.73956,13.55147],[108.73224,13.53974],[108.73479,13.53701],[108.73311,13.52884],[108.72737,13.52349],[108.72741,13.5195],[108.71445,13.51818],[108.71311,13.50132],[108.70879,13.4991],[108.70864,13.49349],[108.70289,13.48622],[108.71512,13.47404],[108.71346,13.46384],[108.72699,13.46373],[108.73525,13.45792],[108.74375,13.45702],[108.75205,13.46379],[108.75749,13.45951],[108.76055,13.46461],[108.77828,13.46852],[108.77975,13.466],[108.78955,13.46842],[108.793,13.47393],[108.79495,13.47231],[108.79563,13.46456],[108.79229,13.4626],[108.78983,13.45379],[108.79607,13.45244],[108.79631,13.44727],[108.80007,13.44706],[108.8059,13.4365],[108.80499,13.40704],[108.80778,13.39362],[108.8043,13.39089],[108.8064,13.36701],[108.81019,13.3603],[108.80836,13.35727],[108.82483,13.34371],[108.83124,13.3316],[108.83964,13.3249],[108.84023,13.31911],[108.85608,13.29128],[108.86143,13.28719],[108.86792,13.28874],[108.87191,13.28266],[108.86805,13.26133],[108.8704,13.24661],[108.86471,13.22525],[108.85638,13.22357],[108.85399,13.21834],[108.84972,13.21726],[108.85171,13.21033],[108.84757,13.20337],[108.85509,13.19369],[108.84872,13.19069],[108.84953,13.18042],[108.84539,13.18247],[108.8443,13.17603],[108.83854,13.17036],[108.84238,13.16451],[108.83724,13.1615],[108.83071,13.1651],[108.82703,13.16371],[108.8234,13.15317],[108.81368,13.15886],[108.80456,13.14549],[108.80359,13.15149],[108.79693,13.15197],[108.79579,13.14111],[108.79081,13.14727],[108.78628,13.14121],[108.77681,13.14675],[108.7773,13.13772],[108.76136,13.13331],[108.76056,13.12476],[108.76736,13.12281],[108.76913,13.1187],[108.76009,13.11532],[108.75067,13.09181],[108.7565,13.03273],[108.71382,13.01758],[108.69291,13.01674],[108.68136,12.99827],[108.67536,12.99602],[108.67028,13.00194],[108.6633,13.00325],[108.65749,12.9992],[108.65303,13.00101],[108.64492,13.011],[108.62699,13.00754],[108.6181,13.0102],[108.61446,13.00754],[108.60598,13.01937],[108.60007,13.01808],[108.59168,13.02973],[108.57785,13.02833],[108.56854,13.01958],[108.53115,13.03438],[108.51411,13.03315],[108.51082,13.03749],[108.51369,13.04021],[108.51117,13.046],[108.51669,13.06074],[108.5212,13.0632],[108.5173,13.06799],[108.51919,13.07196],[108.51491,13.07162],[108.50929,13.08009],[108.50052,13.08433],[108.49946,13.08733],[108.50223,13.08856],[108.4958,13.09531],[108.48867,13.09839],[108.49268,13.10312],[108.49105,13.10827],[108.47329,13.11823],[108.46391,13.11759],[108.45728,13.12615],[108.46017,13.13446],[108.46764,13.13574],[108.46967,13.14041],[108.46426,13.14137],[108.46595,13.148],[108.46127,13.15167],[108.46391,13.16238],[108.43688,13.18005],[108.42357,13.19803],[108.42161,13.21138],[108.41816,13.21337],[108.4163,13.22144],[108.42239,13.22702],[108.41752,13.23326],[108.41809,13.23845],[108.42149,13.2404],[108.41054,13.24795],[108.40794,13.25809],[108.40505,13.26048],[108.39808,13.25557],[108.38798,13.25681],[108.37653,13.26721],[108.3722,13.26757],[108.37445,13.27546],[108.36932,13.30137],[108.37256,13.30239],[108.36228,13.31477],[108.35571,13.31548],[108.35356,13.32908],[108.34551,13.33293],[108.34737,13.33887],[108.33723,13.33763],[108.32093,13.34547],[108.31262,13.34265],[108.2946,13.35175],[108.28863,13.35031],[108.28023,13.3618],[108.26355,13.37222],[108.2578,13.36845],[108.2425,13.36792],[108.23762,13.37364],[108.23578,13.37087],[108.22746,13.37014],[108.22017,13.3725],[108.21307,13.36816],[108.2092,13.37661],[108.20288,13.37321],[108.19351,13.38052],[108.17813,13.38343],[108.17394,13.3915],[108.16442,13.39451],[108.16221,13.40061],[108.15088,13.39968],[108.14169,13.40868],[108.13691,13.40709],[108.1299,13.41137],[108.12519,13.40929],[108.11182,13.41663],[108.10627,13.41147],[108.09442,13.40767],[108.0897,13.4092],[108.08061,13.39978],[108.07959,13.40447],[108.07699,13.40408],[108.07319,13.39938],[108.06899,13.40963],[108.06441,13.40642],[108.06399,13.40934],[108.05718,13.40745],[108.05699,13.4111],[108.05361,13.41233],[108.04546,13.401],[108.04085,13.39945],[108.03586,13.40293],[108.0332,13.3957],[108.02693,13.39536],[108.02179,13.38712],[108.01406,13.38595],[108.00944,13.38121],[107.9973,13.39061],[107.99321,13.38868],[107.98296,13.39283],[107.97999,13.39029],[107.98121,13.38402],[107.97413,13.38153],[107.95853,13.38063],[107.94958,13.38559],[107.94897,13.38037],[107.94364,13.38001],[107.94258,13.37357],[107.93167,13.3762],[107.92295,13.38522],[107.91386,13.38806],[107.90119,13.38858],[107.88652,13.38471],[107.88546,13.38846],[107.8756,13.39414],[107.85103,13.38963],[107.83889,13.40053],[107.81955,13.39252],[107.80143,13.39392],[107.79746,13.38792],[107.79949,13.38109],[107.79194,13.38185],[107.78583,13.3756],[107.76816,13.36938],[107.76479,13.36491],[107.76277,13.37217],[107.75178,13.36968],[107.74835,13.3634],[107.73615,13.3674],[107.72931,13.36626],[107.72016,13.3697],[107.71707,13.37427],[107.70974,13.36996],[107.7027,13.37479],[107.69378,13.37129],[107.68926,13.36204],[107.68503,13.36395],[107.67511,13.35768],[107.6713,13.3499],[107.66333,13.35054],[107.65521,13.34304],[107.64999,13.34266],[107.64915,13.32589],[107.6404,13.32896],[107.63918,13.3222],[107.6308,13.32107],[107.62941,13.31459],[107.61622,13.31198],[107.61469,13.30782],[107.60672,13.30448],[107.48959,13.03326],[107.49191,13.0265],[107.49561,13.02716],[107.49465,13.02261],[107.49133,13.02192],[107.49109,13.00117],[107.49841,12.99783],[107.49663,12.98541],[107.50431,12.9755],[107.48726,12.96993],[107.49,12.96455],[107.48502,12.95345],[107.48776,12.94964],[107.48419,12.9481],[107.48487,12.9427],[107.49304,12.93709],[107.49232,12.93103],[107.49598,12.93043],[107.49252,12.92394],[107.50223,12.91606],[107.49467,12.90919],[107.4972,12.90411],[107.49121,12.89737],[107.49227,12.8938],[107.49671,12.89279],[107.49857,12.87758],[107.5047,12.87076],[107.51134,12.86944],[107.51161,12.85689],[107.52098,12.85431],[107.52687,12.83984],[107.54129,12.83448],[107.54586,12.8216],[107.55107,12.82317],[107.5508,12.81913],[107.55463,12.817],[107.55245,12.80598],[107.55719,12.80452],[107.56036,12.79536],[107.57571,12.79789],[107.5907,12.79528],[107.60059,12.80243],[107.60784,12.79514],[107.63404,12.80406],[107.64145,12.79605],[107.66106,12.7985],[107.67623,12.79303],[107.67907,12.79453],[107.67868,12.79156],[107.68661,12.78907],[107.72378,12.78544],[107.73168,12.781],[107.7445,12.78471],[107.74793,12.78057],[107.77993,12.77812],[107.80308,12.77999],[107.80848,12.78389],[107.80708,12.7865],[107.81148,12.78508],[107.81113,12.78973],[107.81813,12.78964],[107.82399,12.80201],[107.83193,12.8022],[107.84641,12.81236],[107.8557,12.80704],[107.86403,12.79723],[107.85353,12.77996],[107.85702,12.77132],[107.85589,12.76261],[107.86054,12.75634],[107.86796,12.75132],[107.8838,12.75428],[107.8924,12.75264],[107.90598,12.74601],[107.91183,12.73676],[107.90957,12.73041],[107.89912,12.72441],[107.89554,12.71264],[107.91232,12.6931],[107.90524,12.6752],[107.91344,12.66493],[107.91474,12.65842],[107.90433,12.65057],[107.90831,12.64605],[107.91705,12.6482],[107.92057,12.64552],[107.91892,12.63541],[107.92279,12.62912],[107.9206,12.61952],[107.92868,12.61675],[107.92892,12.59998],[107.93496,12.59717],[107.93258,12.58316],[107.90849,12.57555],[107.89331,12.56492],[107.89193,12.55973],[107.89614,12.5546],[107.88813,12.54771],[107.88818,12.5397],[107.89469,12.53845],[107.9103,12.52528],[107.91523,12.52906],[107.93893,12.52692],[107.95782,12.51876],[107.97424,12.50808],[107.98022,12.49586],[107.99113,12.4931],[107.99065,12.4863],[107.9975,12.48614],[108.00171,12.4765],[107.99524,12.47013],[107.99582,12.46606],[107.99189,12.46384],[107.98484,12.44618],[107.9661,12.43635],[107.95434,12.44163],[107.94495,12.44052],[107.93636,12.43105],[107.92951,12.43148],[107.93276,12.42802],[107.93072,12.42385],[107.92216,12.42764],[107.92387,12.41704],[107.91808,12.41877],[107.91646,12.41598],[107.92153,12.41315],[107.92664,12.41439],[107.92749,12.41178],[107.91475,12.4055],[107.91287,12.39862],[107.91729,12.39112],[107.92598,12.38924],[107.9209,12.386],[107.92035,12.38153],[107.9233,12.37978],[107.92707,12.38226],[107.93464,12.36794],[107.93072,12.35456],[107.93437,12.3504],[107.93412,12.34277],[107.94455,12.33481],[107.94387,12.32729],[107.95283,12.31846],[107.97179,12.30993],[107.97366,12.29673],[107.99841,12.30451],[108.00454,12.29605],[108.01526,12.30308],[108.01967,12.29029],[108.04053,12.28865],[108.03852,12.28268],[108.04215,12.26814],[108.05497,12.26314]]],[[[109.21834,13.39657],[109.21759,13.39543],[109.21853,13.39484],[109.21834,13.39657]]],[[[109.24667,13.39592],[109.24553,13.39766],[109.24061,13.39412],[109.24135,13.39388],[109.24667,13.39592]]],[[[109.23825,13.48675],[109.23839,13.4861],[109.23901,13.48608],[109.23825,13.48675]]],[[[109.23958,13.48703],[109.2392,13.48707],[109.23915,13.48629],[109.23958,13.48703]]],[[[109.39182,12.82481],[109.39176,12.82512],[109.39138,12.82494],[109.39182,12.82481]]],[[[109.39272,12.8336],[109.39177,12.8253],[109.39574,12.82938],[109.39272,12.8336]]],[[[109.44172,12.971],[109.4414,12.97157],[109.44068,12.97107],[109.44172,12.971]]],[[[109.4423,12.97111],[109.44229,12.9713],[109.44205,12.97126],[109.4423,12.97111]]],[[[109.43825,12.97307],[109.43805,12.97268],[109.43828,12.97261],[109.43825,12.97307]]],[[[109.4386,12.97363],[109.43843,12.97392],[109.43829,12.97367],[109.4386,12.97363]]],[[[109.32311,13.16702],[109.32364,13.16812],[109.32122,13.16857],[109.32311,13.16702]]],[[[109.31043,13.18015],[109.30848,13.17595],[109.31278,13.17323],[109.31363,13.17373],[109.31043,13.18015]]],[[[109.32157,13.25457],[109.32051,13.25514],[109.32045,13.2547],[109.32157,13.25457]]],[[[109.33202,13.28945],[109.32837,13.28675],[109.33027,13.27683],[109.3413,13.27698],[109.34222,13.2834],[109.3384,13.28195],[109.33202,13.28945]]],[[[109.28132,13.38131],[109.27965,13.37961],[109.28045,13.37918],[109.28132,13.38131]]],[[[109.27844,13.41369],[109.27859,13.41348],[109.27872,13.41356],[109.27844,13.41369]]],[[[109.249,13.44889],[109.25392,13.45093],[109.25333,13.45566],[109.25213,13.4552],[109.249,13.44889]]],[[[109.27229,13.45516],[109.27482,13.45675],[109.27256,13.46115],[109.27092,13.45941],[109.27229,13.45516]]],[[[109.28347,13.4614],[109.28407,13.46109],[109.28457,13.4621],[109.28347,13.4614]]],[[[109.26163,13.46768],[109.26174,13.46936],[109.261,13.46832],[109.26163,13.46768]]],[[[109.30232,13.50735],[109.3016,13.50766],[109.3017,13.5067],[109.30232,13.50735]]],[[[109.29405,13.52652],[109.2944,13.52709],[109.294,13.5271],[109.29405,13.52652]]],[[[109.28753,13.5785],[109.28741,13.58008],[109.287,13.57899],[109.28753,13.5785]]]]}},{"type":"Feature","properties":{"id":"7","ma_tinh":"11","ten_tinh":"Điện Biên","sap_nhap":"không sáp nhập","quy_mo":"45 đơn vị (3 phường, 42 xã)","tru_so":"Số 851 Võ Nguyên Giáp, Mường Thanh, Điện Biên","loai":"Tỉnh","cap":1,"stt":13,"dtich_km2":9539.27,"dan_so":673091,"matdo_km2":70.56,"NAME_1":"Điện Biên","GID_1":"11"},"geometry":{"type":"Polygon","coordinates":[[[102.9614,21.11318],[102.96783,21.09424],[102.96117,21.08037],[102.97424,21.06564],[102.97835,21.06733],[103.00112,21.05894],[103.01347,21.06468],[103.02506,21.05779],[103.03411,21.05811],[103.03342,21.0509],[103.04011,21.04584],[103.0385,21.03773],[103.04373,21.03572],[103.05492,21.01494],[103.05831,21.01447],[103.0573,21.00534],[103.06073,20.99847],[103.06995,20.99189],[103.07072,20.98063],[103.07524,20.97997],[103.07913,20.97118],[103.08408,20.97078],[103.08582,20.9557],[103.0832,20.94399],[103.09299,20.9344],[103.10409,20.93434],[103.10713,20.9253],[103.10508,20.91854],[103.11018,20.91742],[103.11256,20.91184],[103.10978,20.9099],[103.10965,20.90017],[103.11728,20.89579],[103.12688,20.90912],[103.15051,20.9034],[103.16153,20.90691],[103.16699,20.91664],[103.17372,20.91049],[103.18314,20.90847],[103.18722,20.90204],[103.19173,20.90144],[103.19772,20.90634],[103.20027,20.90167],[103.21094,20.90125],[103.2168,20.89594],[103.23158,20.89563],[103.23582,20.88756],[103.24324,20.88481],[103.25434,20.88857],[103.26201,20.88774],[103.26769,20.89267],[103.26588,20.89572],[103.26308,20.89834],[103.2592,20.89635],[103.25536,20.89704],[103.25566,20.89727],[103.257,20.89759],[103.25902,20.8976],[103.2675,20.90292],[103.27891,20.89745],[103.28111,20.90255],[103.28725,20.90559],[103.28876,20.90885],[103.27485,20.92654],[103.27508,20.93875],[103.28601,20.94817],[103.29162,20.94523],[103.29814,20.94772],[103.29523,20.95785],[103.2989,20.96456],[103.29637,20.96856],[103.29806,20.97498],[103.29199,20.9922],[103.28368,20.99743],[103.28542,20.99958],[103.28131,20.99889],[103.28003,21.00387],[103.28528,21.00485],[103.2872,21.01112],[103.2834,21.01378],[103.29198,21.01677],[103.29205,21.02028],[103.28903,21.02107],[103.29231,21.02454],[103.28698,21.02595],[103.2891,21.02735],[103.28514,21.0297],[103.28655,21.03499],[103.27629,21.04428],[103.27773,21.05084],[103.2742,21.05249],[103.27887,21.059],[103.27569,21.06236],[103.28136,21.06035],[103.28185,21.06613],[103.28603,21.06764],[103.28854,21.07464],[103.28178,21.09026],[103.28698,21.09151],[103.28521,21.09466],[103.29025,21.09808],[103.28667,21.09999],[103.28905,21.10198],[103.29908,21.09506],[103.30891,21.09559],[103.3133,21.09197],[103.31588,21.09597],[103.33361,21.091],[103.34878,21.08185],[103.35807,21.07181],[103.36546,21.07152],[103.37678,21.06573],[103.37734,21.06175],[103.38544,21.06003],[103.39165,21.06375],[103.40804,21.06367],[103.4241,21.06764],[103.42137,21.08165],[103.413,21.08903],[103.4126,21.10091],[103.40422,21.11151],[103.40778,21.12479],[103.40431,21.13903],[103.39653,21.14882],[103.41463,21.16656],[103.42394,21.15945],[103.43438,21.16852],[103.43782,21.19794],[103.43208,21.20625],[103.43411,21.23279],[103.42657,21.25241],[103.43115,21.25277],[103.43896,21.26335],[103.4381,21.27306],[103.44147,21.2837],[103.43105,21.30829],[103.42228,21.31154],[103.41571,21.31966],[103.39791,21.31682],[103.38162,21.32885],[103.36971,21.3313],[103.36945,21.34668],[103.37896,21.34748],[103.3879,21.36064],[103.38752,21.36785],[103.37211,21.37236],[103.36155,21.37183],[103.35751,21.39035],[103.34507,21.3994],[103.33905,21.39937],[103.33854,21.40774],[103.33027,21.41455],[103.33704,21.41791],[103.3433,21.42922],[103.36048,21.42361],[103.36761,21.42934],[103.37492,21.42744],[103.37919,21.42976],[103.37763,21.43594],[103.39834,21.43446],[103.40555,21.43997],[103.40948,21.45057],[103.41411,21.43482],[103.41238,21.42741],[103.44104,21.43089],[103.44708,21.43544],[103.44928,21.43794],[103.44551,21.44422],[103.45674,21.45789],[103.45252,21.46964],[103.45368,21.48024],[103.44693,21.48568],[103.45152,21.50204],[103.46133,21.5122],[103.45806,21.51849],[103.46303,21.51971],[103.46935,21.51653],[103.47308,21.5201],[103.48426,21.52058],[103.48823,21.52739],[103.50433,21.53517],[103.51739,21.53347],[103.52214,21.54344],[103.51948,21.56474],[103.53327,21.56884],[103.52945,21.58588],[103.53323,21.59082],[103.53829,21.58962],[103.53855,21.60069],[103.548,21.60266],[103.54899,21.60862],[103.55409,21.61294],[103.55384,21.62078],[103.55979,21.62642],[103.55037,21.63305],[103.54999,21.63943],[103.54402,21.63988],[103.54532,21.64304],[103.54221,21.64312],[103.54184,21.64662],[103.55749,21.65582],[103.55984,21.66741],[103.57613,21.68346],[103.58409,21.68501],[103.59345,21.67454],[103.59841,21.68233],[103.58405,21.70452],[103.58623,21.70741],[103.57768,21.71993],[103.57161,21.73709],[103.57332,21.73954],[103.56168,21.74857],[103.55822,21.76271],[103.54128,21.77611],[103.54153,21.77954],[103.55194,21.7832],[103.55058,21.78892],[103.55315,21.79278],[103.54682,21.79653],[103.54663,21.80096],[103.536,21.81417],[103.5419,21.82303],[103.53569,21.83201],[103.52802,21.83487],[103.52917,21.8425],[103.52261,21.85478],[103.52225,21.86186],[103.51119,21.86752],[103.50811,21.87356],[103.49247,21.87517],[103.49527,21.87967],[103.48847,21.88415],[103.49061,21.88982],[103.48445,21.89686],[103.488,21.90395],[103.4803,21.90784],[103.48092,21.917],[103.49162,21.91033],[103.49705,21.91068],[103.50311,21.9041],[103.50868,21.91106],[103.52184,21.91368],[103.51636,21.92547],[103.49818,21.94906],[103.50929,21.95631],[103.4999,21.96934],[103.48997,21.9769],[103.47351,21.98286],[103.45823,22.00009],[103.45613,22.01632],[103.46949,22.02691],[103.46953,22.03033],[103.45397,22.0547],[103.4455,22.05763],[103.43461,22.0553],[103.42834,22.06747],[103.42114,22.07339],[103.41912,22.08593],[103.41231,22.09642],[103.40239,22.12928],[103.39302,22.14126],[103.38958,22.15455],[103.38262,22.15674],[103.35394,22.15225],[103.33124,22.15297],[103.30773,22.12599],[103.30608,22.11391],[103.29305,22.11266],[103.28515,22.10706],[103.28327,22.08853],[103.2722,22.07363],[103.29128,22.04891],[103.28925,22.04141],[103.28417,22.03874],[103.24212,22.04991],[103.22569,22.06315],[103.21191,22.06957],[103.19126,22.06989],[103.17149,22.07973],[103.16446,22.07451],[103.15183,22.074],[103.1486,22.06731],[103.14516,22.06748],[103.13318,22.07418],[103.12202,22.09514],[103.10248,22.10175],[103.09559,22.07621],[103.08978,22.07017],[103.09514,22.06692],[103.09492,22.05759],[103.07703,22.05717],[103.06423,22.06309],[103.05912,22.06137],[103.05602,22.05318],[103.04542,22.04844],[103.03879,22.04749],[103.02202,22.05621],[103.00374,22.0502],[102.99904,22.05196],[102.99403,22.04362],[102.99521,22.03607],[102.99168,22.03443],[102.99024,22.02825],[102.98466,22.02599],[102.97868,22.03108],[102.96952,22.02993],[102.96562,22.03285],[102.96134,22.03739],[102.96489,22.04201],[102.96081,22.04966],[102.95441,22.05608],[102.94702,22.05832],[102.94425,22.06629],[102.92953,22.06828],[102.92818,22.0769],[102.93631,22.08674],[102.93204,22.10333],[102.92436,22.10822],[102.92543,22.09116],[102.90652,22.08677],[102.8973,22.07583],[102.89021,22.07437],[102.87913,22.08026],[102.86826,22.07739],[102.86294,22.0597],[102.85915,22.05975],[102.85478,22.06584],[102.81914,22.06584],[102.80966,22.07417],[102.77652,22.08755],[102.7766,22.09464],[102.78143,22.10053],[102.77637,22.10127],[102.7675,22.11747],[102.76162,22.116],[102.75563,22.12471],[102.74382,22.13138],[102.73915,22.14497],[102.74116,22.15142],[102.73696,22.16872],[102.74743,22.17797],[102.74926,22.19872],[102.75405,22.20728],[102.75053,22.20904],[102.74877,22.2168],[102.7408,22.2228],[102.73928,22.22877],[102.72895,22.2349],[102.72964,22.23799],[102.71622,22.23846],[102.7153,22.2412],[102.71033,22.23802],[102.70196,22.24529],[102.69179,22.24641],[102.69327,22.24841],[102.67722,22.2627],[102.6611,22.25326],[102.67952,22.24463],[102.68741,22.23669],[102.6869,22.22991],[102.69495,22.21918],[102.69793,22.20914],[102.69499,22.19731],[102.68812,22.19288],[102.6864,22.18166],[102.67539,22.16696],[102.65933,22.17498],[102.64505,22.17368],[102.63942,22.17682],[102.63648,22.1871],[102.62956,22.18715],[102.62309,22.19701],[102.61817,22.19871],[102.61576,22.22211],[102.62087,22.22721],[102.61925,22.23469],[102.60765,22.23995],[102.60534,22.23826],[102.57885,22.26058],[102.56354,22.26082],[102.55407,22.24354],[102.54384,22.24203],[102.53357,22.24594],[102.51392,22.26039],[102.50865,22.2784],[102.49688,22.29337],[102.49216,22.29421],[102.49009,22.30316],[102.47448,22.3192],[102.47386,22.32684],[102.45584,22.34175],[102.45696,22.34949],[102.44888,22.36014],[102.44101,22.36589],[102.43583,22.36522],[102.42551,22.37029],[102.42099,22.38584],[102.40904,22.38793],[102.40354,22.39709],[102.39807,22.40204],[102.39342,22.401],[102.3883,22.40749],[102.38739,22.41164],[102.3925,22.41559],[102.39133,22.42142],[102.39823,22.41842],[102.39683,22.43317],[102.38988,22.43989],[102.39291,22.46073],[102.38233,22.47021],[102.37063,22.47179],[102.36592,22.47574],[102.36114,22.47446],[102.35953,22.48886],[102.34748,22.49093],[102.34857,22.50556],[102.3444,22.50593],[102.34601,22.5077],[102.33761,22.52275],[102.34256,22.52857],[102.3393,22.52776],[102.33043,22.53408],[102.3256,22.54327],[102.32194,22.54377],[102.32379,22.54743],[102.31852,22.54702],[102.30134,22.53299],[102.30036,22.52615],[102.29306,22.51789],[102.29437,22.51267],[102.28824,22.50476],[102.28,22.50252],[102.27515,22.48881],[102.27769,22.48285],[102.27572,22.47947],[102.26531,22.4782],[102.2624,22.46541],[102.24909,22.46238],[102.24897,22.45745],[102.2572,22.44918],[102.26875,22.42513],[102.26292,22.41409],[102.24412,22.4221],[102.23911,22.42816],[102.2224,22.42534],[102.21211,22.43157],[102.20689,22.42733],[102.18609,22.4348],[102.17509,22.43252],[102.17035,22.42834],[102.15932,22.43019],[102.15821,22.42585],[102.15385,22.42477],[102.15459,22.41702],[102.14391,22.40064],[102.14826,22.39654],[102.14833,22.39004],[102.15905,22.38476],[102.16253,22.37747],[102.16851,22.37591],[102.17114,22.37129],[102.1627,22.3622],[102.16506,22.35464],[102.17713,22.33903],[102.18578,22.34158],[102.19621,22.3362],[102.18826,22.32585],[102.18051,22.32144],[102.17693,22.31401],[102.17775,22.30455],[102.1905,22.30254],[102.20586,22.29104],[102.21122,22.29093],[102.21191,22.28733],[102.2333,22.28392],[102.23376,22.27676],[102.2301,22.27455],[102.23396,22.26894],[102.23237,22.26393],[102.24013,22.25952],[102.24243,22.25448],[102.23784,22.24871],[102.24041,22.23908],[102.25791,22.23508],[102.25976,22.2369],[102.26221,22.23372],[102.2669,22.23714],[102.27272,22.23624],[102.27149,22.22496],[102.27859,22.21989],[102.27641,22.21255],[102.27976,22.20509],[102.28381,22.20726],[102.29737,22.20557],[102.30321,22.2011],[102.30778,22.20322],[102.30892,22.20797],[102.32129,22.20298],[102.33451,22.18785],[102.33527,22.16604],[102.34727,22.16306],[102.35975,22.16675],[102.38415,22.14938],[102.3845,22.1295],[102.39639,22.12556],[102.40802,22.128],[102.42181,22.11604],[102.43477,22.11662],[102.43386,22.11246],[102.44069,22.09939],[102.4377,22.09146],[102.44603,22.08425],[102.4453,22.07922],[102.44057,22.07814],[102.44143,22.07426],[102.45329,22.07263],[102.46008,22.06572],[102.4726,22.06189],[102.4725,22.05755],[102.48413,22.04186],[102.49269,22.03885],[102.49451,22.03382],[102.49919,22.03756],[102.50249,22.03325],[102.5089,22.03679],[102.51925,22.0299],[102.52095,22.02341],[102.50753,22.01388],[102.49308,22.01446],[102.4882,22.00703],[102.48877,21.99364],[102.49909,21.98474],[102.50833,21.9709],[102.51426,21.96569],[102.5215,21.96655],[102.53512,21.96021],[102.56242,21.94276],[102.56498,21.93837],[102.5794,21.93465],[102.58397,21.92849],[102.61287,21.91989],[102.62125,21.90067],[102.61322,21.8822],[102.60941,21.88159],[102.61082,21.87712],[102.61389,21.87275],[102.62946,21.86923],[102.62799,21.86589],[102.6337,21.86128],[102.64515,21.85904],[102.64612,21.85466],[102.64189,21.84827],[102.65097,21.82599],[102.64818,21.80749],[102.65954,21.79937],[102.66222,21.79178],[102.66015,21.78123],[102.64907,21.76315],[102.6482,21.73503],[102.64526,21.73227],[102.65105,21.72801],[102.65261,21.71947],[102.66053,21.7099],[102.66081,21.69979],[102.66734,21.68533],[102.66264,21.67988],[102.66756,21.6769],[102.67335,21.66503],[102.6759,21.6579],[102.67408,21.65534],[102.68518,21.65472],[102.68877,21.65806],[102.68753,21.66146],[102.69327,21.66441],[102.6981,21.66132],[102.7094,21.6646],[102.71499,21.66228],[102.73195,21.66375],[102.73463,21.65962],[102.74058,21.65935],[102.74992,21.66495],[102.75513,21.67402],[102.76315,21.67567],[102.76873,21.68179],[102.77039,21.68965],[102.78665,21.70636],[102.79904,21.70764],[102.80361,21.71696],[102.81157,21.71937],[102.80923,21.72453],[102.81474,21.7318],[102.81992,21.73094],[102.82692,21.7356],[102.82017,21.76187],[102.82074,21.77757],[102.81472,21.79113],[102.82047,21.79874],[102.81042,21.82481],[102.81716,21.83155],[102.81715,21.83978],[102.83469,21.84641],[102.84337,21.84663],[102.85151,21.84249],[102.85371,21.82417],[102.85763,21.82044],[102.85468,21.81085],[102.85623,21.8021],[102.85992,21.79778],[102.85424,21.78887],[102.85922,21.78287],[102.85551,21.76895],[102.8618,21.76495],[102.86079,21.75452],[102.85498,21.7463],[102.85436,21.73978],[102.85893,21.73043],[102.85651,21.72104],[102.86996,21.71309],[102.87183,21.70831],[102.87747,21.70595],[102.87758,21.70224],[102.88625,21.71257],[102.89787,21.71421],[102.90275,21.71879],[102.90723,21.71714],[102.92312,21.7249],[102.93651,21.72441],[102.9548,21.72852],[102.95618,21.7334],[102.96959,21.74669],[102.97465,21.74493],[102.97301,21.73657],[102.97752,21.7348],[102.98838,21.72037],[102.98914,21.70621],[102.97837,21.69636],[102.98032,21.68911],[102.98995,21.68448],[102.98545,21.66788],[102.98668,21.66117],[102.98012,21.6578],[102.98346,21.65446],[102.97951,21.65159],[102.981,21.64358],[102.98664,21.64441],[102.98404,21.63993],[102.98704,21.63689],[102.98276,21.63581],[102.98697,21.62888],[102.98511,21.62657],[102.99016,21.62237],[102.98684,21.61831],[102.98925,21.61544],[102.98492,21.61381],[102.98475,21.60648],[102.99114,21.60266],[102.99183,21.58572],[102.98488,21.58285],[102.97971,21.57221],[102.96962,21.56703],[102.95894,21.55348],[102.9614,21.54611],[102.94303,21.53243],[102.94208,21.52696],[102.93202,21.52402],[102.93278,21.51694],[102.92802,21.51651],[102.91857,21.50952],[102.919,21.50478],[102.9136,21.5036],[102.91518,21.49477],[102.91202,21.48806],[102.90752,21.4867],[102.90745,21.47857],[102.90293,21.47605],[102.89009,21.47889],[102.88555,21.47635],[102.89104,21.46988],[102.88483,21.46316],[102.88548,21.44926],[102.87738,21.44574],[102.87864,21.43872],[102.86937,21.42899],[102.87374,21.42411],[102.88153,21.425],[102.9,21.43614],[102.89997,21.43277],[102.90461,21.43057],[102.90548,21.43478],[102.91378,21.43776],[102.91405,21.4451],[102.92246,21.45532],[102.93752,21.45892],[102.94262,21.45621],[102.93398,21.44444],[102.93166,21.44615],[102.9237,21.43146],[102.91805,21.41502],[102.91917,21.40663],[102.90988,21.39962],[102.90723,21.39197],[102.89606,21.38624],[102.89877,21.37468],[102.89476,21.36775],[102.89919,21.36544],[102.89358,21.36041],[102.89683,21.35629],[102.8893,21.33207],[102.90019,21.31729],[102.89748,21.3051],[102.88435,21.29954],[102.87757,21.30261],[102.85902,21.29805],[102.85223,21.2998],[102.84912,21.29018],[102.84277,21.29265],[102.8391,21.28255],[102.83474,21.28372],[102.83262,21.27778],[102.81534,21.27175],[102.81689,21.26851],[102.80778,21.26371],[102.81532,21.25679],[102.81173,21.25131],[102.82076,21.25329],[102.82386,21.24544],[102.84278,21.24684],[102.85002,21.2541],[102.85482,21.25238],[102.85863,21.25742],[102.86223,21.25533],[102.86424,21.25745],[102.87088,21.25257],[102.89183,21.24645],[102.90273,21.23251],[102.91192,21.22952],[102.90764,21.21855],[102.91119,21.20392],[102.9034,21.18993],[102.90921,21.17999],[102.90799,21.17612],[102.9036,21.17495],[102.90261,21.1662],[102.91736,21.16122],[102.92176,21.15592],[102.92794,21.16266],[102.93718,21.15906],[102.93774,21.15345],[102.94961,21.14107],[102.94063,21.1314],[102.94056,21.12641],[102.9614,21.11318]]]}},{"type":"Feature","properties":{"id":"8","ma_tinh":"75","ten_tinh":"Đồng Nai","sap_nhap":"Đồng Nai, Bình Phước","quy_mo":"95 đơn vị (23 phường và 72 xã)","tru_so":"Số 2 Nguyễn Văn Trị, Biên Hòa, Đồng Nai","loai":"Tỉnh","cap":1,"stt":28,"dtich_km2":12737.36,"dan_so":4491408,"matdo_km2":352.62,"NAME_1":"Đồng Nai","GID_1":"75"},"geometry":{"type":"Polygon","coordinates":[[[106.82803,10.75994],[106.82297,10.76194],[106.82519,10.77769],[106.8175,10.78023],[106.80615,10.77072],[106.80094,10.76014],[106.76996,10.74456],[106.75178,10.71667],[106.75284,10.70219],[106.75787,10.69288],[106.7732,10.67678],[106.80706,10.65715],[106.81456,10.63955],[106.82467,10.62853],[106.83628,10.6272],[106.84396,10.63838],[106.85138,10.63967],[106.86007,10.63665],[106.87266,10.64775],[106.88249,10.64773],[106.8853,10.63993],[106.90382,10.62398],[106.91149,10.60806],[106.92142,10.60964],[106.92767,10.60317],[106.94115,10.59681],[106.96058,10.59352],[106.97443,10.58246],[106.9837,10.57911],[106.98713,10.58872],[106.98589,10.59612],[106.99056,10.60035],[106.99054,10.605],[107.00682,10.61018],[107.00764,10.61329],[106.99665,10.6248],[106.99965,10.63462],[107.00683,10.63765],[107.01587,10.63213],[107.0134,10.64366],[107.04458,10.65743],[107.09652,10.65196],[107.10186,10.66327],[107.12133,10.67316],[107.12507,10.68245],[107.13384,10.68512],[107.13975,10.70959],[107.13904,10.7277],[107.14373,10.72416],[107.14363,10.72966],[107.14665,10.73023],[107.1391,10.73253],[107.13841,10.74496],[107.15436,10.74415],[107.18939,10.77204],[107.20659,10.7745],[107.20653,10.75801],[107.22143,10.75704],[107.23128,10.76422],[107.24429,10.75972],[107.24406,10.7562],[107.30048,10.75498],[107.29949,10.75043],[107.30413,10.74932],[107.30174,10.7454],[107.30534,10.72848],[107.30298,10.72832],[107.30089,10.71902],[107.30542,10.7131],[107.29987,10.70396],[107.30775,10.69413],[107.29947,10.68511],[107.31801,10.66872],[107.33173,10.67739],[107.34416,10.67542],[107.35221,10.67853],[107.35285,10.69706],[107.34939,10.70652],[107.35635,10.71292],[107.36107,10.72819],[107.3683,10.73324],[107.37159,10.73159],[107.37095,10.73432],[107.37984,10.74116],[107.38306,10.75116],[107.38924,10.75667],[107.39155,10.75549],[107.39391,10.76275],[107.39734,10.76308],[107.40079,10.76903],[107.41055,10.77492],[107.41909,10.77104],[107.42624,10.78777],[107.43564,10.79271],[107.43714,10.79873],[107.44442,10.80451],[107.45374,10.803],[107.45754,10.7913],[107.47182,10.79375],[107.48505,10.76836],[107.49583,10.76744],[107.53198,10.77804],[107.56127,10.79874],[107.57385,10.81403],[107.57771,10.83412],[107.57237,10.84982],[107.5598,10.86849],[107.5603,10.93704],[107.5425,10.97819],[107.53621,10.97821],[107.53087,10.99326],[107.52335,10.99575],[107.51921,11.00193],[107.51803,10.99989],[107.51323,11.00268],[107.50632,11.01367],[107.49878,11.01545],[107.48106,11.00682],[107.47425,11.00674],[107.46514,11.01614],[107.45655,11.01672],[107.44958,11.02101],[107.44773,11.02831],[107.44348,11.03095],[107.43225,11.03436],[107.43067,11.03201],[107.42713,11.03666],[107.42074,11.03709],[107.42213,11.04138],[107.41264,11.04182],[107.41238,11.04569],[107.40614,11.0428],[107.40301,11.04849],[107.39467,11.04967],[107.40025,11.05367],[107.4167,11.05085],[107.42576,11.06391],[107.4227,11.076],[107.43199,11.08244],[107.43073,11.08713],[107.43816,11.08899],[107.44302,11.08386],[107.45408,11.11141],[107.4449,11.12477],[107.43652,11.12885],[107.43484,11.1372],[107.44286,11.13931],[107.44517,11.14938],[107.44944,11.14671],[107.458,11.15168],[107.45466,11.1597],[107.46221,11.16777],[107.46042,11.17647],[107.4659,11.18043],[107.47054,11.17834],[107.46783,11.18314],[107.47188,11.18647],[107.47095,11.19259],[107.47917,11.1904],[107.47352,11.20148],[107.47836,11.20271],[107.47981,11.19814],[107.48416,11.20419],[107.47804,11.20931],[107.48812,11.21606],[107.48267,11.22103],[107.4906,11.22514],[107.49859,11.22019],[107.49319,11.22483],[107.49962,11.22884],[107.49589,11.23608],[107.49691,11.24248],[107.50046,11.24267],[107.50297,11.23547],[107.50825,11.23746],[107.50932,11.24377],[107.51446,11.2449],[107.51696,11.25189],[107.5191,11.24811],[107.52454,11.25168],[107.5237,11.27223],[107.51848,11.28458],[107.5229,11.29013],[107.52401,11.29936],[107.51761,11.30951],[107.51913,11.31379],[107.53525,11.32491],[107.53564,11.33362],[107.54367,11.35009],[107.5444,11.36659],[107.5407,11.35884],[107.53505,11.3551],[107.52461,11.36987],[107.51656,11.37458],[107.51325,11.38442],[107.50118,11.38277],[107.50209,11.39001],[107.49801,11.39095],[107.49841,11.39485],[107.48764,11.39632],[107.48531,11.40065],[107.48819,11.42699],[107.47512,11.43592],[107.45671,11.43014],[107.45339,11.43154],[107.45246,11.42398],[107.45588,11.4227],[107.4535,11.41994],[107.44383,11.41942],[107.4471,11.4282],[107.44209,11.43199],[107.43047,11.42517],[107.43038,11.44032],[107.44591,11.44747],[107.45089,11.45851],[107.46268,11.46338],[107.46153,11.47266],[107.46642,11.47738],[107.4714,11.47571],[107.47174,11.47844],[107.46144,11.48955],[107.45534,11.49147],[107.45316,11.50167],[107.44111,11.50999],[107.4414,11.51654],[107.43256,11.51227],[107.42934,11.51906],[107.42047,11.51084],[107.41219,11.51843],[107.40994,11.52815],[107.40175,11.52971],[107.39825,11.52653],[107.38659,11.52587],[107.38554,11.52057],[107.37423,11.51493],[107.36751,11.51742],[107.37619,11.52394],[107.3752,11.53196],[107.37908,11.54243],[107.37244,11.5575],[107.36814,11.55746],[107.37268,11.55099],[107.37098,11.54852],[107.36021,11.55521],[107.36671,11.56074],[107.36134,11.56709],[107.36636,11.57295],[107.36102,11.58172],[107.35764,11.57977],[107.35672,11.55912],[107.34759,11.55303],[107.34605,11.54341],[107.3379,11.54453],[107.33268,11.55398],[107.31163,11.55356],[107.30182,11.57059],[107.30569,11.57148],[107.30995,11.56783],[107.31213,11.57144],[107.30012,11.57777],[107.29739,11.58457],[107.30673,11.59847],[107.30069,11.60642],[107.30431,11.61757],[107.2869,11.63135],[107.27227,11.63589],[107.26872,11.6413],[107.27313,11.65001],[107.26591,11.65746],[107.26611,11.66124],[107.27782,11.68115],[107.285,11.68614],[107.27854,11.69239],[107.284,11.69835],[107.28649,11.72647],[107.29667,11.72948],[107.3012,11.73927],[107.31573,11.7406],[107.32564,11.74898],[107.33546,11.74777],[107.35303,11.75252],[107.35674,11.76207],[107.36315,11.76088],[107.36514,11.76577],[107.37381,11.77076],[107.38663,11.77274],[107.39027,11.76701],[107.39336,11.76811],[107.39929,11.77699],[107.39533,11.78074],[107.39718,11.7849],[107.39277,11.78893],[107.39327,11.79507],[107.39743,11.80109],[107.40133,11.79771],[107.40905,11.80565],[107.4047,11.81289],[107.40529,11.81866],[107.41338,11.82637],[107.41426,11.83412],[107.41807,11.83154],[107.41559,11.83515],[107.41899,11.84156],[107.42719,11.84767],[107.426,11.85893],[107.42249,11.86332],[107.40898,11.865],[107.40567,11.86951],[107.40066,11.8906],[107.39413,11.89556],[107.38534,11.91863],[107.37003,11.92737],[107.36698,11.93317],[107.35935,11.93406],[107.35278,11.93907],[107.35687,11.93975],[107.35186,11.94669],[107.35508,11.94695],[107.35689,11.95185],[107.3523,11.95388],[107.35174,11.96403],[107.34764,11.96433],[107.34863,11.96655],[107.35125,11.96806],[107.33026,11.99753],[107.32469,12.00017],[107.32411,12.00502],[107.31382,12.0082],[107.30751,12.00574],[107.30365,12.01053],[107.30151,12.00822],[107.29409,12.00935],[107.29605,12.01567],[107.29114,12.01847],[107.29166,12.02145],[107.28892,12.01879],[107.28983,12.01553],[107.2839,12.0181],[107.27993,12.01261],[107.27836,12.0177],[107.27582,12.01316],[107.27074,12.0172],[107.26853,12.01341],[107.26109,12.0204],[107.25224,12.02085],[107.24937,12.02599],[107.24261,12.02571],[107.24559,12.03421],[107.24233,12.03903],[107.24038,12.03356],[107.23637,12.03655],[107.23381,12.02796],[107.23109,12.02804],[107.23402,12.04417],[107.23113,12.05913],[107.2337,12.06108],[107.22917,12.08611],[107.2347,12.09022],[107.23227,12.09881],[107.24053,12.11367],[107.23014,12.1149],[107.22634,12.12397],[107.22223,12.12585],[107.22917,12.1339],[107.22303,12.19351],[107.20619,12.2958],[107.20301,12.29841],[107.1903,12.29477],[107.19102,12.29127],[107.18521,12.29056],[107.18314,12.28334],[107.17961,12.28574],[107.17592,12.28083],[107.16776,12.27793],[107.15931,12.27923],[107.15174,12.27623],[107.15265,12.26632],[107.14528,12.26406],[107.1487,12.259],[107.1437,12.2584],[107.14522,12.24993],[107.14068,12.25092],[107.13899,12.24823],[107.1418,12.24591],[107.13699,12.24463],[107.13932,12.24213],[107.13557,12.23785],[107.13997,12.23707],[107.13801,12.22976],[107.1329,12.22952],[107.12954,12.22405],[107.12591,12.22742],[107.12359,12.22191],[107.12044,12.22439],[107.12054,12.21943],[107.11715,12.2201],[107.115,12.2163],[107.11219,12.21817],[107.11392,12.22002],[107.11115,12.21967],[107.107,12.21017],[107.10163,12.20826],[107.10196,12.20192],[107.0966,12.19848],[107.09808,12.19119],[107.09507,12.19134],[107.09249,12.18115],[107.08597,12.1817],[107.08755,12.18651],[107.08111,12.18451],[107.07519,12.18847],[107.07389,12.1799],[107.06984,12.17754],[107.08046,12.1697],[107.07906,12.16256],[107.07453,12.16413],[107.06351,12.15772],[107.05953,12.16123],[107.05638,12.15722],[107.05933,12.15452],[107.05525,12.14792],[107.05218,12.14874],[107.05503,12.14242],[107.04996,12.14236],[107.04766,12.13757],[107.04984,12.13443],[107.04657,12.13472],[107.0453,12.13121],[107.03767,12.13145],[107.02907,12.12551],[107.02772,12.12055],[107.02306,12.12701],[107.01963,12.12389],[107.02113,12.11936],[107.01686,12.11726],[107.01525,12.12133],[107.00844,12.11498],[107.00349,12.11513],[107.00668,12.11176],[107.0131,12.11166],[107.00721,12.10716],[107.00209,12.10917],[107.00208,12.10501],[107.0087,12.10293],[106.99822,12.10229],[107.00246,12.09955],[107.00011,12.09455],[106.9945,12.09566],[106.96525,12.08367],[106.96452,12.07889],[106.94931,12.07388],[106.94491,12.06705],[106.93622,12.06849],[106.91999,12.06142],[106.90608,12.0686],[106.89724,12.06563],[106.88513,12.07373],[106.86961,12.07447],[106.86644,12.0701],[106.8609,12.07087],[106.85554,12.06597],[106.84765,12.07412],[106.83866,12.0718],[106.8328,12.0747],[106.82587,12.08427],[106.81538,12.08345],[106.813,12.07932],[106.80826,12.08108],[106.80558,12.07833],[106.79914,12.08403],[106.79337,12.08287],[106.78649,12.07689],[106.78678,12.07327],[106.78021,12.07376],[106.78178,12.07024],[106.77876,12.06641],[106.78243,12.06352],[106.77418,12.0591],[106.77437,12.05592],[106.77195,12.05715],[106.76785,12.04625],[106.77029,12.04432],[106.76154,12.04082],[106.76217,12.03429],[106.75735,12.03265],[106.75964,12.02913],[106.75644,12.0294],[106.75465,12.02381],[106.7511,12.0246],[106.75288,12.02104],[106.74656,12.02132],[106.74704,12.01549],[106.75095,12.01298],[106.74792,12.01367],[106.74805,12.00866],[106.74404,12.00623],[106.7443,12.00483],[106.74659,12.00451],[106.7455,12.00085],[106.74338,12.00317],[106.73865,11.99849],[106.74212,11.99551],[106.73984,11.99356],[106.74415,11.99135],[106.74195,11.98838],[106.74468,11.98322],[106.74143,11.98199],[106.7389,11.98484],[106.73776,11.98106],[106.73565,11.98327],[106.73307,11.98104],[106.73274,11.984],[106.72714,11.98171],[106.72506,11.9755],[106.72052,11.97594],[106.72098,11.96847],[106.71961,11.9727],[106.71396,11.97275],[106.71269,11.96899],[106.70737,11.96977],[106.70349,11.96567],[106.6994,11.9696],[106.69513,11.96398],[106.68355,11.96448],[106.67667,11.97232],[106.67759,11.97814],[106.67393,11.97962],[106.6707,11.97672],[106.66571,11.98381],[106.6554,11.98922],[106.6492,11.97918],[106.65979,11.96509],[106.65601,11.96612],[106.65519,11.96288],[106.65042,11.96624],[106.64781,11.96355],[106.64158,11.96903],[106.64329,11.97544],[106.63879,11.97407],[106.63812,11.96822],[106.6354,11.96899],[106.63509,11.96059],[106.63027,11.96199],[106.63104,11.97212],[106.62912,11.97083],[106.62748,11.97406],[106.53069,11.96863],[106.53043,11.97628],[106.51872,11.98075],[106.51063,11.98045],[106.50842,11.9758],[106.4916,11.96816],[106.48318,11.97289],[106.46903,11.97287],[106.4648,11.98322],[106.4549,11.98923],[106.44639,11.985],[106.44144,11.98646],[106.43242,11.97752],[106.43461,11.97331],[106.43267,11.97195],[106.41739,11.97176],[106.41162,11.97472],[106.46756,11.86706],[106.46293,11.86683],[106.46068,11.86199],[106.45397,11.86695],[106.45037,11.86467],[106.44622,11.86664],[106.44578,11.85919],[106.43994,11.85752],[106.43831,11.85163],[106.44196,11.8431],[106.43814,11.83919],[106.44874,11.82587],[106.43369,11.80797],[106.43431,11.79966],[106.41652,11.77398],[106.41906,11.76983],[106.41422,11.76653],[106.41754,11.76403],[106.41712,11.75782],[106.41969,11.75792],[106.41858,11.75354],[106.42387,11.74167],[106.4221,11.73862],[106.42759,11.73256],[106.43102,11.72083],[106.43478,11.71913],[106.43367,11.71474],[106.43873,11.71031],[106.43805,11.70481],[106.45336,11.69081],[106.45301,11.6728],[106.44926,11.66456],[106.45527,11.65804],[106.45308,11.65377],[106.45985,11.64985],[106.45852,11.64485],[106.46463,11.63938],[106.4618,11.63383],[106.46591,11.63299],[106.46639,11.62688],[106.46338,11.62362],[106.4686,11.61904],[106.46895,11.61391],[106.47687,11.61357],[106.47577,11.61058],[106.48146,11.60999],[106.48183,11.60617],[106.48648,11.60372],[106.4825,11.59635],[106.49047,11.57975],[106.48585,11.57824],[106.49036,11.57035],[106.48237,11.56012],[106.48233,11.55476],[106.4804,11.55586],[106.48058,11.54691],[106.47458,11.54896],[106.46515,11.54209],[106.46167,11.54519],[106.45359,11.54235],[106.44315,11.54693],[106.42808,11.53533],[106.42977,11.51353],[106.42357,11.50724],[106.42316,11.49564],[106.43455,11.50104],[106.47672,11.49562],[106.48906,11.49963],[106.51423,11.48242],[106.52457,11.48004],[106.54014,11.46785],[106.5482,11.47072],[106.55635,11.48484],[106.5602,11.47207],[106.57323,11.45636],[106.56546,11.44533],[106.55903,11.43958],[106.54874,11.43635],[106.54164,11.42657],[106.54784,11.41217],[106.54797,11.40329],[106.54459,11.39323],[106.53907,11.38786],[106.54681,11.38292],[106.55307,11.3731],[106.5621,11.3698],[106.57755,11.37907],[106.59206,11.38074],[106.5991,11.38634],[106.61323,11.38742],[106.61724,11.36253],[106.63277,11.35879],[106.6517,11.35993],[106.67118,11.35376],[106.67563,11.35805],[106.67895,11.37555],[106.67569,11.38222],[106.67904,11.38503],[106.67332,11.40121],[106.68639,11.39548],[106.6972,11.40301],[106.70425,11.39621],[106.70905,11.39947],[106.70918,11.40589],[106.71867,11.41444],[106.72032,11.42298],[106.72615,11.42374],[106.7265,11.43188],[106.74133,11.43351],[106.74147,11.44046],[106.75587,11.4497],[106.74987,11.46758],[106.75388,11.47651],[106.77477,11.48264],[106.79044,11.49178],[106.79655,11.49133],[106.8028,11.48214],[106.8038,11.47072],[106.8087,11.46105],[106.80611,11.45192],[106.78454,11.4286],[106.77046,11.42656],[106.76946,11.40416],[106.789,11.40117],[106.78844,11.38591],[106.78937,11.3829],[106.79358,11.38294],[106.79362,11.37947],[106.80025,11.38257],[106.81171,11.37579],[106.81806,11.37719],[106.82503,11.3841],[106.82673,11.38062],[106.83428,11.38052],[106.84115,11.37505],[106.85674,11.37489],[106.85852,11.36139],[106.85439,11.36077],[106.85591,11.35281],[106.86052,11.34924],[106.85672,11.34593],[106.86148,11.3444],[106.86331,11.34],[106.85544,11.32925],[106.85713,11.31441],[106.86633,11.31475],[106.86508,11.3108],[106.87513,11.30736],[106.86987,11.32094],[106.87252,11.32739],[106.88435,11.33971],[106.90218,11.34137],[106.90695,11.35264],[106.91484,11.35596],[106.92046,11.35215],[106.94015,11.35637],[106.945,11.35422],[106.94405,11.34812],[106.95106,11.33787],[106.9523,11.32344],[106.93636,11.30912],[106.93991,11.30315],[106.93985,11.29666],[106.93737,11.29639],[106.94146,11.29321],[106.93617,11.28697],[106.93319,11.28746],[106.93307,11.27866],[106.92447,11.27093],[106.92792,11.26481],[106.92368,11.26414],[106.92711,11.26072],[106.92634,11.24743],[106.93149,11.24476],[106.91908,11.24267],[106.9186,11.24038],[106.91759,11.24273],[106.91063,11.24123],[106.9117,11.23577],[106.91838,11.23534],[106.91324,11.23146],[106.91804,11.21987],[106.9148,11.21415],[106.90125,11.20896],[106.90722,11.20273],[106.90616,11.19301],[106.92005,11.19283],[106.92353,11.18681],[106.93333,11.18902],[106.94007,11.17849],[106.94596,11.17621],[106.94115,11.16787],[106.95326,11.16378],[106.95576,11.15288],[106.96634,11.14624],[106.96532,11.14275],[106.95402,11.14061],[106.95707,11.13521],[106.95339,11.12893],[106.96581,11.10965],[106.9578,11.10712],[106.95937,11.1003],[106.95283,11.09755],[106.94697,11.08937],[106.94514,11.07752],[106.95252,11.07167],[106.9476,11.05917],[106.94156,11.05687],[106.93337,11.06484],[106.92253,11.05618],[106.92284,11.04714],[106.9127,11.04127],[106.90808,11.02232],[106.8951,11.02781],[106.87339,11.01986],[106.85819,11.03267],[106.83995,11.03978],[106.82765,11.06452],[106.80162,11.05929],[106.79903,11.05421],[106.8106,11.04332],[106.81248,11.03053],[106.80901,11.02629],[106.79555,11.0239],[106.78521,11.01804],[106.77458,11.00534],[106.78193,10.98699],[106.79628,10.97236],[106.77551,10.95933],[106.7713,10.96528],[106.76206,10.96326],[106.76515,10.95855],[106.76267,10.95327],[106.7711,10.95145],[106.77069,10.94287],[106.77912,10.93686],[106.782,10.93826],[106.78405,10.9326],[106.79139,10.9309],[106.78815,10.92215],[106.79442,10.92369],[106.80963,10.91978],[106.81639,10.90294],[106.83225,10.90683],[106.83891,10.90336],[106.84368,10.8844],[106.85121,10.87588],[106.84669,10.86554],[106.84918,10.85737],[106.8569,10.84209],[106.88169,10.81247],[106.87958,10.80231],[106.86531,10.78866],[106.87133,10.77685],[106.87033,10.76708],[106.86385,10.76491],[106.85449,10.77374],[106.8458,10.77492],[106.83623,10.7698],[106.82803,10.75994]]]}},{"type":"Feature","properties":{"id":"9","ma_tinh":"82","ten_tinh":"Đồng Tháp","sap_nhap":"Tiền Giang, Đồng Tháp","quy_mo":"102 đơn vị (20 phường, 82 xã)","tru_so":"Số 12 30/4, Mỹ Tho, Đồng Tháp","loai":"Tỉnh","cap":1,"stt":31,"dtich_km2":5939.0,"dan_so":4370046,"matdo_km2":735.82,"NAME_1":"Đồng Tháp","GID_1":"82"},"geometry":{"type":"Polygon","coordinates":[[[105.59955,10.23939],[105.61546,10.21597],[105.62678,10.18679],[105.65803,10.14998],[105.68164,10.13482],[105.72784,10.20507],[105.74784,10.19738],[105.75916,10.18258],[105.76563,10.17892],[105.77492,10.18889],[105.80121,10.15552],[105.81549,10.15276],[105.81872,10.14952],[105.84876,10.14995],[105.8516,10.16015],[105.87055,10.15443],[105.87427,10.16629],[105.87019,10.16869],[105.87733,10.18227],[105.87613,10.18914],[105.88912,10.18881],[105.89512,10.18557],[105.8994,10.19165],[105.91316,10.19239],[105.91952,10.21096],[105.91224,10.2266],[105.90119,10.23451],[105.90193,10.24495],[105.89023,10.24423],[105.88405,10.25365],[105.88461,10.25789],[105.88223,10.25676],[105.87741,10.26418],[105.89421,10.27585],[105.90144,10.27422],[105.92611,10.28337],[105.97449,10.3264],[105.98309,10.33097],[105.9933,10.32977],[106.03903,10.29668],[106.07879,10.27736],[106.08829,10.27634],[106.10401,10.28361],[106.13996,10.28252],[106.21361,10.31658],[106.24908,10.32038],[106.27722,10.32756],[106.28933,10.32622],[106.2991,10.31957],[106.30559,10.31919],[106.37264,10.34014],[106.39856,10.33568],[106.44832,10.30651],[106.47546,10.30671],[106.50178,10.28907],[106.51863,10.28189],[106.53303,10.26777],[106.65092,10.23726],[106.70251,10.21672],[106.75178,10.19168],[106.75178,10.20443],[106.78089,10.22214],[106.77034,10.24341],[106.75178,10.25546],[106.75178,10.26835],[106.75666,10.26604],[106.76041,10.26828],[106.78126,10.29163],[106.78179,10.39425],[106.80781,10.39585],[106.80536,10.40781],[106.78075,10.42977],[106.75178,10.46773],[106.74325,10.48766],[106.7431,10.50002],[106.7306,10.49435],[106.70988,10.47672],[106.68234,10.43979],[106.67033,10.43874],[106.6625,10.44358],[106.65847,10.47752],[106.65478,10.48175],[106.64598,10.48353],[106.63756,10.47628],[106.63332,10.45975],[106.62777,10.45215],[106.59979,10.43688],[106.58831,10.4383],[106.58516,10.43556],[106.58885,10.41811],[106.57187,10.41226],[106.5675,10.41484],[106.55907,10.41296],[106.55827,10.42477],[106.54983,10.42498],[106.54531,10.42954],[106.53757,10.42037],[106.52911,10.43355],[106.51881,10.42442],[106.51011,10.42829],[106.5083,10.42277],[106.50459,10.42307],[106.49921,10.41523],[106.4972,10.4167],[106.48645,10.40876],[106.48625,10.40361],[106.48139,10.40483],[106.48014,10.39671],[106.47255,10.39877],[106.46775,10.39656],[106.46329,10.40051],[106.45566,10.39456],[106.45411,10.40036],[106.44788,10.39869],[106.44892,10.40438],[106.45447,10.40083],[106.45969,10.40487],[106.45185,10.41336],[106.44912,10.41119],[106.44034,10.41489],[106.43921,10.41171],[106.43154,10.41537],[106.42791,10.40979],[106.42037,10.42183],[106.42118,10.42772],[106.41478,10.42987],[106.41796,10.43491],[106.42729,10.43383],[106.42742,10.43655],[106.43534,10.43901],[106.44762,10.45148],[106.45402,10.45095],[106.44213,10.4583],[106.44185,10.46644],[106.42555,10.47405],[106.42396,10.47859],[106.41733,10.48204],[106.417,10.48842],[106.4037,10.49313],[106.40045,10.48463],[106.39625,10.48586],[106.3929,10.47723],[106.38886,10.47565],[106.37942,10.48034],[106.37057,10.48784],[106.37446,10.49418],[106.36863,10.49798],[106.37171,10.50633],[106.36654,10.51117],[106.3693,10.51766],[106.36122,10.52349],[106.35523,10.52268],[106.3476,10.52897],[106.34829,10.54457],[106.34005,10.54625],[106.32102,10.56935],[106.31844,10.5708],[106.31038,10.56545],[106.28618,10.58701],[106.20544,10.57926],[106.10124,10.57589],[106.10245,10.52284],[105.90981,10.53858],[105.83464,10.6383],[105.80771,10.65365],[105.7806,10.65874],[105.59569,10.83081],[105.61232,10.83198],[105.58266,10.89212],[105.51419,10.92315],[105.50011,10.95264],[105.49745,10.95246],[105.49661,10.94737],[105.48394,10.9521],[105.48338,10.95814],[105.47364,10.96467],[105.46462,10.9643],[105.45171,10.95474],[105.44226,10.96043],[105.4332,10.97309],[105.42573,10.97261],[105.41056,10.94335],[105.4114,10.93968],[105.4063,10.93544],[105.40812,10.93157],[105.39916,10.92641],[105.39647,10.92772],[105.3966,10.92424],[105.38483,10.91719],[105.38332,10.91078],[105.3802,10.90992],[105.3804,10.90294],[105.3733,10.90372],[105.36906,10.89679],[105.36841,10.88806],[105.35944,10.88673],[105.36006,10.88095],[105.35374,10.87935],[105.3383,10.8597],[105.2849,10.88776],[105.27435,10.889],[105.26498,10.89642],[105.23973,10.89184],[105.21564,10.8995],[105.19921,10.91108],[105.18723,10.91155],[105.18776,10.87407],[105.21091,10.84869],[105.22964,10.81027],[105.23567,10.80598],[105.25938,10.8013],[105.26271,10.79583],[105.25841,10.78033],[105.26533,10.76823],[105.27573,10.7639],[105.29847,10.7627],[105.30399,10.7585],[105.30119,10.74799],[105.27828,10.73318],[105.27589,10.72799],[105.27848,10.72314],[105.29808,10.71623],[105.33967,10.7227],[105.35235,10.71336],[105.33802,10.67397],[105.33882,10.65286],[105.34974,10.61659],[105.37039,10.57364],[105.39329,10.56883],[105.41337,10.55119],[105.44639,10.55297],[105.48221,10.53405],[105.48827,10.5425],[105.51277,10.54702],[105.54459,10.52796],[105.55551,10.51314],[105.57299,10.46906],[105.57572,10.4464],[105.57269,10.43834],[105.57381,10.42863],[105.55485,10.43432],[105.54849,10.42948],[105.54637,10.42066],[105.55243,10.41676],[105.53957,10.4133],[105.53163,10.40807],[105.52948,10.40036],[105.52375,10.40009],[105.52892,10.37715],[105.52059,10.3696],[105.521,10.36333],[105.49976,10.35407],[105.49052,10.34492],[105.4915,10.3386],[105.48861,10.33368],[105.51448,10.30733],[105.54491,10.29045],[105.59955,10.23939]]]}},{"type":"Feature","properties":{"id":"10","ma_tinh":"52","ten_tinh":"Gia Lai","sap_nhap":"Gia Lai, Bình Định","quy_mo":"135 đơn vị (25 phường, 110 xã)","tru_so":"Số 1 Trần Phú, Quy Nhơn, Gia Lai","loai":"Tỉnh","cap":1,"stt":24,"dtich_km2":21576.56,"dan_so":3583691,"matdo_km2":166.09,"NAME_1":"Gia Lai","GID_1":"52"},"geometry":{"type":"MultiPolygon","coordinates":[[[[108.20839,13.3758],[108.21307,13.36816],[108.22017,13.3725],[108.22746,13.37014],[108.23578,13.37087],[108.23762,13.37364],[108.2425,13.36792],[108.2578,13.36845],[108.26355,13.37222],[108.28023,13.3618],[108.28863,13.35031],[108.2946,13.35175],[108.31262,13.34265],[108.32093,13.34547],[108.33723,13.33763],[108.34737,13.33887],[108.34551,13.33293],[108.35356,13.32908],[108.35571,13.31548],[108.36228,13.31477],[108.37256,13.30239],[108.36932,13.30137],[108.37445,13.27546],[108.3722,13.26757],[108.37653,13.26721],[108.38798,13.25681],[108.39808,13.25557],[108.40505,13.26048],[108.40794,13.25809],[108.41054,13.24795],[108.42149,13.2404],[108.41809,13.23845],[108.41752,13.23326],[108.42239,13.22702],[108.4163,13.22144],[108.41816,13.21337],[108.42161,13.21138],[108.42357,13.19803],[108.43688,13.18005],[108.46391,13.16238],[108.46127,13.15167],[108.46595,13.148],[108.46426,13.14137],[108.46967,13.14041],[108.46764,13.13574],[108.46017,13.13446],[108.45728,13.12615],[108.46391,13.11759],[108.47329,13.11823],[108.49105,13.10827],[108.49268,13.10312],[108.48867,13.09839],[108.4958,13.09531],[108.50223,13.08856],[108.49946,13.08733],[108.50052,13.08433],[108.50929,13.08009],[108.51491,13.07162],[108.51919,13.07196],[108.5173,13.06799],[108.5212,13.0632],[108.51669,13.06074],[108.51117,13.046],[108.51369,13.04021],[108.51082,13.03749],[108.51415,13.03311],[108.53115,13.03438],[108.56854,13.01958],[108.57785,13.02833],[108.59168,13.02973],[108.60007,13.01808],[108.60598,13.01937],[108.61446,13.00754],[108.6181,13.0102],[108.62699,13.00754],[108.64492,13.011],[108.65021,13.00289],[108.65696,12.99928],[108.66383,13.00332],[108.67028,13.00194],[108.67536,12.99602],[108.67963,12.99714],[108.69291,13.01674],[108.71382,13.01758],[108.7565,13.03273],[108.75067,13.09181],[108.76009,13.11532],[108.76913,13.1187],[108.76736,13.12281],[108.76056,13.12476],[108.76136,13.13331],[108.7773,13.13772],[108.77681,13.14675],[108.78628,13.14121],[108.79081,13.14727],[108.79579,13.14111],[108.79693,13.15197],[108.80359,13.15149],[108.80456,13.14549],[108.81368,13.15886],[108.8234,13.15317],[108.82703,13.16371],[108.83071,13.1651],[108.83724,13.1615],[108.84238,13.16451],[108.83854,13.17036],[108.8443,13.17603],[108.84539,13.18247],[108.84953,13.18042],[108.84872,13.19069],[108.85509,13.19369],[108.84757,13.20337],[108.85171,13.21033],[108.84972,13.21726],[108.85399,13.21834],[108.85638,13.22357],[108.86471,13.22525],[108.8704,13.24661],[108.86805,13.26133],[108.87191,13.28266],[108.86792,13.28874],[108.86143,13.28719],[108.85608,13.29128],[108.84023,13.31911],[108.83964,13.3249],[108.83124,13.3316],[108.82483,13.34371],[108.80836,13.35727],[108.81019,13.3603],[108.8064,13.36701],[108.8043,13.39089],[108.80778,13.39362],[108.80499,13.40704],[108.8059,13.4365],[108.80007,13.44706],[108.79631,13.44727],[108.79607,13.45244],[108.78983,13.45379],[108.79229,13.4626],[108.79563,13.46456],[108.79495,13.47231],[108.793,13.47393],[108.78955,13.46842],[108.77975,13.466],[108.77828,13.46852],[108.76055,13.46461],[108.75749,13.45951],[108.75205,13.46379],[108.74375,13.45702],[108.73525,13.45792],[108.72699,13.46373],[108.71346,13.46384],[108.71512,13.47404],[108.70289,13.48622],[108.70864,13.49349],[108.70879,13.4991],[108.71311,13.50132],[108.71445,13.51818],[108.72741,13.5195],[108.72737,13.52349],[108.73311,13.52884],[108.73479,13.53701],[108.73224,13.53974],[108.73956,13.55147],[108.73914,13.55675],[108.74754,13.55499],[108.7485,13.56626],[108.76819,13.56184],[108.77452,13.57038],[108.78042,13.56884],[108.78526,13.57763],[108.81432,13.57699],[108.81846,13.57089],[108.82192,13.57275],[108.82737,13.56489],[108.84436,13.56423],[108.85124,13.56806],[108.85813,13.5479],[108.86691,13.54123],[108.86732,13.53491],[108.89172,13.53675],[108.89457,13.54114],[108.90331,13.53808],[108.90708,13.54202],[108.92165,13.5406],[108.93225,13.53174],[108.93627,13.53257],[108.94469,13.52704],[108.97235,13.52596],[108.9747,13.52852],[108.98135,13.52591],[108.98858,13.52857],[108.99897,13.52269],[109.00709,13.52282],[109.01229,13.52775],[109.01747,13.52572],[109.01902,13.53005],[109.02521,13.52915],[109.03199,13.53417],[109.03415,13.54513],[109.04098,13.54799],[109.04461,13.55928],[109.05021,13.5616],[109.05302,13.5693],[109.08433,13.5671],[109.08859,13.57216],[109.09586,13.57406],[109.10031,13.58343],[109.11138,13.58753],[109.11742,13.58447],[109.11326,13.59375],[109.11808,13.60366],[109.11516,13.61445],[109.11883,13.61869],[109.12636,13.62019],[109.12718,13.62334],[109.11889,13.63479],[109.11974,13.64107],[109.12245,13.64494],[109.12685,13.64358],[109.14475,13.63042],[109.1527,13.634],[109.15405,13.64694],[109.15114,13.65515],[109.15703,13.66887],[109.15619,13.67838],[109.1629,13.67635],[109.16941,13.68313],[109.18274,13.68348],[109.19091,13.69394],[109.19953,13.6953],[109.20331,13.69361],[109.2076,13.68106],[109.21236,13.67903],[109.21856,13.68153],[109.23378,13.67091],[109.23297,13.68731],[109.22679,13.69046],[109.22198,13.71178],[109.21791,13.71438],[109.21947,13.7336],[109.21429,13.74508],[109.22548,13.76309],[109.24228,13.77145],[109.251,13.76786],[109.25049,13.76151],[109.25494,13.7585],[109.26754,13.75705],[109.28033,13.76232],[109.28926,13.75467],[109.29408,13.78052],[109.28547,13.80439],[109.28987,13.81761],[109.29911,13.8267],[109.29592,13.83587],[109.29917,13.84191],[109.29234,13.85244],[109.29507,13.85582],[109.29196,13.87275],[109.29488,13.87811],[109.2981,13.87696],[109.29766,13.8801],[109.29648,13.88535],[109.29243,13.88623],[109.29312,13.89497],[109.29093,13.8881],[109.28558,13.88655],[109.27688,13.89041],[109.26745,13.89991],[109.25361,13.92028],[109.243,13.94407],[109.24379,13.95684],[109.25953,13.96375],[109.25489,13.96578],[109.24927,13.97963],[109.2504,13.9853],[109.25465,13.98447],[109.25701,13.9891],[109.24676,14.00902],[109.2537,14.01789],[109.22012,14.07247],[109.20634,14.10662],[109.20738,14.12438],[109.22089,14.12653],[109.22771,14.13762],[109.2211,14.13841],[109.21062,14.15294],[109.18328,14.20524],[109.18268,14.22515],[109.18723,14.22957],[109.19377,14.22676],[109.19823,14.23432],[109.19456,14.24838],[109.1786,14.27243],[109.17931,14.2769],[109.18599,14.28177],[109.1822,14.28233],[109.15277,14.32184],[109.12218,14.37441],[109.12284,14.38825],[109.12756,14.39469],[109.11541,14.42398],[109.12453,14.44523],[109.0894,14.5051],[109.06733,14.56322],[109.06953,14.5752],[109.0773,14.57469],[109.07069,14.57831],[109.08245,14.57776],[109.07173,14.58369],[109.06668,14.59048],[109.05979,14.59106],[109.05416,14.60286],[109.04819,14.60385],[109.04846,14.60832],[109.04411,14.61134],[109.04662,14.61755],[109.04238,14.62303],[109.04592,14.62731],[109.043,14.63599],[109.03586,14.64132],[109.03895,14.64125],[109.03469,14.64814],[109.02699,14.64743],[109.0231,14.65714],[109.01765,14.6603],[109.01712,14.66644],[109.00837,14.67042],[109.00129,14.66846],[108.99408,14.67426],[108.97801,14.67062],[108.96093,14.68598],[108.95466,14.68097],[108.94976,14.68815],[108.94253,14.68952],[108.93982,14.69532],[108.92921,14.69708],[108.9285,14.70313],[108.92496,14.698],[108.90679,14.69131],[108.90479,14.68697],[108.89223,14.6862],[108.88918,14.68223],[108.87432,14.68747],[108.8634,14.69527],[108.85297,14.69134],[108.85171,14.6834],[108.84669,14.68199],[108.8462,14.68686],[108.83867,14.69442],[108.82776,14.67742],[108.8071,14.66921],[108.78183,14.67036],[108.76887,14.67793],[108.75938,14.66677],[108.76444,14.65165],[108.76661,14.62775],[108.76097,14.61591],[108.76347,14.59976],[108.75706,14.59317],[108.7484,14.59194],[108.74116,14.59517],[108.73827,14.58891],[108.73406,14.58943],[108.70877,14.60503],[108.70588,14.6097],[108.70788,14.61354],[108.70178,14.61398],[108.70279,14.60601],[108.69809,14.59666],[108.68779,14.59177],[108.68015,14.59686],[108.67516,14.59052],[108.67728,14.58465],[108.67411,14.58154],[108.65985,14.57682],[108.65372,14.57005],[108.64035,14.5648],[108.64455,14.55861],[108.64153,14.54759],[108.62919,14.5519],[108.6285,14.54513],[108.61857,14.54352],[108.61787,14.53649],[108.61312,14.53235],[108.60484,14.53575],[108.59613,14.5467],[108.59755,14.5565],[108.59407,14.56505],[108.57409,14.57253],[108.57224,14.57785],[108.56016,14.58608],[108.55082,14.58543],[108.54717,14.58941],[108.54298,14.58749],[108.53159,14.57784],[108.52889,14.55635],[108.52419,14.55611],[108.51795,14.55031],[108.51213,14.55109],[108.51159,14.54606],[108.50415,14.54683],[108.49591,14.54269],[108.48216,14.55067],[108.47058,14.54961],[108.46209,14.55368],[108.45836,14.55179],[108.45241,14.55616],[108.4413,14.55496],[108.42596,14.56025],[108.42361,14.56744],[108.41509,14.57118],[108.4127,14.57584],[108.41312,14.58445],[108.40957,14.59221],[108.40596,14.5921],[108.39753,14.60326],[108.39382,14.60019],[108.38888,14.6019],[108.38435,14.59704],[108.37547,14.60056],[108.36696,14.58427],[108.35685,14.57873],[108.35702,14.57048],[108.35931,14.56341],[108.36779,14.55824],[108.37475,14.54726],[108.36971,14.53299],[108.38365,14.52586],[108.38139,14.51158],[108.37261,14.50751],[108.36339,14.49425],[108.3592,14.49486],[108.35606,14.49151],[108.35319,14.49448],[108.34877,14.49286],[108.34337,14.48113],[108.3317,14.46749],[108.3316,14.46138],[108.32425,14.45465],[108.32312,14.44233],[108.31225,14.4326],[108.30757,14.42325],[108.29851,14.41985],[108.29159,14.40728],[108.29635,14.39925],[108.29653,14.39187],[108.27455,14.38638],[108.26449,14.38748],[108.25181,14.39088],[108.24409,14.39792],[108.23249,14.38982],[108.22948,14.39236],[108.22105,14.39158],[108.20894,14.38693],[108.20339,14.37463],[108.19842,14.37685],[108.199,14.37303],[108.19265,14.37382],[108.18949,14.36858],[108.16994,14.36811],[108.16054,14.36292],[108.15641,14.35382],[108.15173,14.35356],[108.15435,14.34905],[108.14721,14.34755],[108.14204,14.35342],[108.14811,14.35568],[108.14945,14.36032],[108.13962,14.36017],[108.1395,14.35691],[108.13505,14.3552],[108.11497,14.36331],[108.10857,14.35334],[108.11235,14.34591],[108.10459,14.34349],[108.10448,14.33761],[108.07855,14.33241],[108.07937,14.32805],[108.08814,14.32323],[108.0882,14.31518],[108.08099,14.31365],[108.08146,14.31019],[108.07366,14.30656],[108.06659,14.27766],[108.05876,14.26866],[108.06033,14.26541],[108.04002,14.27735],[108.03473,14.27403],[108.03342,14.26744],[108.02448,14.2567],[108.02491,14.25214],[108.02013,14.24831],[108.01667,14.24945],[108.01514,14.24066],[108.00808,14.2396],[107.99993,14.24497],[107.98208,14.24479],[107.96128,14.22742],[107.95509,14.23093],[107.94933,14.24254],[107.94313,14.23918],[107.93188,14.24046],[107.91576,14.26168],[107.90471,14.26298],[107.89451,14.27381],[107.88756,14.27172],[107.88069,14.27366],[107.87665,14.28295],[107.87297,14.27569],[107.86779,14.27701],[107.86083,14.27327],[107.8528,14.27577],[107.83926,14.26719],[107.84068,14.25547],[107.83722,14.23498],[107.83512,14.23189],[107.8287,14.23314],[107.82656,14.22721],[107.82131,14.22448],[107.81733,14.21359],[107.80682,14.21263],[107.79908,14.21973],[107.7886,14.22131],[107.78412,14.22564],[107.77827,14.21596],[107.77372,14.21885],[107.77083,14.21485],[107.76336,14.21307],[107.76312,14.20354],[107.76006,14.20183],[107.72915,14.21434],[107.69946,14.21546],[107.68785,14.22109],[107.68356,14.20669],[107.67831,14.20087],[107.67724,14.18764],[107.65805,14.16525],[107.6596,14.14954],[107.66512,14.13768],[107.66145,14.13183],[107.65773,14.1034],[107.64982,14.10141],[107.64819,14.09812],[107.65759,14.08488],[107.65075,14.07539],[107.65008,14.0666],[107.63277,14.05381],[107.61491,14.064],[107.61185,14.05316],[107.60142,14.04586],[107.59983,14.02969],[107.58625,14.02222],[107.57449,14.01934],[107.5523,14.02568],[107.54718,14.02264],[107.5426,14.01245],[107.52429,14.01197],[107.52218,14.00509],[107.52557,13.98241],[107.5118,13.98387],[107.50253,13.97118],[107.469,13.95293],[107.47024,13.93544],[107.46294,13.93132],[107.45773,13.92237],[107.47348,13.92088],[107.46964,13.90925],[107.47067,13.89132],[107.45738,13.87884],[107.45432,13.87089],[107.4732,13.85496],[107.46622,13.83877],[107.45511,13.82714],[107.46143,13.81619],[107.45136,13.79533],[107.47346,13.77788],[107.48574,13.77644],[107.53299,13.7447],[107.551,13.69206],[107.5676,13.66414],[107.57296,13.61932],[107.61767,13.52865],[107.63132,13.35986],[107.60672,13.30448],[107.61469,13.30782],[107.61622,13.31198],[107.62941,13.31459],[107.6308,13.32107],[107.63918,13.3222],[107.6404,13.32896],[107.6497,13.32631],[107.64999,13.34266],[107.65521,13.34304],[107.66333,13.35054],[107.6713,13.3499],[107.67561,13.35804],[107.68542,13.36407],[107.68926,13.36204],[107.69608,13.37281],[107.70445,13.37491],[107.71011,13.36989],[107.71707,13.37427],[107.72016,13.3697],[107.72931,13.36626],[107.73615,13.3674],[107.74835,13.3634],[107.75178,13.36968],[107.76277,13.37217],[107.76479,13.36491],[107.76816,13.36938],[107.78583,13.3756],[107.79194,13.38185],[107.79949,13.38109],[107.79746,13.38792],[107.80143,13.39392],[107.81955,13.39252],[107.83889,13.40053],[107.85103,13.38963],[107.8756,13.39414],[107.88546,13.38846],[107.88652,13.38471],[107.90119,13.38858],[107.91386,13.38806],[107.92295,13.38522],[107.93167,13.3762],[107.94258,13.37357],[107.94364,13.38001],[107.94897,13.38037],[107.94958,13.38559],[107.95853,13.38063],[107.97413,13.38153],[107.98121,13.38402],[107.97999,13.39029],[107.98296,13.39283],[107.99321,13.38868],[107.9973,13.39061],[108.00944,13.38121],[108.01406,13.38595],[108.02179,13.38712],[108.02693,13.39536],[108.0332,13.3957],[108.03586,13.40293],[108.04085,13.39945],[108.04546,13.401],[108.05361,13.41233],[108.05699,13.4111],[108.05718,13.40745],[108.06399,13.40934],[108.06459,13.40645],[108.06878,13.40975],[108.07296,13.39943],[108.07907,13.40469],[108.08042,13.39974],[108.0897,13.4092],[108.09571,13.40795],[108.11204,13.41664],[108.12519,13.40929],[108.1299,13.41137],[108.13691,13.40709],[108.14473,13.40765],[108.14454,13.40431],[108.14759,13.40492],[108.15095,13.39965],[108.16073,13.40142],[108.16451,13.39442],[108.17412,13.39135],[108.17813,13.38343],[108.19351,13.38052],[108.20288,13.37321],[108.20839,13.3758]]],[[[109.35575,13.62038],[109.35176,13.6195],[109.34472,13.63438],[109.33799,13.63434],[109.33758,13.62708],[109.34763,13.61166],[109.35571,13.61189],[109.36164,13.60472],[109.36206,13.61308],[109.35575,13.62038]]],[[[109.23907,13.66906],[109.24005,13.66753],[109.24017,13.66816],[109.23907,13.66906]]],[[[109.2478,13.67923],[109.24801,13.67811],[109.24816,13.67873],[109.2478,13.67923]]],[[[109.24736,13.68006],[109.24712,13.68032],[109.24709,13.68025],[109.24736,13.68006]]],[[[109.25232,13.68482],[109.25051,13.6803],[109.25543,13.67812],[109.25578,13.67975],[109.25232,13.68482]]],[[[109.24594,13.68207],[109.24563,13.6823],[109.24572,13.68211],[109.24594,13.68207]]],[[[109.2378,13.68441],[109.23818,13.68178],[109.24122,13.6822],[109.2378,13.68441]]],[[[109.24167,13.69372],[109.24134,13.69396],[109.24118,13.6936],[109.24167,13.69372]]],[[[109.29593,13.76542],[109.30074,13.76138],[109.30089,13.76425],[109.29593,13.76542]]],[[[109.29576,13.77079],[109.29612,13.76805],[109.29685,13.76895],[109.29576,13.77079]]],[[[109.29096,13.78942],[109.29137,13.78929],[109.29111,13.79022],[109.29096,13.78942]]],[[[109.30195,13.87988],[109.30314,13.87774],[109.30462,13.88013],[109.30195,13.87988]]],[[[109.30407,13.884],[109.30566,13.88191],[109.30598,13.88283],[109.30407,13.884]]],[[[109.2936,13.89474],[109.29314,13.89614],[109.29308,13.89611],[109.2936,13.89474]]],[[[109.29352,13.89583],[109.2939,13.89645],[109.29363,13.89661],[109.29352,13.89583]]],[[[109.34759,13.89822],[109.34857,13.89583],[109.34933,13.89654],[109.34759,13.89822]]],[[[109.35042,13.89911],[109.34979,13.89891],[109.35107,13.89837],[109.35042,13.89911]]],[[[109.35185,13.90065],[109.35184,13.89961],[109.35206,13.89891],[109.35185,13.90065]]],[[[109.31762,13.90418],[109.31732,13.89996],[109.31873,13.90085],[109.31762,13.90418]]],[[[109.29421,14.13933],[109.29191,14.13778],[109.29985,14.13792],[109.29421,14.13933]]],[[[109.19942,14.23281],[109.20124,14.23126],[109.20214,14.23222],[109.19942,14.23281]]],[[[109.2096,14.24714],[109.20902,14.24699],[109.20973,14.24574],[109.2096,14.24714]]],[[[109.20968,14.25286],[109.20753,14.25159],[109.20774,14.25005],[109.20968,14.25286]]],[[[109.1971,14.36114],[109.19619,14.3618],[109.19619,14.36121],[109.1971,14.36114]]]]}},{"type":"Feature","properties":{"id":"11","ma_tinh":"01","ten_tinh":"Hà Nội","sap_nhap":"không sáp nhập","quy_mo":"126 đơn vị (51 phường,  75 xã)","tru_so":"Số 79 Đinh Tiên Hoàng, Hoàn Kiếm, Hà Nội","loai":"Thành phố","cap":1,"stt":1,"dtich_km2":3359.77,"dan_so":8807523,"matdo_km2":2621.47,"NAME_1":"Hà Nội","GID_1":"01"},"geometry":{"type":"Polygon","coordinates":[[[105.66706,20.73505],[105.66125,20.722],[105.68211,20.69572],[105.67855,20.69081],[105.67915,20.68407],[105.66796,20.67985],[105.67371,20.66489],[105.6771,20.66442],[105.6764,20.67023],[105.67918,20.66832],[105.68186,20.66234],[105.67863,20.65989],[105.68124,20.65233],[105.67906,20.64552],[105.68683,20.63793],[105.68125,20.62964],[105.67329,20.62914],[105.67099,20.63269],[105.66379,20.62821],[105.66699,20.62362],[105.66652,20.61679],[105.68694,20.61593],[105.69199,20.6221],[105.69647,20.61981],[105.70093,20.62177],[105.70493,20.61403],[105.70365,20.60295],[105.70807,20.59868],[105.7187,20.59705],[105.72687,20.60558],[105.73242,20.59979],[105.74284,20.59905],[105.74735,20.59135],[105.7631,20.57903],[105.76866,20.56527],[105.78214,20.56473],[105.79653,20.56965],[105.80371,20.5988],[105.80799,20.59725],[105.81135,20.60459],[105.80568,20.61004],[105.81489,20.61877],[105.81164,20.63008],[105.83405,20.64802],[105.81952,20.6608],[105.82304,20.66447],[105.83959,20.65972],[105.85694,20.64509],[105.87941,20.64319],[105.89649,20.65171],[105.89611,20.66882],[105.90564,20.66466],[105.90545,20.66841],[105.93213,20.67985],[105.94518,20.6802],[105.94442,20.65643],[105.95804,20.65076],[105.95791,20.65874],[105.96633,20.6646],[105.9775,20.66578],[105.97848,20.67383],[105.99001,20.68458],[105.99478,20.68163],[105.99228,20.67858],[105.99748,20.67836],[105.99182,20.6892],[105.99805,20.69232],[105.99573,20.69739],[106.00319,20.70363],[105.97379,20.70011],[105.96415,20.72487],[105.96807,20.73358],[105.96731,20.77387],[105.96105,20.77881],[105.92635,20.78715],[105.91844,20.7978],[105.91278,20.81355],[105.91292,20.83684],[105.91881,20.84384],[105.93364,20.85261],[105.93542,20.866],[105.92496,20.87819],[105.89858,20.89094],[105.89351,20.89726],[105.91496,20.91771],[105.91456,20.92177],[105.9084,20.92638],[105.91477,20.93733],[105.90309,20.94718],[105.91301,20.97369],[105.92431,20.97577],[105.93978,20.96795],[105.95614,20.96819],[105.96402,20.96341],[105.96472,20.97246],[105.96132,20.97589],[105.96514,20.98505],[105.9616,20.98916],[105.97223,20.98977],[105.97173,20.99701],[105.97749,20.99957],[105.98522,20.99691],[105.99135,21.00103],[105.99967,20.99986],[106.00132,21.00748],[106.00847,21.00827],[106.00966,21.01236],[106.00446,21.01168],[106.00616,21.01509],[106.0032,21.01752],[106.00941,21.02437],[106.00657,21.02861],[106.01284,21.03025],[106.01748,21.0363],[106.02003,21.04762],[106.01389,21.05095],[106.01432,21.05596],[106.01134,21.0582],[106.00822,21.05553],[106.00885,21.06392],[106.00125,21.06924],[105.99963,21.07456],[105.9937,21.06893],[105.96826,21.07212],[105.96207,21.0779],[105.95803,21.09127],[105.94028,21.08333],[105.94071,21.08925],[105.93454,21.09661],[105.93641,21.10166],[105.93104,21.11104],[105.92143,21.11639],[105.92317,21.12082],[105.9156,21.11896],[105.91277,21.12648],[105.91927,21.12991],[105.91786,21.13205],[105.9219,21.13529],[105.92458,21.13331],[105.92649,21.14161],[105.91953,21.15543],[105.92253,21.16318],[105.91923,21.16328],[105.91686,21.17158],[105.92114,21.17376],[105.92021,21.17834],[105.92368,21.18273],[105.91233,21.19236],[105.90705,21.19247],[105.90765,21.19772],[105.91376,21.2031],[105.90984,21.20682],[105.91553,21.2084],[105.91546,21.21486],[105.91049,21.22454],[105.90512,21.2224],[105.9038,21.22536],[105.90624,21.23204],[105.91954,21.23098],[105.92072,21.23495],[105.93291,21.2417],[105.93351,21.24544],[105.93877,21.24471],[105.92244,21.27242],[105.9232,21.28753],[105.93161,21.29376],[105.91695,21.29474],[105.91734,21.30535],[105.90771,21.30155],[105.89842,21.30628],[105.89742,21.32735],[105.86682,21.32823],[105.86295,21.3378],[105.85824,21.33847],[105.85578,21.34265],[105.85865,21.34583],[105.85232,21.34928],[105.85465,21.35245],[105.8517,21.35745],[105.85813,21.36863],[105.85645,21.376],[105.83957,21.37743],[105.83373,21.37297],[105.81648,21.38305],[105.81275,21.3806],[105.80116,21.38542],[105.79018,21.37792],[105.78582,21.37045],[105.78613,21.35515],[105.78302,21.35387],[105.78532,21.34289],[105.77615,21.33705],[105.7534,21.29545],[105.74306,21.29289],[105.74196,21.28733],[105.73623,21.28674],[105.7327,21.27518],[105.72523,21.27254],[105.72931,21.2694],[105.72444,21.26591],[105.7235,21.25177],[105.7292,21.24876],[105.72499,21.24244],[105.73444,21.24172],[105.73736,21.23571],[105.73243,21.23544],[105.73459,21.23311],[105.72473,21.22472],[105.72208,21.22751],[105.71968,21.22315],[105.71568,21.22448],[105.70989,21.21968],[105.6985,21.21964],[105.69821,21.21354],[105.68273,21.23027],[105.68807,21.23462],[105.68146,21.23467],[105.67637,21.22697],[105.67136,21.23038],[105.67485,21.23597],[105.66885,21.23318],[105.66708,21.23943],[105.66066,21.23485],[105.65239,21.2381],[105.64771,21.23662],[105.6444,21.23383],[105.64522,21.22733],[105.65503,21.22736],[105.65907,21.22313],[105.65813,21.22024],[105.64496,21.21553],[105.6361,21.2175],[105.6392,21.20731],[105.62885,21.21097],[105.62164,21.20606],[105.61522,21.2076],[105.61621,21.20257],[105.62266,21.20048],[105.62145,21.19496],[105.62913,21.18488],[105.62823,21.18065],[105.62421,21.18072],[105.62662,21.1706],[105.62433,21.17368],[105.57514,21.1643],[105.57489,21.16125],[105.57081,21.16037],[105.52831,21.15514],[105.48659,21.16292],[105.46774,21.17798],[105.46635,21.20098],[105.46139,21.20812],[105.45855,21.22584],[105.44636,21.24431],[105.43938,21.28164],[105.42035,21.29536],[105.39196,21.30567],[105.36216,21.28493],[105.35702,21.28973],[105.35235,21.27006],[105.35335,21.2451],[105.33927,21.21004],[105.34377,21.20693],[105.33751,21.2011],[105.32538,21.2034],[105.30276,21.19074],[105.29204,21.17197],[105.28535,21.17188],[105.28596,21.16118],[105.30724,21.13443],[105.32004,21.11143],[105.31685,21.09309],[105.3038,21.07567],[105.29337,21.05266],[105.29753,21.03391],[105.30499,21.02267],[105.31641,21.01365],[105.32205,21.01859],[105.32023,21.02028],[105.3289,21.0241],[105.33137,21.02238],[105.32667,21.01644],[105.32648,21.00875],[105.34777,21.01416],[105.35344,21.00724],[105.37562,21.01505],[105.38748,21.02444],[105.38659,21.01989],[105.39177,21.01494],[105.39362,21.00308],[105.40304,20.99799],[105.41647,20.99855],[105.42152,20.98246],[105.42777,20.98223],[105.44221,20.96431],[105.44432,20.95623],[105.45958,20.94741],[105.47831,20.9489],[105.49039,20.93363],[105.50236,20.93103],[105.51083,20.92317],[105.52222,20.92194],[105.52529,20.91893],[105.53835,20.92782],[105.54588,20.92315],[105.55208,20.92741],[105.56068,20.92467],[105.57102,20.92791],[105.57076,20.93014],[105.57996,20.92875],[105.57965,20.92483],[105.58452,20.92276],[105.57887,20.92083],[105.57908,20.91506],[105.55983,20.90978],[105.55752,20.908],[105.55998,20.90547],[105.55597,20.90563],[105.56338,20.89851],[105.55492,20.88638],[105.55615,20.88371],[105.55269,20.88322],[105.55401,20.87976],[105.55936,20.88085],[105.56358,20.87325],[105.57314,20.8691],[105.57547,20.86401],[105.58541,20.8574],[105.58768,20.84956],[105.58543,20.84488],[105.58812,20.8451],[105.57539,20.82255],[105.56208,20.8227],[105.5592,20.81243],[105.5509,20.80922],[105.55578,20.80605],[105.56429,20.80947],[105.57518,20.80793],[105.58317,20.81183],[105.58368,20.81738],[105.58774,20.8205],[105.58803,20.8313],[105.59472,20.83048],[105.59772,20.83348],[105.59672,20.84183],[105.6029,20.83793],[105.60996,20.83803],[105.61784,20.83045],[105.63666,20.83937],[105.63536,20.83302],[105.6424,20.83107],[105.64119,20.82413],[105.63023,20.82081],[105.63122,20.81712],[105.62594,20.81469],[105.63219,20.81375],[105.63466,20.80058],[105.63065,20.7936],[105.63598,20.79531],[105.6435,20.79252],[105.64591,20.79633],[105.64865,20.79098],[105.65104,20.75421],[105.65769,20.74101],[105.66706,20.73505]]]}},{"type":"Feature","properties":{"id":"12","ma_tinh":"42","ten_tinh":"Hà Tĩnh","sap_nhap":"không sáp nhập","quy_mo":"69 đơn vị (9 phường, 60 xã)","tru_so":"Số 1 Nguyễn Tất Thành, Thành Sen, Hà Tĩnh","loai":"Tỉnh","cap":1,"stt":18,"dtich_km2":5994.85,"dan_so":1623061,"matdo_km2":270.74,"NAME_1":"Hà Tĩnh","GID_1":"42"},"geometry":{"type":"MultiPolygon","coordinates":[[[[105.72975,18.03302],[105.7399,18.03723],[105.75025,18.03401],[105.75635,18.0268],[105.76997,18.02346],[105.77851,18.01716],[105.78839,18.02522],[105.81003,18.02604],[105.80769,18.03169],[105.81661,18.03799],[105.82897,18.03167],[105.83531,18.04111],[105.8279,18.04727],[105.81301,18.05265],[105.82659,18.0632],[105.874,18.06827],[105.8825,18.08272],[105.89527,18.09014],[105.91019,18.08869],[105.91832,18.08072],[105.93232,18.0892],[105.95038,18.06598],[105.95045,18.05826],[105.9633,18.05952],[105.96816,18.05497],[105.97507,18.06213],[105.98575,18.06407],[105.99267,18.05772],[105.99483,18.05104],[106.01579,18.03436],[106.02061,18.02496],[106.02843,18.02249],[106.03974,18.02724],[106.04915,18.02594],[106.0493,18.02074],[106.05312,18.01965],[106.07132,17.99476],[106.06205,17.98484],[106.05874,17.97464],[106.0475,17.96433],[106.04945,17.95821],[106.04564,17.94613],[106.07617,17.93281],[106.11749,17.92786],[106.13112,17.92041],[106.13773,17.92161],[106.13997,17.91866],[106.17189,17.91436],[106.1896,17.92355],[106.2,17.91635],[106.20731,17.9255],[106.22271,17.92976],[106.23602,17.92706],[106.24074,17.93045],[106.26316,17.91381],[106.26867,17.92],[106.28024,17.91575],[106.28194,17.91941],[106.2857,17.91921],[106.28666,17.92602],[106.28084,17.93305],[106.2874,17.94282],[106.29621,17.94528],[106.2977,17.95366],[106.30513,17.96276],[106.32385,17.96276],[106.32862,17.97992],[106.34069,17.99178],[106.34931,17.98889],[106.36096,17.99093],[106.38703,17.98244],[106.40039,17.9817],[106.40941,17.97291],[106.41715,17.97471],[106.4228,17.9695],[106.43588,17.97278],[106.44426,17.96884],[106.44465,17.95178],[106.45021,17.94955],[106.46494,17.95593],[106.47929,17.95325],[106.4955,17.96062],[106.51072,17.95994],[106.50377,17.96408],[106.49383,17.96427],[106.48221,17.9841],[106.48282,17.98928],[106.47678,17.9896],[106.46,18.01098],[106.45262,18.02981],[106.44947,18.03003],[106.44503,18.03825],[106.45265,18.04196],[106.45042,18.05013],[106.44508,18.05139],[106.45253,18.05591],[106.44004,18.05025],[106.43673,18.05657],[106.43835,18.06014],[106.43555,18.05879],[106.43085,18.06313],[106.43716,18.06618],[106.42112,18.09039],[106.42352,18.09623],[106.42071,18.10262],[106.43514,18.12224],[106.42253,18.12104],[106.42012,18.12574],[106.4129,18.12243],[106.4055,18.11158],[106.4087,18.10729],[106.40702,18.09959],[106.38927,18.09971],[106.37989,18.1036],[106.37975,18.10711],[106.37545,18.10429],[106.3639,18.10849],[106.36087,18.10529],[106.35216,18.11664],[106.30435,18.15706],[106.25239,18.21502],[106.24409,18.21771],[106.23537,18.21635],[106.21285,18.23539],[106.20926,18.23354],[106.18537,18.25358],[106.16075,18.26772],[106.12234,18.26647],[106.12293,18.26056],[106.1142,18.2638],[106.1126,18.27076],[106.09835,18.27699],[106.05889,18.30977],[106.01389,18.35867],[105.96349,18.42144],[105.93955,18.46207],[105.93905,18.46538],[105.94353,18.46917],[105.94203,18.472],[105.93109,18.461],[105.92534,18.44579],[105.91909,18.45998],[105.86913,18.52629],[105.8646,18.52804],[105.86448,18.53345],[105.83005,18.59007],[105.81102,18.63173],[105.7967,18.67807],[105.7813,18.74598],[105.77623,18.75995],[105.77085,18.7659],[105.76752,18.76342],[105.77202,18.76387],[105.77514,18.75752],[105.75883,18.76043],[105.74646,18.75269],[105.74165,18.74378],[105.75745,18.70298],[105.7672,18.68712],[105.76817,18.67747],[105.76238,18.67142],[105.75402,18.66857],[105.72876,18.67317],[105.71596,18.66712],[105.70465,18.63556],[105.69017,18.62744],[105.68959,18.59727],[105.68634,18.58795],[105.6801,18.57931],[105.66787,18.57548],[105.65394,18.57915],[105.61916,18.56744],[105.61734,18.57879],[105.60312,18.57493],[105.59943,18.57709],[105.59356,18.5722],[105.58934,18.57285],[105.5837,18.55878],[105.57275,18.55861],[105.56812,18.56187],[105.55256,18.55725],[105.54616,18.55212],[105.53602,18.56115],[105.53089,18.56097],[105.52656,18.57599],[105.51818,18.58419],[105.51821,18.59672],[105.50159,18.61119],[105.47986,18.61393],[105.47448,18.60736],[105.4617,18.60609],[105.4367,18.59663],[105.43085,18.58723],[105.42396,18.58954],[105.42079,18.58723],[105.41836,18.59087],[105.40952,18.58434],[105.40638,18.58671],[105.39877,18.58345],[105.39724,18.57981],[105.37685,18.5785],[105.36021,18.58122],[105.35468,18.58614],[105.33863,18.59026],[105.33027,18.60182],[105.30508,18.60713],[105.29565,18.62194],[105.28808,18.61959],[105.2821,18.6238],[105.26192,18.61785],[105.24706,18.60848],[105.23413,18.59741],[105.23186,18.5896],[105.22808,18.58776],[105.21819,18.59777],[105.19678,18.60171],[105.19098,18.59962],[105.15964,18.61329],[105.15551,18.60648],[105.15019,18.6056],[105.14339,18.59718],[105.13958,18.59783],[105.13446,18.59098],[105.13862,18.58383],[105.13559,18.58207],[105.13392,18.57034],[105.1401,18.56195],[105.12947,18.55695],[105.12959,18.54881],[105.11603,18.53912],[105.11549,18.5279],[105.11984,18.52276],[105.11097,18.51206],[105.10987,18.50309],[105.11311,18.49673],[105.11068,18.49376],[105.11393,18.49178],[105.10741,18.47623],[105.10899,18.4657],[105.10488,18.46043],[105.10864,18.45555],[105.10389,18.44729],[105.11034,18.43461],[105.11873,18.43278],[105.12079,18.41947],[105.13008,18.41538],[105.14032,18.41987],[105.13801,18.40844],[105.14723,18.4039],[105.14554,18.40075],[105.15045,18.38895],[105.16298,18.38681],[105.17125,18.39254],[105.18448,18.38675],[105.17843,18.37086],[105.18574,18.36071],[105.19018,18.34649],[105.18446,18.32506],[105.19365,18.31828],[105.20841,18.31446],[105.21781,18.30316],[105.23118,18.30304],[105.24314,18.2962],[105.25808,18.26973],[105.2566,18.25897],[105.27116,18.25988],[105.27744,18.25392],[105.28189,18.26083],[105.28767,18.25879],[105.28838,18.25486],[105.29928,18.255],[105.29548,18.2452],[105.29985,18.23552],[105.31072,18.26613],[105.32859,18.26451],[105.33149,18.25244],[105.3232,18.22834],[105.32584,18.20936],[105.31991,18.20054],[105.3292,18.19157],[105.33772,18.19127],[105.33616,18.18231],[105.35197,18.18401],[105.36741,18.16094],[105.37643,18.16045],[105.37656,18.16585],[105.3837,18.17016],[105.39214,18.15945],[105.40385,18.15969],[105.40962,18.15346],[105.41522,18.16545],[105.41432,18.17277],[105.42077,18.18348],[105.42662,18.18342],[105.43175,18.17926],[105.43928,18.18163],[105.44674,18.19431],[105.4471,18.19943],[105.44239,18.20134],[105.44309,18.20423],[105.45229,18.20486],[105.45444,18.20201],[105.45972,18.20515],[105.48058,18.19593],[105.49162,18.20272],[105.49316,18.19731],[105.48634,18.18347],[105.48853,18.17682],[105.49347,18.17659],[105.49861,18.1886],[105.50184,18.18828],[105.51289,18.14987],[105.50356,18.14061],[105.50677,18.13511],[105.50343,18.13349],[105.50365,18.12862],[105.51132,18.11941],[105.51354,18.12453],[105.52169,18.12635],[105.53566,18.11392],[105.53972,18.10513],[105.54027,18.08249],[105.55544,18.08024],[105.56876,18.08609],[105.57112,18.08407],[105.57679,18.0696],[105.57265,18.06678],[105.57319,18.06345],[105.58074,18.0621],[105.58231,18.04838],[105.5858,18.04328],[105.57957,18.02685],[105.58405,18.02002],[105.58131,18.01406],[105.59391,18.00897],[105.59571,18.00327],[105.59864,18.00213],[105.60447,18.00939],[105.61316,18.01185],[105.62188,17.99984],[105.63313,17.99186],[105.70589,17.99241],[105.71492,18.00427],[105.72222,18.00791],[105.72004,18.02028],[105.72975,18.03302]]],[[[106.46387,18.10187],[106.46318,18.10703],[106.45179,18.10027],[106.46387,18.10187]]],[[[106.48845,18.11713],[106.48758,18.1168],[106.48811,18.11641],[106.48845,18.11713]]],[[[106.48894,18.11757],[106.48875,18.11658],[106.48992,18.11713],[106.48894,18.11757]]],[[[106.14538,18.26823],[106.14528,18.26779],[106.14556,18.26794],[106.14538,18.26823]]],[[[106.15502,18.26873],[106.15468,18.26962],[106.15462,18.26949],[106.15502,18.26873]]],[[[106.11599,18.2818],[106.11532,18.28158],[106.11792,18.27941],[106.11599,18.2818]]],[[[106.12102,18.28178],[106.12052,18.2806],[106.12201,18.28054],[106.12102,18.28178]]],[[[106.16938,18.3086],[106.17023,18.3086],[106.17027,18.30871],[106.16938,18.3086]]],[[[106.16548,18.30986],[106.16495,18.31187],[106.16416,18.31058],[106.16548,18.30986]]]]}},{"type":"Feature","properties":{"id":"13","ma_tinh":"31","ten_tinh":"Hải Phòng","sap_nhap":"Hải Dương, Hải Phòng","quy_mo":"114 đơn vị (45 phường, 67 xã và 2 đặc khu: Cát Hải và Bạch Long Vĩ)","tru_so":"Số 18 Hoàng Diệu, Thủy Nguyên, Hải Phòng","loai":"Thành phố","cap":1,"stt":4,"dtich_km2":3194.73,"dan_so":4664124,"matdo_km2":1459.94,"NAME_1":"Hải Phòng","GID_1":"31"},"geometry":{"type":"MultiPolygon","coordinates":[[[[106.43909,20.66132],[106.45516,20.63889],[106.45035,20.62016],[106.46548,20.61428],[106.47237,20.59797],[106.48233,20.59951],[106.49357,20.61669],[106.51359,20.61258],[106.51938,20.60245],[106.52998,20.60292],[106.5403,20.60879],[106.54136,20.62187],[106.54641,20.62676],[106.55885,20.62655],[106.56873,20.61963],[106.58516,20.62711],[106.59301,20.63641],[106.60048,20.63941],[106.61247,20.6266],[106.62106,20.62494],[106.63562,20.62756],[106.66652,20.61222],[106.67201,20.61367],[106.67325,20.619],[106.66575,20.63077],[106.67346,20.6192],[106.67387,20.61451],[106.67643,20.6143],[106.68345,20.62017],[106.6805,20.62799],[106.68365,20.62525],[106.69358,20.63086],[106.68409,20.64073],[106.68556,20.64149],[106.69431,20.63254],[106.68929,20.64398],[106.68948,20.64409],[106.69233,20.64042],[106.69464,20.63523],[106.69662,20.63472],[106.69886,20.63995],[106.7021,20.64024],[106.69491,20.64849],[106.70206,20.6411],[106.70594,20.64578],[106.69548,20.6565],[106.70559,20.65204],[106.70611,20.65021],[106.71007,20.65498],[106.70567,20.67178],[106.70152,20.67713],[106.69943,20.67565],[106.70125,20.6775],[106.69836,20.68181],[106.69446,20.68065],[106.70099,20.68665],[106.7169,20.67756],[106.72692,20.67649],[106.73427,20.67951],[106.74357,20.692],[106.75305,20.69821],[106.74951,20.70717],[106.75568,20.69898],[106.76131,20.69967],[106.7652,20.70893],[106.76842,20.70788],[106.76738,20.71517],[106.77261,20.7068],[106.76588,20.7036],[106.76548,20.69696],[106.75741,20.69762],[106.75768,20.68695],[106.76687,20.68079],[106.77637,20.68278],[106.78422,20.68785],[106.78128,20.69634],[106.78458,20.69995],[106.78504,20.6962],[106.79178,20.69416],[106.7866,20.69288],[106.78691,20.68858],[106.79002,20.68988],[106.79693,20.67798],[106.8009,20.68082],[106.80397,20.67876],[106.79948,20.67658],[106.80027,20.67359],[106.805,20.67144],[106.81033,20.67328],[106.80373,20.68442],[106.79648,20.68419],[106.79814,20.69526],[106.79107,20.70124],[106.8012,20.72308],[106.79612,20.72086],[106.79851,20.72437],[106.78677,20.73261],[106.78624,20.73947],[106.77872,20.74743],[106.77451,20.7665],[106.76647,20.77408],[106.75831,20.77462],[106.75823,20.77742],[106.7704,20.78481],[106.77476,20.78413],[106.77538,20.78781],[106.7777,20.78735],[106.77639,20.79307],[106.80188,20.79453],[106.80209,20.78687],[106.81427,20.7851],[106.81513,20.80614],[106.82855,20.80649],[106.83254,20.81176],[106.84633,20.80526],[106.84822,20.79566],[106.85852,20.78623],[106.87731,20.78669],[106.87717,20.79525],[106.88576,20.79368],[106.89964,20.79875],[106.90043,20.79205],[106.90441,20.79126],[106.90985,20.79687],[106.90207,20.80693],[106.8985,20.80454],[106.89328,20.80756],[106.89494,20.81411],[106.88133,20.81684],[106.88011,20.82281],[106.86572,20.83555],[106.85695,20.83554],[106.85407,20.82944],[106.84901,20.82815],[106.84943,20.82209],[106.83592,20.81439],[106.82464,20.82992],[106.79391,20.83181],[106.76615,20.84843],[106.75664,20.86553],[106.75286,20.88126],[106.7705,20.914],[106.76989,20.9596],[106.76623,20.97962],[106.75143,20.99388],[106.7404,20.99799],[106.72343,20.99683],[106.70669,20.99966],[106.65228,21.01944],[106.64542,21.01865],[106.63785,21.01217],[106.62497,21.01186],[106.6109,21.0208],[106.60458,21.03623],[106.57544,21.05731],[106.5684,21.05306],[106.56087,21.05621],[106.55437,21.05272],[106.54463,21.05453],[106.53288,21.04762],[106.52532,21.05042],[106.52362,21.04573],[106.51969,21.04814],[106.51604,21.04619],[106.51977,21.05355],[106.5167,21.05513],[106.51729,21.06008],[106.50342,21.05653],[106.48583,21.06832],[106.47542,21.06963],[106.45683,21.06505],[106.45455,21.06979],[106.44741,21.06994],[106.44634,21.07516],[106.44057,21.07975],[106.45068,21.0952],[106.43892,21.10695],[106.44233,21.11102],[106.44111,21.11729],[106.45587,21.11744],[106.45796,21.11982],[106.46009,21.11582],[106.47193,21.11852],[106.48438,21.1308],[106.48191,21.13383],[106.48455,21.13756],[106.48374,21.14524],[106.47861,21.14512],[106.47909,21.14952],[106.483,21.16037],[106.48852,21.16583],[106.48641,21.17294],[106.48951,21.18036],[106.49659,21.1848],[106.4941,21.19883],[106.50145,21.20235],[106.49802,21.2112],[106.502,21.22373],[106.49054,21.22976],[106.48893,21.23738],[106.48683,21.22874],[106.47432,21.23018],[106.46628,21.22617],[106.45543,21.23283],[106.43701,21.22825],[106.42412,21.23114],[106.42248,21.22367],[106.41621,21.2219],[106.41274,21.20748],[106.39971,21.20213],[106.39388,21.2029],[106.38885,21.19762],[106.37459,21.19579],[106.37405,21.18667],[106.36448,21.17841],[106.36556,21.17356],[106.35287,21.17106],[106.34718,21.17348],[106.34512,21.16495],[106.34051,21.17282],[106.33205,21.17484],[106.3308,21.18133],[106.3227,21.18409],[106.324,21.19222],[106.3119,21.19218],[106.30954,21.18049],[106.32094,21.15868],[106.32255,21.14841],[106.31555,21.13323],[106.29939,21.12218],[106.29536,21.1075],[106.30218,21.08731],[106.30282,21.07317],[106.30984,21.05754],[106.29464,21.04081],[106.29468,21.02064],[106.27568,21.00544],[106.27313,20.99143],[106.26635,20.98788],[106.24666,20.99771],[106.2447,20.99143],[106.2206,20.99581],[106.22092,20.98979],[106.19324,20.97939],[106.18742,20.98105],[106.16751,20.96935],[106.16309,20.97561],[106.16957,20.98479],[106.16842,20.9875],[106.16003,20.9903],[106.15096,20.98846],[106.13773,21.00133],[106.1319,20.99925],[106.12743,20.98368],[106.13815,20.97506],[106.13362,20.96952],[106.13509,20.96031],[106.14547,20.95824],[106.15021,20.96048],[106.15087,20.95628],[106.15896,20.95137],[106.15059,20.94473],[106.15205,20.93371],[106.14823,20.92908],[106.14991,20.92452],[106.1548,20.92378],[106.15527,20.91725],[106.145,20.91365],[106.14226,20.90705],[106.13634,20.90367],[106.13874,20.8939],[106.14731,20.88867],[106.14194,20.85837],[106.13684,20.85026],[106.12609,20.84783],[106.12916,20.84544],[106.12937,20.83821],[106.12428,20.8329],[106.12535,20.82883],[106.13056,20.82914],[106.13954,20.82068],[106.13827,20.81002],[106.13118,20.80687],[106.14204,20.79788],[106.1481,20.78535],[106.15706,20.77976],[106.16589,20.78474],[106.17203,20.77682],[106.17582,20.77678],[106.17443,20.77219],[106.18128,20.76321],[106.19264,20.76582],[106.20334,20.75214],[106.21527,20.75034],[106.21869,20.73276],[106.2119,20.73007],[106.22416,20.71738],[106.22788,20.70493],[106.24396,20.69575],[106.24889,20.68629],[106.25788,20.68783],[106.26919,20.68418],[106.26783,20.68767],[106.25504,20.68958],[106.24937,20.69487],[106.25166,20.69903],[106.26313,20.70432],[106.27544,20.69291],[106.28856,20.69472],[106.28312,20.70397],[106.28535,20.71139],[106.29406,20.70685],[106.29332,20.69664],[106.3014,20.68991],[106.33678,20.71141],[106.34126,20.71019],[106.34706,20.70195],[106.35942,20.70135],[106.37255,20.71011],[106.38275,20.7117],[106.40375,20.7289],[106.40744,20.72831],[106.40896,20.72226],[106.41708,20.7169],[106.41605,20.71304],[106.41228,20.71235],[106.41398,20.70645],[106.40065,20.68825],[106.40791,20.68604],[106.42567,20.66918],[106.43909,20.66132]],[[106.79226,20.69411],[106.79372,20.69133],[106.79213,20.68812],[106.79074,20.69052],[106.79226,20.69411]]],[[[106.12717,20.9835],[106.12717,20.98351],[106.12715,20.98346],[106.12717,20.9835]]],[[[106.12718,20.98352],[106.12717,20.9835],[106.1272,20.9835],[106.12718,20.98352]]],[[[106.81336,20.66681],[106.81728,20.66536],[106.81833,20.66783],[106.81336,20.66681]]],[[[107.0073,20.72499],[107.01055,20.72325],[107.01087,20.7235],[107.0106,20.72444],[107.0073,20.72499]]],[[[107.00393,20.73275],[107.00435,20.73266],[107.00463,20.73355],[107.00393,20.73275]]],[[[106.95657,20.8735],[106.95147,20.87834],[106.95183,20.86747],[106.9426,20.86505],[106.94415,20.86108],[106.94997,20.86195],[106.95193,20.85629],[106.95049,20.85046],[106.94685,20.8466],[106.94875,20.8437],[106.94712,20.83389],[106.94309,20.83121],[106.93415,20.83018],[106.92887,20.82598],[106.91982,20.825],[106.91271,20.81885],[106.92145,20.80563],[106.91642,20.80024],[106.95296,20.7938],[106.96276,20.77692],[106.96796,20.77803],[106.96789,20.77362],[106.97164,20.77253],[106.96963,20.76883],[106.97508,20.76624],[106.9763,20.75791],[106.97137,20.75738],[106.96922,20.76051],[106.96593,20.75868],[106.97353,20.75498],[106.97371,20.75104],[106.98401,20.749],[106.98056,20.7473],[106.98415,20.74342],[106.98685,20.74598],[106.98784,20.73741],[106.98971,20.7403],[106.99281,20.73803],[106.99031,20.74413],[106.99384,20.74503],[106.99896,20.72803],[106.99985,20.72801],[107.00132,20.73111],[106.99653,20.73926],[106.99994,20.74125],[106.99587,20.74627],[107.00089,20.75071],[107.0066,20.7498],[107.00903,20.7444],[107.01661,20.74767],[107.02023,20.74192],[107.01644,20.74364],[107.0109,20.74048],[107.01885,20.73777],[107.03241,20.7205],[107.03502,20.72042],[107.03568,20.72466],[107.03087,20.73167],[107.04032,20.72809],[107.04212,20.7223],[107.04799,20.72523],[107.05069,20.72027],[107.04407,20.7152],[107.04662,20.71203],[107.0492,20.71521],[107.05313,20.71432],[107.0529,20.71816],[107.05964,20.71814],[107.05989,20.73901],[107.05477,20.74412],[107.04815,20.74154],[107.05239,20.74814],[107.05075,20.74304],[107.05478,20.74436],[107.05573,20.74831],[107.0654,20.74538],[107.06426,20.74286],[107.06837,20.73884],[107.06339,20.73768],[107.07047,20.73777],[107.07262,20.74041],[107.07005,20.74397],[107.07178,20.74582],[107.04363,20.75897],[107.03333,20.77279],[107.03249,20.78697],[107.03683,20.78405],[107.03501,20.7795],[107.04308,20.7753],[107.0362,20.77706],[107.03897,20.77148],[107.04205,20.77147],[107.04203,20.76599],[107.04557,20.76761],[107.04355,20.76499],[107.04585,20.76216],[107.04694,20.766],[107.04926,20.76223],[107.05201,20.76632],[107.05769,20.76657],[107.05388,20.77156],[107.05456,20.76753],[107.04791,20.77229],[107.04429,20.76902],[107.04266,20.77296],[107.05205,20.77393],[107.04952,20.77863],[107.05279,20.77449],[107.05798,20.77528],[107.06243,20.78172],[107.06283,20.77812],[107.06797,20.77955],[107.06357,20.77554],[107.06529,20.77378],[107.07393,20.77814],[107.07007,20.78012],[107.07511,20.77941],[107.07292,20.78228],[107.06476,20.78017],[107.06491,20.78324],[107.05631,20.7786],[107.05675,20.78523],[107.07283,20.78259],[107.075,20.78524],[107.06843,20.79348],[107.06168,20.7928],[107.06599,20.79379],[107.06311,20.79695],[107.06563,20.79883],[107.05406,20.81189],[107.05611,20.81373],[107.05144,20.81768],[107.05399,20.82051],[107.05695,20.81963],[107.05669,20.81382],[107.05911,20.81353],[107.05906,20.81684],[107.06323,20.81497],[107.06323,20.80695],[107.06671,20.80378],[107.06448,20.8029],[107.07275,20.7891],[107.07494,20.79204],[107.07455,20.78762],[107.08034,20.7794],[107.07848,20.78254],[107.08172,20.78185],[107.08118,20.78628],[107.07664,20.78932],[107.08363,20.78616],[107.08513,20.78984],[107.08534,20.78477],[107.08251,20.78414],[107.08577,20.78224],[107.08298,20.78111],[107.0849,20.7774],[107.09,20.77958],[107.0935,20.7759],[107.09228,20.77977],[107.09594,20.77733],[107.09695,20.78118],[107.10089,20.77757],[107.10174,20.77982],[107.09489,20.78542],[107.09739,20.78808],[107.09435,20.78852],[107.09438,20.79558],[107.09216,20.7938],[107.08278,20.79775],[107.08406,20.80064],[107.08046,20.80077],[107.07786,20.80542],[107.08016,20.80663],[107.08359,20.80135],[107.09051,20.80531],[107.0915,20.80272],[107.08817,20.80192],[107.0909,20.8003],[107.08832,20.79968],[107.09683,20.79581],[107.09726,20.79227],[107.10006,20.79647],[107.10165,20.79303],[107.10607,20.7953],[107.1083,20.7867],[107.10907,20.79797],[107.10583,20.80408],[107.1027,20.80717],[107.10064,20.80393],[107.10398,20.80558],[107.10339,20.80065],[107.10133,20.80334],[107.09792,20.80027],[107.09845,20.80633],[107.09943,20.80718],[107.10149,20.80661],[107.0959,20.81009],[107.09208,20.80705],[107.09026,20.81696],[107.07939,20.81848],[107.07961,20.82032],[107.08231,20.8214],[107.07715,20.82123],[107.0767,20.8242],[107.07187,20.82128],[107.07349,20.81957],[107.0694,20.81411],[107.07091,20.8103],[107.06512,20.81243],[107.06962,20.81682],[107.0669,20.82067],[107.06344,20.82181],[107.06573,20.81732],[107.06016,20.81682],[107.05859,20.82036],[107.06274,20.82272],[107.05718,20.82165],[107.06115,20.82613],[107.05653,20.829],[107.06085,20.83006],[107.0605,20.83306],[107.05437,20.83146],[107.0545,20.82842],[107.0498,20.82541],[107.05003,20.8352],[107.04623,20.83064],[107.04739,20.82428],[107.05213,20.82176],[107.05492,20.82539],[107.05532,20.82296],[107.04713,20.81846],[107.05233,20.81283],[107.04728,20.81396],[107.04119,20.82752],[107.0444,20.83068],[107.04675,20.84849],[107.04057,20.84961],[107.03933,20.8551],[107.03665,20.85376],[107.03758,20.85949],[107.0349,20.86209],[107.03134,20.85968],[107.02794,20.86245],[107.0275,20.85984],[107.02451,20.86257],[107.02431,20.85637],[107.02252,20.86227],[107.01791,20.86177],[107.0201,20.85865],[107.0155,20.8619],[107.01128,20.85958],[107.00796,20.86143],[107.01367,20.85461],[107.0082,20.85496],[107.00797,20.85134],[107.01325,20.84701],[107.01061,20.84525],[107.01601,20.83925],[107.01037,20.84103],[107.00594,20.85239],[107.00127,20.84504],[107.0044,20.85606],[106.9944,20.86179],[106.99043,20.86001],[106.99645,20.85576],[106.98871,20.85926],[106.9851,20.85775],[106.98675,20.85167],[106.98413,20.84709],[106.97941,20.84674],[106.98377,20.85609],[106.98239,20.85935],[106.97606,20.85121],[106.97166,20.85631],[106.96046,20.85528],[106.96205,20.85022],[106.95969,20.84799],[106.95961,20.85552],[106.95569,20.85479],[106.95456,20.85799],[106.95657,20.8735]]],[[[106.93323,20.84451],[106.92837,20.84947],[106.92224,20.84691],[106.90837,20.82693],[106.90933,20.82269],[106.91355,20.82065],[106.9201,20.82628],[106.93093,20.82825],[106.92613,20.84214],[106.93139,20.83009],[106.93545,20.83291],[106.94179,20.83128],[106.9466,20.83499],[106.94498,20.84402],[106.93859,20.84646],[106.93323,20.84451]]],[[[106.94459,20.84567],[106.94667,20.846],[106.94405,20.85023],[106.94459,20.84567]]],[[[106.93969,20.8532],[106.9358,20.85336],[106.9412,20.84661],[106.93969,20.8532]]],[[[106.94965,20.85081],[106.9474,20.85204],[106.9475,20.85049],[106.94965,20.85081]]],[[[106.94294,20.85242],[106.9455,20.85007],[106.94555,20.85026],[106.94294,20.85242]]],[[[106.94209,20.85184],[106.9422,20.85175],[106.94188,20.85257],[106.94209,20.85184]]],[[[106.94822,20.85315],[106.94847,20.85309],[106.94854,20.8532],[106.94822,20.85315]]],[[[106.94781,20.85373],[106.94757,20.85472],[106.94713,20.85376],[106.94781,20.85373]]],[[[106.94968,20.85635],[106.95001,20.85641],[106.94979,20.85673],[106.94968,20.85635]]],[[[106.94776,20.85593],[106.94674,20.858],[106.9464,20.85644],[106.94776,20.85593]]],[[[106.94958,20.8596],[106.94894,20.85857],[106.94938,20.85851],[106.94958,20.8596]]],[[[106.94617,20.85931],[106.94661,20.85988],[106.94603,20.86026],[106.94617,20.85931]]],[[[107.00443,20.85975],[107.00018,20.86223],[107.00039,20.86091],[107.00443,20.85975]]],[[[106.96053,20.86298],[106.95634,20.86516],[106.95592,20.85871],[106.95979,20.85816],[106.96053,20.86298]]],[[[106.9829,20.86362],[106.98742,20.86481],[106.98753,20.86599],[106.9829,20.86362]]],[[[106.93756,20.86407],[106.93887,20.86866],[106.93707,20.86802],[106.93756,20.86407]]],[[[106.95872,20.87791],[106.96508,20.8698],[106.96302,20.86986],[106.96447,20.86542],[106.96022,20.86402],[106.96329,20.85968],[106.96668,20.85861],[106.96968,20.8635],[106.97136,20.86013],[106.97647,20.86274],[106.97412,20.8659],[106.97627,20.87099],[106.97224,20.86832],[106.97224,20.87201],[106.96524,20.87135],[106.96585,20.87519],[106.95872,20.87791]]],[[[106.95893,20.8679],[106.95806,20.87187],[106.95782,20.86533],[106.95893,20.8679]]],[[[106.95,20.86841],[106.94927,20.86969],[106.94887,20.86918],[106.95,20.86841]]],[[[106.97995,20.86823],[106.97882,20.87076],[106.97821,20.8705],[106.97995,20.86823]]],[[[106.94282,20.87264],[106.94032,20.87025],[106.94477,20.86684],[106.94282,20.87264]]],[[[106.94655,20.87426],[106.94422,20.86999],[106.94663,20.86989],[106.94655,20.87426]]],[[[106.94484,20.87678],[106.94481,20.87734],[106.94443,20.87746],[106.94484,20.87678]]],[[[106.94997,20.87679],[106.94783,20.87898],[106.94756,20.87843],[106.94997,20.87679]]],[[[106.94737,20.87949],[106.94772,20.87918],[106.94794,20.8798],[106.94737,20.87949]]],[[[107.04637,20.69147],[107.04631,20.6911],[107.04705,20.69152],[107.04637,20.69147]]],[[[107.0447,20.69411],[107.04422,20.694],[107.04578,20.6933],[107.0447,20.69411]]],[[[107.04375,20.70443],[107.0457,20.70316],[107.04544,20.70359],[107.04375,20.70443]]],[[[107.04621,20.70702],[107.04492,20.70667],[107.04693,20.70585],[107.04621,20.70702]]],[[[107.03578,20.71028],[107.03672,20.70704],[107.0429,20.70277],[107.04151,20.7061],[107.03578,20.71028]]],[[[107.02298,20.70581],[107.0226,20.708],[107.02102,20.70691],[107.02298,20.70581]]],[[[107.02776,20.70778],[107.02731,20.70761],[107.02783,20.70692],[107.02776,20.70778]]],[[[107.04067,20.70708],[107.04176,20.70714],[107.04137,20.70777],[107.04067,20.70708]]],[[[107.03956,20.70802],[107.04001,20.7082],[107.0399,20.70844],[107.03956,20.70802]]],[[[107.0272,20.71023],[107.02622,20.71089],[107.02793,20.70789],[107.0272,20.71023]]],[[[107.04683,20.71144],[107.04622,20.71158],[107.04615,20.71027],[107.04683,20.71144]]],[[[107.04345,20.71183],[107.04372,20.7116],[107.04381,20.71199],[107.04345,20.71183]]],[[[107.05363,20.71085],[107.05121,20.71348],[107.05116,20.712],[107.05363,20.71085]]],[[[107.0216,20.71587],[107.01699,20.71498],[107.01861,20.71015],[107.02463,20.70887],[107.0216,20.71587]]],[[[107.01759,20.71754],[107.01592,20.71673],[107.01645,20.71632],[107.01759,20.71754]]],[[[107.0574,20.71704],[107.05791,20.71694],[107.05801,20.71757],[107.0574,20.71704]]],[[[107.02944,20.72064],[107.02714,20.71968],[107.02998,20.71812],[107.02944,20.72064]]],[[[107.0106,20.72238],[107.01234,20.71859],[107.01514,20.71842],[107.0106,20.72238]]],[[[107.03788,20.72672],[107.03706,20.72798],[107.03704,20.72784],[107.03788,20.72672]]],[[[107.01881,20.73443],[107.01423,20.73175],[107.02423,20.72275],[107.0242,20.72717],[107.01881,20.73443]]],[[[107.06247,20.73617],[107.06147,20.73754],[107.06108,20.73714],[107.06247,20.73617]]],[[[107.06236,20.73906],[107.06262,20.73924],[107.06182,20.74007],[107.06236,20.73906]]],[[[107.05905,20.74202],[107.05884,20.74197],[107.05952,20.74052],[107.05905,20.74202]]],[[[107.06116,20.74129],[107.0614,20.7412],[107.06166,20.74153],[107.06116,20.74129]]],[[[107.05925,20.74428],[107.05883,20.74255],[107.06364,20.7425],[107.05925,20.74428]]],[[[107.05934,20.74538],[107.05988,20.7455],[107.05939,20.74604],[107.05934,20.74538]]],[[[107.06062,20.75426],[107.06043,20.75389],[107.06079,20.75375],[107.06062,20.75426]]],[[[107.05954,20.75511],[107.0585,20.75476],[107.05913,20.75448],[107.05954,20.75511]]],[[[107.05691,20.76018],[107.05426,20.7593],[107.05607,20.75477],[107.06241,20.756],[107.05576,20.75842],[107.05691,20.76018]]],[[[107.04945,20.75747],[107.0488,20.75832],[107.04832,20.75775],[107.04945,20.75747]]],[[[107.05324,20.75879],[107.05365,20.75875],[107.05346,20.75899],[107.05324,20.75879]]],[[[107.0528,20.75903],[107.05314,20.75906],[107.05307,20.75917],[107.0528,20.75903]]],[[[107.05228,20.75937],[107.0523,20.75994],[107.04984,20.75923],[107.05228,20.75937]]],[[[107.05401,20.76041],[107.05243,20.76229],[107.05145,20.76209],[107.05125,20.76075],[107.05401,20.76041]]],[[[107.05578,20.76294],[107.05679,20.76076],[107.06082,20.76304],[107.05578,20.76294]]],[[[107.05175,20.765],[107.05059,20.7633],[107.05424,20.76366],[107.05175,20.765]]],[[[107.06188,20.76445],[107.06164,20.76444],[107.06167,20.76411],[107.06188,20.76445]]],[[[107.05811,20.76631],[107.05872,20.76608],[107.05876,20.76653],[107.05811,20.76631]]],[[[107.05674,20.77143],[107.05681,20.77063],[107.05761,20.77092],[107.05674,20.77143]]],[[[107.05815,20.77328],[107.0584,20.77427],[107.05786,20.77446],[107.05815,20.77328]]],[[[107.06253,20.77525],[107.0631,20.77584],[107.06088,20.77683],[107.06253,20.77525]]],[[[107.06213,20.8106],[107.06102,20.8135],[107.06024,20.81216],[107.06213,20.8106]]],[[[107.05852,20.81231],[107.0587,20.81222],[107.05868,20.81256],[107.05852,20.81231]]],[[[107.05827,20.81288],[107.0581,20.81341],[107.0574,20.81318],[107.05827,20.81288]]],[[[107.06256,20.82696],[107.06192,20.82883],[107.06081,20.82853],[107.06256,20.82696]]],[[[107.0511,20.83107],[107.05012,20.83064],[107.05225,20.82862],[107.0511,20.83107]]],[[[107.05856,20.83781],[107.05829,20.83796],[107.05831,20.83739],[107.05856,20.83781]]],[[[107.05198,20.84],[107.05021,20.84352],[107.04942,20.84391],[107.04971,20.83861],[107.05198,20.84]]],[[[107.06949,20.69555],[107.06995,20.69555],[107.06911,20.69673],[107.06949,20.69555]]],[[[107.0675,20.69566],[107.0682,20.69795],[107.06763,20.6978],[107.0675,20.69566]]],[[[107.07326,20.70117],[107.07348,20.7007],[107.07459,20.70067],[107.07326,20.70117]]],[[[107.07428,20.70451],[107.07334,20.70207],[107.07699,20.70282],[107.07428,20.70451]]],[[[107.07296,20.70397],[107.07394,20.70434],[107.07352,20.70487],[107.07296,20.70397]]],[[[107.06282,20.70742],[107.06422,20.7079],[107.06397,20.70805],[107.06282,20.70742]]],[[[107.06744,20.70869],[107.06753,20.70804],[107.06843,20.70779],[107.06744,20.70869]]],[[[107.06515,20.71586],[107.06378,20.71226],[107.06799,20.71102],[107.06515,20.71586]]],[[[107.07242,20.71873],[107.07312,20.72036],[107.07161,20.71995],[107.07242,20.71873]]],[[[107.06663,20.721],[107.06418,20.72185],[107.06327,20.72371],[107.06374,20.71823],[107.06663,20.721]]],[[[107.06487,20.72397],[107.06548,20.72398],[107.06532,20.72448],[107.06487,20.72397]]],[[[107.06254,20.72509],[107.06223,20.7246],[107.06312,20.7241],[107.06254,20.72509]]],[[[107.07049,20.7259],[107.06894,20.72694],[107.0688,20.72473],[107.07049,20.7259]]],[[[107.06917,20.72941],[107.0679,20.73173],[107.06765,20.73159],[107.06917,20.72941]]],[[[107.06758,20.73558],[107.06538,20.73224],[107.06305,20.73446],[107.06223,20.72697],[107.06767,20.72649],[107.06625,20.73223],[107.06828,20.73481],[107.06758,20.73558]]],[[[107.06914,20.73437],[107.06818,20.73296],[107.06857,20.73275],[107.06914,20.73437]]],[[[107.07692,20.74149],[107.07457,20.74347],[107.07802,20.73954],[107.07692,20.74149]]],[[[107.07302,20.74471],[107.07076,20.74449],[107.07227,20.74322],[107.07302,20.74471]]],[[[107.0733,20.75839],[107.07026,20.75647],[107.07201,20.75268],[107.07646,20.75105],[107.0786,20.75426],[107.07862,20.74873],[107.08305,20.74801],[107.0797,20.74919],[107.08188,20.75256],[107.07792,20.75669],[107.07443,20.75452],[107.0733,20.75839]]],[[[107.06271,20.75528],[107.06187,20.75402],[107.06283,20.75359],[107.06271,20.75528]]],[[[107.06376,20.75553],[107.06448,20.75577],[107.06432,20.75643],[107.06376,20.75553]]],[[[107.06417,20.75663],[107.06286,20.75757],[107.06285,20.75666],[107.06417,20.75663]]],[[[107.07434,20.75655],[107.07538,20.75702],[107.07474,20.75757],[107.07434,20.75655]]],[[[107.06004,20.76094],[107.06977,20.75687],[107.0652,20.76006],[107.07088,20.76059],[107.06004,20.76094]]],[[[107.07367,20.76059],[107.07341,20.76053],[107.0748,20.76039],[107.07367,20.76059]]],[[[107.07701,20.76221],[107.0761,20.7621],[107.0765,20.76141],[107.07701,20.76221]]],[[[107.07142,20.76234],[107.07159,20.76237],[107.0713,20.76293],[107.07142,20.76234]]],[[[107.07191,20.76272],[107.074,20.76229],[107.07376,20.76367],[107.07191,20.76272]]],[[[107.07708,20.76405],[107.07561,20.76428],[107.07868,20.76206],[107.07708,20.76405]]],[[[107.06388,20.76437],[107.06349,20.76419],[107.06559,20.76397],[107.06388,20.76437]]],[[[107.0693,20.76589],[107.06969,20.76564],[107.06931,20.76678],[107.0693,20.76589]]],[[[107.07359,20.76553],[107.07446,20.76375],[107.07514,20.7658],[107.08176,20.76787],[107.08,20.76854],[107.07359,20.76553]]],[[[107.06452,20.76695],[107.06532,20.76714],[107.0646,20.76804],[107.06452,20.76695]]],[[[107.06129,20.77487],[107.06573,20.76891],[107.06655,20.76981],[107.06129,20.77487]]],[[[107.07167,20.77148],[107.0702,20.77419],[107.068,20.77485],[107.06724,20.7707],[107.07167,20.77148]]],[[[107.07456,20.77542],[107.07187,20.77232],[107.07593,20.76992],[107.0741,20.77171],[107.07456,20.77542]]],[[[107.07563,20.77501],[107.07644,20.77327],[107.07825,20.77284],[107.07812,20.77332],[107.07563,20.77501]]],[[[107.07629,20.77572],[107.07579,20.77692],[107.07546,20.7767],[107.07629,20.77572]]],[[[107.07233,20.81942],[107.0728,20.81949],[107.07238,20.82011],[107.07233,20.81942]]],[[[107.0701,20.82116],[107.07047,20.821],[107.07057,20.82129],[107.0701,20.82116]]],[[[107.06981,20.82137],[107.07001,20.8214],[107.06987,20.82187],[107.06981,20.82137]]],[[[107.07158,20.82369],[107.07041,20.8244],[107.06928,20.82269],[107.07158,20.82369]]],[[[107.07493,20.82626],[107.07163,20.82781],[107.06523,20.82553],[107.06702,20.82233],[107.07365,20.82639],[107.07491,20.82549],[107.07493,20.82626]]],[[[107.06526,20.83116],[107.06394,20.83099],[107.06441,20.82805],[107.06526,20.83116]]],[[[107.06788,20.82922],[107.06828,20.82977],[107.06727,20.83005],[107.06788,20.82922]]],[[[107.06889,20.83007],[107.06967,20.83031],[107.06952,20.83041],[107.06889,20.83007]]],[[[107.06609,20.83176],[107.06556,20.83162],[107.06619,20.83052],[107.06609,20.83176]]],[[[107.06292,20.83219],[107.06266,20.83309],[107.06244,20.83302],[107.06292,20.83219]]],[[[107.71557,20.12822],[107.72711,20.12835],[107.73236,20.12473],[107.74136,20.14296],[107.74075,20.14718],[107.73909,20.14731],[107.71557,20.12822]]],[[[107.15097,20.61274],[107.15013,20.6167],[107.14667,20.61535],[107.15097,20.61274]]],[[[107.17069,20.6159],[107.16832,20.61794],[107.16731,20.61373],[107.16876,20.61296],[107.17069,20.6159]]],[[[107.20387,20.61794],[107.20129,20.61561],[107.21003,20.61316],[107.20937,20.61414],[107.20387,20.61794]]],[[[107.21062,20.61494],[107.21128,20.61541],[107.21077,20.61623],[107.21062,20.61494]]],[[[107.21179,20.61583],[107.21185,20.61533],[107.21237,20.61535],[107.21179,20.61583]]],[[[107.1303,20.61796],[107.12968,20.61544],[107.1309,20.6153],[107.1303,20.61796]]],[[[107.14186,20.61673],[107.14236,20.61959],[107.13555,20.61993],[107.13998,20.61943],[107.14186,20.61673]]],[[[107.13641,20.62111],[107.13828,20.6215],[107.13768,20.62248],[107.13641,20.62111]]],[[[107.1368,20.62452],[107.13476,20.62513],[107.13435,20.62249],[107.1368,20.62452]]],[[[107.15762,20.62787],[107.15467,20.62798],[107.15482,20.62289],[107.16048,20.61997],[107.16189,20.62402],[107.15738,20.62394],[107.16164,20.62611],[107.15638,20.62424],[107.15762,20.62787]]],[[[107.13427,20.6251],[107.13451,20.62762],[107.13416,20.62765],[107.13427,20.6251]]],[[[107.16089,20.62672],[107.16162,20.62802],[107.16017,20.62839],[107.16089,20.62672]]],[[[107.1314,20.65033],[107.13317,20.65039],[107.1334,20.6514],[107.1314,20.65033]]],[[[107.13131,20.65239],[107.13129,20.6518],[107.13187,20.65169],[107.13131,20.65239]]],[[[107.08119,20.72219],[107.07841,20.72513],[107.08227,20.71927],[107.08119,20.72219]]],[[[107.08901,20.72498],[107.08951,20.72482],[107.08911,20.72552],[107.08901,20.72498]]],[[[107.08249,20.72753],[107.08269,20.72676],[107.08318,20.72758],[107.08249,20.72753]]],[[[107.0819,20.72945],[107.08004,20.73204],[107.07647,20.72896],[107.08159,20.72382],[107.07925,20.72923],[107.0819,20.72945]]],[[[107.08574,20.72968],[107.0869,20.72994],[107.08655,20.73041],[107.08574,20.72968]]],[[[107.08276,20.73194],[107.08425,20.73406],[107.08059,20.7369],[107.07963,20.73566],[107.08276,20.73194]]],[[[107.08194,20.74635],[107.08639,20.74542],[107.08587,20.7472],[107.08194,20.74635]]],[[[107.07904,20.7573],[107.07961,20.75808],[107.07899,20.75841],[107.07904,20.7573]]],[[[107.08862,20.75748],[107.08879,20.75851],[107.0882,20.7584],[107.08862,20.75748]]],[[[107.08077,20.7607],[107.07753,20.76014],[107.08169,20.75854],[107.08077,20.7607]]],[[[107.07909,20.76652],[107.08711,20.75699],[107.08779,20.76095],[107.07909,20.76652]]],[[[107.09705,20.76532],[107.09796,20.76574],[107.09725,20.76673],[107.09705,20.76532]]],[[[107.07941,20.77623],[107.08398,20.76983],[107.08317,20.76616],[107.088,20.76304],[107.09557,20.76742],[107.09527,20.76947],[107.09164,20.76601],[107.08946,20.76738],[107.09443,20.77167],[107.09221,20.77431],[107.08962,20.77405],[107.09032,20.77076],[107.08727,20.77275],[107.0882,20.76831],[107.08234,20.77244],[107.08631,20.77144],[107.08569,20.77434],[107.07941,20.77623]]],[[[107.10627,20.77086],[107.10504,20.7725],[107.10495,20.7694],[107.10627,20.77086]]],[[[107.10119,20.77258],[107.09639,20.77266],[107.09788,20.76732],[107.09952,20.76845],[107.10119,20.77258]]],[[[107.09515,20.77026],[107.09538,20.77037],[107.09431,20.77104],[107.09515,20.77026]]],[[[107.09597,20.773],[107.09628,20.77311],[107.09459,20.77308],[107.09597,20.773]]],[[[107.09867,20.77461],[107.09959,20.77502],[107.09867,20.77595],[107.09867,20.77461]]],[[[107.09723,20.77727],[107.0971,20.77566],[107.09803,20.77615],[107.09723,20.77727]]],[[[107.07733,20.77733],[107.07862,20.77656],[107.07862,20.77664],[107.07733,20.77733]]],[[[107.10161,20.78284],[107.10064,20.78374],[107.09994,20.78258],[107.10161,20.78284]]],[[[107.10459,20.78537],[107.1038,20.78683],[107.10319,20.78606],[107.10459,20.78537]]],[[[107.10651,20.78738],[107.10522,20.7895],[107.10444,20.78952],[107.10394,20.78736],[107.10651,20.78738]]],[[[107.10116,20.79207],[107.09986,20.79069],[107.10524,20.79005],[107.10116,20.79207]]],[[[107.10942,20.79241],[107.1096,20.79232],[107.1096,20.79245],[107.10942,20.79241]]],[[[107.09684,20.79343],[107.09499,20.79392],[107.09594,20.79328],[107.09684,20.79343]]],[[[107.0919,20.7958],[107.09207,20.79623],[107.09052,20.79684],[107.0919,20.7958]]],[[[107.10438,20.80695],[107.10499,20.80692],[107.10487,20.80716],[107.10438,20.80695]]],[[[107.09982,20.81399],[107.09995,20.81112],[107.10474,20.80883],[107.10263,20.81177],[107.09982,20.81399]]],[[[107.09123,20.81789],[107.09081,20.81857],[107.09092,20.81813],[107.09123,20.81789]]]]}},{"type":"Feature","properties":{"id":"14","ma_tinh":"46","ten_tinh":"Huế","sap_nhap":"không sáp nhập","quy_mo":"40 đơn vị (21 phường, 19 xã)","tru_so":"Số 16 Lê Lợi, Thuận Hóa, Huế","loai":"Thành phố","cap":1,"stt":20,"dtich_km2":4947.14,"dan_so":1432986,"matdo_km2":289.66,"NAME_1":"Huế","GID_1":"46"},"geometry":{"type":"MultiPolygon","coordinates":[[[[107.44662,16.0901],[107.45317,16.08828],[107.46136,16.07285],[107.44923,16.06164],[107.44617,16.05382],[107.44723,16.03877],[107.45413,16.03683],[107.45834,16.02917],[107.46615,16.02575],[107.47707,16.03518],[107.48429,16.03548],[107.48864,16.04111],[107.50118,16.03429],[107.50633,16.02197],[107.51283,16.01606],[107.52519,16.0165],[107.54977,16.01134],[107.56044,16.0219],[107.55839,16.02537],[107.56035,16.03105],[107.5523,16.0416],[107.55318,16.04462],[107.57185,16.05568],[107.59575,16.05623],[107.61973,16.06405],[107.62611,16.04928],[107.62002,16.03863],[107.62129,16.03206],[107.63231,16.03101],[107.65071,16.01921],[107.66409,16.01865],[107.67241,16.01159],[107.67703,15.9991],[107.7052,15.9947],[107.72456,16.00809],[107.72819,16.01871],[107.72667,16.03056],[107.73875,16.0393],[107.75729,16.04341],[107.76147,16.04949],[107.76986,16.05141],[107.77517,16.06007],[107.7739,16.06691],[107.78155,16.06237],[107.78826,16.06813],[107.8085,16.05318],[107.81597,16.05355],[107.82478,16.07011],[107.82165,16.07782],[107.82688,16.09004],[107.85618,16.11443],[107.85433,16.12311],[107.8602,16.13518],[107.8576,16.13867],[107.86047,16.1473],[107.85873,16.15312],[107.87498,16.16069],[107.87625,16.16996],[107.86743,16.18294],[107.87735,16.18904],[107.87542,16.19678],[107.88813,16.20035],[107.88997,16.20625],[107.8955,16.20524],[107.90586,16.21442],[107.9135,16.21454],[107.9297,16.19742],[107.95611,16.18917],[107.96967,16.19416],[107.98827,16.21422],[108.00564,16.20525],[108.01518,16.19405],[108.03655,16.19152],[108.05935,16.17916],[108.06419,16.18415],[108.09281,16.1803],[108.10051,16.18713],[108.11137,16.18197],[108.1206,16.1816],[108.14372,16.19897],[108.15576,16.20036],[108.1571,16.20618],[108.17107,16.2013],[108.17752,16.20576],[108.19493,16.20977],[108.18261,16.21559],[108.18141,16.21258],[108.1688,16.20899],[108.14836,16.22122],[108.14191,16.21355],[108.13594,16.21449],[108.13407,16.21796],[108.12443,16.21673],[108.11886,16.21251],[108.09314,16.22882],[108.09106,16.22545],[108.04043,16.30368],[108.03735,16.31188],[108.04163,16.31525],[108.03405,16.33547],[108.02874,16.33536],[108.02323,16.34313],[108.019,16.34296],[108.01633,16.33803],[108.02173,16.33052],[108.02168,16.31846],[108.00877,16.31382],[107.97349,16.31923],[107.95573,16.33764],[107.95509,16.34432],[107.95217,16.34306],[107.94636,16.34722],[107.93932,16.3441],[107.92124,16.35411],[107.90503,16.36769],[107.89832,16.36771],[107.78352,16.46813],[107.71434,16.52176],[107.63037,16.57291],[107.62465,16.57247],[107.62496,16.56905],[107.62069,16.56711],[107.6151,16.57514],[107.61806,16.5769],[107.58962,16.59163],[107.54432,16.62236],[107.38884,16.7421],[107.36931,16.73325],[107.35577,16.70978],[107.35113,16.70832],[107.35867,16.70312],[107.35814,16.6986],[107.35013,16.69676],[107.33684,16.68406],[107.3333,16.67527],[107.32393,16.66989],[107.33038,16.66616],[107.31829,16.66229],[107.32872,16.64999],[107.32891,16.64255],[107.32535,16.64249],[107.3221,16.65383],[107.30695,16.64072],[107.31158,16.63539],[107.31538,16.64035],[107.31589,16.63831],[107.31015,16.62538],[107.3207,16.62008],[107.32855,16.60803],[107.32485,16.605],[107.33446,16.59877],[107.32427,16.59834],[107.32658,16.58629],[107.32295,16.58375],[107.31275,16.57931],[107.30155,16.58653],[107.28695,16.57528],[107.27674,16.57256],[107.27127,16.56555],[107.25092,16.57701],[107.24475,16.58775],[107.23918,16.58222],[107.22846,16.57922],[107.20622,16.57881],[107.20262,16.58274],[107.18406,16.58046],[107.17837,16.57648],[107.16951,16.57875],[107.15708,16.57312],[107.15418,16.57506],[107.14083,16.57187],[107.12823,16.56571],[107.12315,16.56068],[107.12152,16.55195],[107.10173,16.55272],[107.09212,16.55063],[107.08715,16.5457],[107.07679,16.54626],[107.07447,16.54238],[107.06122,16.54578],[107.06236,16.5369],[107.05549,16.52423],[107.05958,16.51753],[107.0677,16.51053],[107.0797,16.5089],[107.08194,16.50311],[107.09524,16.50438],[107.09864,16.49113],[107.10597,16.49518],[107.1197,16.48794],[107.1298,16.47546],[107.1357,16.45626],[107.12962,16.44927],[107.13878,16.44335],[107.13782,16.43989],[107.14729,16.43763],[107.14871,16.43456],[107.14403,16.42823],[107.14511,16.42011],[107.14077,16.41645],[107.14358,16.41249],[107.14102,16.40612],[107.15301,16.38947],[107.14678,16.38594],[107.13939,16.3895],[107.12824,16.38213],[107.12331,16.38591],[107.11181,16.38567],[107.09532,16.40386],[107.0947,16.39822],[107.09091,16.40409],[107.07901,16.40052],[107.06142,16.41167],[107.0562,16.40036],[107.05906,16.39661],[107.05837,16.38464],[107.04536,16.38037],[107.03622,16.36708],[107.03449,16.35856],[107.03945,16.35662],[107.04132,16.34934],[107.05136,16.3496],[107.05329,16.34613],[107.06183,16.34793],[107.06302,16.33224],[107.08097,16.32123],[107.08124,16.31235],[107.08823,16.3112],[107.14746,16.26974],[107.15683,16.25632],[107.15363,16.25265],[107.15315,16.24153],[107.14913,16.2376],[107.1553,16.23125],[107.14448,16.21391],[107.14814,16.20926],[107.14917,16.1897],[107.15602,16.18231],[107.16005,16.16793],[107.1704,16.16606],[107.1761,16.15758],[107.1944,16.14427],[107.2077,16.14597],[107.22454,16.13727],[107.22581,16.14156],[107.24389,16.14767],[107.25472,16.13568],[107.26328,16.13667],[107.26849,16.11989],[107.27257,16.1153],[107.2843,16.11879],[107.30825,16.0808],[107.31371,16.07862],[107.31837,16.0706],[107.32636,16.07012],[107.33429,16.05492],[107.33921,16.05541],[107.34685,16.06227],[107.35875,16.06361],[107.3659,16.06107],[107.378,16.07401],[107.38885,16.06261],[107.39899,16.06219],[107.40358,16.07768],[107.40928,16.08408],[107.42131,16.07835],[107.43157,16.07851],[107.43517,16.08287],[107.44357,16.08293],[107.44662,16.0901]]],[[[107.38946,16.74292],[107.38863,16.74227],[107.38903,16.74229],[107.38946,16.74292]]]]}},{"type":"Feature","properties":{"id":"15","ma_tinh":"33","ten_tinh":"Hưng Yên","sap_nhap":"Hưng Yên, Thái Bình","quy_mo":"104 đơn vị (11 phường, 93 xã)","tru_so":"Số 10 Chùa Chuông, Phố Hiến, Hưng Yên","loai":"Tỉnh","cap":1,"stt":5,"dtich_km2":2514.81,"dan_so":3567943,"matdo_km2":1418.77,"NAME_1":"Hưng Yên","GID_1":"33"},"geometry":{"type":"MultiPolygon","coordinates":[[[[106.09629,20.61563],[106.1217,20.61788],[106.12851,20.6064],[106.12974,20.58306],[106.13331,20.57366],[106.15888,20.56325],[106.16858,20.55568],[106.17931,20.52136],[106.1784,20.49843],[106.18303,20.48545],[106.1901,20.47956],[106.20763,20.47958],[106.21863,20.4758],[106.22555,20.46475],[106.22331,20.45162],[106.20938,20.42807],[106.21522,20.41615],[106.2336,20.40594],[106.26127,20.40638],[106.28252,20.40022],[106.28642,20.39082],[106.28501,20.38148],[106.2575,20.3599],[106.25324,20.35252],[106.25297,20.33997],[106.26006,20.32891],[106.27054,20.32668],[106.28489,20.33319],[106.32265,20.36235],[106.33588,20.37614],[106.34073,20.37706],[106.35649,20.35323],[106.37075,20.34561],[106.38892,20.34362],[106.39834,20.33888],[106.40834,20.33049],[106.42933,20.30257],[106.44043,20.29459],[106.45452,20.2899],[106.47265,20.29009],[106.48619,20.29631],[106.49799,20.30847],[106.5118,20.30884],[106.52846,20.31605],[106.56581,20.27699],[106.57646,20.26851],[106.5814,20.2693],[106.59183,20.24901],[106.59784,20.25264],[106.61695,20.32131],[106.61773,20.32836],[106.61252,20.32703],[106.61809,20.32917],[106.61885,20.33392],[106.61476,20.33608],[106.6189,20.34236],[106.61853,20.35446],[106.61268,20.3506],[106.60754,20.35062],[106.61307,20.35151],[106.61865,20.35783],[106.61338,20.38065],[106.60762,20.38848],[106.59592,20.39257],[106.58391,20.39147],[106.58561,20.3922],[106.59592,20.393],[106.59207,20.40701],[106.59878,20.41057],[106.59297,20.41594],[106.59722,20.42413],[106.60206,20.42409],[106.59538,20.41695],[106.59927,20.41055],[106.59869,20.40986],[106.59276,20.40706],[106.59441,20.39888],[106.60716,20.4162],[106.6192,20.44231],[106.61618,20.45046],[106.60636,20.4543],[106.61425,20.44139],[106.60724,20.44807],[106.60344,20.44745],[106.6046,20.44123],[106.60417,20.43679],[106.60703,20.43646],[106.60799,20.43433],[106.60438,20.42439],[106.60701,20.4358],[106.59767,20.43709],[106.60226,20.4376],[106.60276,20.44376],[106.59892,20.44372],[106.60569,20.44992],[106.59898,20.45988],[106.59443,20.45843],[106.59823,20.46054],[106.60185,20.46064],[106.60039,20.46694],[106.59596,20.47005],[106.59671,20.47446],[106.60069,20.47614],[106.59894,20.47903],[106.60052,20.47908],[106.60093,20.47792],[106.602,20.47814],[106.60157,20.48096],[106.59891,20.48264],[106.59892,20.47946],[106.59819,20.48286],[106.59768,20.48821],[106.5947,20.48754],[106.58781,20.49708],[106.58345,20.4964],[106.58218,20.50095],[106.583,20.49901],[106.58362,20.49675],[106.58762,20.49737],[106.59054,20.49557],[106.59628,20.49816],[106.59796,20.49686],[106.59801,20.50044],[106.58441,20.51568],[106.5778,20.51571],[106.57726,20.51767],[106.58401,20.51766],[106.58452,20.52149],[106.57607,20.52184],[106.57644,20.5271],[106.57719,20.52692],[106.57695,20.52257],[106.58368,20.52308],[106.58757,20.53238],[106.57948,20.5341],[106.58677,20.53321],[106.58377,20.53671],[106.5898,20.53971],[106.58837,20.54292],[106.58032,20.53989],[106.58818,20.5434],[106.58063,20.55734],[106.58951,20.55414],[106.59577,20.56671],[106.59823,20.56571],[106.60713,20.57431],[106.60871,20.58016],[106.60562,20.58276],[106.60255,20.58068],[106.60374,20.58183],[106.60564,20.583],[106.61148,20.5807],[106.60822,20.58711],[106.62229,20.57907],[106.63799,20.58876],[106.64015,20.59474],[106.6437,20.59389],[106.6586,20.60423],[106.65879,20.60997],[106.63562,20.62756],[106.62106,20.62494],[106.61101,20.6273],[106.60048,20.63941],[106.59301,20.63641],[106.58516,20.62711],[106.56873,20.61963],[106.55885,20.62655],[106.54641,20.62676],[106.54136,20.62187],[106.5403,20.60879],[106.52998,20.60292],[106.51938,20.60245],[106.51359,20.61258],[106.49357,20.61669],[106.48233,20.59951],[106.47178,20.59815],[106.46592,20.61384],[106.45035,20.62016],[106.45516,20.63889],[106.44007,20.66012],[106.40791,20.68604],[106.40065,20.68825],[106.41398,20.70645],[106.41228,20.71235],[106.41605,20.71304],[106.41708,20.7169],[106.40896,20.72226],[106.40744,20.72831],[106.40176,20.72883],[106.38275,20.7117],[106.37255,20.71011],[106.35942,20.70135],[106.34706,20.70195],[106.34126,20.71019],[106.33678,20.71141],[106.3019,20.68987],[106.29332,20.69664],[106.29406,20.70685],[106.28485,20.71128],[106.28312,20.70397],[106.28856,20.69472],[106.27544,20.69291],[106.26313,20.70432],[106.25166,20.69903],[106.24937,20.69487],[106.25504,20.68958],[106.26783,20.68767],[106.26919,20.68418],[106.25788,20.68783],[106.24889,20.68629],[106.24396,20.69575],[106.22788,20.70493],[106.22416,20.71738],[106.2119,20.73007],[106.21869,20.73276],[106.21527,20.75034],[106.20334,20.75214],[106.19264,20.76582],[106.18128,20.76321],[106.17443,20.77219],[106.17582,20.77678],[106.17203,20.77682],[106.16589,20.78474],[106.15854,20.77989],[106.15284,20.78141],[106.14259,20.79295],[106.14204,20.79788],[106.13123,20.80667],[106.13808,20.80976],[106.14069,20.81708],[106.13115,20.82872],[106.12535,20.82883],[106.12428,20.8329],[106.12937,20.83821],[106.12916,20.84544],[106.12609,20.84783],[106.13684,20.85026],[106.14162,20.85768],[106.14374,20.87787],[106.14736,20.883],[106.14719,20.88908],[106.13874,20.8939],[106.13634,20.90367],[106.14226,20.90705],[106.145,20.91365],[106.15527,20.91725],[106.1548,20.92378],[106.14991,20.92452],[106.14823,20.92908],[106.15205,20.93371],[106.15059,20.94473],[106.15896,20.95137],[106.15087,20.95628],[106.15021,20.96048],[106.14547,20.95824],[106.13509,20.96031],[106.13362,20.96952],[106.13815,20.97506],[106.12803,20.98342],[106.11489,20.98324],[106.11569,20.99592],[106.10927,20.9998],[106.10216,20.99725],[106.0907,21.00625],[106.08364,21.00465],[106.08232,20.99839],[106.07675,20.99492],[106.0685,20.99801],[106.0678,21.00093],[106.05804,21.00044],[106.05512,21.00679],[106.05117,21.00703],[106.04995,21.00381],[106.04036,21.00189],[106.02887,20.993],[106.0205,20.99536],[106.01542,21.00214],[106.01099,20.99826],[106.00513,20.9983],[106.00474,21.00127],[105.99135,21.00103],[105.98522,20.99691],[105.97749,20.99957],[105.97173,20.99701],[105.97223,20.98977],[105.9616,20.98916],[105.96514,20.98505],[105.96132,20.97589],[105.96472,20.97246],[105.96402,20.96341],[105.95614,20.96819],[105.93978,20.96795],[105.93235,20.9736],[105.91849,20.97575],[105.91301,20.97369],[105.90649,20.95802],[105.90309,20.94718],[105.91477,20.93733],[105.9084,20.92638],[105.91509,20.9183],[105.89531,20.90162],[105.89365,20.89585],[105.92496,20.87819],[105.93606,20.86221],[105.93192,20.85061],[105.91881,20.84384],[105.91292,20.83684],[105.91154,20.81782],[105.92483,20.78828],[105.96105,20.77881],[105.96731,20.77387],[105.96807,20.73358],[105.9641,20.72526],[105.97326,20.70056],[106.00888,20.7035],[106.02402,20.69652],[106.03721,20.67448],[106.03254,20.64517],[106.03638,20.63111],[106.0622,20.60596],[106.07477,20.603],[106.09629,20.61563]]],[[[106.60384,20.43656],[106.60352,20.44287],[106.60353,20.44002],[106.60384,20.43656]]],[[[106.59871,20.47499],[106.59674,20.47415],[106.59962,20.47253],[106.59871,20.47499]]],[[[106.60174,20.47574],[106.60196,20.47793],[106.6009,20.47764],[106.60174,20.47574]]],[[[106.60001,20.48874],[106.59798,20.48801],[106.59869,20.48282],[106.60076,20.48308],[106.60001,20.48874]]],[[[106.59669,20.49085],[106.5959,20.49145],[106.59488,20.49102],[106.59314,20.49117],[106.59489,20.48788],[106.6,20.48889],[106.59669,20.49085]]],[[[106.59902,20.49048],[106.59572,20.49769],[106.59504,20.4971],[106.59551,20.49655],[106.59485,20.49512],[106.59216,20.49281],[106.59902,20.49048]]],[[[106.59527,20.49679],[106.5894,20.49524],[106.59199,20.49335],[106.59527,20.49679]]]]}},{"type":"Feature","properties":{"id":"16","ma_tinh":"56","ten_tinh":"Khánh Hòa","sap_nhap":"Khánh Hòa, Ninh Thuận","quy_mo":"65 đơn vị (16 phường, 48 xã và 1 đặc khu Trường Sa)","tru_so":"Số 1 Trần Phú, Nha Trang, Khánh Hòa","loai":"Tỉnh","cap":1,"stt":23,"dtich_km2":8556.1,"dan_so":2243553,"matdo_km2":262.22,"NAME_1":"Khánh Hòa","GID_1":"56"},"geometry":{"type":"MultiPolygon","coordinates":[[[[108.95889,11.31545],[108.98722,11.33451],[108.99366,11.34917],[109.00014,11.34793],[109.00146,11.35299],[109.01478,11.35613],[109.02074,11.36321],[109.02072,11.36865],[109.01157,11.37348],[109.00766,11.38382],[109.00549,11.41185],[109.01176,11.41674],[109.01398,11.42504],[109.01234,11.43828],[109.0083,11.44364],[109.01343,11.45418],[109.01538,11.4711],[109.01166,11.49443],[109.01284,11.51581],[109.01721,11.52787],[109.02896,11.53723],[109.03625,11.55074],[109.03035,11.55219],[109.02498,11.56285],[109.02571,11.57392],[109.03007,11.58212],[109.04161,11.58885],[109.05126,11.58883],[109.05388,11.58333],[109.06533,11.58162],[109.09213,11.58745],[109.12387,11.57287],[109.12852,11.56287],[109.13096,11.56655],[109.12756,11.57046],[109.12867,11.57596],[109.13409,11.57935],[109.133,11.58172],[109.1352,11.57939],[109.13545,11.58019],[109.13479,11.58235],[109.13937,11.58373],[109.15081,11.61771],[109.16012,11.62457],[109.1663,11.62153],[109.17403,11.64874],[109.17318,11.66342],[109.17701,11.67698],[109.1818,11.67681],[109.18923,11.68316],[109.18791,11.69122],[109.19366,11.69427],[109.19288,11.69863],[109.19626,11.69908],[109.19813,11.70525],[109.20335,11.70711],[109.1999,11.71114],[109.2003,11.71963],[109.19536,11.72108],[109.19198,11.72554],[109.19362,11.72458],[109.19581,11.72164],[109.19727,11.72138],[109.19675,11.7257],[109.19935,11.72644],[109.2063,11.71451],[109.21409,11.72016],[109.22115,11.71675],[109.2335,11.72762],[109.23105,11.74782],[109.22565,11.74532],[109.22076,11.74731],[109.22789,11.7557],[109.21916,11.75438],[109.21209,11.75871],[109.21474,11.76433],[109.2122,11.77117],[109.18755,11.78876],[109.18576,11.80734],[109.18806,11.81195],[109.19544,11.81092],[109.19191,11.81463],[109.18721,11.81317],[109.18197,11.81631],[109.18152,11.82975],[109.18482,11.83076],[109.17907,11.83394],[109.17739,11.84291],[109.18344,11.85152],[109.17987,11.85598],[109.1922,11.87156],[109.19098,11.87529],[109.18653,11.87611],[109.17644,11.8635],[109.17114,11.86444],[109.17233,11.8597],[109.16774,11.85559],[109.16798,11.85185],[109.16148,11.85474],[109.16073,11.842],[109.14996,11.82205],[109.14558,11.8222],[109.14425,11.81925],[109.13861,11.82103],[109.13682,11.81793],[109.11888,11.83268],[109.1212,11.83609],[109.11547,11.84571],[109.11499,11.8558],[109.11183,11.85603],[109.11556,11.85618],[109.11739,11.86124],[109.11481,11.86186],[109.11615,11.8703],[109.11196,11.872],[109.12005,11.87184],[109.12315,11.87933],[109.12092,11.88548],[109.12489,11.88656],[109.13027,11.90368],[109.12823,11.90958],[109.14086,11.90956],[109.14025,11.90636],[109.14452,11.9027],[109.14159,11.89836],[109.14486,11.89922],[109.14753,11.89533],[109.15011,11.89578],[109.14982,11.89926],[109.15177,11.8971],[109.15538,11.89985],[109.1505,11.90347],[109.15675,11.90984],[109.16519,11.90574],[109.16733,11.91022],[109.16009,11.91286],[109.16324,11.91424],[109.16318,11.91915],[109.16657,11.91557],[109.16888,11.92043],[109.1715,11.91993],[109.17094,11.9238],[109.1821,11.93182],[109.17939,11.93538],[109.18147,11.93806],[109.18997,11.94032],[109.18445,11.94275],[109.18439,11.94604],[109.18745,11.94516],[109.18435,11.94748],[109.19022,11.95128],[109.18777,11.95378],[109.19047,11.95464],[109.19014,11.9592],[109.19777,11.96474],[109.1954,11.96921],[109.20162,11.97844],[109.20241,11.97623],[109.20183,11.98228],[109.20792,11.98108],[109.20565,11.98904],[109.19872,11.99092],[109.19726,11.99519],[109.20381,12.01438],[109.19998,12.02466],[109.17553,12.04056],[109.1707,12.04783],[109.17344,12.05349],[109.17177,12.06416],[109.17638,12.06821],[109.17861,12.0683],[109.17647,12.08488],[109.15312,12.10328],[109.16299,12.11893],[109.17463,12.11741],[109.18156,12.11128],[109.17622,12.10282],[109.17138,12.10182],[109.17767,12.09205],[109.18435,12.05021],[109.18604,12.05527],[109.18885,12.05452],[109.19324,12.0435],[109.20119,12.04081],[109.20674,12.01807],[109.20579,11.99897],[109.20862,11.99016],[109.21245,11.98875],[109.21221,11.98016],[109.20982,11.98014],[109.213,11.97869],[109.21467,11.95906],[109.21293,11.95475],[109.20411,11.95163],[109.21372,11.94531],[109.21574,11.93864],[109.21371,11.92803],[109.20498,11.92763],[109.2112,11.91656],[109.20413,11.91004],[109.20697,11.89519],[109.2025,11.8809],[109.21546,11.88289],[109.22129,11.87814],[109.22847,11.88002],[109.22846,11.87422],[109.22875,11.88002],[109.23381,11.87961],[109.24019,11.87483],[109.23985,11.86929],[109.24931,11.86327],[109.24681,11.85639],[109.24888,11.85229],[109.25186,11.85526],[109.25043,11.85992],[109.25645,11.86541],[109.26015,11.86562],[109.26286,11.8611],[109.27184,11.86227],[109.27108,11.86536],[109.28071,11.87729],[109.27779,11.88293],[109.2723,11.88225],[109.27513,11.8883],[109.27154,11.88721],[109.26685,11.89219],[109.26957,11.89556],[109.26253,11.90244],[109.25851,11.92442],[109.26605,11.93596],[109.27445,11.93519],[109.27372,11.93698],[109.27618,11.94482],[109.28187,11.94476],[109.28401,11.95477],[109.27838,11.95073],[109.27265,11.95277],[109.27013,11.95702],[109.27272,11.95924],[109.27056,11.95917],[109.27043,11.9749],[109.26451,11.97448],[109.26243,11.97826],[109.25173,11.98203],[109.2275,12.01358],[109.20343,12.06032],[109.195,12.09241],[109.19673,12.11757],[109.2068,12.11815],[109.21187,12.12302],[109.21437,12.13781],[109.22373,12.14098],[109.22084,12.15439],[109.19798,12.16646],[109.20101,12.16779],[109.19787,12.17037],[109.20227,12.17316],[109.20509,12.1714],[109.20831,12.17545],[109.20949,12.1844],[109.20482,12.1903],[109.21588,12.19768],[109.21854,12.20377],[109.21524,12.20719],[109.21692,12.21139],[109.2056,12.22033],[109.19818,12.23571],[109.19713,12.25502],[109.19987,12.26356],[109.20702,12.26746],[109.20294,12.2815],[109.20773,12.29106],[109.21481,12.2934],[109.22084,12.29168],[109.21501,12.29352],[109.21987,12.29544],[109.22294,12.29452],[109.22217,12.29174],[109.22515,12.29495],[109.23659,12.29453],[109.23515,12.29738],[109.24306,12.3054],[109.23472,12.30768],[109.22137,12.32163],[109.21253,12.32389],[109.20911,12.33192],[109.20182,12.33611],[109.20385,12.34325],[109.19883,12.34799],[109.19906,12.3554],[109.19569,12.36011],[109.19866,12.36644],[109.19715,12.38088],[109.20125,12.38881],[109.19848,12.39839],[109.19263,12.3973],[109.18492,12.40444],[109.17819,12.40277],[109.17279,12.40778],[109.17162,12.40208],[109.16362,12.40462],[109.15879,12.41152],[109.16045,12.41912],[109.15158,12.42464],[109.15136,12.42882],[109.16364,12.43428],[109.16645,12.44129],[109.17076,12.44346],[109.16967,12.44657],[109.17681,12.45273],[109.17667,12.45671],[109.19172,12.44741],[109.19817,12.43948],[109.20739,12.43792],[109.22544,12.42089],[109.22554,12.41634],[109.23613,12.41169],[109.23783,12.40505],[109.24336,12.4049],[109.24556,12.3959],[109.26426,12.37577],[109.26032,12.37166],[109.26111,12.36218],[109.2724,12.35673],[109.27737,12.3585],[109.28166,12.34961],[109.29278,12.34558],[109.30065,12.35479],[109.30188,12.37963],[109.30787,12.3882],[109.31465,12.38782],[109.32007,12.37752],[109.32773,12.37297],[109.33049,12.37795],[109.32562,12.38478],[109.33116,12.38878],[109.33707,12.38791],[109.33978,12.39246],[109.34184,12.40042],[109.33704,12.40849],[109.33022,12.40675],[109.31951,12.41829],[109.30747,12.41615],[109.30245,12.4183],[109.29879,12.42481],[109.29419,12.42269],[109.28988,12.42729],[109.28534,12.44372],[109.28988,12.44931],[109.28731,12.45628],[109.29314,12.46235],[109.29269,12.46979],[109.29725,12.47323],[109.29485,12.47973],[109.2856,12.48912],[109.28124,12.48978],[109.27707,12.48592],[109.25776,12.50326],[109.23902,12.50927],[109.23768,12.5204],[109.23061,12.53447],[109.23038,12.5455],[109.23646,12.57293],[109.24487,12.5742],[109.24356,12.58605],[109.23467,12.58713],[109.23202,12.59344],[109.22321,12.58643],[109.22049,12.57703],[109.21577,12.57596],[109.21137,12.56886],[109.19695,12.57019],[109.19508,12.57571],[109.20408,12.59427],[109.19997,12.60419],[109.20357,12.6071],[109.20542,12.61633],[109.2011,12.62157],[109.19548,12.62061],[109.19029,12.62944],[109.1939,12.63924],[109.19813,12.64483],[109.20227,12.64413],[109.20359,12.64978],[109.21143,12.64657],[109.21464,12.64888],[109.21618,12.65387],[109.21022,12.66171],[109.21046,12.66807],[109.22536,12.68619],[109.22799,12.69381],[109.24291,12.70294],[109.25595,12.70281],[109.25839,12.70951],[109.26411,12.71195],[109.26273,12.71668],[109.26878,12.71932],[109.27762,12.73262],[109.28185,12.7326],[109.28057,12.73561],[109.28413,12.7337],[109.29282,12.74381],[109.2941,12.75048],[109.30091,12.75364],[109.30445,12.76073],[109.30879,12.76337],[109.30958,12.76005],[109.31487,12.76542],[109.32493,12.76532],[109.32765,12.76992],[109.32667,12.77686],[109.32978,12.77779],[109.33087,12.79296],[109.3359,12.79708],[109.35256,12.799],[109.35082,12.79642],[109.35544,12.78648],[109.35353,12.76226],[109.35871,12.75484],[109.36114,12.74266],[109.37974,12.7124],[109.36647,12.70546],[109.37099,12.69457],[109.3661,12.6893],[109.35873,12.68778],[109.35711,12.69467],[109.35315,12.69255],[109.34381,12.6655],[109.32883,12.66299],[109.33318,12.66137],[109.3381,12.6515],[109.3447,12.66091],[109.35059,12.66263],[109.35468,12.65265],[109.36221,12.65054],[109.36066,12.64644],[109.36423,12.64217],[109.36799,12.6468],[109.36475,12.65344],[109.37059,12.65766],[109.36626,12.66599],[109.36816,12.67251],[109.37416,12.67444],[109.37996,12.66988],[109.39326,12.66889],[109.39471,12.67216],[109.39092,12.67809],[109.39516,12.6853],[109.4023,12.67026],[109.40641,12.67129],[109.41183,12.65246],[109.40926,12.64145],[109.40526,12.64007],[109.40954,12.63897],[109.40911,12.63397],[109.40143,12.63496],[109.40095,12.63188],[109.39678,12.6333],[109.39002,12.62957],[109.39527,12.62061],[109.39738,12.60726],[109.40333,12.60787],[109.40774,12.60197],[109.41072,12.60518],[109.41478,12.60299],[109.41524,12.58967],[109.41222,12.58581],[109.41487,12.5847],[109.41569,12.57701],[109.42054,12.57745],[109.42517,12.57342],[109.42802,12.5759],[109.43239,12.56234],[109.44037,12.56831],[109.44038,12.58002],[109.43537,12.58555],[109.43857,12.58898],[109.43569,12.59484],[109.42948,12.59648],[109.42942,12.60138],[109.43561,12.60601],[109.43355,12.61219],[109.4368,12.61437],[109.43585,12.62312],[109.43264,12.62402],[109.4369,12.63119],[109.43406,12.63415],[109.43473,12.63975],[109.43907,12.64819],[109.4537,12.65068],[109.45654,12.64756],[109.46142,12.64804],[109.45713,12.65297],[109.46,12.65924],[109.45357,12.66852],[109.44307,12.66403],[109.44038,12.67198],[109.43567,12.66828],[109.42664,12.66842],[109.41067,12.69272],[109.41745,12.70412],[109.40928,12.70002],[109.40318,12.70204],[109.37853,12.74384],[109.3598,12.79461],[109.35914,12.81088],[109.36608,12.81494],[109.35767,12.81806],[109.35715,12.82234],[109.36545,12.83693],[109.37649,12.83641],[109.38822,12.84274],[109.36563,12.86907],[109.36165,12.85979],[109.34931,12.85723],[109.34096,12.84774],[109.33035,12.84999],[109.327,12.84136],[109.32137,12.83955],[109.32044,12.8359],[109.31528,12.83925],[109.31493,12.84404],[109.30754,12.83936],[109.29963,12.84165],[109.2836,12.83291],[109.26998,12.83329],[109.25493,12.83846],[109.25277,12.83339],[109.22782,12.8133],[109.21959,12.81667],[109.21452,12.82751],[109.20717,12.83045],[109.20023,12.82922],[109.19563,12.83191],[109.19021,12.82869],[109.16639,12.82665],[109.15955,12.81483],[109.15511,12.81296],[109.15193,12.79955],[109.14578,12.79185],[109.1477,12.7875],[109.14499,12.781],[109.13999,12.78047],[109.13061,12.7866],[109.12358,12.79799],[109.11516,12.79803],[109.11466,12.78917],[109.10871,12.78474],[109.10941,12.78098],[109.10471,12.77527],[109.10677,12.77222],[109.102,12.77278],[109.10151,12.76831],[109.09087,12.76254],[109.09282,12.75163],[109.08628,12.74404],[109.07633,12.7452],[109.06746,12.75372],[109.05931,12.74421],[109.05568,12.74705],[109.0388,12.74592],[109.03833,12.73674],[109.02483,12.7362],[109.01452,12.72848],[109.01898,12.72217],[109.01384,12.7185],[109.00857,12.71909],[108.98607,12.70354],[108.98891,12.69093],[108.97822,12.68206],[108.9555,12.6872],[108.93751,12.65989],[108.94086,12.6473],[108.93615,12.64834],[108.91986,12.63827],[108.90814,12.63898],[108.8963,12.62503],[108.90596,12.62158],[108.91909,12.60013],[108.90051,12.58226],[108.89227,12.58007],[108.89101,12.57569],[108.89476,12.57403],[108.89304,12.56794],[108.89721,12.56438],[108.89327,12.56046],[108.89285,12.5499],[108.88012,12.53843],[108.87275,12.52548],[108.87812,12.51357],[108.87402,12.514],[108.87272,12.50615],[108.86058,12.49539],[108.8624,12.49051],[108.8787,12.48012],[108.87449,12.46895],[108.86998,12.46671],[108.86789,12.45617],[108.87049,12.45358],[108.86386,12.45303],[108.84988,12.45784],[108.84715,12.46259],[108.83716,12.46322],[108.83457,12.46926],[108.81962,12.47535],[108.81988,12.47914],[108.81162,12.48472],[108.79906,12.48128],[108.79557,12.4862],[108.79765,12.49137],[108.79501,12.49686],[108.77852,12.50563],[108.76786,12.5037],[108.76396,12.49793],[108.75491,12.50094],[108.75055,12.4975],[108.74831,12.48043],[108.73906,12.47427],[108.71525,12.48391],[108.70175,12.47448],[108.69912,12.46121],[108.68662,12.44974],[108.68278,12.43975],[108.67281,12.43191],[108.66933,12.42253],[108.67554,12.41582],[108.67958,12.4158],[108.67799,12.40793],[108.67273,12.40194],[108.67821,12.39243],[108.68501,12.39025],[108.68271,12.37983],[108.68754,12.37812],[108.68927,12.37373],[108.6875,12.36426],[108.68134,12.35928],[108.67681,12.34816],[108.68523,12.32293],[108.67938,12.31732],[108.68924,12.31591],[108.69013,12.31105],[108.69933,12.30933],[108.70743,12.29888],[108.70313,12.29694],[108.70108,12.28774],[108.70179,12.27377],[108.70536,12.26878],[108.70233,12.26399],[108.70593,12.25428],[108.69961,12.24541],[108.70317,12.23558],[108.71814,12.22554],[108.72222,12.21795],[108.7102,12.19005],[108.71988,12.18144],[108.72049,12.17265],[108.72511,12.16978],[108.72888,12.16122],[108.72054,12.15326],[108.70655,12.15525],[108.70394,12.15021],[108.69353,12.14637],[108.69677,12.14028],[108.69324,12.12937],[108.68602,12.13026],[108.68026,12.12328],[108.67365,12.12286],[108.67361,12.11954],[108.68127,12.1165],[108.69942,12.09866],[108.70022,12.09399],[108.70449,12.09299],[108.7031,12.08585],[108.70918,12.07896],[108.70738,12.07219],[108.71253,12.06319],[108.71215,12.05757],[108.70304,12.04116],[108.69335,12.04027],[108.69123,12.02943],[108.68551,12.02534],[108.67977,12.01102],[108.68532,11.99151],[108.66174,11.96171],[108.65981,11.95094],[108.66497,11.94689],[108.66561,11.93854],[108.66021,11.92678],[108.664,11.91409],[108.65318,11.89316],[108.65585,11.88724],[108.65017,11.86335],[108.65318,11.8462],[108.64014,11.83071],[108.63256,11.82888],[108.62559,11.83136],[108.62755,11.81874],[108.61942,11.80452],[108.63143,11.79573],[108.65506,11.79259],[108.66438,11.78787],[108.66826,11.78889],[108.67169,11.78481],[108.67132,11.77754],[108.66293,11.76261],[108.66666,11.74823],[108.68953,11.73281],[108.70113,11.69912],[108.69239,11.6976],[108.68318,11.67621],[108.6719,11.66396],[108.65895,11.66876],[108.65318,11.66388],[108.62678,11.65485],[108.62326,11.6501],[108.59463,11.64857],[108.58492,11.64075],[108.57477,11.63937],[108.56233,11.64254],[108.55934,11.63527],[108.55313,11.63206],[108.55158,11.60105],[108.56661,11.58138],[108.57184,11.57925],[108.58241,11.55591],[108.64366,11.55067],[108.65891,11.50485],[108.67875,11.4734],[108.71314,11.46175],[108.72489,11.46932],[108.76177,11.47052],[108.75721,11.41139],[108.78335,11.39391],[108.78504,11.38832],[108.84396,11.37707],[108.84565,11.36569],[108.85561,11.35698],[108.86554,11.35181],[108.87009,11.35493],[108.87663,11.35438],[108.87589,11.33955],[108.87238,11.33454],[108.86635,11.33328],[108.87387,11.33266],[108.87631,11.33662],[108.88634,11.3375],[108.9018,11.3237],[108.91783,11.31464],[108.91907,11.30761],[108.92431,11.31057],[108.93248,11.30694],[108.93788,11.31151],[108.95889,11.31545]]],[[[109.02032,11.36995],[109.01991,11.37017],[109.01954,11.36953],[109.02032,11.36995]]],[[[109.12959,11.57014],[109.13071,11.57112],[109.13015,11.57129],[109.12959,11.57014]]],[[[109.12963,11.57338],[109.12974,11.57319],[109.13026,11.5738],[109.12963,11.57338]]],[[[109.14244,11.58312],[109.14751,11.57803],[109.14557,11.58226],[109.14244,11.58312]]],[[[109.14602,11.58201],[109.14617,11.58202],[109.14583,11.58277],[109.14602,11.58201]]],[[[109.17624,11.64987],[109.17494,11.64732],[109.17639,11.64745],[109.17624,11.64987]]],[[[109.17059,11.85913],[109.17104,11.85978],[109.16991,11.86014],[109.17059,11.85913]]],[[[109.17861,12.06809],[109.17617,12.06775],[109.17373,12.06561],[109.17644,12.06254],[109.1765,12.04838],[109.18131,12.04986],[109.17861,12.06809]]],[[[109.22556,11.77085],[109.22222,11.77068],[109.22366,11.76897],[109.22556,11.77085]]],[[[109.21591,11.78603],[109.2116,11.78386],[109.21614,11.77451],[109.2219,11.77173],[109.22243,11.783],[109.21781,11.78261],[109.21591,11.78603]]],[[[109.20838,11.79112],[109.20728,11.79081],[109.2079,11.78954],[109.20838,11.79112]]],[[[109.20278,11.81552],[109.20163,11.81786],[109.20051,11.81677],[109.20278,11.81552]]],[[[109.25078,11.83255],[109.25053,11.83328],[109.24946,11.83172],[109.25078,11.83255]]],[[[109.18146,11.83854],[109.18207,11.83855],[109.18158,11.83913],[109.18146,11.83854]]],[[[109.23955,11.83848],[109.23023,11.8417],[109.22144,11.85183],[109.22084,11.84737],[109.22511,11.84538],[109.22486,11.83537],[109.23569,11.82814],[109.23973,11.82949],[109.24014,11.8352],[109.25066,11.83393],[109.25217,11.83895],[109.24631,11.84314],[109.24831,11.85036],[109.24236,11.84982],[109.24327,11.84143],[109.23955,11.83848]]],[[[109.26807,11.89898],[109.26847,11.89987],[109.26744,11.89963],[109.26807,11.89898]]],[[[109.26977,11.90034],[109.2698,11.90095],[109.26882,11.90011],[109.26977,11.90034]]],[[[109.26856,11.90041],[109.26852,11.90095],[109.26824,11.90083],[109.26856,11.90041]]],[[[109.27429,11.93166],[109.27353,11.9316],[109.2736,11.93102],[109.27429,11.93166]]],[[[109.2695,11.93278],[109.26982,11.93267],[109.26978,11.93322],[109.2695,11.93278]]],[[[109.27573,11.93823],[109.27566,11.93871],[109.27473,11.93823],[109.27573,11.93823]]],[[[109.27792,11.93896],[109.27729,11.93893],[109.27722,11.9384],[109.27792,11.93896]]],[[[109.3208,12.00452],[109.32341,12.00327],[109.3227,12.00735],[109.3208,12.00452]]],[[[109.3254,12.03218],[109.32414,12.03165],[109.32476,12.02988],[109.3254,12.03218]]],[[[109.32462,12.0332],[109.32467,12.03291],[109.32614,12.03326],[109.32462,12.0332]]],[[[109.3275,12.04617],[109.3255,12.04611],[109.32146,12.03905],[109.32476,12.03382],[109.32737,12.03495],[109.32421,12.0428],[109.3275,12.04617]]],[[[109.32851,12.04584],[109.32789,12.04579],[109.32818,12.04561],[109.32851,12.04584]]],[[[109.32739,12.04918],[109.3259,12.04926],[109.32622,12.04692],[109.32739,12.04918]]],[[[109.3187,12.16334],[109.31796,12.16436],[109.3177,12.16409],[109.3187,12.16334]]],[[[109.31004,12.16942],[109.29775,12.17105],[109.2968,12.1672],[109.30311,12.16337],[109.30978,12.16571],[109.31451,12.16154],[109.31754,12.16388],[109.31004,12.16942]]],[[[109.31348,12.16985],[109.31403,12.17104],[109.31309,12.17133],[109.31348,12.16985]]],[[[109.24795,12.17802],[109.24176,12.18012],[109.23442,12.17727],[109.25169,12.16934],[109.24795,12.17802]]],[[[109.27713,12.181],[109.27216,12.18162],[109.27064,12.17493],[109.275,12.17339],[109.27713,12.181]]],[[[109.34514,12.19015],[109.34517,12.1897],[109.3455,12.18985],[109.34514,12.19015]]],[[[109.22688,12.19688],[109.22249,12.19715],[109.21853,12.18975],[109.22584,12.1827],[109.22667,12.18735],[109.23452,12.19434],[109.22664,12.19454],[109.22688,12.19688]]],[[[109.34232,12.19101],[109.34461,12.1901],[109.34465,12.19092],[109.34232,12.19101]]],[[[109.34226,12.19084],[109.3416,12.19154],[109.34137,12.19104],[109.34226,12.19084]]],[[[109.34073,12.191],[109.34112,12.19087],[109.34128,12.19112],[109.34073,12.191]]],[[[109.33878,12.19224],[109.33898,12.19216],[109.33881,12.1925],[109.33878,12.19224]]],[[[109.33616,12.19448],[109.33744,12.19319],[109.33719,12.1938],[109.33616,12.19448]]],[[[109.27361,12.22942],[109.26577,12.23637],[109.26249,12.23601],[109.25949,12.21938],[109.25566,12.21976],[109.25261,12.22525],[109.24499,12.22407],[109.245,12.23124],[109.23872,12.23257],[109.23421,12.2325],[109.23013,12.22467],[109.2392,12.22338],[109.23769,12.21521],[109.24261,12.20981],[109.25832,12.19951],[109.26961,12.19733],[109.27401,12.18719],[109.28463,12.18053],[109.29527,12.18216],[109.28975,12.18872],[109.28973,12.19532],[109.30212,12.20711],[109.30237,12.20011],[109.29659,12.19552],[109.29808,12.19217],[109.31017,12.18977],[109.32317,12.19414],[109.32412,12.19176],[109.3154,12.18819],[109.32361,12.1844],[109.32622,12.19073],[109.33559,12.19386],[109.33129,12.20044],[109.32777,12.20065],[109.32753,12.20936],[109.33096,12.21107],[109.33148,12.21738],[109.32861,12.22157],[109.32075,12.22106],[109.31828,12.22754],[109.31585,12.22688],[109.31226,12.21509],[109.30681,12.21287],[109.3038,12.2224],[109.29984,12.22156],[109.2967,12.23035],[109.27361,12.22942]]],[[[109.36312,12.2736],[109.35761,12.27289],[109.35941,12.268],[109.36303,12.26854],[109.36312,12.2736]]],[[[109.37035,12.27734],[109.37076,12.27656],[109.37133,12.27691],[109.37035,12.27734]]],[[[109.37126,12.28103],[109.36908,12.28575],[109.36825,12.28236],[109.37126,12.28103]]],[[[109.24353,12.29063],[109.24139,12.28889],[109.24314,12.28739],[109.24353,12.29063]]],[[[109.21808,12.3601],[109.2149,12.36247],[109.21022,12.36071],[109.21486,12.35759],[109.21808,12.3601]]],[[[109.2194,12.38283],[109.21893,12.38591],[109.21699,12.38836],[109.21737,12.38483],[109.2194,12.38283]]],[[[109.23612,12.39518],[109.22737,12.39838],[109.22132,12.3875],[109.23622,12.38087],[109.24037,12.38832],[109.23612,12.39518]]],[[[109.22503,12.39831],[109.22422,12.40187],[109.22066,12.39997],[109.22503,12.39831]]],[[[109.2028,12.40231],[109.2014,12.40143],[109.20459,12.40043],[109.2028,12.40231]]],[[[109.21849,12.40376],[109.2161,12.40264],[109.21829,12.40021],[109.21849,12.40376]]],[[[109.30692,12.47669],[109.30342,12.47646],[109.30515,12.47543],[109.30692,12.47669]]],[[[109.34611,12.4891],[109.34658,12.484],[109.35118,12.48226],[109.35236,12.47744],[109.35806,12.48046],[109.36108,12.47832],[109.36064,12.48284],[109.35586,12.48342],[109.35517,12.4873],[109.35031,12.48575],[109.34611,12.4891]]],[[[109.31424,12.49823],[109.2946,12.49447],[109.2915,12.48548],[109.30237,12.48597],[109.30609,12.49199],[109.31424,12.49823]]],[[[109.32835,12.49421],[109.32642,12.49352],[109.32809,12.49307],[109.32835,12.49421]]],[[[109.31901,12.63968],[109.30485,12.63059],[109.3025,12.61982],[109.30824,12.61068],[109.31639,12.60747],[109.31698,12.60359],[109.32693,12.60941],[109.33262,12.60824],[109.33963,12.60196],[109.33907,12.58947],[109.35077,12.58652],[109.35562,12.58121],[109.36021,12.5817],[109.37363,12.56646],[109.38442,12.56606],[109.38389,12.56174],[109.3969,12.55046],[109.40192,12.54868],[109.41245,12.55426],[109.41119,12.56051],[109.39797,12.57064],[109.39966,12.5767],[109.39491,12.58522],[109.39774,12.59248],[109.38523,12.60492],[109.38559,12.62363],[109.36504,12.63237],[109.35545,12.62613],[109.3465,12.6264],[109.34303,12.63299],[109.33828,12.63148],[109.31901,12.63968]]],[[[109.29671,12.63414],[109.29856,12.63249],[109.30443,12.63604],[109.30101,12.63779],[109.29671,12.63414]]],[[[109.30541,12.63669],[109.30966,12.63556],[109.31028,12.63996],[109.30813,12.64031],[109.30541,12.63669]]],[[[109.29698,12.63992],[109.29247,12.63845],[109.2924,12.63626],[109.29567,12.63682],[109.29698,12.63992]]],[[[109.21131,12.64516],[109.21871,12.63944],[109.22221,12.64046],[109.22163,12.64395],[109.21131,12.64516]]],[[[109.31837,12.64075],[109.31772,12.6458],[109.31437,12.6453],[109.31837,12.64075]]],[[[109.34796,12.65228],[109.3401,12.65156],[109.33864,12.64787],[109.34485,12.64158],[109.34812,12.6429],[109.34796,12.65228]]],[[[109.26318,12.67514],[109.26677,12.67764],[109.26238,12.67952],[109.26318,12.67514]]],[[[109.29712,12.72489],[109.29302,12.71079],[109.27677,12.69404],[109.28352,12.69509],[109.29507,12.71004],[109.30277,12.71184],[109.31462,12.72304],[109.29712,12.72489]]],[[[109.31819,12.72959],[109.32039,12.72789],[109.32282,12.73054],[109.32022,12.73214],[109.31819,12.72959]]],[[[109.32844,12.73884],[109.33019,12.73691],[109.33442,12.74164],[109.33127,12.74206],[109.32844,12.73884]]],[[[109.30629,12.74915],[109.30591,12.75113],[109.30381,12.75073],[109.30629,12.74915]]],[[[109.34574,12.75303],[109.34628,12.75533],[109.34371,12.75495],[109.34574,12.75303]]],[[[113.57788,6.95802],[113.5731,6.9565],[113.56816,6.94562],[113.57083,6.93599],[113.58086,6.93106],[113.59265,6.93602],[113.59328,6.94534],[113.57788,6.95802]]],[[[110.47832,7.23532],[110.47214,7.23754],[110.46553,7.23608],[110.46316,7.23184],[110.46586,7.2249],[110.46987,7.22325],[110.47777,7.22497],[110.47832,7.23532]]],[[[113.8251,7.38648],[113.78442,7.37528],[113.81544,7.36553],[113.83313,7.36627],[113.8524,7.37756],[113.84725,7.38473],[113.8251,7.38648]]],[[[109.85933,7.41298],[109.85956,7.40642],[109.86285,7.40412],[109.87824,7.40728],[109.87774,7.41533],[109.87361,7.41947],[109.86332,7.41825],[109.85933,7.41298]]],[[[109.71344,7.57286],[109.70896,7.58432],[109.69883,7.58548],[109.65843,7.56744],[109.63738,7.54027],[109.62452,7.53061],[109.62486,7.5143],[109.63138,7.51056],[109.64138,7.51312],[109.66764,7.53713],[109.70927,7.56655],[109.71344,7.57286]]],[[[109.89249,7.54829],[109.89468,7.54438],[109.90543,7.54023],[109.92113,7.53835],[109.93018,7.54209],[109.93439,7.54934],[109.92611,7.55596],[109.9138,7.55827],[109.9001,7.55534],[109.89249,7.54829]]],[[[111.56153,7.56815],[111.58996,7.59292],[111.61409,7.58917],[111.62884,7.60703],[111.61519,7.60607],[111.59351,7.61105],[111.57617,7.60728],[111.55198,7.61471],[111.54601,7.6075],[111.54031,7.56618],[111.53203,7.53807],[111.54551,7.53274],[111.55297,7.53645],[111.556,7.54424],[111.55335,7.55488],[111.56153,7.56815]]],[[[109.84936,7.5563],[109.86482,7.55106],[109.87014,7.55593],[109.86195,7.57113],[109.84729,7.58809],[109.83335,7.59941],[109.82234,7.60379],[109.7582,7.59922],[109.74101,7.58806],[109.73396,7.57225],[109.74022,7.56348],[109.77511,7.56588],[109.80049,7.55522],[109.84936,7.5563]]],[[[113.82013,7.61974],[113.8284,7.62953],[113.82819,7.63779],[113.77902,7.62753],[113.74789,7.60994],[113.76373,7.60804],[113.81197,7.6155],[113.82013,7.61974]]],[[[111.65358,7.64478],[111.64939,7.64316],[111.65855,7.63373],[111.67041,7.64057],[111.69738,7.65923],[111.70692,7.66967],[111.70798,7.67501],[111.70135,7.67212],[111.69149,7.67597],[111.68521,7.67331],[111.68775,7.66029],[111.68425,7.65542],[111.67832,7.65066],[111.68112,7.6596],[111.67904,7.66263],[111.66661,7.65916],[111.66068,7.65511],[111.6595,7.6421],[111.65358,7.64478]]],[[[111.56369,7.671],[111.55416,7.68329],[111.54645,7.68696],[111.5468,7.66553],[111.54844,7.66168],[111.56369,7.671]]],[[[111.70421,7.70207],[111.70878,7.6911],[111.71856,7.69089],[111.72414,7.68251],[111.72827,7.68293],[111.72934,7.68748],[111.72436,7.69387],[111.70421,7.70207]]],[[[111.74446,7.72482],[111.75323,7.73082],[111.75254,7.73729],[111.74891,7.74287],[111.74336,7.74408],[111.74123,7.73769],[111.73826,7.73701],[111.74237,7.73369],[111.74253,7.7237],[111.74698,7.72032],[111.73914,7.70002],[111.74113,7.69643],[111.74552,7.69702],[111.75787,7.71161],[111.75607,7.72497],[111.74446,7.72482]]],[[[111.54352,7.72839],[111.55651,7.73264],[111.55602,7.73783],[111.54685,7.73927],[111.54046,7.73068],[111.54352,7.72839]]],[[[111.74769,7.76518],[111.74765,7.75305],[111.75792,7.75435],[111.75665,7.76609],[111.74769,7.76518]]],[[[111.56773,7.77373],[111.57693,7.77632],[111.57943,7.78027],[111.57323,7.78601],[111.56875,7.7852],[111.56773,7.77373]]],[[[111.75222,7.80103],[111.74721,7.81244],[111.7379,7.81105],[111.73325,7.80564],[111.73304,7.79897],[111.74327,7.78189],[111.75,7.78151],[111.7526,7.78472],[111.75222,7.80103]]],[[[111.57642,7.8235],[111.56841,7.82536],[111.56731,7.81712],[111.57502,7.81473],[111.57642,7.8235]]],[[[110.44278,7.80568],[110.44751,7.80061],[110.48595,7.80884],[110.50764,7.82537],[110.51921,7.85372],[110.51214,7.85688],[110.49541,7.85677],[110.48873,7.85566],[110.48599,7.85198],[110.47875,7.85203],[110.44278,7.80568]]],[[[111.74565,7.83186],[111.74587,7.84063],[111.73312,7.84128],[111.72481,7.82414],[111.74565,7.83186]]],[[[111.59867,7.86057],[111.59004,7.86458],[111.58521,7.86104],[111.5952,7.85623],[111.59867,7.86057]]],[[[111.73894,7.89962],[111.73541,7.896],[111.73353,7.87306],[111.7362,7.86507],[111.74443,7.8592],[111.74728,7.86906],[111.73894,7.89962]]],[[[111.60547,7.90106],[111.59769,7.89323],[111.60687,7.89099],[111.60556,7.88023],[111.64241,7.88626],[111.63983,7.89188],[111.63501,7.89388],[111.60547,7.90106]]],[[[109.98321,7.82088],[110.02794,7.86033],[110.06901,7.91343],[110.07163,7.93718],[110.06464,7.9539],[110.0423,7.98623],[110.01746,8.00788],[110.0033,8.02466],[109.99018,8.02479],[109.97428,7.98451],[109.96027,7.96591],[109.94371,7.955],[109.92472,7.95233],[109.91006,7.95389],[109.9054,7.95286],[109.9032,7.94753],[109.90386,7.94146],[109.91375,7.9271],[109.92867,7.91591],[109.94277,7.8933],[109.94502,7.86653],[109.941,7.81878],[109.94381,7.81376],[109.95699,7.80864],[109.98321,7.82088]]],[[[111.70294,7.9496],[111.71291,7.94924],[111.71304,7.94559],[111.72379,7.93818],[111.73548,7.94676],[111.7363,7.95644],[111.73319,7.96291],[111.72493,7.96856],[111.70244,7.96995],[111.69737,7.96648],[111.69619,7.96083],[111.70294,7.9496]]],[[[111.6426,7.94246],[111.64737,7.94215],[111.66925,7.96493],[111.67141,7.96799],[111.66957,7.97366],[111.66364,7.97214],[111.64214,7.94552],[111.6426,7.94246]]],[[[113.91953,8.00048],[113.89218,8.00841],[113.88245,8.00576],[113.87611,7.99744],[113.92408,7.95814],[113.93113,7.9345],[113.94982,7.93813],[113.94926,7.94299],[113.92972,7.96087],[113.9211,7.9752],[113.91953,8.00048]]],[[[110.62088,8.07789],[110.60563,8.07919],[110.59234,8.06812],[110.58646,8.05357],[110.58647,8.03316],[110.59344,8.01947],[110.61392,8.00319],[110.62241,8.00601],[110.62764,8.01383],[110.6394,8.0464],[110.63591,8.06269],[110.62088,8.07789]]],[[[110.46131,8.06344],[110.50767,8.06741],[110.51231,8.07639],[110.5116,8.08651],[110.5056,8.09384],[110.48954,8.09855],[110.47356,8.0991],[110.45584,8.09526],[110.44754,8.08942],[110.44512,8.07636],[110.45217,8.06724],[110.46131,8.06344]]],[[[110.53095,8.10522],[110.5454,8.10607],[110.5564,8.11553],[110.55676,8.12563],[110.53988,8.11356],[110.53206,8.1116],[110.53095,8.10522]]],[[[111.9184,8.15067],[111.92389,8.12796],[111.93996,8.12041],[111.95834,8.11768],[111.9749,8.11757],[112.00611,8.12523],[112.01659,8.13726],[112.01905,8.14848],[112.01394,8.17286],[111.9974,8.18112],[111.97982,8.18321],[111.94336,8.18103],[111.93074,8.17638],[111.9206,8.16817],[111.9184,8.15067]]],[[[110.58287,8.17],[110.59351,8.17834],[110.58851,8.20591],[110.57495,8.2127],[110.54777,8.21561],[110.52081,8.20664],[110.4584,8.15904],[110.43548,8.15221],[110.43171,8.14443],[110.43873,8.13901],[110.45151,8.13787],[110.48389,8.14732],[110.49616,8.15559],[110.50356,8.16799],[110.52806,8.17705],[110.54418,8.17722],[110.56808,8.16902],[110.58287,8.17]]],[[[113.32125,8.16602],[113.34825,8.21201],[113.36131,8.26738],[113.3628,8.28454],[113.35965,8.29002],[113.35578,8.28795],[113.34392,8.26358],[113.34652,8.24689],[113.34079,8.22859],[113.32851,8.21421],[113.30224,8.1959],[113.28899,8.17857],[113.26947,8.13133],[113.25625,8.11858],[113.24772,8.10313],[113.22772,8.08697],[113.2216,8.07323],[113.23063,8.07433],[113.23984,8.08085],[113.32125,8.16602]]],[[[110.19301,8.30368],[110.19839,8.29827],[110.20669,8.29812],[110.21171,8.30396],[110.2115,8.31223],[110.20641,8.31669],[110.19791,8.31482],[110.19301,8.30368]]],[[[109.86194,8.36013],[109.8636,8.35297],[109.86981,8.34963],[109.87663,8.35093],[109.88107,8.35745],[109.87849,8.36612],[109.87207,8.36982],[109.86625,8.36794],[109.86194,8.36013]]],[[[111.45269,8.54548],[111.4544,8.54061],[111.46491,8.53696],[111.47517,8.53891],[111.47078,8.55108],[111.45269,8.54548]]],[[[111.91206,8.64228],[111.91476,8.63983],[111.92767,8.65463],[111.91899,8.65802],[111.91206,8.64228]]],[[[111.67583,8.65872],[111.69562,8.66881],[111.69956,8.67617],[111.69712,8.68436],[111.68997,8.6862],[111.67112,8.67646],[111.64675,8.67159],[111.64031,8.66449],[111.64552,8.65875],[111.67583,8.65872]]],[[[114.0441,8.77033],[114.0568,8.76982],[114.05999,8.77309],[114.05474,8.78368],[114.05335,8.79755],[114.04807,8.80228],[114.03745,8.80475],[114.02935,8.82627],[114.01799,8.82522],[114.00136,8.8349],[113.97882,8.83806],[113.93826,8.83602],[113.92685,8.8427],[113.9084,8.84517],[113.90393,8.84377],[113.89257,8.82902],[113.89556,8.82401],[113.93215,8.80867],[113.96389,8.791],[113.98009,8.78714],[113.99537,8.77562],[114.03002,8.77891],[114.0441,8.77033]]],[[[112.66202,8.8216],[112.66386,8.82562],[112.66157,8.82873],[112.61108,8.84532],[112.58646,8.847],[112.57279,8.84424],[112.54731,8.84755],[112.54226,8.8418],[112.54354,8.8308],[112.5502,8.82111],[112.55168,8.81197],[112.56313,8.80676],[112.5798,8.80647],[112.6014,8.81399],[112.63662,8.81549],[112.66202,8.8216]]],[[[112.26482,8.87244],[112.26651,8.88497],[112.2602,8.89275],[112.24802,8.89377],[112.20172,8.88152],[112.18435,8.86903],[112.17584,8.85275],[112.17866,8.84612],[112.20715,8.83847],[112.21588,8.83263],[112.22326,8.83294],[112.26482,8.87244]]],[[[112.35701,8.93544],[112.35251,8.94041],[112.34037,8.93465],[112.33831,8.93083],[112.347,8.92622],[112.35701,8.93544]]],[[[113.65782,8.94642],[113.68043,8.94855],[113.68991,8.95542],[113.69417,8.9638],[113.70527,8.96978],[113.71162,8.97974],[113.70125,8.98],[113.68166,8.96752],[113.65263,8.96587],[113.63685,8.95402],[113.6333,8.94008],[113.65782,8.94642]]],[[[112.84415,9.54128],[112.84892,9.53787],[112.85233,9.5426],[112.84756,9.54598],[112.84415,9.54128]]],[[[112.89582,9.58568],[112.89806,9.58184],[112.90155,9.58607],[112.89582,9.58568]]],[[[112.94576,9.60914],[112.94689,9.62344],[112.95362,9.62676],[112.94766,9.64638],[112.93018,9.625],[112.91091,9.59001],[112.89934,9.57879],[112.89248,9.56343],[112.87758,9.55062],[112.86944,9.53533],[112.88607,9.54099],[112.90324,9.55468],[112.94272,9.56031],[112.95015,9.57129],[112.99356,9.5998],[113.00999,9.61925],[113.00762,9.62307],[112.99927,9.62295],[112.99913,9.61267],[112.98682,9.60312],[112.98073,9.59396],[112.94933,9.57417],[112.94187,9.57312],[112.93988,9.56313],[112.93175,9.5611],[112.92602,9.56473],[112.91057,9.56339],[112.90548,9.57101],[112.89955,9.56992],[112.90633,9.57812],[112.91036,9.57183],[112.91347,9.57267],[112.91571,9.59165],[112.92529,9.57929],[112.92912,9.57973],[112.93513,9.59039],[112.92969,9.59715],[112.93065,9.60298],[112.93961,9.61311],[112.94576,9.60914]]],[[[112.91768,9.61776],[112.91852,9.61886],[112.91683,9.61926],[112.91768,9.61776]]],[[[113.06033,9.67328],[113.05683,9.689],[112.99632,9.65949],[112.98056,9.66089],[112.96413,9.65557],[112.96378,9.64668],[112.95462,9.65253],[112.95191,9.64555],[112.95721,9.63842],[112.98394,9.64328],[112.98937,9.63893],[112.99558,9.63891],[113.00529,9.63093],[112.99974,9.62556],[113.00794,9.62516],[113.01167,9.62191],[113.0485,9.64975],[113.06033,9.67328]]],[[[114.0,9.99741],[114.00454,9.99681],[114.00571,10.0],[114.0,10.0],[114.0,9.99741]]],[[[113.86881,10.11793],[113.86722,10.12311],[113.8575,10.12664],[113.85516,10.12322],[113.85551,10.09768],[113.84401,10.06222],[113.84428,10.02693],[113.84062,10.00574],[113.84162,10.00004],[113.84737,9.99553],[113.85203,9.99674],[113.8578,10.00712],[113.85919,10.03312],[113.85511,10.04157],[113.85996,10.0551],[113.86881,10.11793]]],[[[113.63868,10.22496],[113.65114,10.24293],[113.63691,10.23803],[113.62829,10.22877],[113.62912,10.22403],[113.63868,10.22496]]],[[[109.37133,12.27847],[109.37151,12.2786],[109.37102,12.27913],[109.37133,12.27847]]],[[[109.37213,12.36999],[109.3677,12.36813],[109.37421,12.35805],[109.37963,12.35578],[109.38073,12.35895],[109.37213,12.36999]]],[[[109.46139,12.56672],[109.45959,12.56486],[109.45998,12.56447],[109.46139,12.56672]]],[[[109.44228,12.57428],[109.4429,12.57492],[109.442,12.5753],[109.44228,12.57428]]],[[[109.43641,12.59659],[109.43608,12.59491],[109.43716,12.59483],[109.43641,12.59659]]],[[[109.44692,12.59737],[109.44884,12.59505],[109.44908,12.59619],[109.44692,12.59737]]],[[[109.43889,12.61037],[109.43916,12.61069],[109.4387,12.61095],[109.43889,12.61037]]],[[[109.43728,12.61193],[109.43773,12.61219],[109.43758,12.61278],[109.43728,12.61193]]],[[[109.43799,12.61974],[109.43815,12.62004],[109.43768,12.62032],[109.43799,12.61974]]],[[[109.43658,12.62169],[109.43686,12.6211],[109.43714,12.62135],[109.43658,12.62169]]],[[[109.37676,12.64358],[109.37619,12.64653],[109.37393,12.64635],[109.37495,12.64458],[109.37676,12.64358]]],[[[109.3941,12.65676],[109.39278,12.65018],[109.40265,12.64314],[109.3992,12.64831],[109.40411,12.64778],[109.40465,12.65036],[109.3941,12.65676]]],[[[109.46692,12.65051],[109.46699,12.65037],[109.4672,12.65069],[109.46692,12.65051]]],[[[109.40479,12.65888],[109.40459,12.65904],[109.4042,12.65733],[109.40479,12.65888]]],[[[114.13909,7.583],[114.15608,7.60033],[114.15445,7.60463],[114.12257,7.58882],[114.12984,7.58058],[114.13909,7.583]]],[[[113.92857,7.63649],[113.92043,7.63723],[113.91705,7.63403],[113.92405,7.60552],[113.95247,7.61069],[113.96874,7.60659],[113.97118,7.61013],[113.99999,7.61917],[114.01285,7.63807],[114.02942,7.64611],[114.02837,7.64966],[114.03554,7.66022],[114.04311,7.66472],[114.05009,7.66355],[114.06716,7.67964],[114.07356,7.6918],[114.10304,7.69568],[114.11252,7.70094],[114.13075,7.72191],[114.13714,7.72411],[114.14716,7.71699],[114.14024,7.70802],[114.14191,7.70146],[114.15241,7.70017],[114.15753,7.6937],[114.1694,7.69932],[114.15855,7.70929],[114.14966,7.73023],[114.14037,7.73936],[114.11435,7.73905],[114.10455,7.73023],[114.09134,7.72412],[114.08017,7.71009],[114.06097,7.70328],[114.05704,7.69438],[114.0442,7.68239],[114.03303,7.67669],[114.01793,7.65663],[113.99435,7.65256],[113.99178,7.63714],[113.98119,7.62476],[113.97484,7.62194],[113.92857,7.63649]]],[[[114.26194,7.66254],[114.27534,7.68109],[114.27463,7.68682],[114.25384,7.67494],[114.25365,7.66754],[114.25056,7.67048],[114.2478,7.66872],[114.24874,7.66487],[114.25564,7.6613],[114.26194,7.66254]]],[[[114.3587,7.68544],[114.37025,7.69623],[114.36945,7.71645],[114.36219,7.72577],[114.35849,7.72361],[114.36097,7.70317],[114.34471,7.68814],[114.34207,7.67707],[114.33832,7.67698],[114.32304,7.6926],[114.32941,7.68982],[114.333,7.69261],[114.32844,7.69868],[114.32245,7.69939],[114.31803,7.69602],[114.33803,7.67333],[114.34275,7.65966],[114.34687,7.65756],[114.3587,7.68544]]],[[[114.1907,7.74084],[114.165,7.72895],[114.16975,7.71188],[114.18442,7.7122],[114.19156,7.72249],[114.20071,7.7273],[114.1907,7.74084]]],[[[114.26088,7.81857],[114.26327,7.83372],[114.25914,7.84848],[114.25,7.83253],[114.24672,7.81545],[114.24044,7.8098],[114.23745,7.79432],[114.2247,7.79009],[114.21207,7.77801],[114.21303,7.76087],[114.21711,7.75386],[114.2252,7.7576],[114.2271,7.7657],[114.2174,7.77364],[114.21973,7.77888],[114.222,7.77456],[114.23264,7.76904],[114.24467,7.77819],[114.25032,7.77587],[114.25506,7.77907],[114.24744,7.79251],[114.24779,7.80318],[114.2557,7.81926],[114.26088,7.81857]]],[[[114.38993,7.79822],[114.39648,7.79544],[114.40878,7.81168],[114.43638,7.8311],[114.44274,7.84571],[114.44179,7.85236],[114.43694,7.85485],[114.41999,7.83227],[114.39904,7.81904],[114.38993,7.79822]]],[[[114.43937,7.9531],[114.42655,7.95449],[114.412,7.95109],[114.39534,7.93491],[114.39667,7.91967],[114.37869,7.91014],[114.36404,7.9077],[114.35065,7.9214],[114.337,7.92692],[114.32764,7.92475],[114.29805,7.90385],[114.29577,7.88919],[114.26797,7.86389],[114.26619,7.8578],[114.27425,7.85581],[114.29664,7.86877],[114.31135,7.8975],[114.31888,7.90593],[114.32555,7.90444],[114.33102,7.90697],[114.33812,7.90111],[114.34284,7.90087],[114.34386,7.90453],[114.36864,7.89715],[114.38899,7.90274],[114.4144,7.90127],[114.41506,7.92261],[114.42353,7.9344],[114.4317,7.93743],[114.44691,7.9315],[114.45548,7.93548],[114.44941,7.94755],[114.43937,7.9531]]],[[[114.11883,8.10306],[114.12283,8.09657],[114.13241,8.09903],[114.14426,8.11053],[114.14435,8.11579],[114.13235,8.11857],[114.1239,8.11505],[114.11883,8.10306]]],[[[114.16707,8.69703],[114.17785,8.67375],[114.20729,8.69441],[114.19573,8.71079],[114.19697,8.74222],[114.19129,8.7477],[114.16393,8.75925],[114.15387,8.74923],[114.16868,8.72372],[114.16707,8.69703]]],[[[114.18258,9.38001],[114.17718,9.37662],[114.18054,9.36969],[114.18729,9.3763],[114.18258,9.38001]]],[[[114.35202,9.69175],[114.3524,9.68895],[114.35716,9.68999],[114.35595,9.69348],[114.35202,9.69175]]],[[[114.32018,9.7406],[114.32021,9.74471],[114.31476,9.74823],[114.3098,9.74176],[114.30866,9.73352],[114.31205,9.7344],[114.32018,9.7406]]],[[[114.2802,9.73608],[114.28423,9.73713],[114.28215,9.74371],[114.26839,9.76368],[114.26185,9.7677],[114.25556,9.78111],[114.25077,9.78117],[114.24825,9.77105],[114.26835,9.75149],[114.27416,9.73741],[114.27077,9.73176],[114.26901,9.70468],[114.27543,9.70031],[114.28532,9.70588],[114.29127,9.72189],[114.289,9.72719],[114.28126,9.7242],[114.2802,9.73608]]],[[[114.3295,9.7623],[114.32552,9.76031],[114.32795,9.75013],[114.33288,9.75448],[114.3295,9.7623]]],[[[114.34345,9.75996],[114.34227,9.76312],[114.33544,9.76653],[114.33851,9.75801],[114.34345,9.75996]]],[[[114.34431,9.77274],[114.34703,9.76368],[114.35036,9.76847],[114.34431,9.77274]]],[[[114.37005,9.7836],[114.3624,9.78284],[114.36106,9.77578],[114.37754,9.77841],[114.37005,9.7836]]],[[[114.38253,9.78592],[114.37944,9.78056],[114.38809,9.78445],[114.37919,9.78715],[114.38253,9.78592]]],[[[114.39867,9.80634],[114.38995,9.80376],[114.39428,9.78975],[114.40832,9.79692],[114.39867,9.80634]]],[[[114.31839,9.80272],[114.31663,9.80172],[114.32015,9.79989],[114.31839,9.80272]]],[[[114.25485,9.79025],[114.26139,9.79004],[114.27077,9.80621],[114.2745,9.83029],[114.26938,9.82772],[114.26257,9.80005],[114.25485,9.79025]]],[[[114.33869,9.82664],[114.34069,9.8227],[114.34318,9.82147],[114.34244,9.82339],[114.33869,9.82664]]],[[[114.26632,9.83474],[114.26968,9.83449],[114.2704,9.83698],[114.26763,9.83769],[114.26632,9.83474]]],[[[114.2903,9.86869],[114.30074,9.87647],[114.30924,9.8728],[114.30833,9.88312],[114.30026,9.88457],[114.29664,9.87915],[114.28059,9.87059],[114.27358,9.86043],[114.27322,9.83805],[114.27713,9.83816],[114.27971,9.84639],[114.29449,9.8552],[114.2949,9.86174],[114.2903,9.86869]]],[[[114.31733,9.86924],[114.31392,9.87409],[114.31097,9.87061],[114.31733,9.86924]]],[[[114.31803,9.87839],[114.32112,9.88006],[114.31706,9.88472],[114.31687,9.88063],[114.31803,9.87839]]],[[[114.32917,9.89127],[114.32254,9.89086],[114.32204,9.88625],[114.32466,9.88385],[114.32919,9.88763],[114.32796,9.88283],[114.33286,9.88263],[114.33384,9.88802],[114.32917,9.89127]]],[[[114.38055,9.8979],[114.39562,9.88633],[114.39527,9.88019],[114.39963,9.88359],[114.39972,9.89804],[114.38939,9.90451],[114.36152,9.90687],[114.35386,9.90294],[114.38055,9.8979]]],[[[114.34902,9.90145],[114.34048,9.90054],[114.33933,9.89127],[114.3475,9.89113],[114.34902,9.90145]]],[[[114.41106,9.98541],[114.41568,10.0],[114.41209,10.00787],[114.40514,10.01205],[114.36481,10.01193],[114.35674,10.0086],[114.35076,10.0],[114.35615,9.98462],[114.37093,9.97273],[114.39379,9.97342],[114.41106,9.98541]]],[[[114.02154,10.01454],[114.02262,10.01744],[114.01796,10.02002],[114.01298,10.01948],[114.0106,10.01572],[114.01266,10.01282],[114.02154,10.01454]]],[[[114.24238,10.17687],[114.25009,10.15719],[114.28652,10.15446],[114.28309,10.16084],[114.25477,10.16893],[114.24578,10.17816],[114.24238,10.17687]]],[[[114.30987,10.17496],[114.30722,10.16845],[114.30851,10.16648],[114.31217,10.17258],[114.30987,10.17496]]],[[[114.31825,10.17743],[114.31859,10.17165],[114.32426,10.17438],[114.32365,10.17974],[114.31825,10.17743]]],[[[114.34211,10.18236],[114.36761,10.17594],[114.37342,10.18166],[114.35929,10.18621],[114.34211,10.18236]]],[[[114.37524,10.1947],[114.37996,10.19177],[114.3819,10.19884],[114.37534,10.19936],[114.37524,10.1947]]],[[[114.38445,10.20069],[114.39057,10.20146],[114.38897,10.20582],[114.38445,10.20069]]],[[[114.41332,10.20715],[114.40219,10.20888],[114.3971,10.2039],[114.4024,10.20127],[114.41332,10.20715]]],[[[114.41449,10.22155],[114.41611,10.21493],[114.41938,10.2158],[114.41762,10.22186],[114.41449,10.22155]]],[[[114.22524,10.19119],[114.23271,10.18392],[114.2374,10.1848],[114.23868,10.19114],[114.22805,10.21316],[114.24494,10.2424],[114.26685,10.25513],[114.27162,10.26115],[114.27184,10.27115],[114.2645,10.26941],[114.23639,10.24596],[114.23255,10.23052],[114.21646,10.20933],[114.22524,10.19119]]],[[[114.36676,10.24903],[114.36709,10.25235],[114.36516,10.25262],[114.36676,10.24903]]],[[[114.38331,10.27133],[114.38478,10.26839],[114.38873,10.27075],[114.38331,10.27133]]],[[[114.37038,10.27079],[114.37264,10.27071],[114.3746,10.27449],[114.37242,10.27545],[114.37038,10.27079]]],[[[114.40368,10.27804],[114.40491,10.28289],[114.40201,10.28421],[114.39961,10.27845],[114.40368,10.27804]]],[[[114.39249,10.287],[114.39402,10.28862],[114.39156,10.29003],[114.39249,10.287]]],[[[114.42235,10.31828],[114.42336,10.32062],[114.42086,10.32104],[114.42235,10.31828]]],[[[114.3742,10.38121],[114.37298,10.38541],[114.3625,10.38414],[114.34572,10.37542],[114.35189,10.33375],[114.34837,10.32732],[114.32336,10.30672],[114.30253,10.29759],[114.27882,10.27829],[114.27913,10.27519],[114.28682,10.27609],[114.29968,10.28848],[114.3334,10.29761],[114.3519,10.31546],[114.37092,10.32475],[114.35922,10.35252],[114.36214,10.36844],[114.3742,10.38121]]],[[[114.42652,10.3307],[114.42695,10.33274],[114.42327,10.33271],[114.42652,10.3307]]],[[[114.38227,10.3856],[114.37874,10.38089],[114.38008,10.37029],[114.39166,10.38281],[114.38227,10.3856]]],[[[114.40982,10.37945],[114.42118,10.38491],[114.42199,10.39112],[114.41043,10.39329],[114.40062,10.38968],[114.40183,10.38136],[114.40982,10.37945]]],[[[114.39071,10.67021],[114.39223,10.67587],[114.38736,10.67865],[114.38513,10.67214],[114.39071,10.67021]]],[[[114.31769,10.69391],[114.31852,10.68996],[114.32727,10.69625],[114.33151,10.69482],[114.34135,10.7028],[114.35559,10.70675],[114.36903,10.70333],[114.36729,10.7077],[114.38045,10.7215],[114.40512,10.73992],[114.40377,10.74978],[114.3932,10.74954],[114.3853,10.73812],[114.37492,10.73296],[114.34739,10.72767],[114.32886,10.71051],[114.31769,10.69391]]],[[[114.11529,10.93363],[114.11279,10.94192],[114.10031,10.95499],[114.08463,10.95569],[114.06834,10.94483],[114.05967,10.92908],[114.04945,10.92127],[114.04719,10.90703],[114.0643,10.89688],[114.08498,10.89653],[114.09306,10.89968],[114.11065,10.9131],[114.11529,10.93363]]],[[[114.18824,11.02994],[114.17902,11.03255],[114.18717,11.03928],[114.1853,11.04376],[114.17273,11.03935],[114.16765,11.03437],[114.16836,11.03118],[114.18043,11.02614],[114.18824,11.02994]]],[[[114.26911,11.061],[114.25798,11.05905],[114.25612,11.05035],[114.24332,11.05481],[114.23569,11.05097],[114.22911,11.05358],[114.22432,11.04574],[114.19569,11.04419],[114.19064,11.04099],[114.19,11.03649],[114.20088,11.03043],[114.22045,11.03705],[114.2436,11.03696],[114.2579,11.03214],[114.27156,11.04934],[114.26864,11.05266],[114.26911,11.061]]],[[[114.19074,11.04928],[114.18745,11.04794],[114.18771,11.045],[114.19285,11.04568],[114.19074,11.04928]]],[[[114.34334,11.05668],[114.33898,11.0557],[114.33921,11.05215],[114.34522,11.0518],[114.34334,11.05668]]],[[[114.27853,11.04689],[114.2942,11.05113],[114.29434,11.05627],[114.28937,11.06208],[114.28058,11.06145],[114.27853,11.04689]]],[[[114.20265,11.05016],[114.20562,11.04994],[114.20525,11.05439],[114.2092,11.0561],[114.20701,11.05976],[114.20223,11.05682],[114.20265,11.05016]]],[[[114.31091,11.05993],[114.31345,11.05393],[114.33461,11.05486],[114.33749,11.05867],[114.32883,11.06208],[114.31091,11.05993]]],[[[114.22158,11.05992],[114.22977,11.05791],[114.23211,11.06278],[114.21971,11.06493],[114.21423,11.06217],[114.22074,11.05431],[114.22158,11.05992]]],[[[114.32012,11.06647],[114.31765,11.06638],[114.31419,11.06133],[114.31818,11.06262],[114.32012,11.06647]]],[[[114.26015,11.07777],[114.25384,11.07888],[114.25422,11.07162],[114.26027,11.07303],[114.26015,11.07777]]],[[[114.36578,11.09655],[114.3653,11.08974],[114.36987,11.08692],[114.37079,11.08105],[114.38433,11.09416],[114.38068,11.09975],[114.36578,11.09655]]],[[[114.3259,11.42153],[114.33429,11.42766],[114.33534,11.43471],[114.34158,11.44293],[114.34886,11.44729],[114.37111,11.44884],[114.38653,11.43772],[114.3858,11.441],[114.37626,11.44538],[114.37471,11.45234],[114.38159,11.45799],[114.38693,11.45527],[114.39391,11.44651],[114.39021,11.44501],[114.39262,11.44274],[114.38981,11.43615],[114.39164,11.43047],[114.38409,11.40305],[114.37702,11.39771],[114.36692,11.40059],[114.36739,11.39463],[114.35959,11.39292],[114.36047,11.38569],[114.35449,11.38144],[114.34711,11.38355],[114.34002,11.38077],[114.33355,11.38342],[114.33078,11.37893],[114.33563,11.37996],[114.33423,11.37728],[114.3376,11.37695],[114.34472,11.38047],[114.36089,11.38128],[114.37114,11.39365],[114.37756,11.3941],[114.3859,11.40082],[114.40113,11.44554],[114.40037,11.47183],[114.38913,11.47455],[114.34919,11.46082],[114.3234,11.43516],[114.32325,11.42438],[114.315,11.40714],[114.29458,11.39583],[114.29318,11.37719],[114.30859,11.37864],[114.32051,11.37622],[114.32886,11.37913],[114.31084,11.38259],[114.30779,11.39034],[114.30906,11.39698],[114.32654,11.40945],[114.3259,11.42153]]],[[[114.46311,7.86765],[114.47226,7.8709],[114.48881,7.88555],[114.49072,7.89457],[114.47115,7.90353],[114.47477,7.89143],[114.47118,7.88258],[114.44501,7.85927],[114.45066,7.85764],[114.46311,7.86765]]],[[[114.43089,9.81056],[114.43559,9.81295],[114.43722,9.81664],[114.43055,9.81848],[114.43089,9.81056]]],[[[114.45254,9.84112],[114.44906,9.83052],[114.4513,9.8259],[114.4644,9.8265],[114.46939,9.82999],[114.46119,9.84086],[114.45254,9.84112]]],[[[114.49383,9.85136],[114.48923,9.85651],[114.48659,9.85618],[114.48927,9.84896],[114.49383,9.85136]]],[[[114.54556,9.85825],[114.55294,9.85896],[114.55402,9.86253],[114.54808,9.86449],[114.54556,9.85825]]],[[[114.51525,9.87118],[114.50893,9.8756],[114.50331,9.87142],[114.50781,9.86326],[114.51508,9.86756],[114.51525,9.87118]]],[[[114.52779,9.88475],[114.5321,9.88408],[114.53604,9.88772],[114.52942,9.8981],[114.52474,9.89263],[114.52779,9.88475]]],[[[114.42152,9.87906],[114.42986,9.87853],[114.43218,9.88895],[114.44501,9.89482],[114.44481,9.90237],[114.43491,9.90288],[114.41668,9.89418],[114.42152,9.87906]]],[[[114.48027,9.9036],[114.47538,9.89212],[114.47876,9.89436],[114.48327,9.89115],[114.48783,9.89743],[114.48027,9.9036]]],[[[114.57206,9.90051],[114.57423,9.9009],[114.57205,9.90564],[114.57146,9.90527],[114.57206,9.90051]]],[[[114.5604,9.90795],[114.56087,9.8989],[114.56312,9.89881],[114.56465,9.90583],[114.5604,9.90795]]],[[[114.45384,9.91277],[114.45548,9.89622],[114.46877,9.89559],[114.4729,9.89917],[114.47379,9.90503],[114.46897,9.90894],[114.45384,9.91277]]],[[[114.5919,9.91626],[114.59002,9.90147],[114.59898,9.9],[114.60485,9.91295],[114.5919,9.91626]]],[[[114.50297,9.91434],[114.50273,9.92124],[114.49178,9.92441],[114.48486,9.91296],[114.48526,9.90866],[114.49541,9.90575],[114.50297,9.91434]]],[[[114.51581,9.91987],[114.51468,9.91527],[114.5049,9.91164],[114.51095,9.91033],[114.51896,9.91593],[114.52366,9.91385],[114.51383,9.9245],[114.50751,9.92257],[114.51581,9.91987]]],[[[114.61008,9.92071],[114.60452,9.92268],[114.60333,9.92201],[114.6074,9.91703],[114.61008,9.92071]]],[[[114.62672,9.9315],[114.62746,9.9348],[114.62181,9.93644],[114.61241,9.92464],[114.62672,9.9315]]],[[[114.52718,9.92416],[114.52891,9.93409],[114.52676,9.93902],[114.52244,9.94255],[114.51367,9.94014],[114.51427,9.93273],[114.51833,9.93074],[114.51701,9.93361],[114.52101,9.93294],[114.52307,9.92444],[114.52718,9.92416]]],[[[114.53524,9.94004],[114.53397,9.9401],[114.5344,9.93593],[114.53524,9.94004]]],[[[114.54957,9.9412],[114.5433,9.94832],[114.54332,9.9462],[114.54957,9.9412]]],[[[114.56276,9.95136],[114.56046,9.94872],[114.56173,9.94771],[114.56276,9.95136]]],[[[114.52919,9.95338],[114.52681,9.94966],[114.53243,9.9499],[114.52919,9.95338]]],[[[114.5506,9.95234],[114.55323,9.95495],[114.54401,9.9592],[114.5506,9.95234]]],[[[114.58937,9.96381],[114.58597,9.96593],[114.58983,9.96101],[114.58937,9.96381]]],[[[114.5715,9.96013],[114.57547,9.96303],[114.57483,9.96897],[114.57132,9.97073],[114.55787,9.9692],[114.54712,9.9635],[114.55208,9.95989],[114.5715,9.96013]]],[[[114.60296,9.97639],[114.60043,9.98378],[114.60063,9.98074],[114.60296,9.97639]]],[[[114.60055,9.98549],[114.60236,9.99243],[114.58086,9.97827],[114.58705,9.97163],[114.59229,9.97253],[114.59452,9.9785],[114.59231,9.9826],[114.59736,9.98784],[114.60055,9.98549]]],[[[114.42843,10.22463],[114.42825,10.22886],[114.42356,10.22755],[114.42475,10.22164],[114.42843,10.22463]]],[[[114.45372,10.23372],[114.45169,10.23836],[114.44473,10.23521],[114.43553,10.22765],[114.43542,10.2237],[114.44012,10.22345],[114.45372,10.23372]]],[[[114.53005,10.23969],[114.53221,10.23674],[114.53462,10.23845],[114.53204,10.24041],[114.53005,10.23969]]],[[[114.49082,10.24587],[114.46603,10.24483],[114.46306,10.2417],[114.49416,10.23729],[114.50003,10.23367],[114.51855,10.23437],[114.5181,10.23747],[114.49082,10.24587]]],[[[114.45522,10.2422],[114.45665,10.24123],[114.45848,10.24533],[114.45522,10.2422]]],[[[114.52983,10.24928],[114.533,10.24535],[114.53925,10.24724],[114.53466,10.25157],[114.52983,10.24928]]],[[[114.54252,10.24853],[114.54428,10.24233],[114.55096,10.2438],[114.56,10.25558],[114.57149,10.26287],[114.56375,10.26818],[114.54252,10.24853]]],[[[114.59794,10.26971],[114.58664,10.27653],[114.58223,10.27396],[114.5803,10.26562],[114.58446,10.26241],[114.59443,10.26304],[114.59941,10.26478],[114.59794,10.26971]]],[[[114.60551,10.26849],[114.60837,10.26668],[114.60918,10.27205],[114.60662,10.27175],[114.60551,10.26849]]],[[[114.61976,10.26846],[114.63361,10.28409],[114.64667,10.29138],[114.63357,10.28988],[114.62067,10.28004],[114.61976,10.26846]]],[[[114.4623,10.29019],[114.46345,10.29325],[114.46196,10.29557],[114.45992,10.29308],[114.4623,10.29019]]],[[[114.47776,10.30751],[114.48055,10.30898],[114.47905,10.31261],[114.47626,10.31128],[114.47776,10.30751]]],[[[114.44074,10.31872],[114.43975,10.31449],[114.44605,10.31701],[114.4453,10.31876],[114.44074,10.31872]]],[[[114.60179,10.32874],[114.59014,10.32371],[114.61229,10.31583],[114.61783,10.31842],[114.61725,10.3194],[114.60179,10.32874]]],[[[114.57299,10.32909],[114.56356,10.33183],[114.55891,10.32573],[114.57866,10.31473],[114.5835,10.31477],[114.58002,10.32279],[114.57299,10.32909]]],[[[114.4554,10.34419],[114.45522,10.34842],[114.45229,10.34796],[114.45246,10.34476],[114.4554,10.34419]]],[[[114.52017,10.34053],[114.52942,10.34244],[114.53153,10.34627],[114.52748,10.35414],[114.51733,10.35801],[114.51285,10.36546],[114.50384,10.36934],[114.49844,10.36718],[114.49723,10.35757],[114.52017,10.34053]]],[[[114.48757,10.35218],[114.48943,10.35918],[114.48226,10.35403],[114.48757,10.35218]]],[[[114.56471,10.40708],[114.5617,10.3904],[114.54382,10.36076],[114.54269,10.34085],[114.54824,10.32283],[114.55796,10.33773],[114.55885,10.35284],[114.57257,10.38597],[114.57919,10.39717],[114.59097,10.4043],[114.59421,10.41466],[114.58577,10.41956],[114.57747,10.41777],[114.56471,10.40708]]],[[[114.4376,10.38278],[114.4529,10.37571],[114.47676,10.37029],[114.48457,10.37356],[114.47934,10.38552],[114.46689,10.39206],[114.44024,10.39043],[114.42753,10.39371],[114.4376,10.38278]]],[[[114.41976,10.67632],[114.41686,10.66908],[114.41832,10.66446],[114.43612,10.66247],[114.43672,10.66835],[114.41976,10.67632]]],[[[114.45565,10.68464],[114.4521,10.68361],[114.4518,10.66819],[114.46698,10.67283],[114.45565,10.68464]]],[[[114.48516,10.68935],[114.49275,10.68603],[114.50497,10.69219],[114.50366,10.69487],[114.48516,10.68935]]],[[[114.51292,10.69776],[114.52334,10.69714],[114.53384,10.704],[114.5448,10.72695],[114.5377,10.72195],[114.52573,10.71988],[114.52469,10.70632],[114.51292,10.69776]]],[[[114.57521,10.75022],[114.57074,10.74498],[114.55659,10.74105],[114.55605,10.73799],[114.58178,10.73921],[114.5854,10.74482],[114.58634,10.75699],[114.59436,10.76542],[114.59524,10.77314],[114.57916,10.79829],[114.57083,10.79395],[114.57521,10.75022]]],[[[114.45861,10.79611],[114.43689,10.77192],[114.41854,10.76221],[114.41361,10.74831],[114.41762,10.74637],[114.42935,10.75259],[114.46739,10.79144],[114.46613,10.79755],[114.45861,10.79611]]],[[[114.47901,10.70226],[114.48886,10.69414],[114.50614,10.70184],[114.51574,10.70257],[114.52388,10.72172],[114.53515,10.72421],[114.5545,10.74143],[114.56305,10.745],[114.56632,10.76854],[114.56397,10.78264],[114.57353,10.82439],[114.58481,10.83721],[114.58689,10.84562],[114.58715,10.885],[114.5829,10.89068],[114.57656,10.89081],[114.57409,10.88453],[114.56815,10.88097],[114.57185,10.87243],[114.57077,10.86744],[114.55418,10.86527],[114.5346,10.85258],[114.52392,10.83478],[114.5014,10.82805],[114.50284,10.81192],[114.49243,10.8075],[114.48931,10.80102],[114.47565,10.80625],[114.47174,10.80503],[114.47116,10.79598],[114.47759,10.78617],[114.4659,10.77861],[114.46469,10.76633],[114.43863,10.75993],[114.43784,10.74277],[114.43396,10.73886],[114.42098,10.74042],[114.40472,10.73419],[114.40324,10.72082],[114.39531,10.7106],[114.3948,10.70469],[114.38223,10.70284],[114.3804,10.69895],[114.38492,10.69373],[114.40518,10.68957],[114.40764,10.67391],[114.41396,10.67581],[114.41836,10.6847],[114.42553,10.68661],[114.43773,10.67638],[114.44155,10.67642],[114.44855,10.68633],[114.45804,10.68918],[114.46149,10.70065],[114.47901,10.70226]]],[[[114.58045,10.80431],[114.58321,10.81746],[114.57807,10.81658],[114.5769,10.80259],[114.58045,10.80431]]],[[[114.49608,10.82254],[114.49136,10.82406],[114.48514,10.81638],[114.48503,10.81158],[114.49331,10.81236],[114.49608,10.82254]]],[[[114.50509,10.838],[114.50643,10.83194],[114.51155,10.83424],[114.50877,10.84184],[114.50509,10.838]]],[[[114.51506,10.84133],[114.51909,10.83727],[114.52267,10.8363],[114.52193,10.83983],[114.51506,10.84133]]],[[[114.52804,10.84341],[114.52835,10.85837],[114.52391,10.86017],[114.51314,10.85007],[114.52804,10.84341]]],[[[114.53491,10.85871],[114.53949,10.85705],[114.54059,10.86228],[114.55284,10.86704],[114.54876,10.87661],[114.53198,10.86828],[114.53491,10.85871]]],[[[114.56407,10.89156],[114.56539,10.88733],[114.57183,10.88427],[114.57023,10.88864],[114.57705,10.89364],[114.58505,10.89272],[114.58836,10.88878],[114.59113,10.84491],[114.58523,10.83314],[114.58885,10.82625],[114.59422,10.83321],[114.59412,10.86512],[114.59985,10.88083],[114.59948,10.89155],[114.60448,10.90966],[114.59717,10.9137],[114.58946,10.91363],[114.56407,10.89156]]],[[[114.55897,10.88643],[114.55401,10.88102],[114.56183,10.86754],[114.5695,10.8724],[114.55897,10.88643]]],[[[114.62305,10.92845],[114.62485,10.93537],[114.61441,10.9367],[114.60179,10.92475],[114.60398,10.91911],[114.62305,10.92845]]],[[[114.60441,11.33214],[114.61298,11.34438],[114.61006,11.34852],[114.60095,11.34474],[114.59257,11.33646],[114.57835,11.33484],[114.56614,11.34672],[114.56687,11.35266],[114.57288,11.35969],[114.59548,11.36743],[114.60441,11.36743],[114.60642,11.37607],[114.57471,11.37553],[114.5594,11.36671],[114.55229,11.34546],[114.55867,11.32782],[114.56523,11.3262],[114.57562,11.32926],[114.59457,11.32458],[114.60441,11.33214]]],[[[114.61302,11.38586],[114.60897,11.38165],[114.61097,11.37535],[114.61936,11.37517],[114.61972,11.38147],[114.61302,11.38586]]],[[[114.66656,11.49648],[114.66474,11.5026],[114.65326,11.5089],[114.64235,11.50884],[114.63085,11.50442],[114.62611,11.49812],[114.61772,11.47958],[114.6139,11.45403],[114.6108,11.40558],[114.61572,11.39838],[114.62392,11.40306],[114.62501,11.40774],[114.63668,11.46437],[114.63376,11.46923],[114.6343,11.48299],[114.64013,11.48785],[114.66146,11.48946],[114.66656,11.49648]]],[[[115.37233,8.05245],[115.36295,8.0438],[115.36113,8.02045],[115.36983,8.00441],[115.37925,8.00195],[115.39055,8.00889],[115.39453,8.02268],[115.39295,8.03493],[115.3879,8.04773],[115.37233,8.05245]]],[[[114.58053,8.11878],[114.60246,8.11623],[114.61567,8.12024],[114.63024,8.10241],[114.6429,8.09638],[114.64547,8.09866],[114.6452,8.10659],[114.63842,8.10533],[114.62441,8.12461],[114.60967,8.12652],[114.60902,8.13012],[114.62517,8.13265],[114.63211,8.1374],[114.66489,8.13945],[114.67589,8.14781],[114.70073,8.15476],[114.70757,8.16467],[114.71585,8.16291],[114.71738,8.15393],[114.73718,8.15211],[114.7842,8.12633],[114.78425,8.11765],[114.76653,8.09943],[114.74729,8.09019],[114.72374,8.09205],[114.71552,8.08983],[114.70307,8.09286],[114.67376,8.08738],[114.66046,8.08811],[114.65082,8.09234],[114.64745,8.09065],[114.64406,8.09346],[114.64883,8.08271],[114.6757,8.08227],[114.70407,8.08691],[114.7277,8.08066],[114.7449,8.08287],[114.78187,8.10217],[114.80083,8.11747],[114.80419,8.12384],[114.79336,8.14116],[114.77325,8.14797],[114.75921,8.17048],[114.73546,8.17215],[114.72348,8.18047],[114.71699,8.18025],[114.70428,8.18666],[114.6938,8.18248],[114.68101,8.17019],[114.66594,8.16147],[114.65551,8.16153],[114.64334,8.1549],[114.59547,8.149],[114.58157,8.14129],[114.57126,8.14255],[114.5599,8.13415],[114.53076,8.13381],[114.52066,8.12627],[114.5097,8.11107],[114.52417,8.10811],[114.58053,8.11878]]],[[[115.27213,8.35473],[115.2736,8.36257],[115.26644,8.36799],[115.25786,8.36975],[115.24188,8.36516],[115.21273,8.37122],[115.1914,8.39103],[115.17354,8.38827],[115.16646,8.38278],[115.19129,8.35509],[115.24019,8.35568],[115.25885,8.34727],[115.27213,8.35473]]],[[[115.25679,8.74942],[115.26952,8.75258],[115.27549,8.76098],[115.27617,8.76984],[115.26962,8.78321],[115.24892,8.7867],[115.23861,8.78139],[115.23555,8.76726],[115.24137,8.75676],[115.25679,8.74942]]],[[[114.63656,8.86582],[114.63393,8.8399],[114.63504,8.83582],[114.64074,8.8345],[114.6747,8.86151],[114.68194,8.87698],[114.65885,8.87696],[114.63656,8.86582]]],[[[115.74112,8.84412],[115.74329,8.8581],[115.7348,8.87463],[115.72091,8.88748],[115.70909,8.88591],[115.70711,8.87772],[115.70915,8.86815],[115.72286,8.84725],[115.73412,8.83991],[115.74112,8.84412]]],[[[116.26784,8.92574],[116.26207,8.92075],[116.25246,8.88713],[116.25385,8.88276],[116.26504,8.88135],[116.27574,8.88496],[116.29829,8.92389],[116.29082,8.92675],[116.26784,8.92574]]],[[[115.92276,9.3378],[115.9108,9.33001],[115.89785,9.32907],[115.89519,9.32611],[115.90304,9.32187],[115.93918,9.32353],[115.95453,9.32652],[115.95931,9.33123],[115.95366,9.33735],[115.92276,9.3378]]],[[[115.43433,9.40015],[115.42383,9.37743],[115.43043,9.35641],[115.43552,9.35188],[115.44676,9.34965],[115.4622,9.36193],[115.45625,9.37249],[115.45512,9.39755],[115.44925,9.41833],[115.44486,9.41706],[115.44182,9.40808],[115.43433,9.40015]]],[[[116.36602,9.52057],[116.3636,9.52727],[116.35761,9.52994],[116.34769,9.52475],[116.34944,9.51576],[116.35495,9.51223],[116.36429,9.51578],[116.36602,9.52057]]],[[[116.1714,9.60159],[116.17119,9.6119],[116.16699,9.61385],[116.15767,9.60703],[116.1553,9.59741],[116.16518,9.59406],[116.1714,9.60159]]],[[[114.66206,9.7115],[114.67056,9.7127],[114.6699,9.7203],[114.66459,9.72211],[114.66085,9.71982],[114.66206,9.7115]]],[[[115.87159,9.74468],[115.87294,9.7303],[115.86638,9.7145],[115.86186,9.71207],[115.86017,9.69435],[115.85343,9.68644],[115.85071,9.6902],[115.85628,9.71334],[115.85492,9.72455],[115.85025,9.73061],[115.84489,9.73055],[115.84805,9.71228],[115.84066,9.67848],[115.84204,9.65671],[115.84612,9.65876],[115.85004,9.67358],[115.86213,9.69176],[115.86547,9.7097],[115.87465,9.72833],[115.87824,9.75423],[115.89317,9.79214],[115.88095,9.8055],[115.86712,9.80861],[115.85125,9.79961],[115.84916,9.79093],[115.83363,9.76427],[115.8434,9.75338],[115.84188,9.73703],[115.84467,9.73264],[115.85166,9.7315],[115.84904,9.73929],[115.85294,9.74573],[115.85273,9.75829],[115.84464,9.76772],[115.84499,9.7722],[115.86368,9.80053],[115.86898,9.80305],[115.88022,9.8],[115.88738,9.79042],[115.88733,9.78441],[115.87159,9.74468]]],[[[116.42962,9.7719],[116.42733,9.77045],[116.4264,9.77279],[116.42522,9.77136],[116.42935,9.76766],[116.42962,9.7719]]],[[[116.42621,9.77435],[116.42806,9.77542],[116.42743,9.77603],[116.42621,9.77435]]],[[[116.41473,9.77873],[116.42426,9.77396],[116.42088,9.77666],[116.42355,9.77868],[116.41926,9.78958],[116.42416,9.7859],[116.43043,9.79343],[116.41841,9.79194],[116.42045,9.8013],[116.42439,9.80346],[116.43391,9.8026],[116.43324,9.79562],[116.44426,9.80747],[116.44909,9.80618],[116.45125,9.80926],[116.45538,9.80876],[116.45886,9.8129],[116.45756,9.80465],[116.46262,9.80387],[116.47387,9.79407],[116.47515,9.80448],[116.46901,9.81283],[116.45272,9.81637],[116.43748,9.80612],[116.41449,9.80458],[116.41214,9.80113],[116.41473,9.77873]]],[[[116.44943,9.80273],[116.44947,9.80264],[116.45024,9.80288],[116.44943,9.80273]]],[[[116.44734,9.8026],[116.44872,9.80461],[116.44796,9.80488],[116.44734,9.8026]]],[[[116.45068,9.8042],[116.45172,9.80383],[116.45172,9.80434],[116.45068,9.8042]]],[[[116.45147,9.80786],[116.45212,9.80736],[116.4524,9.80815],[116.45147,9.80786]]],[[[115.50136,9.89569],[115.49881,9.89436],[115.50269,9.8859],[115.51542,9.8793],[115.51602,9.88258],[115.50136,9.89569]]],[[[115.57559,9.89715],[115.5782,9.90524],[115.57381,9.90318],[115.5708,9.91531],[115.56191,9.92137],[115.54602,9.92374],[115.56803,9.91483],[115.57132,9.91018],[115.57025,9.89751],[115.55869,9.88516],[115.54625,9.87855],[115.52022,9.88541],[115.5168,9.87922],[115.54681,9.87339],[115.57559,9.89715]]],[[[114.63985,9.93201],[114.64239,9.93309],[114.64454,9.94271],[114.65243,9.95372],[114.64414,9.94683],[114.63985,9.93201]]],[[[114.60762,9.99943],[114.60824,9.99539],[114.61862,9.99596],[114.64394,9.98891],[114.63801,9.98075],[114.65097,9.96522],[114.65159,9.95678],[114.65579,9.95552],[114.66169,9.98096],[114.67275,10.00346],[114.66648,10.00843],[114.60762,9.99943]]],[[[115.17794,9.99162],[115.17489,9.99922],[115.16763,9.99684],[115.17013,9.98834],[115.17794,9.99162]]],[[[116.14359,10.12385],[116.14118,10.11998],[116.14967,10.11228],[116.151,10.11774],[116.14359,10.12385]]],[[[115.30991,10.17856],[115.32451,10.19187],[115.33065,10.20446],[115.31035,10.19838],[115.28131,10.2127],[115.2797,10.19563],[115.28692,10.18309],[115.2867,10.17162],[115.30991,10.17856]]],[[[115.36424,10.24361],[115.37586,10.2505],[115.37839,10.2577],[115.36348,10.25628],[115.36097,10.24562],[115.36424,10.24361]]],[[[114.69993,10.33618],[114.70015,10.34777],[114.71814,10.3729],[114.71857,10.37778],[114.70633,10.36687],[114.69236,10.36067],[114.68555,10.34415],[114.67103,10.3342],[114.63894,10.33608],[114.61174,10.33277],[114.61289,10.33066],[114.64882,10.32994],[114.65768,10.32633],[114.66819,10.31188],[114.66981,10.30426],[114.66856,10.3003],[114.65593,10.29188],[114.65539,10.2875],[114.67374,10.2937],[114.68165,10.30336],[114.69414,10.3108],[114.69783,10.31904],[114.70509,10.32447],[114.69993,10.33618]]],[[[115.73287,10.46671],[115.71994,10.46999],[115.71547,10.47942],[115.71091,10.47541],[115.7116,10.47209],[115.73507,10.45646],[115.78042,10.45258],[115.79139,10.45598],[115.79521,10.49038],[115.80109,10.50159],[115.80256,10.53967],[115.79098,10.54176],[115.76545,10.53288],[115.74422,10.5392],[115.73441,10.53885],[115.72617,10.53265],[115.72336,10.52393],[115.69964,10.48956],[115.70373,10.48128],[115.71009,10.4774],[115.72172,10.49742],[115.72209,10.50448],[115.73393,10.50506],[115.72756,10.51714],[115.73198,10.52223],[115.73282,10.51411],[115.73916,10.50987],[115.75003,10.51857],[115.77076,10.51532],[115.76944,10.51052],[115.77645,10.50576],[115.76632,10.48149],[115.76674,10.47563],[115.78639,10.47357],[115.76466,10.45751],[115.75591,10.45908],[115.75242,10.45641],[115.73287,10.46671]]],[[[115.85705,10.64589],[115.85462,10.64657],[115.84647,10.63635],[115.84273,10.64784],[115.83797,10.64887],[115.83397,10.65879],[115.83579,10.66533],[115.83871,10.66116],[115.83894,10.66979],[115.83205,10.67813],[115.8183,10.68043],[115.81593,10.67676],[115.82209,10.65613],[115.81846,10.63912],[115.82247,10.62737],[115.81749,10.61663],[115.82497,10.59548],[115.83286,10.60152],[115.85705,10.64589]]],[[[115.87675,10.66208],[115.86859,10.65421],[115.86173,10.65235],[115.85904,10.64672],[115.87414,10.65292],[115.87675,10.66208]]],[[[116.17551,10.73141],[116.16405,10.728],[116.16143,10.71489],[116.16607,10.68614],[116.15978,10.65852],[116.15975,10.62213],[116.15701,10.61058],[116.15918,10.60524],[116.16534,10.60394],[116.17645,10.60578],[116.18453,10.61141],[116.20729,10.644],[116.20478,10.6512],[116.19993,10.65327],[116.17659,10.68695],[116.17551,10.73141]]],[[[116.20785,10.67237],[116.21152,10.6719],[116.21055,10.6749],[116.20785,10.67237]]],[[[116.22881,10.73819],[116.22043,10.74571],[116.21858,10.74423],[116.21748,10.7378],[116.2264,10.73525],[116.22881,10.73819]]],[[[115.87389,10.77162],[115.87044,10.77868],[115.8704,10.78914],[115.86384,10.79773],[115.84824,10.80782],[115.83291,10.83144],[115.81556,10.812],[115.81312,10.80061],[115.80508,10.78705],[115.81079,10.7597],[115.80929,10.74585],[115.79949,10.73159],[115.80518,10.72297],[115.80517,10.71037],[115.81637,10.68272],[115.83665,10.6876],[115.82982,10.70923],[115.82309,10.71017],[115.82299,10.71271],[115.83176,10.71599],[115.83013,10.72139],[115.81237,10.72618],[115.81705,10.73408],[115.8136,10.75509],[115.81545,10.76002],[115.82014,10.75481],[115.82199,10.7582],[115.81916,10.76526],[115.82665,10.76006],[115.8285,10.76346],[115.81537,10.78217],[115.82437,10.78589],[115.82279,10.79388],[115.83122,10.78622],[115.8424,10.78873],[115.85739,10.77494],[115.85522,10.77155],[115.84929,10.77645],[115.85431,10.76601],[115.86296,10.78234],[115.85952,10.78756],[115.86511,10.79004],[115.8673,10.78605],[115.86455,10.77282],[115.86612,10.76821],[115.87173,10.76638],[115.87022,10.75469],[115.85747,10.75341],[115.85719,10.74541],[115.87035,10.72024],[115.87872,10.72612],[115.87687,10.7218],[115.88281,10.71321],[115.87914,10.69751],[115.87295,10.6898],[115.88418,10.68031],[115.87833,10.6646],[115.88483,10.67047],[115.89935,10.6982],[115.8931,10.7071],[115.87924,10.7538],[115.87361,10.76239],[115.87389,10.77162]]],[[[116.18234,10.74984],[116.17643,10.73622],[116.18462,10.73128],[116.18793,10.74066],[116.18643,10.74728],[116.19088,10.75096],[116.18881,10.76272],[116.19935,10.77764],[116.19561,10.79013],[116.20894,10.8056],[116.20724,10.81663],[116.19668,10.8041],[116.18763,10.78459],[116.18234,10.74984]]],[[[116.25401,10.77637],[116.25801,10.77802],[116.25082,10.7879],[116.24782,10.7855],[116.25401,10.77637]]],[[[116.27447,10.79793],[116.26993,10.81318],[116.26076,10.81489],[116.25326,10.8091],[116.2547,10.80135],[116.27215,10.7948],[116.27447,10.79793]]],[[[116.09002,10.79957],[116.09372,10.79983],[116.09557,10.80565],[116.09109,10.81532],[116.08776,10.81356],[116.09002,10.79957]]],[[[116.28537,10.80719],[116.30975,10.81934],[116.34003,10.81894],[116.34913,10.82671],[116.34124,10.83427],[116.30745,10.83307],[116.29057,10.83603],[116.28067,10.82269],[116.28537,10.80719]]],[[[116.21466,10.82103],[116.22321,10.81811],[116.22817,10.84257],[116.2176,10.83372],[116.21466,10.82103]]],[[[116.35188,10.84233],[116.35757,10.83491],[116.35869,10.84163],[116.35188,10.84233]]],[[[116.24831,10.84775],[116.24941,10.85372],[116.24149,10.86307],[116.23582,10.86471],[116.23306,10.85515],[116.24831,10.84775]]],[[[116.379,10.90376],[116.3747,10.90294],[116.36844,10.89345],[116.37229,10.86927],[116.38934,10.85966],[116.39757,10.87798],[116.39588,10.8935],[116.379,10.90376]]],[[[114.93758,10.90495],[114.93412,10.90975],[114.91783,10.88493],[114.90896,10.88105],[114.88976,10.86454],[114.87254,10.86078],[114.86921,10.85674],[114.87533,10.8552],[114.89678,10.86481],[114.90094,10.86246],[114.91961,10.86374],[114.9256,10.86966],[114.93758,10.90495]]],[[[116.2409,10.87767],[116.24704,10.87557],[116.25251,10.88009],[116.24578,10.89431],[116.23939,10.88511],[116.2409,10.87767]]],[[[115.91064,10.88867],[115.91624,10.88264],[115.92224,10.88808],[115.91678,10.89411],[115.91064,10.88867]]],[[[116.40461,10.91035],[116.41937,10.88669],[116.43278,10.87691],[116.45376,10.88855],[116.46151,10.90163],[116.45505,10.90783],[116.44513,10.90422],[116.40461,10.91035]]],[[[116.42252,10.95876],[116.42692,10.96054],[116.42792,10.96528],[116.42372,10.96883],[116.41812,10.96863],[116.41573,10.96172],[116.42252,10.95876]]],[[[114.64302,10.9502],[114.64732,10.94854],[114.67049,10.96326],[114.66333,10.96504],[114.66245,10.96842],[114.66614,10.98962],[114.65814,10.99026],[114.6501,10.97722],[114.64239,10.95796],[114.64302,10.9502]]],[[[114.73345,11.00839],[114.74256,11.01091],[114.74366,11.0174],[114.73299,11.01362],[114.73345,11.00839]]],[[[115.0171,11.0724],[115.02588,11.07852],[115.02568,11.08653],[115.02036,11.0863],[115.01453,11.08091],[115.0171,11.0724]]],[[[114.68832,11.03754],[114.69194,11.02634],[114.68087,11.01605],[114.67987,11.011],[114.68731,11.00665],[114.68712,11.00211],[114.69074,10.9996],[114.70161,11.00118],[114.74734,11.035],[114.76894,11.05997],[114.78499,11.0879],[114.7987,11.08774],[114.80562,11.09873],[114.81328,11.13657],[114.80963,11.15549],[114.78873,11.16335],[114.77935,11.16156],[114.76022,11.15132],[114.74941,11.14093],[114.73816,11.14697],[114.72513,11.14896],[114.72338,11.13983],[114.72897,11.12164],[114.71858,11.09616],[114.71377,11.09134],[114.70698,11.09009],[114.67929,11.08928],[114.66526,11.0718],[114.64584,11.05888],[114.63191,11.04442],[114.62048,11.02042],[114.63202,11.00274],[114.63959,11.0022],[114.64741,11.00734],[114.65997,11.02627],[114.67412,11.03564],[114.68832,11.03754]]],[[[116.0632,11.11851],[116.07012,11.09992],[116.0849,11.08238],[116.08934,11.07033],[116.09289,11.06645],[116.10161,11.06845],[116.10385,11.08605],[116.09754,11.09761],[116.0919,11.13442],[116.08307,11.16131],[116.06816,11.19232],[116.04163,11.21957],[116.03321,11.22114],[116.03256,11.21162],[116.05399,11.17917],[116.0632,11.11851]]],[[[116.23744,11.38964],[116.23792,11.40508],[116.23218,11.40842],[116.22463,11.4055],[116.21908,11.39816],[116.2142,11.36392],[116.21416,11.31947],[116.20364,11.29361],[116.18593,11.27507],[116.18314,11.26584],[116.18655,11.2602],[116.19179,11.25784],[116.19769,11.25976],[116.21416,11.27708],[116.23744,11.38964]]],[[[116.04039,11.31527],[116.0565,11.31975],[116.05466,11.33599],[116.07407,11.36236],[116.07446,11.3736],[116.06999,11.37216],[116.0488,11.34372],[116.04096,11.32631],[116.04039,11.31527]]],[[[114.65289,11.40703],[114.65143,11.41099],[114.63685,11.40433],[114.62756,11.39281],[114.6292,11.39011],[114.63613,11.39047],[114.65289,11.40703]]],[[[116.07633,11.40411],[116.07406,11.38653],[116.07895,11.37881],[116.08649,11.37945],[116.09023,11.383],[116.08468,11.39702],[116.09548,11.42776],[116.09143,11.42947],[116.07633,11.40411]]],[[[116.22302,11.48813],[116.23842,11.49332],[116.24046,11.49771],[116.23627,11.50628],[116.23157,11.50857],[116.19731,11.48418],[116.20827,11.54123],[116.20406,11.54522],[116.19777,11.54571],[116.1933,11.54349],[116.15395,11.48406],[116.15258,11.47406],[116.15635,11.47104],[116.1637,11.47267],[116.17387,11.48425],[116.1899,11.52052],[116.19438,11.52322],[116.19627,11.50973],[116.14223,11.29314],[116.13912,11.27889],[116.1417,11.27053],[116.1465,11.27214],[116.15109,11.28705],[116.19015,11.44985],[116.22302,11.48813]]],[[[116.32509,11.40194],[116.32639,11.39094],[116.33241,11.38998],[116.33888,11.39382],[116.35474,11.43664],[116.37056,11.45815],[116.37166,11.46467],[116.36539,11.47393],[116.34997,11.46225],[116.32509,11.40194]]],[[[114.68953,11.43601],[114.69645,11.44645],[114.69627,11.45149],[114.69307,11.45134],[114.68442,11.44033],[114.68424,11.43691],[114.68953,11.43601]]],[[[114.69445,11.46283],[114.69864,11.46283],[114.70374,11.46985],[114.70411,11.47435],[114.69882,11.48119],[114.68533,11.48982],[114.66802,11.48785],[114.66784,11.48011],[114.67786,11.47633],[114.69445,11.46283]]],[[[116.37855,11.49184],[116.38953,11.49632],[116.39836,11.50909],[116.41141,11.54383],[116.4089,11.56361],[116.40025,11.57544],[116.39818,11.56568],[116.4004,11.55903],[116.38517,11.53176],[116.38732,11.52347],[116.3697,11.49875],[116.37855,11.49184]]],[[[116.22705,11.59142],[116.22713,11.5958],[116.22237,11.5997],[116.21453,11.59431],[116.20676,11.58225],[116.19604,11.5567],[116.21981,11.55608],[116.21547,11.57199],[116.22705,11.59142]]],[[[116.28,11.68588],[116.268,11.65077],[116.23255,11.60328],[116.23123,11.59759],[116.23526,11.58916],[116.24557,11.58265],[116.26153,11.58095],[116.26252,11.58738],[116.25763,11.60158],[116.26016,11.61909],[116.28258,11.65056],[116.29587,11.6547],[116.30456,11.65328],[116.30913,11.6222],[116.31279,11.62241],[116.31825,11.63118],[116.32399,11.66474],[116.30762,11.72864],[116.29392,11.73241],[116.28899,11.72794],[116.28,11.68588]]],[[[116.65712,9.06212],[116.64933,9.06162],[116.6457,9.05654],[116.64965,9.03856],[116.67044,9.03037],[116.67741,9.03507],[116.67887,9.03968],[116.67653,9.04677],[116.65712,9.06212]]],[[[116.93285,9.46667],[116.92759,9.46928],[116.91583,9.45791],[116.91872,9.45057],[116.9231,9.44829],[116.9304,9.45338],[116.93285,9.46667]]],[[[116.59026,9.71375],[116.60189,9.70762],[116.60074,9.71034],[116.59026,9.71375]]],[[[116.56832,9.71895],[116.56518,9.71721],[116.57021,9.71487],[116.56832,9.71895]]],[[[116.4471,9.75236],[116.47515,9.71576],[116.48808,9.70993],[116.49828,9.71295],[116.51003,9.7334],[116.52309,9.73924],[116.53513,9.73769],[116.55309,9.72992],[116.5616,9.72176],[116.57744,9.72394],[116.59601,9.71524],[116.60483,9.71897],[116.59575,9.73748],[116.58482,9.74141],[116.57407,9.74995],[116.53963,9.74768],[116.51143,9.75254],[116.51039,9.74118],[116.50123,9.7243],[116.48364,9.71446],[116.48414,9.71804],[116.47055,9.7262],[116.47026,9.73212],[116.46093,9.73758],[116.45858,9.74602],[116.46086,9.75122],[116.45086,9.75285],[116.44877,9.75819],[116.43264,9.76588],[116.43274,9.76063],[116.4471,9.75236]]],[[[116.51437,9.76368],[116.50712,9.76906],[116.50235,9.76308],[116.50857,9.75679],[116.51485,9.75917],[116.51437,9.76368]]],[[[116.49702,9.76751],[116.50109,9.76524],[116.50407,9.77004],[116.5,9.7724],[116.49702,9.76751]]],[[[116.49063,9.77399],[116.49453,9.77573],[116.48969,9.77932],[116.49063,9.77399]]],[[[116.48264,9.78187],[116.48859,9.78296],[116.48526,9.78615],[116.48264,9.78187]]],[[[116.482,9.78465],[116.48149,9.79011],[116.47703,9.79225],[116.47731,9.78786],[116.482,9.78465]]],[[[116.46525,9.79759],[116.4624,9.80006],[116.4549,9.80185],[116.4554,9.8013],[116.46525,9.79759]]],[[[116.45575,9.80408],[116.45543,9.80512],[116.45387,9.80419],[116.45575,9.80408]]],[[[116.45369,9.80546],[116.45523,9.80569],[116.45501,9.80629],[116.45369,9.80546]]],[[[116.45476,9.80695],[116.45561,9.80738],[116.45545,9.80783],[116.45476,9.80695]]],[[[116.54029,10.44394],[116.53949,10.4382],[116.54151,10.4374],[116.54376,10.44172],[116.54029,10.44394]]],[[[116.54495,10.4561],[116.54358,10.45235],[116.55624,10.4502],[116.55616,10.45268],[116.54495,10.4561]]],[[[116.54873,10.46384],[116.55349,10.46137],[116.5555,10.4613],[116.55348,10.46584],[116.54873,10.46384]]],[[[116.62668,10.4774],[116.63044,10.45839],[116.62245,10.44835],[116.62247,10.43197],[116.5873,10.40579],[116.58651,10.39602],[116.58892,10.39338],[116.60278,10.39578],[116.63956,10.41589],[116.65928,10.42225],[116.68596,10.417],[116.69715,10.42177],[116.71047,10.44316],[116.72191,10.4775],[116.74109,10.50868],[116.7416,10.53561],[116.73411,10.55435],[116.7197,10.56252],[116.66821,10.55718],[116.65275,10.54133],[116.63198,10.50909],[116.62668,10.4774]]],[[[116.61052,10.32866],[116.65386,10.33724],[116.67613,10.32882],[116.69439,10.33004],[116.71932,10.34153],[116.77103,10.35761],[116.79577,10.37915],[116.8079,10.39397],[116.82019,10.42278],[116.84515,10.46782],[116.86381,10.47338],[116.87524,10.4886],[116.89231,10.50153],[116.9435,10.53047],[116.95284,10.54895],[116.95134,10.55655],[116.945,10.56381],[116.93299,10.56546],[116.90748,10.55488],[116.87596,10.56494],[116.86545,10.57104],[116.85927,10.58325],[116.83791,10.60106],[116.82122,10.62696],[116.82687,10.65799],[116.83154,10.66443],[116.84038,10.66857],[116.84088,10.67237],[116.83821,10.67699],[116.82252,10.68292],[116.81901,10.69347],[116.81067,10.69116],[116.796,10.6758],[116.77749,10.66424],[116.76999,10.65482],[116.73147,10.63779],[116.70913,10.62473],[116.7053,10.6173],[116.70797,10.61466],[116.71981,10.62045],[116.73399,10.62244],[116.77817,10.64245],[116.79319,10.64048],[116.80237,10.62827],[116.81089,10.60848],[116.86729,10.55817],[116.88714,10.53095],[116.89076,10.52015],[116.88955,10.51411],[116.86833,10.50394],[116.85092,10.4885],[116.83154,10.4797],[116.8115,10.43912],[116.80867,10.42239],[116.78146,10.38692],[116.75607,10.37583],[116.7472,10.36127],[116.72345,10.3579],[116.69758,10.34755],[116.65173,10.34772],[116.62287,10.34392],[116.60308,10.34973],[116.58697,10.33495],[116.55632,10.32644],[116.54072,10.31354],[116.53434,10.31142],[116.526,10.314],[116.50687,10.33288],[116.50524,10.34093],[116.51171,10.35864],[116.52753,10.37677],[116.52588,10.39327],[116.53481,10.40375],[116.54209,10.4279],[116.53314,10.43272],[116.52095,10.42908],[116.51242,10.42464],[116.48686,10.39723],[116.47592,10.3779],[116.478,10.35054],[116.47557,10.34209],[116.463,10.32678],[116.4618,10.31389],[116.46915,10.2954],[116.49192,10.28255],[116.50289,10.28419],[116.52481,10.2967],[116.54737,10.29496],[116.58211,10.31779],[116.61052,10.32866]]],[[[116.55627,10.49561],[116.56676,10.49297],[116.57143,10.5027],[116.56964,10.50999],[116.56249,10.51595],[116.55624,10.51528],[116.55112,10.50511],[116.55627,10.49561]]],[[[116.56605,10.52501],[116.57252,10.52259],[116.58076,10.53211],[116.57473,10.53895],[116.56605,10.52501]]],[[[116.58343,10.5436],[116.58633,10.54316],[116.58701,10.53675],[116.58968,10.53742],[116.59436,10.54185],[116.58722,10.54581],[116.59145,10.55134],[116.59636,10.55047],[116.59814,10.55356],[116.59122,10.55775],[116.58343,10.5436]]],[[[116.60571,10.56727],[116.61933,10.5642],[116.61798,10.57303],[116.61396,10.57568],[116.60571,10.56727]]],[[[116.62185,10.58084],[116.6254,10.58029],[116.62823,10.57733],[116.62653,10.58228],[116.62185,10.58084]]],[[[116.99943,10.58612],[116.99749,10.58889],[116.99454,10.58627],[116.99943,10.58612]]],[[[116.63631,10.58754],[116.6469,10.58828],[116.6455,10.59146],[116.63631,10.58754]]],[[[116.65784,10.59171],[116.65453,10.59466],[116.65292,10.59394],[116.65462,10.59091],[116.65784,10.59171]]],[[[116.67092,10.59962],[116.66794,10.59834],[116.66617,10.59348],[116.6706,10.59499],[116.67092,10.59962]]],[[[116.68148,10.61179],[116.68188,10.60956],[116.68543,10.60868],[116.68607,10.61251],[116.68148,10.61179]]],[[[117.16281,10.75103],[117.14196,10.74476],[117.1346,10.72893],[117.13589,10.68998],[117.13188,10.65426],[117.14259,10.60952],[117.15418,10.59825],[117.18369,10.58201],[117.19597,10.58625],[117.20365,10.60925],[117.19764,10.63703],[117.20886,10.65807],[117.23843,10.66994],[117.2812,10.67942],[117.3096,10.67875],[117.32585,10.66367],[117.33224,10.61792],[117.33933,10.60085],[117.35293,10.59427],[117.37614,10.59921],[117.39086,10.6171],[117.39326,10.69596],[117.38288,10.72036],[117.364,10.73078],[117.32568,10.7265],[117.29645,10.73558],[117.20862,10.73347],[117.18685,10.76075],[117.176,10.76182],[117.16281,10.75103]]],[[[116.69751,10.79249],[116.68371,10.79335],[116.6809,10.78011],[116.69357,10.78506],[116.69751,10.79249]]],[[[116.66367,10.78647],[116.6567,10.79624],[116.6336,10.80853],[116.62918,10.8241],[116.62478,10.82555],[116.62149,10.82301],[116.61822,10.79511],[116.63254,10.7781],[116.64353,10.77231],[116.65819,10.77161],[116.67175,10.77524],[116.67394,10.77923],[116.67027,10.78466],[116.66367,10.78647]]],[[[116.86165,10.80497],[116.86464,10.81167],[116.86068,10.81542],[116.85471,10.8139],[116.84938,10.80719],[116.85415,10.80162],[116.86165,10.80497]]],[[[116.70068,10.81662],[116.69737,10.81622],[116.70254,10.81088],[116.70068,10.81662]]],[[[116.79299,10.82788],[116.78237,10.81555],[116.81462,10.81956],[116.81168,10.82499],[116.79299,10.82788]]],[[[116.71529,10.81652],[116.71908,10.81875],[116.71964,10.82459],[116.71262,10.82553],[116.71529,10.81652]]],[[[116.76828,10.82023],[116.77029,10.8255],[116.76464,10.82924],[116.75504,10.81943],[116.7611,10.81544],[116.76828,10.82023]]],[[[116.83091,10.8296],[116.83373,10.83639],[116.82751,10.8399],[116.82736,10.832],[116.83091,10.8296]]],[[[116.63254,10.83091],[116.639,10.83388],[116.63229,10.83881],[116.62762,10.83274],[116.63254,10.83091]]],[[[116.64194,10.83767],[116.645,10.84262],[116.63926,10.85035],[116.63217,10.8426],[116.64194,10.83767]]],[[[116.85956,10.8518],[116.86287,10.84661],[116.86715,10.8459],[116.87054,10.84829],[116.87069,10.85484],[116.8694,10.85667],[116.86666,10.85172],[116.86174,10.85419],[116.85956,10.8518]]],[[[116.72511,10.8498],[116.72778,10.84868],[116.73512,10.85579],[116.72922,10.85658],[116.72511,10.8498]]],[[[116.84188,10.85538],[116.84713,10.84765],[116.85124,10.84653],[116.84785,10.8577],[116.84301,10.85993],[116.84188,10.85538]]],[[[116.65309,10.86241],[116.64284,10.86806],[116.64164,10.85514],[116.64915,10.8502],[116.65309,10.86241]]],[[[116.7444,10.86114],[116.7515,10.86011],[116.75319,10.86562],[116.74786,10.86977],[116.7444,10.86114]]],[[[116.87513,10.87048],[116.879,10.88021],[116.87174,10.88348],[116.86673,10.87542],[116.87021,10.86968],[116.87513,10.87048]]],[[[116.63882,10.8857],[116.63932,10.87412],[116.65305,10.86983],[116.65595,10.8727],[116.65384,10.88164],[116.64746,10.88523],[116.65068,10.89089],[116.64648,10.89288],[116.63882,10.8857]]],[[[116.74918,10.88931],[116.74417,10.88843],[116.7466,10.88276],[116.75096,10.88532],[116.74918,10.88931]]],[[[116.65128,10.89393],[116.66412,10.89298],[116.66752,10.89612],[116.66645,10.9012],[116.66145,10.90287],[116.65072,10.89679],[116.65128,10.89393]]],[[[116.89765,10.90838],[116.89603,10.90567],[116.90249,10.90224],[116.90241,10.90622],[116.89765,10.90838]]],[[[116.47489,10.90836],[116.46496,10.90997],[116.46928,10.90001],[116.47655,10.90509],[116.47489,10.90836]]],[[[116.6761,10.90656],[116.67804,10.90353],[116.68143,10.90449],[116.68272,10.90936],[116.68086,10.91087],[116.6761,10.90656]]],[[[116.79923,10.90642],[116.80132,10.91017],[116.79712,10.9132],[116.79591,10.90769],[116.79923,10.90642]]],[[[116.48299,10.90706],[116.48927,10.91214],[116.49041,10.9177],[116.4805,10.91572],[116.48299,10.90706]]],[[[116.92211,10.90616],[116.92469,10.90967],[116.92364,10.91797],[116.91064,10.92115],[116.91008,10.91708],[116.92041,10.91413],[116.92211,10.90616]]],[[[116.91477,10.93705],[116.90954,10.94222],[116.89828,10.94182],[116.88944,10.93187],[116.89185,10.9283],[116.90191,10.92591],[116.91317,10.9299],[116.91477,10.93705]]],[[[116.83714,10.96683],[116.8488,10.96604],[116.85644,10.96923],[116.85966,10.9728],[116.85965,10.98155],[116.85402,10.98632],[116.84115,10.98472],[116.83311,10.97557],[116.83714,10.96683]]],[[[116.95821,10.98516],[116.95821,10.97363],[116.96464,10.97085],[116.97792,10.97801],[116.98073,10.98516],[116.9743,10.99232],[116.96303,10.99152],[116.95821,10.98516]]],[[[116.90873,10.97362],[116.91798,10.97918],[116.9212,10.98794],[116.91918,10.99191],[116.90993,10.9927],[116.90068,10.98793],[116.90028,10.97799],[116.90873,10.97362]]],[[[117.26635,10.99243],[117.28664,11.00159],[117.31153,11.03736],[117.31986,11.08201],[117.31111,11.12406],[117.29646,11.14339],[117.28396,11.14586],[117.26421,11.13811],[117.23708,11.11727],[117.22267,11.09875],[117.22264,11.08726],[117.23674,11.03444],[117.25059,10.99743],[117.26635,10.99243]]],[[[117.0157,11.078],[117.02093,11.08521],[117.02061,11.09175],[117.01364,11.11599],[117.00407,11.12098],[116.99429,11.11852],[116.99205,11.113],[117.00054,11.08244],[117.00781,11.07667],[117.0157,11.078]]]]}},{"type":"Feature","properties":{"id":"17","ma_tinh":"12","ten_tinh":"Lai Châu","sap_nhap":"không sáp nhập","quy_mo":"38 đơn vị (2 phường, 36 xã)","tru_so":"Đang cập nhật","loai":"Tỉnh","cap":1,"stt":14,"dtich_km2":9068.73,"dan_so":512601,"matdo_km2":56.52,"NAME_1":"Lai Châu","GID_1":"12"},"geometry":{"type":"Polygon","coordinates":[[[103.33238,22.15331],[103.389,22.15536],[103.39302,22.14126],[103.40398,22.1258],[103.42114,22.07339],[103.42834,22.06747],[103.43461,22.0553],[103.4455,22.05763],[103.45397,22.0547],[103.46953,22.03033],[103.46949,22.02691],[103.45693,22.01756],[103.45568,22.00953],[103.45823,22.00009],[103.47571,21.98155],[103.49769,21.97121],[103.50141,21.98049],[103.50841,21.98308],[103.51362,21.99059],[103.51155,21.99757],[103.51413,22.00605],[103.51091,22.01013],[103.5166,22.01308],[103.52505,22.02457],[103.54433,22.0305],[103.55297,22.02299],[103.56139,22.02358],[103.5975,22.01175],[103.60628,22.01323],[103.61606,21.99944],[103.63422,21.98927],[103.64553,21.99472],[103.65206,21.9934],[103.65169,21.98468],[103.6581,21.98112],[103.66105,21.97287],[103.65877,21.96633],[103.66512,21.95093],[103.68906,21.94075],[103.69005,21.93235],[103.68254,21.9205],[103.70376,21.90687],[103.7064,21.90145],[103.70481,21.88421],[103.71493,21.886],[103.7164,21.87941],[103.72258,21.8801],[103.72158,21.87117],[103.70913,21.85588],[103.7059,21.84329],[103.6962,21.83798],[103.6943,21.83088],[103.69657,21.82479],[103.71081,21.82174],[103.71534,21.81272],[103.72248,21.81045],[103.72408,21.80628],[103.73874,21.80994],[103.75923,21.80891],[103.75321,21.78892],[103.75434,21.77935],[103.77842,21.77961],[103.77854,21.77356],[103.78309,21.7675],[103.78155,21.76359],[103.78875,21.76429],[103.79669,21.75738],[103.79455,21.75274],[103.79995,21.75149],[103.80692,21.73693],[103.81257,21.74095],[103.82525,21.7349],[103.83057,21.73709],[103.83287,21.74384],[103.83715,21.73759],[103.83251,21.72958],[103.83785,21.71656],[103.83726,21.70604],[103.84129,21.70141],[103.84882,21.70295],[103.85355,21.69135],[103.86074,21.69308],[103.87219,21.68605],[103.87956,21.68686],[103.88222,21.70903],[103.88447,21.705],[103.9051,21.69484],[103.91726,21.69691],[103.92272,21.70331],[103.92096,21.70893],[103.91173,21.71648],[103.91762,21.72378],[103.9159,21.73349],[103.93106,21.74379],[103.93864,21.73868],[103.94277,21.74379],[103.95312,21.7407],[103.9515,21.75695],[103.9554,21.75374],[103.9593,21.75728],[103.96438,21.75593],[103.96692,21.77053],[103.95825,21.77947],[103.95603,21.78722],[103.95097,21.78942],[103.95036,21.80234],[103.9443,21.80594],[103.94442,21.81052],[103.93431,21.81442],[103.93597,21.819],[103.9176,21.82939],[103.91977,21.83859],[103.88988,21.86481],[103.88683,21.89137],[103.88948,21.90174],[103.88578,21.9061],[103.89099,21.91646],[103.90685,21.92144],[103.91854,21.93173],[103.92575,21.93005],[103.92935,21.92315],[103.93353,21.92345],[103.93632,21.91902],[103.94226,21.91728],[103.96208,21.93517],[103.96124,21.94513],[103.969,21.95684],[103.98503,21.96661],[103.97395,21.97581],[103.96723,21.98923],[103.95612,21.99927],[103.96566,22.0133],[103.95299,22.02611],[103.95596,22.03089],[103.95744,22.04892],[103.95169,22.06586],[103.93854,22.08193],[103.94445,22.10549],[103.93684,22.11966],[103.93949,22.12707],[103.93732,22.14108],[103.91553,22.14379],[103.90727,22.15542],[103.89896,22.15792],[103.89696,22.16497],[103.88839,22.17407],[103.86807,22.17835],[103.86531,22.18291],[103.87229,22.18877],[103.87298,22.19917],[103.85698,22.20595],[103.85115,22.22047],[103.84261,22.22503],[103.84289,22.24133],[103.82887,22.25987],[103.82466,22.27236],[103.78699,22.30319],[103.77908,22.30182],[103.77084,22.30958],[103.76132,22.31181],[103.77245,22.32484],[103.76894,22.33183],[103.78247,22.33862],[103.77852,22.34449],[103.78059,22.34877],[103.76644,22.35591],[103.76833,22.37941],[103.76588,22.38706],[103.7551,22.40014],[103.7492,22.40296],[103.74874,22.40719],[103.73042,22.41655],[103.72357,22.41284],[103.71501,22.41373],[103.71221,22.40944],[103.70134,22.40616],[103.69644,22.40881],[103.67583,22.40323],[103.646,22.4042],[103.62544,22.39624],[103.60347,22.41013],[103.60294,22.42531],[103.58818,22.42903],[103.58854,22.4364],[103.58029,22.43854],[103.57776,22.44588],[103.57171,22.44711],[103.56882,22.45698],[103.55603,22.46323],[103.55505,22.47139],[103.56554,22.48442],[103.57601,22.48988],[103.58284,22.49836],[103.58779,22.50679],[103.58635,22.51253],[103.59554,22.52572],[103.5838,22.53189],[103.57991,22.54568],[103.56631,22.56783],[103.57276,22.57815],[103.54824,22.58869],[103.53278,22.58425],[103.53084,22.59493],[103.51182,22.60062],[103.50517,22.60527],[103.50773,22.61091],[103.48818,22.61953],[103.48515,22.62874],[103.4775,22.6322],[103.47723,22.63985],[103.46524,22.64722],[103.46465,22.65457],[103.45623,22.6587],[103.45544,22.66875],[103.45979,22.67929],[103.45096,22.68617],[103.45136,22.68892],[103.43994,22.69298],[103.43169,22.70299],[103.43362,22.71163],[103.42674,22.71721],[103.43094,22.72446],[103.42768,22.73312],[103.44066,22.74069],[103.44014,22.75328],[103.43094,22.75955],[103.42075,22.76113],[103.41547,22.7654],[103.4169,22.76886],[103.41118,22.77719],[103.39063,22.78146],[103.37251,22.79869],[103.33477,22.80593],[103.32779,22.81123],[103.31955,22.80779],[103.31761,22.79965],[103.31996,22.78034],[103.31316,22.77801],[103.30974,22.76299],[103.3022,22.7585],[103.30061,22.75162],[103.28535,22.7371],[103.28489,22.72958],[103.28906,22.72078],[103.28746,22.70657],[103.28141,22.69756],[103.28352,22.68471],[103.27036,22.67443],[103.25166,22.67296],[103.23902,22.6608],[103.23203,22.65881],[103.22716,22.6478],[103.20852,22.64588],[103.19586,22.65107],[103.18481,22.64439],[103.1843,22.63107],[103.17565,22.63059],[103.15799,22.5943],[103.16183,22.58379],[103.1828,22.56082],[103.18239,22.55784],[103.15983,22.54457],[103.15703,22.53959],[103.15103,22.54262],[103.13852,22.5417],[103.13397,22.53196],[103.12323,22.52577],[103.11808,22.51792],[103.11136,22.51548],[103.09857,22.51675],[103.09307,22.51208],[103.08317,22.51184],[103.07634,22.49598],[103.07122,22.49166],[103.07482,22.48516],[103.07043,22.4764],[103.07936,22.46972],[103.08044,22.45255],[103.07054,22.44742],[103.05711,22.45228],[103.05389,22.44672],[103.03493,22.44631],[103.03082,22.44236],[103.01955,22.45156],[103.01486,22.45172],[103.00929,22.4616],[102.99798,22.46296],[102.99578,22.46046],[102.99204,22.46285],[102.99347,22.47184],[102.98786,22.47519],[102.98734,22.47997],[102.96339,22.47832],[102.95518,22.48566],[102.95008,22.48225],[102.93586,22.48603],[102.9286,22.48409],[102.92347,22.49048],[102.92128,22.50778],[102.91003,22.51057],[102.90759,22.52441],[102.88873,22.53662],[102.89643,22.54413],[102.89256,22.55027],[102.88705,22.55068],[102.87764,22.55871],[102.88242,22.56891],[102.87091,22.5758],[102.87231,22.58276],[102.87802,22.58721],[102.87632,22.59346],[102.86253,22.60124],[102.86276,22.60829],[102.84382,22.61133],[102.84144,22.61912],[102.82458,22.62736],[102.81641,22.62206],[102.78742,22.62634],[102.78159,22.63576],[102.78727,22.64362],[102.77357,22.648],[102.7642,22.64744],[102.75339,22.65859],[102.75454,22.66289],[102.75129,22.66814],[102.73246,22.66794],[102.72403,22.67858],[102.7093,22.68204],[102.70721,22.69459],[102.68846,22.70456],[102.6553,22.6903],[102.65055,22.69806],[102.6303,22.71091],[102.60594,22.73366],[102.59866,22.73265],[102.58724,22.72333],[102.58443,22.707],[102.56879,22.70452],[102.56497,22.72298],[102.55079,22.7337],[102.54739,22.7411],[102.54905,22.74672],[102.54018,22.74979],[102.53406,22.75844],[102.51764,22.76767],[102.50835,22.77865],[102.49568,22.78061],[102.48153,22.77893],[102.47782,22.76986],[102.47119,22.77095],[102.45919,22.76604],[102.45679,22.75882],[102.45159,22.75485],[102.45285,22.74672],[102.45027,22.74281],[102.45648,22.7323],[102.44407,22.72563],[102.43534,22.70104],[102.4244,22.69206],[102.41486,22.69003],[102.41223,22.68568],[102.40735,22.68434],[102.39407,22.69097],[102.38411,22.68469],[102.38243,22.68086],[102.38698,22.66811],[102.39647,22.65786],[102.40078,22.64606],[102.41669,22.64197],[102.41874,22.63653],[102.40379,22.63332],[102.37202,22.59336],[102.34763,22.59031],[102.34581,22.58301],[102.35497,22.57232],[102.35515,22.56649],[102.33511,22.55907],[102.32098,22.55744],[102.3209,22.54968],[102.32383,22.54734],[102.32199,22.54369],[102.32511,22.5438],[102.33618,22.52978],[102.34256,22.52857],[102.33761,22.52275],[102.34601,22.5077],[102.3444,22.50593],[102.34857,22.50556],[102.34755,22.4908],[102.35953,22.48886],[102.36118,22.47443],[102.36592,22.47574],[102.37063,22.47179],[102.38233,22.47021],[102.39294,22.46065],[102.38988,22.43989],[102.39683,22.43317],[102.39823,22.41842],[102.39133,22.42142],[102.3925,22.41559],[102.38739,22.41164],[102.3883,22.40749],[102.39342,22.401],[102.39807,22.40204],[102.40354,22.39709],[102.40904,22.38793],[102.42099,22.38584],[102.42551,22.37029],[102.43583,22.36522],[102.44101,22.36589],[102.44888,22.36014],[102.45696,22.34949],[102.45584,22.34175],[102.47386,22.32684],[102.47448,22.3192],[102.49009,22.30316],[102.49216,22.29421],[102.49688,22.29337],[102.50865,22.2784],[102.51392,22.26039],[102.53357,22.24594],[102.54384,22.24203],[102.55407,22.24354],[102.56354,22.26082],[102.57885,22.26058],[102.60534,22.23826],[102.60765,22.23995],[102.61925,22.23469],[102.62087,22.22721],[102.61576,22.22211],[102.61817,22.19871],[102.62309,22.19701],[102.62956,22.18715],[102.63648,22.1871],[102.63942,22.17682],[102.64505,22.17368],[102.65933,22.17498],[102.67539,22.16696],[102.6864,22.18166],[102.68812,22.19288],[102.69499,22.19731],[102.69793,22.20914],[102.69495,22.21918],[102.6869,22.22991],[102.68741,22.23669],[102.67952,22.24463],[102.6611,22.25326],[102.67722,22.2627],[102.69327,22.24841],[102.69179,22.24641],[102.70196,22.24529],[102.71033,22.23802],[102.7153,22.2412],[102.71622,22.23846],[102.72964,22.23799],[102.72895,22.2349],[102.73928,22.22877],[102.7408,22.2228],[102.74877,22.2168],[102.75053,22.20904],[102.75405,22.20728],[102.74926,22.19872],[102.74743,22.17797],[102.73696,22.16872],[102.74116,22.15142],[102.73915,22.14497],[102.74382,22.13138],[102.75563,22.12471],[102.76162,22.116],[102.7675,22.11747],[102.77637,22.10127],[102.78143,22.10053],[102.7766,22.09464],[102.77652,22.08755],[102.80966,22.07417],[102.81914,22.06584],[102.85478,22.06584],[102.85915,22.05975],[102.86294,22.0597],[102.86826,22.07739],[102.87913,22.08026],[102.89021,22.07437],[102.8973,22.07583],[102.90652,22.08677],[102.92543,22.09116],[102.92436,22.10822],[102.93204,22.10333],[102.93631,22.08674],[102.92818,22.0769],[102.92953,22.06828],[102.94425,22.06629],[102.94702,22.05832],[102.95441,22.05608],[102.96081,22.04966],[102.96489,22.04201],[102.96134,22.03739],[102.96562,22.03285],[102.96952,22.02993],[102.97868,22.03108],[102.98466,22.02599],[102.99024,22.02825],[102.99168,22.03443],[102.99521,22.03607],[102.99403,22.04362],[102.99904,22.05196],[103.00374,22.0502],[103.02202,22.05621],[103.03879,22.04749],[103.04542,22.04844],[103.05602,22.05318],[103.05912,22.06137],[103.06423,22.06309],[103.07703,22.05717],[103.09492,22.05759],[103.09514,22.06692],[103.08978,22.07017],[103.09559,22.07621],[103.10248,22.10175],[103.12202,22.09514],[103.13318,22.07418],[103.14516,22.06748],[103.1486,22.06731],[103.15183,22.074],[103.16446,22.07451],[103.17149,22.07973],[103.19126,22.06989],[103.21191,22.06957],[103.22569,22.06315],[103.24212,22.04991],[103.28417,22.03874],[103.28925,22.04141],[103.29128,22.04891],[103.2722,22.07363],[103.28327,22.08853],[103.28448,22.10562],[103.29182,22.11222],[103.30608,22.11391],[103.30773,22.12599],[103.3145,22.1314],[103.32043,22.14329],[103.33238,22.15331]]]}},{"type":"Feature","properties":{"id":"18","ma_tinh":"68","ten_tinh":"Lâm Đồng","sap_nhap":"Lâm Đồng, Đắk Nông, Bình Thuận","quy_mo":"124 đơn vị (20 phường, 103 xã và 1 đặc khu Phú Quý)","tru_so":"Số 4 Trần Hưng Đạo, Xuân Hương Đà Lạt, Lâm Đồng","loai":"Tỉnh","cap":1,"stt":26,"dtich_km2":24243.13,"dan_so":3872999,"matdo_km2":159.76,"NAME_1":"Lâm Đồng","GID_1":"68"},"geometry":{"type":"MultiPolygon","coordinates":[[[[107.70993,10.63237],[107.72799,10.63192],[107.7526,10.64006],[107.76879,10.6498],[107.77168,10.64807],[107.77769,10.65384],[107.77704,10.64842],[107.79711,10.67714],[107.81713,10.69779],[107.83322,10.70587],[107.84529,10.70394],[107.87374,10.71781],[107.87673,10.7185],[107.87144,10.71576],[107.89637,10.72245],[107.91259,10.72179],[107.95443,10.70873],[107.96335,10.70078],[107.97681,10.7066],[107.99391,10.7001],[108.00881,10.73245],[108.01517,10.73638],[108.02657,10.79527],[108.0404,10.83792],[108.06281,10.88408],[108.06308,10.88423],[108.06316,10.88348],[108.06165,10.88044],[108.08119,10.91039],[108.1012,10.92045],[108.10648,10.92014],[108.10398,10.91377],[108.11955,10.92681],[108.13112,10.93207],[108.16287,10.92952],[108.17619,10.93611],[108.1896,10.93629],[108.20956,10.94988],[108.22793,10.95466],[108.25213,10.95054],[108.27625,10.94216],[108.28166,10.93614],[108.28174,10.91586],[108.29552,10.91471],[108.29892,10.93978],[108.30925,10.95646],[108.32178,10.9603],[108.32809,10.95754],[108.33127,10.95131],[108.33672,10.95138],[108.33957,10.95508],[108.34674,10.99525],[108.35319,11.01152],[108.3631,11.02433],[108.37553,11.03313],[108.38329,11.0347],[108.39004,11.0309],[108.40964,11.03314],[108.41416,11.02661],[108.42482,11.04044],[108.43513,11.04757],[108.44659,11.04793],[108.45941,11.04042],[108.47539,11.04861],[108.4796,11.07204],[108.49356,11.10815],[108.5059,11.13284],[108.52029,11.15084],[108.53159,11.15644],[108.5348,11.15456],[108.5472,11.16074],[108.56362,11.16284],[108.57369,11.1749],[108.58727,11.18275],[108.6115,11.18314],[108.61805,11.17577],[108.62876,11.18748],[108.65095,11.19339],[108.67114,11.19136],[108.69759,11.18255],[108.70282,11.17786],[108.70387,11.16482],[108.70831,11.16575],[108.71211,11.17578],[108.72991,11.18564],[108.73262,11.20742],[108.74561,11.2315],[108.74532,11.24214],[108.75167,11.25752],[108.75207,11.273],[108.75651,11.28252],[108.77131,11.28913],[108.77665,11.28816],[108.78147,11.30631],[108.78632,11.31215],[108.7929,11.31405],[108.79905,11.30018],[108.80994,11.30015],[108.81244,11.30306],[108.8108,11.31122],[108.81714,11.31204],[108.81532,11.32136],[108.82742,11.31947],[108.838,11.3233],[108.84462,11.33188],[108.85169,11.33439],[108.86284,11.33242],[108.87238,11.33454],[108.87621,11.34119],[108.87663,11.35438],[108.87009,11.35493],[108.86554,11.35181],[108.85561,11.35698],[108.84565,11.36569],[108.84396,11.37707],[108.78504,11.38832],[108.78335,11.39391],[108.75722,11.41139],[108.76177,11.47052],[108.72489,11.46932],[108.71314,11.46175],[108.67875,11.4734],[108.65891,11.50485],[108.64366,11.55067],[108.58241,11.55591],[108.57184,11.57925],[108.56661,11.58138],[108.55154,11.60119],[108.55313,11.63206],[108.55934,11.63527],[108.56233,11.64254],[108.57477,11.63937],[108.58492,11.64075],[108.59463,11.64857],[108.62326,11.6501],[108.62678,11.65485],[108.65318,11.66388],[108.65895,11.66876],[108.6719,11.66396],[108.68318,11.67621],[108.69239,11.6976],[108.70113,11.69912],[108.68953,11.73281],[108.66666,11.74823],[108.66293,11.76261],[108.67132,11.77754],[108.67169,11.78481],[108.66826,11.78889],[108.66438,11.78787],[108.65506,11.79259],[108.63143,11.79573],[108.61942,11.80453],[108.62755,11.81874],[108.62559,11.83136],[108.63256,11.82888],[108.64014,11.83071],[108.65318,11.8462],[108.65017,11.86335],[108.65585,11.88724],[108.65318,11.89316],[108.664,11.91409],[108.66021,11.92678],[108.66561,11.93854],[108.66497,11.94689],[108.65981,11.95094],[108.66174,11.96171],[108.68532,11.99151],[108.67977,12.01102],[108.68551,12.02534],[108.69123,12.02943],[108.69335,12.04027],[108.70304,12.04116],[108.71215,12.05757],[108.71253,12.06319],[108.70738,12.07219],[108.70918,12.07896],[108.7031,12.08585],[108.70449,12.09299],[108.70022,12.09399],[108.69942,12.09866],[108.68127,12.1165],[108.6732,12.12064],[108.6738,12.12307],[108.68072,12.12357],[108.68566,12.13012],[108.69324,12.12937],[108.69677,12.14028],[108.69353,12.14637],[108.70394,12.15021],[108.70655,12.15525],[108.72054,12.15326],[108.72888,12.16122],[108.72511,12.16978],[108.72049,12.17265],[108.71988,12.18144],[108.7102,12.19005],[108.72222,12.21795],[108.71814,12.22554],[108.70317,12.23558],[108.69961,12.24541],[108.70593,12.25428],[108.70233,12.26399],[108.70536,12.26878],[108.70179,12.27377],[108.70108,12.28774],[108.70313,12.29694],[108.70747,12.29874],[108.70198,12.30672],[108.69334,12.31237],[108.69013,12.31105],[108.68924,12.31591],[108.68196,12.31708],[108.67344,12.30601],[108.66875,12.30515],[108.6662,12.29901],[108.6492,12.293],[108.63861,12.29379],[108.62782,12.28855],[108.62228,12.29056],[108.6174,12.2832],[108.60775,12.28327],[108.60886,12.28149],[108.59568,12.27664],[108.58535,12.28224],[108.58919,12.28808],[108.5792,12.28546],[108.5796,12.28871],[108.57497,12.28813],[108.57438,12.29148],[108.57109,12.28955],[108.5693,12.29548],[108.56496,12.29212],[108.55795,12.29221],[108.55226,12.29578],[108.54991,12.292],[108.54211,12.29757],[108.53592,12.29039],[108.53964,12.28656],[108.538,12.28316],[108.53112,12.27901],[108.52079,12.28081],[108.51085,12.27706],[108.49901,12.2847],[108.49977,12.29197],[108.49215,12.30545],[108.48563,12.3048],[108.48331,12.30951],[108.48054,12.30483],[108.48373,12.29964],[108.47483,12.30022],[108.47575,12.29443],[108.472,12.28794],[108.46869,12.29585],[108.46538,12.2969],[108.4664,12.28325],[108.46007,12.27569],[108.45701,12.27575],[108.45849,12.28283],[108.45042,12.27322],[108.44598,12.27275],[108.4425,12.27744],[108.44099,12.26843],[108.4435,12.26312],[108.44024,12.26315],[108.43974,12.25881],[108.43632,12.25735],[108.43939,12.25031],[108.42947,12.25899],[108.42721,12.25157],[108.41272,12.24359],[108.39412,12.24371],[108.38752,12.24101],[108.37057,12.25369],[108.35672,12.25504],[108.34719,12.24762],[108.343,12.24887],[108.34189,12.24532],[108.33589,12.24805],[108.33303,12.23556],[108.3399,12.23383],[108.34022,12.22822],[108.33073,12.23054],[108.32176,12.22435],[108.32116,12.21975],[108.31161,12.21832],[108.29682,12.20248],[108.29042,12.2112],[108.27696,12.21408],[108.27254,12.20474],[108.25942,12.19985],[108.26038,12.19208],[108.25221,12.18776],[108.2483,12.17866],[108.25405,12.17235],[108.24653,12.16866],[108.24114,12.16059],[108.23809,12.17594],[108.23029,12.17715],[108.22809,12.18297],[108.22371,12.17209],[108.22053,12.17319],[108.22102,12.17844],[108.21672,12.18397],[108.20531,12.17078],[108.19428,12.17712],[108.1892,12.17585],[108.18959,12.17263],[108.18479,12.1745],[108.18163,12.18447],[108.17726,12.18544],[108.17239,12.17961],[108.17295,12.18632],[108.16821,12.18849],[108.16584,12.19655],[108.15304,12.18813],[108.11957,12.1754],[108.11311,12.18424],[108.11058,12.19989],[108.09661,12.21092],[108.08589,12.22524],[108.0839,12.23878],[108.07423,12.25469],[108.06249,12.26444],[108.0505,12.26376],[108.04215,12.26814],[108.03852,12.28268],[108.04053,12.28865],[108.01967,12.29029],[108.01514,12.30311],[108.00454,12.29605],[107.99841,12.30451],[107.97366,12.29673],[107.97179,12.30993],[107.95283,12.31846],[107.94387,12.32729],[107.94455,12.33481],[107.93374,12.34358],[107.93437,12.3504],[107.93072,12.35456],[107.93464,12.36794],[107.92707,12.38226],[107.9233,12.37978],[107.92035,12.38153],[107.9209,12.386],[107.92598,12.38924],[107.91697,12.39137],[107.91239,12.40045],[107.91554,12.40619],[107.92563,12.40972],[107.92767,12.41332],[107.9211,12.41327],[107.91656,12.41769],[107.9234,12.4165],[107.92192,12.42741],[107.93093,12.42394],[107.93276,12.42802],[107.92951,12.43148],[107.93636,12.43105],[107.94495,12.44052],[107.95434,12.44163],[107.9661,12.43635],[107.98498,12.44627],[107.99189,12.46384],[107.99582,12.46606],[107.99524,12.47013],[108.00171,12.4765],[107.9975,12.48614],[107.99065,12.4863],[107.99113,12.4931],[107.98022,12.49586],[107.97424,12.50808],[107.95782,12.51876],[107.93893,12.52692],[107.91523,12.52906],[107.9103,12.52528],[107.89469,12.53845],[107.88818,12.5397],[107.88813,12.54771],[107.89614,12.5546],[107.89193,12.55973],[107.89331,12.56492],[107.90849,12.57555],[107.93258,12.58316],[107.93496,12.59717],[107.92892,12.59998],[107.92868,12.61675],[107.9206,12.61952],[107.92279,12.62912],[107.91892,12.63541],[107.92057,12.64552],[107.91705,12.6482],[107.90831,12.64605],[107.90433,12.65057],[107.91474,12.65842],[107.91344,12.66493],[107.90524,12.6752],[107.91232,12.6931],[107.89554,12.71264],[107.89912,12.72441],[107.91097,12.73215],[107.91052,12.74022],[107.90598,12.74601],[107.8924,12.75264],[107.8838,12.75428],[107.86796,12.75132],[107.86054,12.75634],[107.85589,12.76261],[107.85702,12.77132],[107.85353,12.77996],[107.86403,12.79723],[107.84777,12.81249],[107.83193,12.8022],[107.82399,12.80201],[107.81813,12.78964],[107.81113,12.78973],[107.81148,12.78508],[107.80708,12.7865],[107.80848,12.78389],[107.80308,12.77999],[107.78085,12.77817],[107.74793,12.78057],[107.7445,12.78471],[107.73168,12.781],[107.72378,12.78544],[107.68661,12.78907],[107.67868,12.79156],[107.67907,12.79453],[107.67623,12.79303],[107.66106,12.7985],[107.64145,12.79605],[107.63404,12.80406],[107.60784,12.79514],[107.60059,12.80243],[107.5907,12.79528],[107.57571,12.79789],[107.56037,12.79536],[107.56315,12.78786],[107.56017,12.78672],[107.55937,12.7798],[107.5625,12.7743],[107.55887,12.76211],[107.55965,12.74663],[107.56471,12.74641],[107.56364,12.73647],[107.56786,12.72826],[107.55956,12.71649],[107.55948,12.71078],[107.56274,12.70411],[107.56895,12.70048],[107.57038,12.69216],[107.57509,12.69135],[107.57775,12.68106],[107.5822,12.67947],[107.57663,12.67658],[107.57564,12.66944],[107.57054,12.6678],[107.56965,12.65567],[107.57415,12.65011],[107.56932,12.64801],[107.56913,12.64283],[107.57232,12.64005],[107.57286,12.62604],[107.5788,12.62297],[107.57761,12.61954],[107.58503,12.61313],[107.58074,12.60981],[107.586,12.59767],[107.58117,12.59152],[107.58298,12.58641],[107.57958,12.58202],[107.57984,12.57515],[107.58992,12.55877],[107.57566,12.54237],[107.57763,12.5351],[107.56821,12.52993],[107.56265,12.52252],[107.56257,12.51633],[107.56934,12.51178],[107.56705,12.50665],[107.56992,12.50746],[107.57346,12.49878],[107.58085,12.49552],[107.57558,12.47781],[107.56552,12.47149],[107.56747,12.46601],[107.56462,12.45667],[107.5683,12.4541],[107.55486,12.43414],[107.5539,12.42425],[107.55066,12.41893],[107.54422,12.41644],[107.54199,12.41089],[107.54622,12.40401],[107.54496,12.3942],[107.55436,12.3788],[107.5446,12.37285],[107.54771,12.36046],[107.5437,12.35021],[107.53732,12.35194],[107.53394,12.34497],[107.52833,12.34591],[107.52736,12.34001],[107.5207,12.3399],[107.51167,12.3294],[107.46724,12.31059],[107.46634,12.30128],[107.45806,12.29407],[107.44385,12.29239],[107.44347,12.27895],[107.43818,12.27218],[107.44196,12.26359],[107.43416,12.25198],[107.43481,12.24442],[107.4217,12.2463],[107.41635,12.23904],[107.41062,12.25015],[107.39687,12.25604],[107.39889,12.26105],[107.38688,12.27116],[107.38607,12.27892],[107.38926,12.28408],[107.383,12.2887],[107.38345,12.29551],[107.37778,12.29469],[107.3749,12.30589],[107.36217,12.31987],[107.34949,12.32676],[107.34601,12.3344],[107.33816,12.32645],[107.32735,12.32631],[107.31915,12.32161],[107.31288,12.32259],[107.3099,12.33449],[107.30272,12.32823],[107.28727,12.3264],[107.28629,12.32285],[107.26861,12.32509],[107.26219,12.31452],[107.25666,12.31525],[107.25025,12.31159],[107.24987,12.30848],[107.24329,12.30727],[107.24238,12.30322],[107.2397,12.30408],[107.24027,12.30158],[107.2306,12.29573],[107.22391,12.29515],[107.22182,12.29809],[107.22107,12.29516],[107.21927,12.29965],[107.20952,12.29722],[107.20831,12.30007],[107.20617,12.29588],[107.22303,12.19351],[107.22917,12.1339],[107.22223,12.12585],[107.22634,12.12397],[107.23014,12.1149],[107.24053,12.11367],[107.23227,12.09881],[107.2347,12.09022],[107.22917,12.08611],[107.2337,12.06108],[107.23113,12.05913],[107.23402,12.04417],[107.23109,12.02804],[107.23381,12.02796],[107.23637,12.03655],[107.24038,12.03356],[107.24233,12.03903],[107.24559,12.03421],[107.24261,12.02571],[107.24937,12.02599],[107.25224,12.02085],[107.26109,12.0204],[107.26853,12.01341],[107.27074,12.0172],[107.27582,12.01316],[107.27836,12.0177],[107.27993,12.01261],[107.2839,12.0181],[107.28983,12.01553],[107.29166,12.02145],[107.29114,12.01847],[107.29605,12.01567],[107.29409,12.00935],[107.30151,12.00822],[107.30365,12.01053],[107.30751,12.00574],[107.31382,12.0082],[107.32411,12.00502],[107.32469,12.00017],[107.33026,11.99753],[107.35125,11.96806],[107.34764,11.96433],[107.35174,11.96403],[107.3523,11.95388],[107.35689,11.95185],[107.35508,11.94695],[107.35186,11.94669],[107.35687,11.93975],[107.35278,11.93907],[107.35935,11.93406],[107.36698,11.93317],[107.37003,11.92737],[107.38534,11.91863],[107.39413,11.89556],[107.40066,11.8906],[107.40567,11.86951],[107.40898,11.865],[107.42249,11.86332],[107.426,11.85893],[107.42719,11.84767],[107.41899,11.84156],[107.41559,11.83515],[107.41807,11.83154],[107.41426,11.83412],[107.41338,11.82637],[107.40529,11.81866],[107.4047,11.81289],[107.40905,11.80565],[107.40133,11.79771],[107.39743,11.80109],[107.39327,11.79507],[107.39277,11.78893],[107.39718,11.7849],[107.39533,11.78074],[107.39929,11.77699],[107.39336,11.76811],[107.39027,11.76701],[107.38663,11.77274],[107.37381,11.77076],[107.36514,11.76577],[107.36315,11.76088],[107.35674,11.76207],[107.35303,11.75252],[107.33546,11.74777],[107.32564,11.74898],[107.31573,11.7406],[107.3012,11.73927],[107.29667,11.72948],[107.28649,11.72647],[107.284,11.69835],[107.27854,11.69239],[107.285,11.68614],[107.27782,11.68115],[107.26611,11.66124],[107.26591,11.65746],[107.27313,11.65001],[107.26872,11.6413],[107.27227,11.63589],[107.2869,11.63135],[107.30431,11.61757],[107.30069,11.60642],[107.30673,11.59847],[107.29739,11.58457],[107.30012,11.57777],[107.31213,11.57144],[107.30995,11.56783],[107.30569,11.57148],[107.30182,11.57059],[107.31163,11.55356],[107.33268,11.55398],[107.3379,11.54453],[107.34605,11.54341],[107.34759,11.55303],[107.35672,11.55912],[107.35764,11.57977],[107.36102,11.58172],[107.36636,11.57295],[107.36134,11.56709],[107.36671,11.56074],[107.36021,11.55521],[107.37098,11.54852],[107.37268,11.55099],[107.36814,11.55746],[107.37244,11.5575],[107.37908,11.54243],[107.3752,11.53196],[107.37619,11.52394],[107.36751,11.51742],[107.37423,11.51493],[107.38554,11.52057],[107.38659,11.52587],[107.39825,11.52653],[107.40175,11.52971],[107.40994,11.52815],[107.41219,11.51843],[107.42047,11.51084],[107.42934,11.51906],[107.43256,11.51227],[107.4414,11.51654],[107.44111,11.50999],[107.45316,11.50167],[107.45534,11.49147],[107.46144,11.48955],[107.47174,11.47844],[107.4714,11.47571],[107.46642,11.47738],[107.46153,11.47266],[107.46268,11.46338],[107.45089,11.45851],[107.44591,11.44747],[107.43038,11.44032],[107.43047,11.42517],[107.44209,11.43199],[107.4471,11.4282],[107.44383,11.41942],[107.4535,11.41994],[107.45588,11.4227],[107.45246,11.42398],[107.45339,11.43154],[107.45671,11.43014],[107.47512,11.43592],[107.48819,11.42699],[107.48531,11.40065],[107.48764,11.39632],[107.49841,11.39485],[107.49801,11.39095],[107.50209,11.39001],[107.50118,11.38277],[107.51325,11.38442],[107.51656,11.37458],[107.52461,11.36987],[107.53505,11.3551],[107.5407,11.35884],[107.5444,11.36659],[107.54367,11.35009],[107.53564,11.33362],[107.53525,11.32491],[107.51913,11.31379],[107.51761,11.30951],[107.52401,11.29936],[107.5229,11.29013],[107.51848,11.28458],[107.5237,11.27223],[107.52454,11.25168],[107.5191,11.24811],[107.51696,11.25189],[107.51446,11.2449],[107.50932,11.24377],[107.50825,11.23746],[107.50297,11.23547],[107.50046,11.24267],[107.49691,11.24248],[107.49589,11.23608],[107.49962,11.22884],[107.49319,11.22483],[107.49859,11.22019],[107.4906,11.22514],[107.48267,11.22103],[107.48812,11.21606],[107.47804,11.20931],[107.48416,11.20419],[107.47981,11.19814],[107.47836,11.20271],[107.47352,11.20148],[107.47917,11.1904],[107.47095,11.19259],[107.47188,11.18647],[107.46783,11.18314],[107.47054,11.17834],[107.4659,11.18043],[107.46042,11.17647],[107.46221,11.16777],[107.45466,11.1597],[107.458,11.15168],[107.44944,11.14671],[107.44517,11.14938],[107.44286,11.13931],[107.43484,11.1372],[107.43652,11.12885],[107.4449,11.12477],[107.45408,11.11141],[107.44302,11.08386],[107.43816,11.08899],[107.43073,11.08713],[107.43199,11.08244],[107.4227,11.076],[107.42576,11.06391],[107.4167,11.05085],[107.40025,11.05367],[107.39467,11.04967],[107.40301,11.04849],[107.40614,11.0428],[107.41238,11.04569],[107.41264,11.04182],[107.42213,11.04138],[107.42074,11.03709],[107.42713,11.03666],[107.43067,11.03201],[107.43225,11.03436],[107.44348,11.03095],[107.44773,11.02831],[107.44958,11.02101],[107.45655,11.01672],[107.46514,11.01614],[107.47425,11.00674],[107.48106,11.00682],[107.49878,11.01545],[107.50646,11.01359],[107.51323,11.00268],[107.51803,10.99989],[107.51921,11.00193],[107.52335,10.99575],[107.53087,10.99326],[107.53621,10.97821],[107.5425,10.97819],[107.5603,10.93704],[107.5598,10.86849],[107.57237,10.84982],[107.57771,10.83412],[107.57385,10.81403],[107.56127,10.79874],[107.53198,10.77804],[107.52192,10.77346],[107.50487,10.7714],[107.50182,10.76122],[107.50786,10.75647],[107.50615,10.74592],[107.5121,10.74317],[107.51573,10.7351],[107.52589,10.73161],[107.52812,10.72392],[107.53505,10.72135],[107.54425,10.70602],[107.54338,10.69842],[107.54648,10.69466],[107.53823,10.67856],[107.54457,10.67201],[107.55059,10.65141],[107.56823,10.61902],[107.5676,10.61585],[107.56344,10.61522],[107.56593,10.60538],[107.57193,10.6002],[107.56772,10.58556],[107.57029,10.56808],[107.57963,10.57602],[107.58206,10.57363],[107.62023,10.59456],[107.66337,10.60948],[107.68393,10.62548],[107.70993,10.63237]]],[[[108.3005,10.91111],[108.29952,10.91004],[108.30036,10.90938],[108.3005,10.91111]]],[[[109.08329,9.97575],[109.08377,9.97139],[109.08497,9.97009],[109.08444,9.97172],[109.08329,9.97575]]],[[[109.05062,9.99431],[109.05107,9.99495],[109.04949,9.99486],[109.05062,9.99431]]],[[[108.89727,10.05654],[108.897,10.05652],[108.8971,10.05405],[108.89727,10.05654]]],[[[108.96842,10.48462],[108.96751,10.4837],[108.9683,10.48302],[108.96842,10.48462]]],[[[108.96116,10.48714],[108.96611,10.48601],[108.96926,10.49509],[108.96396,10.49704],[108.96116,10.48714]]],[[[108.95797,10.54846],[108.95541,10.54605],[108.95165,10.55243],[108.94373,10.55394],[108.93049,10.55348],[108.92238,10.54625],[108.92649,10.53987],[108.9316,10.5122],[108.93344,10.5142],[108.9389,10.50936],[108.93244,10.51069],[108.93557,10.50817],[108.93915,10.50821],[108.93955,10.50948],[108.95007,10.50268],[108.95959,10.5033],[108.96773,10.5097],[108.96753,10.51662],[108.96201,10.51836],[108.9573,10.52677],[108.9578,10.53428],[108.9545,10.53902],[108.95797,10.54846]]],[[[108.95891,10.55499],[108.95721,10.55207],[108.95948,10.55313],[108.95891,10.55499]]],[[[108.95768,10.55682],[108.95819,10.5565],[108.95822,10.55664],[108.95768,10.55682]]],[[[108.95412,10.5587],[108.95182,10.55732],[108.95373,10.5573],[108.95412,10.5587]]]]}},{"type":"Feature","properties":{"id":"19","ma_tinh":"20","ten_tinh":"Lạng Sơn","sap_nhap":"không sáp nhập","quy_mo":"65 đơn vị (4 phường, 61 xã)","tru_so":"Đang cập nhật","loai":"Tỉnh","cap":1,"stt":11,"dtich_km2":8309.67,"dan_so":881384,"matdo_km2":106.07,"NAME_1":"Lạng Sơn","GID_1":"20"},"geometry":{"type":"Polygon","coordinates":[[[106.41758,21.43719],[106.42761,21.44027],[106.43299,21.438],[106.43854,21.44383],[106.44359,21.43618],[106.45077,21.43636],[106.45232,21.44009],[106.46569,21.43679],[106.47168,21.4418],[106.473,21.44787],[106.48257,21.44858],[106.4944,21.48283],[106.50868,21.48447],[106.52164,21.49954],[106.51662,21.51025],[106.50724,21.51991],[106.50857,21.52566],[106.52204,21.53536],[106.52774,21.55053],[106.5275,21.55905],[106.54003,21.56721],[106.5438,21.5766],[106.55285,21.58347],[106.55217,21.58882],[106.5559,21.58978],[106.55728,21.59501],[106.56618,21.59612],[106.57089,21.60251],[106.5928,21.59803],[106.61499,21.60795],[106.62351,21.60593],[106.62484,21.60233],[106.63487,21.60091],[106.64488,21.60703],[106.65608,21.6032],[106.67028,21.60901],[106.67681,21.60338],[106.70266,21.59261],[106.69887,21.57216],[106.70896,21.56093],[106.72627,21.55576],[106.73333,21.54928],[106.73395,21.54483],[106.74318,21.54168],[106.75548,21.54077],[106.75877,21.54446],[106.75815,21.55293],[106.76173,21.55428],[106.75534,21.56277],[106.75865,21.56956],[106.78663,21.57786],[106.79305,21.56537],[106.80734,21.559],[106.82144,21.56285],[106.82828,21.55986],[106.84318,21.56049],[106.85022,21.54761],[106.85016,21.54132],[106.85836,21.53989],[106.86504,21.53426],[106.86536,21.53028],[106.86163,21.52418],[106.85175,21.52527],[106.85066,21.51719],[106.83969,21.51241],[106.83867,21.50699],[106.84399,21.49975],[106.84293,21.49429],[106.85254,21.49981],[106.8524,21.49639],[106.8739,21.49691],[106.88938,21.49089],[106.89219,21.4773],[106.90275,21.47119],[106.89217,21.46015],[106.89117,21.45178],[106.91157,21.43034],[106.91723,21.43085],[106.92686,21.44094],[106.93038,21.43343],[106.92847,21.42544],[106.94062,21.43535],[106.94652,21.43391],[106.95,21.42513],[106.95514,21.42336],[106.969,21.43601],[106.98688,21.43971],[106.99066,21.43654],[106.99202,21.43012],[107.0038,21.42136],[106.99181,21.41526],[106.99222,21.40896],[106.98541,21.40207],[106.99336,21.37605],[106.98736,21.36018],[106.99762,21.35563],[107.00221,21.34992],[107.01803,21.34422],[107.02181,21.33152],[107.03012,21.32595],[107.05215,21.33018],[107.0514,21.3329],[107.06256,21.3476],[107.0784,21.34634],[107.08517,21.35506],[107.09455,21.35849],[107.09714,21.374],[107.1022,21.37696],[107.1114,21.37617],[107.12688,21.36912],[107.14334,21.3695],[107.14184,21.36652],[107.14579,21.36445],[107.15797,21.36851],[107.16798,21.36316],[107.18545,21.37538],[107.19204,21.3756],[107.19333,21.3791],[107.20384,21.37871],[107.20943,21.38694],[107.21658,21.38902],[107.23554,21.37349],[107.24044,21.36399],[107.25239,21.3664],[107.25969,21.37919],[107.25696,21.38348],[107.26157,21.38775],[107.26498,21.4003],[107.25773,21.40427],[107.25752,21.41709],[107.25341,21.42317],[107.24853,21.42377],[107.24781,21.43009],[107.24166,21.43455],[107.24557,21.44388],[107.24068,21.44756],[107.23856,21.46014],[107.24248,21.46604],[107.2399,21.47341],[107.24611,21.48396],[107.23698,21.49641],[107.23589,21.50258],[107.23874,21.50579],[107.23367,21.51405],[107.23422,21.51862],[107.23111,21.52147],[107.22286,21.51937],[107.22168,21.52626],[107.21654,21.53161],[107.21115,21.53094],[107.20456,21.54214],[107.21963,21.5531],[107.22538,21.55124],[107.23285,21.55456],[107.2461,21.54846],[107.24856,21.55784],[107.26018,21.56445],[107.27812,21.56319],[107.28435,21.56932],[107.2841,21.57726],[107.29025,21.58166],[107.29577,21.5935],[107.30934,21.59607],[107.31356,21.59033],[107.32223,21.5943],[107.32791,21.5926],[107.33074,21.58802],[107.3409,21.58843],[107.34779,21.59598],[107.35937,21.59542],[107.36216,21.60192],[107.3571,21.60671],[107.361,21.61221],[107.35432,21.63095],[107.36111,21.63429],[107.36394,21.64001],[107.35873,21.65409],[107.36076,21.66297],[107.35629,21.66663],[107.35691,21.67062],[107.34528,21.67642],[107.34895,21.68173],[107.34456,21.68833],[107.33809,21.68836],[107.33508,21.69904],[107.32394,21.70659],[107.31961,21.71505],[107.32246,21.72545],[107.31388,21.72589],[107.31343,21.73026],[107.30803,21.7307],[107.30135,21.74241],[107.29612,21.7425],[107.28748,21.73674],[107.28752,21.73228],[107.27952,21.73443],[107.26401,21.72971],[107.26278,21.72546],[107.25853,21.72527],[107.25379,21.71773],[107.24985,21.71684],[107.2473,21.70461],[107.22134,21.70801],[107.1964,21.72161],[107.19919,21.7264],[107.19798,21.73261],[107.19303,21.73494],[107.18554,21.74699],[107.17494,21.74892],[107.17263,21.75247],[107.16433,21.75051],[107.16044,21.75752],[107.14038,21.7625],[107.13502,21.76818],[107.13391,21.7759],[107.12614,21.77591],[107.11175,21.79382],[107.10075,21.79413],[107.09677,21.79876],[107.09008,21.80013],[107.08291,21.80925],[107.04329,21.81229],[107.02554,21.81918],[107.01818,21.82722],[107.00857,21.82772],[107.00421,21.83315],[107.00423,21.84668],[107.01747,21.86337],[107.02598,21.86525],[107.0408,21.8792],[107.05369,21.88304],[107.06308,21.89438],[107.05996,21.90878],[107.05658,21.91132],[107.05803,21.91559],[107.04951,21.92829],[107.03894,21.9308],[107.03273,21.93825],[107.02587,21.93778],[107.02412,21.94497],[107.00666,21.94674],[107.00049,21.94437],[106.99121,21.95151],[106.97949,21.92666],[106.96095,21.91907],[106.95339,21.92444],[106.95188,21.93143],[106.92955,21.93125],[106.92951,21.94153],[106.92116,21.95441],[106.92413,21.96279],[106.91633,21.97558],[106.90366,21.97162],[106.88038,21.98202],[106.87511,21.98003],[106.86111,21.98388],[106.8467,21.97967],[106.83983,21.98419],[106.83276,21.9819],[106.83284,21.97486],[106.81195,21.97342],[106.80438,21.97723],[106.80411,21.98286],[106.79975,21.98045],[106.79573,21.99305],[106.78791,21.99063],[106.78439,22.00396],[106.77839,22.00457],[106.76494,22.01326],[106.73626,22.00759],[106.73718,22.00009],[106.7287,21.99252],[106.72694,21.98154],[106.72016,21.97486],[106.71372,21.97212],[106.70771,21.97479],[106.70831,21.97011],[106.69895,21.96038],[106.69107,21.96409],[106.69475,21.97309],[106.68327,21.98537],[106.68251,22.00092],[106.69979,22.0153],[106.70302,22.02309],[106.70881,22.02547],[106.70596,22.03851],[106.697,22.04411],[106.69962,22.05035],[106.69722,22.05403],[106.70653,22.06527],[106.70504,22.08504],[106.7114,22.08956],[106.71318,22.09589],[106.70984,22.10156],[106.69524,22.11096],[106.69619,22.11607],[106.69201,22.12192],[106.69428,22.13328],[106.68807,22.13821],[106.69538,22.14304],[106.69698,22.15396],[106.70551,22.15523],[106.70609,22.15972],[106.70288,22.16382],[106.69346,22.1621],[106.67802,22.17041],[106.67844,22.17565],[106.66953,22.18632],[106.6743,22.18742],[106.68003,22.19605],[106.67821,22.20543],[106.68647,22.20304],[106.69404,22.20519],[106.69856,22.21033],[106.69876,22.21874],[106.70208,22.21961],[106.69274,22.23424],[106.695,22.23957],[106.69131,22.2426],[106.68868,22.2601],[106.68399,22.26522],[106.69098,22.27778],[106.677,22.28562],[106.67123,22.28354],[106.66678,22.28603],[106.66828,22.29686],[106.66575,22.30003],[106.66831,22.30756],[106.65909,22.31764],[106.65713,22.32867],[106.65996,22.33419],[106.64863,22.33983],[106.63529,22.33972],[106.62062,22.33306],[106.61281,22.3406],[106.60313,22.33748],[106.59011,22.34354],[106.58208,22.33959],[106.57792,22.34519],[106.5708,22.34161],[106.5582,22.34862],[106.56128,22.35309],[106.56158,22.36434],[106.56424,22.36665],[106.56873,22.36496],[106.57168,22.36946],[106.58016,22.37165],[106.58544,22.37776],[106.58171,22.38313],[106.58615,22.38839],[106.58516,22.39495],[106.57266,22.40296],[106.56205,22.4219],[106.53539,22.41917],[106.5344,22.41538],[106.52848,22.41298],[106.53299,22.40809],[106.51939,22.39782],[106.50461,22.40518],[106.49044,22.40139],[106.49438,22.3964],[106.48372,22.39012],[106.49074,22.38754],[106.49085,22.3848],[106.4797,22.37933],[106.4893,22.37633],[106.4876,22.36806],[106.46898,22.36231],[106.46679,22.35875],[106.45137,22.35691],[106.43627,22.36418],[106.4253,22.35912],[106.4119,22.37072],[106.40498,22.36934],[106.39679,22.37408],[106.37781,22.35903],[106.36311,22.35664],[106.35243,22.36241],[106.34994,22.36876],[106.34171,22.37449],[106.34443,22.39229],[106.33322,22.40175],[106.33447,22.40904],[106.33141,22.41194],[106.31912,22.40748],[106.3123,22.41023],[106.29848,22.42369],[106.28796,22.42703],[106.27688,22.44775],[106.27111,22.45086],[106.2601,22.45036],[106.23948,22.46165],[106.23043,22.45454],[106.2218,22.45523],[106.21716,22.45228],[106.21113,22.44093],[106.20144,22.43236],[106.1995,22.42197],[106.19233,22.41594],[106.19395,22.40772],[106.18667,22.40018],[106.18434,22.38709],[106.19107,22.3761],[106.20873,22.36841],[106.21023,22.36199],[106.21702,22.3581],[106.21992,22.35057],[106.21931,22.3467],[106.20853,22.33761],[106.20104,22.32294],[106.20025,22.30956],[106.21088,22.29088],[106.22249,22.28884],[106.22386,22.2826],[106.23473,22.2791],[106.24538,22.26693],[106.24719,22.25598],[106.24198,22.2471],[106.24299,22.23809],[106.23764,22.22126],[106.2251,22.214],[106.22116,22.20683],[106.22328,22.20138],[106.22136,22.19687],[106.23377,22.17782],[106.22615,22.16959],[106.21712,22.16675],[106.21398,22.15974],[106.19697,22.14306],[106.19132,22.14381],[106.18794,22.13415],[106.18078,22.12869],[106.18481,22.12578],[106.18581,22.11743],[106.18024,22.11582],[106.1763,22.11034],[106.17201,22.11297],[106.16821,22.11064],[106.1681,22.10614],[106.1621,22.10151],[106.15721,22.08176],[106.14265,22.08201],[106.13986,22.08637],[106.12297,22.08572],[106.11437,22.07294],[106.10779,22.07654],[106.10755,22.07398],[106.09994,22.07131],[106.10292,22.04567],[106.09583,22.03408],[106.09692,22.03012],[106.10858,22.02135],[106.11177,22.01341],[106.1101,21.99802],[106.10755,21.99748],[106.11464,21.99298],[106.11267,21.98895],[106.11554,21.97796],[106.11285,21.9635],[106.09892,21.95942],[106.09799,21.95383],[106.09907,21.95076],[106.10364,21.95325],[106.11094,21.95189],[106.11203,21.94781],[106.09793,21.93825],[106.10714,21.93282],[106.1107,21.93404],[106.11268,21.92953],[106.12216,21.924],[106.12884,21.92441],[106.13217,21.91685],[106.12718,21.91037],[106.13167,21.90595],[106.12728,21.89882],[106.1151,21.89469],[106.11305,21.89083],[106.11629,21.88038],[106.11375,21.8755],[106.11526,21.86972],[106.11046,21.86101],[106.11153,21.8499],[106.11832,21.84356],[106.11467,21.84057],[106.10657,21.84068],[106.10786,21.83177],[106.10091,21.83018],[106.1012,21.82563],[106.09531,21.81997],[106.09812,21.81276],[106.10773,21.80321],[106.10609,21.79229],[106.1116,21.78705],[106.11136,21.78173],[106.13786,21.78469],[106.14951,21.76112],[106.15457,21.76163],[106.16015,21.75518],[106.16538,21.75541],[106.16842,21.74982],[106.17331,21.75051],[106.18242,21.74147],[106.19451,21.74243],[106.19665,21.73536],[106.20804,21.7334],[106.21812,21.72643],[106.22335,21.7315],[106.22927,21.73101],[106.23091,21.72745],[106.23544,21.72681],[106.23827,21.71788],[106.23273,21.69901],[106.22599,21.69049],[106.2216,21.67268],[106.20537,21.66257],[106.20396,21.65388],[106.1924,21.64716],[106.19298,21.63586],[106.19806,21.63273],[106.19459,21.62676],[106.19739,21.61866],[106.18793,21.61142],[106.18529,21.604],[106.16943,21.59535],[106.1703,21.58635],[106.16691,21.57728],[106.16978,21.57209],[106.16775,21.56072],[106.17081,21.54968],[106.16732,21.54365],[106.17069,21.53468],[106.16735,21.52074],[106.16903,21.51194],[106.17587,21.50804],[106.18609,21.50815],[106.20968,21.49697],[106.23797,21.4945],[106.24152,21.48657],[106.24558,21.48507],[106.24366,21.48343],[106.24425,21.48174],[106.24543,21.48037],[106.24575,21.48042],[106.24559,21.4811],[106.24443,21.48187],[106.24506,21.48338],[106.2488,21.48751],[106.2567,21.48672],[106.26481,21.4916],[106.26789,21.48911],[106.27315,21.49356],[106.28713,21.4906],[106.28274,21.47258],[106.28726,21.4699],[106.28337,21.45227],[106.29006,21.45577],[106.28815,21.44983],[106.29529,21.44297],[106.29874,21.4466],[106.30594,21.44222],[106.30408,21.4482],[106.31057,21.45194],[106.3161,21.44407],[106.32562,21.44806],[106.32896,21.44656],[106.32888,21.44109],[106.33338,21.43547],[106.32478,21.42446],[106.32704,21.42005],[106.32327,21.41063],[106.33513,21.40395],[106.34091,21.39685],[106.34049,21.39976],[106.34595,21.40108],[106.35154,21.39604],[106.36158,21.39585],[106.3672,21.39945],[106.37806,21.3936],[106.38726,21.39732],[106.39519,21.40529],[106.4119,21.40523],[106.41618,21.40836],[106.4157,21.41544],[106.40861,21.41907],[106.40526,21.42842],[106.41418,21.43197],[106.41758,21.43719]]]}},{"type":"Feature","properties":{"id":"20","ma_tinh":"15","ten_tinh":"Lào Cai","sap_nhap":"Lào Cai, Yên Bái","quy_mo":"99 đơn vị (10 phường, 89 xã)","tru_so":"Số 963 Yên Ninh, Yên Bái, Lào Cai","loai":"Tỉnh","cap":1,"stt":9,"dtich_km2":13256.61,"dan_so":1770645,"matdo_km2":133.57,"NAME_1":"Lào Cai","GID_1":"15"},"geometry":{"type":"Polygon","coordinates":[[[104.14483,21.65494],[104.15313,21.64332],[104.17291,21.63602],[104.17744,21.64367],[104.17507,21.64771],[104.19635,21.64808],[104.21102,21.66435],[104.21161,21.67055],[104.22049,21.673],[104.24118,21.66975],[104.25294,21.67132],[104.25587,21.66965],[104.25498,21.66564],[104.26055,21.66313],[104.28765,21.66164],[104.28405,21.65866],[104.2848,21.65362],[104.28918,21.65411],[104.29261,21.65886],[104.30525,21.65331],[104.31508,21.65666],[104.33894,21.65335],[104.34026,21.64204],[104.33114,21.63757],[104.31878,21.61925],[104.30991,21.61466],[104.30603,21.60789],[104.28755,21.60037],[104.29846,21.57178],[104.28799,21.56893],[104.27687,21.55098],[104.28224,21.53773],[104.29352,21.52449],[104.29235,21.51528],[104.29486,21.51061],[104.29292,21.50242],[104.28465,21.49233],[104.2862,21.48721],[104.28303,21.4847],[104.28202,21.47228],[104.28782,21.463],[104.29598,21.45744],[104.30099,21.45761],[104.30295,21.45247],[104.29874,21.43916],[104.30312,21.43754],[104.3038,21.43329],[104.31996,21.42809],[104.32212,21.41939],[104.33129,21.40807],[104.34289,21.40914],[104.34214,21.41489],[104.34712,21.4194],[104.35469,21.4143],[104.36369,21.40131],[104.3729,21.39829],[104.38258,21.38933],[104.39581,21.3924],[104.41011,21.38782],[104.42031,21.37579],[104.42003,21.36073],[104.4297,21.35458],[104.44771,21.35699],[104.46074,21.35248],[104.47634,21.35273],[104.49318,21.37322],[104.50505,21.3769],[104.51406,21.38894],[104.51422,21.39585],[104.52794,21.41268],[104.54049,21.41405],[104.55914,21.40887],[104.56975,21.41303],[104.57897,21.40867],[104.58295,21.41954],[104.5905,21.42301],[104.60709,21.41588],[104.61248,21.40408],[104.64351,21.38403],[104.65492,21.38331],[104.67667,21.37535],[104.68552,21.37701],[104.68899,21.38458],[104.68985,21.40087],[104.69732,21.40018],[104.70222,21.40657],[104.7102,21.3997],[104.72468,21.40069],[104.73359,21.40643],[104.73413,21.38345],[104.74363,21.36881],[104.74795,21.36775],[104.74847,21.35279],[104.75728,21.35269],[104.75908,21.34538],[104.76891,21.34431],[104.76835,21.33083],[104.77793,21.3261],[104.79478,21.33514],[104.80409,21.33083],[104.80782,21.33363],[104.81386,21.33256],[104.82691,21.34026],[104.83391,21.337],[104.84176,21.33869],[104.84739,21.34343],[104.84475,21.35152],[104.85448,21.3519],[104.8535,21.36448],[104.85839,21.36548],[104.86398,21.36498],[104.86839,21.35376],[104.88105,21.34274],[104.89789,21.34331],[104.90084,21.35236],[104.88379,21.37308],[104.885,21.37984],[104.88194,21.38395],[104.88466,21.38661],[104.88234,21.39015],[104.88666,21.39335],[104.89508,21.3925],[104.9028,21.40967],[104.90789,21.41414],[104.90605,21.4287],[104.91196,21.43294],[104.91205,21.44597],[104.897,21.46944],[104.8933,21.4782],[104.89429,21.48404],[104.88446,21.50077],[104.88214,21.50902],[104.88501,21.52297],[104.87873,21.53502],[104.86805,21.54307],[104.86744,21.54871],[104.87193,21.55565],[104.88873,21.5582],[104.89906,21.56512],[104.89642,21.57129],[104.8983,21.57706],[104.89323,21.58982],[104.89337,21.60442],[104.88738,21.61203],[104.89313,21.60824],[104.90088,21.61068],[104.90581,21.60814],[104.90312,21.62503],[104.90739,21.63186],[104.91952,21.63963],[104.93382,21.64214],[104.93812,21.65135],[104.94944,21.65489],[104.95485,21.66038],[104.97253,21.64637],[104.96994,21.6506],[104.97346,21.65364],[104.97285,21.65741],[104.98711,21.66296],[104.97988,21.67278],[104.99986,21.67969],[105.00038,21.68839],[105.01989,21.68779],[105.02002,21.69677],[105.02363,21.69632],[105.02415,21.69275],[105.03076,21.70152],[105.03871,21.69762],[105.04457,21.69005],[105.0577,21.68538],[105.06112,21.6902],[105.07315,21.68053],[105.0848,21.68346],[105.09219,21.68154],[105.09183,21.67848],[105.09812,21.68007],[105.10024,21.6891],[105.09584,21.69511],[105.09636,21.69993],[105.08643,21.70328],[105.09128,21.71354],[105.08357,21.72362],[105.07621,21.72305],[105.07383,21.72817],[105.07654,21.73546],[105.05649,21.74749],[105.06922,21.75142],[105.07207,21.75442],[105.06997,21.75955],[105.07389,21.75757],[105.07808,21.76165],[105.08157,21.77137],[105.07237,21.77807],[105.07171,21.78197],[105.08076,21.78733],[105.08862,21.80732],[105.10041,21.81145],[105.08903,21.82799],[105.07765,21.82992],[105.0673,21.84069],[105.0585,21.85813],[105.0519,21.8586],[105.04435,21.86527],[105.04093,21.87378],[105.04253,21.88296],[105.03708,21.89134],[105.02418,21.89197],[105.01432,21.89813],[105.01447,21.90763],[105.0221,21.91748],[105.02279,21.92444],[105.01804,21.92838],[105.01931,21.93548],[105.00938,21.93743],[104.99681,21.92867],[104.98928,21.93147],[104.98644,21.9363],[104.98744,21.94376],[104.99364,21.95234],[104.99517,21.96423],[104.99279,21.97202],[104.99961,21.98791],[104.99735,21.99226],[104.99065,21.99383],[104.98966,22.00196],[104.99634,22.01447],[104.9922,22.02049],[104.99801,22.04263],[104.99049,22.04539],[104.97254,22.04068],[104.9678,22.03131],[104.96232,22.02878],[104.95478,22.03574],[104.94614,22.03584],[104.94033,22.04451],[104.94158,22.05201],[104.93485,22.0587],[104.92802,22.06187],[104.91816,22.05879],[104.91251,22.06529],[104.90261,22.06381],[104.89464,22.07197],[104.88213,22.0721],[104.87392,22.07952],[104.87177,22.09137],[104.86476,22.09649],[104.86502,22.11217],[104.85924,22.12886],[104.86352,22.14221],[104.85405,22.15716],[104.85555,22.17026],[104.85037,22.17558],[104.84892,22.18502],[104.83001,22.17753],[104.8171,22.18581],[104.81825,22.17877],[104.80644,22.17159],[104.79981,22.17],[104.78933,22.17455],[104.7797,22.17074],[104.77683,22.17555],[104.76507,22.17156],[104.76325,22.16767],[104.75404,22.17769],[104.75804,22.18045],[104.75508,22.18557],[104.74147,22.18532],[104.73413,22.1976],[104.72399,22.19868],[104.71991,22.21531],[104.72934,22.22488],[104.72896,22.23325],[104.73342,22.23318],[104.7289,22.23826],[104.72777,22.24557],[104.72329,22.24612],[104.72183,22.25782],[104.71455,22.26178],[104.70613,22.261],[104.70445,22.26406],[104.6842,22.26184],[104.67661,22.26457],[104.67005,22.27677],[104.66077,22.2731],[104.65023,22.28054],[104.64185,22.27635],[104.62875,22.28722],[104.61728,22.28656],[104.60922,22.29268],[104.58568,22.26395],[104.58592,22.25147],[104.57815,22.25155],[104.57282,22.24357],[104.5515,22.24192],[104.54435,22.27737],[104.55262,22.28383],[104.56054,22.28398],[104.56924,22.29712],[104.57892,22.30317],[104.57863,22.31568],[104.57348,22.31958],[104.57284,22.32571],[104.56427,22.33043],[104.57309,22.34246],[104.58114,22.34586],[104.57986,22.34976],[104.56801,22.35574],[104.55303,22.35388],[104.5467,22.36088],[104.55375,22.37193],[104.54968,22.3783],[104.55207,22.38153],[104.52505,22.39166],[104.50768,22.40543],[104.49739,22.40469],[104.49038,22.41316],[104.49052,22.41983],[104.46702,22.42415],[104.44924,22.44942],[104.44855,22.45891],[104.47244,22.48283],[104.47115,22.4882],[104.45253,22.49602],[104.44509,22.50387],[104.44475,22.5132],[104.43893,22.51979],[104.42206,22.52445],[104.41482,22.53069],[104.42345,22.54912],[104.42117,22.55723],[104.42425,22.57219],[104.4327,22.57585],[104.45045,22.57552],[104.45265,22.57172],[104.46661,22.57411],[104.46273,22.58523],[104.46379,22.59818],[104.45933,22.60551],[104.44273,22.60448],[104.43855,22.61101],[104.43294,22.61215],[104.43336,22.62546],[104.43601,22.62817],[104.43322,22.62928],[104.43483,22.64397],[104.42905,22.64431],[104.42248,22.63101],[104.41441,22.62762],[104.40722,22.6285],[104.41571,22.64426],[104.40638,22.65621],[104.40206,22.68113],[104.38638,22.68],[104.36476,22.67294],[104.35478,22.67533],[104.33427,22.6904],[104.34113,22.70384],[104.34116,22.71657],[104.33801,22.72272],[104.32053,22.73204],[104.30152,22.73045],[104.28021,22.74145],[104.26954,22.74172],[104.26897,22.75401],[104.2578,22.76659],[104.25479,22.77791],[104.26647,22.80838],[104.26623,22.82018],[104.27069,22.82649],[104.26728,22.84013],[104.25947,22.84469],[104.25568,22.84481],[104.25061,22.83946],[104.24097,22.8439],[104.24055,22.84107],[104.22022,22.82886],[104.21527,22.83169],[104.19727,22.82655],[104.19018,22.82087],[104.18338,22.82618],[104.17579,22.82017],[104.16457,22.82205],[104.16194,22.81572],[104.15519,22.81503],[104.15403,22.81088],[104.13381,22.80485],[104.13116,22.81161],[104.12198,22.81315],[104.11503,22.81135],[104.10926,22.80287],[104.10305,22.79998],[104.0941,22.7886],[104.08803,22.77],[104.07851,22.76615],[104.07868,22.76226],[104.06545,22.75715],[104.04618,22.73452],[104.03898,22.72406],[104.03469,22.70044],[104.02806,22.69355],[104.02872,22.68743],[104.03523,22.68181],[104.03946,22.68201],[104.03981,22.67917],[104.03252,22.66368],[104.03106,22.64218],[104.02756,22.63575],[104.02958,22.62589],[104.02456,22.6207],[104.02666,22.6155],[104.02098,22.60679],[104.01953,22.59545],[104.01424,22.59289],[104.01399,22.57877],[104.0052,22.57576],[104.01637,22.56519],[104.00979,22.56216],[104.01461,22.55066],[104.01159,22.54787],[104.01513,22.54432],[104.0087,22.54433],[104.00495,22.53915],[104.01235,22.52334],[104.00559,22.51709],[103.99062,22.51977],[103.97997,22.5079],[103.97316,22.50659],[103.96888,22.5116],[103.96405,22.50571],[103.95278,22.51221],[103.9451,22.52534],[103.93188,22.52797],[103.9267,22.53934],[103.91875,22.53343],[103.91437,22.5349],[103.91454,22.54457],[103.89072,22.56903],[103.8861,22.57015],[103.88221,22.56367],[103.87663,22.56549],[103.86304,22.5846],[103.84807,22.59426],[103.84019,22.60573],[103.82437,22.61684],[103.81106,22.64195],[103.80401,22.64681],[103.79325,22.66206],[103.78217,22.66967],[103.76747,22.69088],[103.7503,22.68831],[103.74756,22.69557],[103.73721,22.70314],[103.73876,22.71174],[103.72558,22.72498],[103.70211,22.74533],[103.68504,22.75266],[103.67932,22.76462],[103.66823,22.76908],[103.66089,22.78834],[103.64606,22.79494],[103.64104,22.79285],[103.64238,22.79678],[103.63957,22.79772],[103.63911,22.7925],[103.63471,22.79083],[103.63789,22.78648],[103.63085,22.78747],[103.631,22.79144],[103.61843,22.78557],[103.62049,22.77451],[103.60861,22.7638],[103.6098,22.75629],[103.60615,22.75675],[103.60411,22.74927],[103.59859,22.74974],[103.59643,22.74213],[103.59132,22.74003],[103.59194,22.73537],[103.58354,22.73251],[103.58041,22.72771],[103.58205,22.72379],[103.57496,22.72266],[103.57547,22.71767],[103.56998,22.7091],[103.56415,22.7061],[103.56281,22.69869],[103.56739,22.6798],[103.57819,22.67101],[103.57966,22.66433],[103.57107,22.64217],[103.55218,22.6368],[103.54546,22.61255],[103.53084,22.59493],[103.53278,22.58425],[103.54824,22.58869],[103.57276,22.57815],[103.56631,22.56783],[103.57991,22.54568],[103.5838,22.53189],[103.59549,22.52659],[103.58635,22.51253],[103.58779,22.50679],[103.58284,22.49836],[103.57601,22.48988],[103.56554,22.48442],[103.55502,22.47134],[103.55599,22.46329],[103.56882,22.45698],[103.57171,22.44711],[103.57776,22.44588],[103.58029,22.43854],[103.58854,22.4364],[103.58818,22.42903],[103.60294,22.42531],[103.60347,22.41013],[103.62544,22.39624],[103.646,22.4042],[103.67583,22.40323],[103.69644,22.40881],[103.70134,22.40616],[103.71221,22.40944],[103.71501,22.41373],[103.72357,22.41284],[103.73042,22.41655],[103.74874,22.40719],[103.7492,22.40296],[103.7551,22.40014],[103.76588,22.38706],[103.76833,22.37941],[103.76644,22.35591],[103.78059,22.34877],[103.77852,22.34449],[103.78247,22.33862],[103.76894,22.33183],[103.77245,22.32484],[103.76132,22.31181],[103.77084,22.30958],[103.77908,22.30182],[103.78699,22.30319],[103.82466,22.27236],[103.82887,22.25987],[103.84289,22.24133],[103.84261,22.22503],[103.85115,22.22047],[103.85698,22.20595],[103.87298,22.19917],[103.87229,22.18877],[103.86531,22.18291],[103.86807,22.17835],[103.88839,22.17407],[103.89696,22.16497],[103.89896,22.15792],[103.90727,22.15542],[103.91553,22.14379],[103.93796,22.13986],[103.93936,22.12509],[103.93622,22.12283],[103.94445,22.10549],[103.93854,22.08193],[103.95169,22.06586],[103.95744,22.04892],[103.95596,22.03089],[103.95299,22.02611],[103.96566,22.0133],[103.95612,21.99927],[103.96723,21.98923],[103.97395,21.97581],[103.98503,21.96661],[103.969,21.95684],[103.96124,21.94513],[103.96208,21.93517],[103.94226,21.91728],[103.93632,21.91902],[103.93353,21.92345],[103.92935,21.92315],[103.92575,21.93005],[103.91854,21.93173],[103.90685,21.92144],[103.89099,21.91646],[103.88578,21.9061],[103.88948,21.90174],[103.88683,21.89137],[103.88988,21.86481],[103.91977,21.83859],[103.91787,21.82911],[103.93652,21.81852],[103.93477,21.81405],[103.94448,21.81048],[103.9443,21.80594],[103.9522,21.79825],[103.95097,21.78942],[103.95603,21.78722],[103.95825,21.77947],[103.96692,21.77053],[103.96438,21.75593],[103.9593,21.75728],[103.9554,21.75374],[103.9515,21.75695],[103.95312,21.7407],[103.94277,21.74379],[103.93864,21.73868],[103.93106,21.74379],[103.9159,21.73349],[103.91762,21.72378],[103.91173,21.71648],[103.92131,21.70851],[103.92225,21.7],[103.9378,21.69114],[103.936,21.67014],[103.95852,21.66972],[103.96405,21.67884],[103.97497,21.67161],[103.97624,21.67502],[103.98487,21.67825],[103.98771,21.67387],[104.00049,21.6746],[104.00573,21.67255],[104.00739,21.66553],[104.01512,21.6707],[104.02671,21.66899],[104.02721,21.6723],[104.04859,21.6582],[104.07936,21.65006],[104.08723,21.64271],[104.09277,21.64214],[104.10089,21.64717],[104.11553,21.64637],[104.14483,21.65494]]]}},{"type":"Feature","properties":{"id":"21","ma_tinh":"40","ten_tinh":"Nghệ An","sap_nhap":"không sáp nhập","quy_mo":"130 đơn vị (11 phường, 119 xã)","tru_so":"Số 3 Trường Thi, Trường Vinh, Nghệ An","loai":"Tỉnh","cap":1,"stt":17,"dtich_km2":16486.49,"dan_so":3831694,"matdo_km2":232.41,"NAME_1":"Nghệ An","GID_1":"40"},"geometry":{"type":"MultiPolygon","coordinates":[[[[104.91295,18.79083],[104.91963,18.78381],[104.92385,18.78626],[104.92684,18.77953],[104.93833,18.77348],[104.93886,18.76246],[104.93546,18.7581],[104.9426,18.73856],[104.96839,18.74289],[104.98277,18.73877],[104.98999,18.74451],[104.99875,18.73687],[105.00993,18.7421],[105.01105,18.73928],[105.02187,18.74792],[105.01632,18.73554],[105.02018,18.73086],[105.03093,18.728],[105.03495,18.73268],[105.0392,18.72479],[105.05149,18.72908],[105.05998,18.72361],[105.05333,18.71532],[105.05156,18.70648],[105.06789,18.70813],[105.07298,18.70373],[105.08452,18.70873],[105.09246,18.70458],[105.10564,18.70322],[105.11488,18.71359],[105.12261,18.71134],[105.13365,18.71476],[105.13756,18.70627],[105.14549,18.70162],[105.13901,18.69746],[105.13953,18.68949],[105.1342,18.6884],[105.13954,18.68056],[105.14647,18.67698],[105.15237,18.67897],[105.16171,18.66988],[105.1678,18.65774],[105.18348,18.65772],[105.18963,18.64619],[105.19529,18.64814],[105.19727,18.64472],[105.19946,18.63909],[105.19186,18.6303],[105.19139,18.62326],[105.19557,18.6188],[105.18924,18.60065],[105.21819,18.59777],[105.22768,18.58778],[105.24706,18.60848],[105.26192,18.61785],[105.2821,18.6238],[105.28808,18.61959],[105.29565,18.62194],[105.30508,18.60713],[105.33027,18.60182],[105.33863,18.59026],[105.35468,18.58614],[105.36021,18.58122],[105.37685,18.5785],[105.39724,18.57981],[105.39877,18.58345],[105.40638,18.58671],[105.40952,18.58434],[105.41836,18.59087],[105.42079,18.58723],[105.42396,18.58954],[105.43085,18.58723],[105.4367,18.59663],[105.4617,18.60609],[105.47448,18.60736],[105.47986,18.61393],[105.50159,18.61119],[105.51821,18.59672],[105.51818,18.58419],[105.52656,18.57599],[105.53089,18.56097],[105.53602,18.56115],[105.54616,18.55212],[105.55256,18.55725],[105.56812,18.56187],[105.57275,18.55861],[105.5837,18.55878],[105.58934,18.57285],[105.59356,18.5722],[105.59943,18.57709],[105.60312,18.57493],[105.61734,18.57879],[105.61916,18.56744],[105.65394,18.57915],[105.66787,18.57548],[105.6792,18.57879],[105.68935,18.59558],[105.69017,18.62744],[105.70465,18.63556],[105.71596,18.66712],[105.72876,18.67317],[105.75402,18.66857],[105.76238,18.67142],[105.76817,18.67747],[105.7672,18.68712],[105.75745,18.70298],[105.74166,18.74259],[105.74646,18.75269],[105.75883,18.76043],[105.75607,18.76224],[105.76017,18.76839],[105.73457,18.79378],[105.72322,18.81084],[105.72033,18.81856],[105.72293,18.8208],[105.71938,18.82069],[105.71734,18.82534],[105.7201,18.83425],[105.71511,18.84523],[105.72013,18.84736],[105.71599,18.85508],[105.71703,18.85189],[105.71105,18.84905],[105.70763,18.85423],[105.70296,18.8552],[105.70088,18.86329],[105.6948,18.86427],[105.69103,18.87383],[105.68441,18.87686],[105.67945,18.87454],[105.67382,18.88129],[105.66785,18.87982],[105.66493,18.88419],[105.6666,18.88621],[105.66111,18.88945],[105.65692,18.88506],[105.65276,18.88621],[105.64925,18.88783],[105.65029,18.89169],[105.63634,18.89786],[105.62844,18.92479],[105.62723,18.92173],[105.62607,18.92437],[105.62787,18.92617],[105.62041,18.94938],[105.6194,18.97625],[105.61585,18.98109],[105.62109,19.01828],[105.62868,19.04352],[105.64165,19.06792],[105.65188,19.08239],[105.6642,19.09306],[105.67482,19.09861],[105.67579,19.09559],[105.68507,19.09198],[105.68821,19.08414],[105.69228,19.08242],[105.69748,19.08776],[105.70053,19.08603],[105.70239,19.09085],[105.71154,19.09691],[105.73835,19.1045],[105.73091,19.11538],[105.72854,19.14011],[105.7332,19.16812],[105.73073,19.16764],[105.73138,19.18857],[105.73753,19.21816],[105.74901,19.22974],[105.75478,19.22925],[105.75773,19.23257],[105.75757,19.22489],[105.76601,19.2278],[105.77083,19.23354],[105.77542,19.26025],[105.78348,19.2747],[105.79229,19.27635],[105.79035,19.27315],[105.7943,19.27194],[105.80133,19.27595],[105.80594,19.27426],[105.80197,19.27943],[105.80477,19.28708],[105.80147,19.29947],[105.80026,19.30141],[105.78074,19.29724],[105.77346,19.2918],[105.76612,19.29256],[105.75492,19.30699],[105.75113,19.30177],[105.74784,19.30256],[105.74121,19.31576],[105.74166,19.32348],[105.71129,19.30226],[105.70853,19.3051],[105.70071,19.30477],[105.68775,19.30082],[105.67559,19.31617],[105.67667,19.32279],[105.66448,19.31418],[105.6678,19.34032],[105.65541,19.34287],[105.65311,19.35316],[105.6427,19.35332],[105.63929,19.36625],[105.63285,19.3658],[105.62571,19.38133],[105.61923,19.38175],[105.60889,19.36822],[105.60033,19.37124],[105.59059,19.37022],[105.58137,19.38228],[105.58245,19.3907],[105.56706,19.40272],[105.56149,19.41446],[105.54379,19.43391],[105.53544,19.4517],[105.53826,19.45466],[105.52454,19.46387],[105.50003,19.46267],[105.49284,19.4565],[105.49228,19.45173],[105.48239,19.44791],[105.4682,19.45721],[105.44554,19.44092],[105.43502,19.45538],[105.41895,19.45591],[105.41733,19.45915],[105.4096,19.45741],[105.40325,19.44963],[105.39188,19.45476],[105.38877,19.4592],[105.39143,19.46692],[105.38369,19.47712],[105.3832,19.4845],[105.36641,19.49921],[105.37131,19.50315],[105.36854,19.50831],[105.37138,19.5101],[105.36923,19.51965],[105.3534,19.53832],[105.34135,19.53817],[105.33958,19.53092],[105.33495,19.5338],[105.33127,19.52679],[105.33271,19.52385],[105.32878,19.52312],[105.32435,19.51508],[105.32495,19.50965],[105.30879,19.49857],[105.30849,19.48936],[105.30206,19.48838],[105.30082,19.48431],[105.29748,19.48567],[105.29884,19.48075],[105.29529,19.48023],[105.29358,19.47538],[105.28918,19.49159],[105.27716,19.49231],[105.27965,19.50429],[105.2712,19.50844],[105.27449,19.51966],[105.26731,19.52947],[105.2742,19.54708],[105.27136,19.55591],[105.28307,19.56809],[105.27801,19.58499],[105.27291,19.58834],[105.28143,19.59533],[105.28165,19.60156],[105.27905,19.60534],[105.2689,19.60729],[105.27196,19.6109],[105.26643,19.61671],[105.26725,19.6246],[105.26147,19.62958],[105.26159,19.63923],[105.2581,19.63998],[105.24669,19.65698],[105.24176,19.65659],[105.23615,19.64436],[105.22851,19.64909],[105.2238,19.64857],[105.21456,19.65616],[105.21213,19.66205],[105.18179,19.6811],[105.17094,19.67982],[105.16611,19.68327],[105.16335,19.68617],[105.16492,19.69917],[105.16055,19.69934],[105.15311,19.70771],[105.16145,19.71619],[105.16209,19.72277],[105.15526,19.72334],[105.13311,19.74376],[105.13637,19.75653],[105.1324,19.76019],[105.1376,19.76546],[105.13508,19.7741],[105.13022,19.77823],[105.13234,19.78614],[105.12753,19.80136],[105.13229,19.80795],[105.12956,19.81697],[105.13289,19.82112],[105.13123,19.82711],[105.14548,19.83554],[105.14876,19.85523],[105.17974,19.85424],[105.18795,19.86244],[105.18809,19.8676],[105.18235,19.87406],[105.1831,19.87874],[105.17797,19.88209],[105.17732,19.89532],[105.17005,19.9011],[105.16808,19.91587],[105.15511,19.9234],[105.14703,19.92056],[105.1368,19.92362],[105.13483,19.92132],[105.12422,19.92579],[105.11893,19.9327],[105.11265,19.93227],[105.10528,19.93753],[105.10093,19.93598],[105.09285,19.93988],[105.0791,19.93519],[105.04653,19.93122],[105.04801,19.93656],[105.04281,19.94168],[105.03655,19.93935],[105.03563,19.94326],[105.02683,19.94532],[105.01668,19.95326],[105.00397,19.95203],[104.99953,19.95669],[105.00024,19.96228],[104.97799,19.97687],[104.9661,19.97519],[104.96286,19.98972],[104.95934,19.99323],[104.94567,19.98892],[104.92937,19.98912],[104.92427,19.99046],[104.92092,19.99762],[104.9112,19.98831],[104.91083,19.9773],[104.8949,19.95758],[104.88781,19.95257],[104.86458,19.94568],[104.84782,19.93045],[104.8425,19.91665],[104.8511,19.91175],[104.84572,19.90653],[104.84157,19.886],[104.85033,19.87078],[104.84544,19.8618],[104.83504,19.85764],[104.83389,19.85328],[104.84974,19.84316],[104.84772,19.83672],[104.84131,19.83314],[104.83638,19.82491],[104.83491,19.81361],[104.83912,19.80712],[104.83642,19.79591],[104.8271,19.78582],[104.8028,19.78606],[104.79884,19.79032],[104.78427,19.78442],[104.77613,19.77572],[104.76351,19.77601],[104.76832,19.76404],[104.75838,19.75707],[104.75698,19.74926],[104.73966,19.74874],[104.7309,19.75638],[104.72418,19.75488],[104.70137,19.73654],[104.69699,19.72498],[104.68621,19.72279],[104.67839,19.71034],[104.66317,19.70258],[104.67156,19.68327],[104.66547,19.68109],[104.66599,19.67561],[104.6603,19.67278],[104.66069,19.65989],[104.64629,19.6552],[104.6535,19.63646],[104.64865,19.62961],[104.64949,19.62597],[104.64214,19.62167],[104.6351,19.62223],[104.62987,19.62773],[104.61926,19.62785],[104.61237,19.63391],[104.60397,19.63237],[104.60171,19.62916],[104.58351,19.62848],[104.57303,19.62068],[104.57033,19.6134],[104.56019,19.60992],[104.54693,19.61915],[104.53899,19.61191],[104.52683,19.61295],[104.51635,19.62091],[104.50706,19.62223],[104.50598,19.63119],[104.4993,19.63587],[104.49197,19.65359],[104.47737,19.65509],[104.47032,19.64935],[104.46315,19.64901],[104.44434,19.65826],[104.44854,19.66525],[104.4467,19.67182],[104.42717,19.67153],[104.4213,19.68255],[104.42388,19.69029],[104.4198,19.69262],[104.42372,19.69898],[104.41596,19.70633],[104.40457,19.70463],[104.4024,19.7024],[104.40431,19.699],[104.3979,19.69656],[104.38836,19.69969],[104.38289,19.69585],[104.36844,19.69627],[104.36162,19.69128],[104.34856,19.69093],[104.3429,19.68663],[104.33848,19.67679],[104.31996,19.66728],[104.31853,19.67264],[104.32218,19.68453],[104.30517,19.69718],[104.28718,19.69395],[104.27174,19.69621],[104.26296,19.70379],[104.25417,19.70295],[104.23619,19.70758],[104.20989,19.70293],[104.20015,19.69243],[104.1942,19.69503],[104.18072,19.69335],[104.17612,19.68789],[104.17397,19.69237],[104.1636,19.69668],[104.15641,19.68597],[104.15734,19.67081],[104.15263,19.66611],[104.13376,19.66011],[104.13085,19.66268],[104.10804,19.66048],[104.0932,19.66526],[104.07104,19.68218],[104.07372,19.67584],[104.06999,19.66537],[104.05751,19.65188],[104.06951,19.63641],[104.06108,19.62333],[104.06279,19.6118],[104.07299,19.60483],[104.07397,19.59894],[104.08702,19.58057],[104.09645,19.57793],[104.10789,19.56899],[104.10492,19.55451],[104.1099,19.53332],[104.10754,19.52586],[104.10366,19.52364],[104.12345,19.5023],[104.11765,19.49944],[104.11479,19.49066],[104.10784,19.48836],[104.09893,19.49238],[104.0927,19.48914],[104.08529,19.48007],[104.08605,19.46677],[104.08154,19.46643],[104.07479,19.45826],[104.06472,19.45293],[104.07564,19.45021],[104.0707,19.4156],[104.05435,19.4182],[104.05057,19.42598],[104.03099,19.41457],[104.02302,19.41591],[104.01414,19.40224],[103.99281,19.40525],[103.98867,19.39927],[103.97542,19.39812],[103.97253,19.39207],[103.96593,19.39044],[103.95679,19.38222],[103.96144,19.37519],[103.95637,19.36455],[103.95266,19.36421],[103.95267,19.35753],[103.93052,19.34352],[103.91983,19.34227],[103.91609,19.33428],[103.90887,19.33001],[103.89505,19.33084],[103.88417,19.32591],[103.87566,19.31787],[103.87594,19.30581],[103.88756,19.29996],[103.89257,19.30618],[103.90004,19.30887],[103.91771,19.30163],[103.91677,19.29681],[103.92368,19.28553],[103.95817,19.2545],[103.97187,19.24562],[103.99457,19.23831],[103.99767,19.23105],[104.00228,19.22912],[104.01068,19.23413],[104.04795,19.24296],[104.05958,19.23991],[104.07085,19.24713],[104.08372,19.23352],[104.09348,19.22993],[104.10308,19.21252],[104.11312,19.22351],[104.13078,19.20328],[104.13708,19.20508],[104.14895,19.19967],[104.18162,19.19813],[104.19471,19.18113],[104.2004,19.16163],[104.22524,19.15528],[104.2265,19.14829],[104.21949,19.14183],[104.21988,19.13087],[104.21365,19.12322],[104.21492,19.1196],[104.23444,19.11181],[104.24056,19.11454],[104.25037,19.11024],[104.27157,19.11993],[104.29053,19.11703],[104.29564,19.11178],[104.30141,19.11281],[104.30557,19.09538],[104.31047,19.08915],[104.31771,19.08826],[104.35144,19.07119],[104.36694,19.07411],[104.38403,19.06015],[104.39984,19.05738],[104.40415,19.0522],[104.40075,19.03889],[104.41323,19.03048],[104.42659,19.01551],[104.4226,19.00638],[104.43156,19.00478],[104.4368,18.99728],[104.44619,18.99293],[104.44862,18.98552],[104.4539,18.9851],[104.46209,18.99124],[104.47311,18.98757],[104.4769,18.99903],[104.48463,19.00534],[104.48877,19.00259],[104.49708,19.00369],[104.50527,18.99797],[104.50529,18.99258],[104.51304,18.98138],[104.52062,18.98015],[104.53048,18.98512],[104.5435,18.97412],[104.54573,18.95434],[104.55724,18.94084],[104.56162,18.94008],[104.57247,18.91542],[104.57824,18.91158],[104.57965,18.9012],[104.58928,18.90378],[104.60876,18.8932],[104.61623,18.89396],[104.6279,18.88789],[104.62981,18.88551],[104.62708,18.87966],[104.63585,18.86995],[104.65579,18.86509],[104.65847,18.85927],[104.66923,18.85277],[104.66915,18.84558],[104.67693,18.83735],[104.69065,18.83526],[104.69881,18.84049],[104.70617,18.83615],[104.715,18.84048],[104.71474,18.82995],[104.71959,18.82745],[104.72105,18.81774],[104.73708,18.81483],[104.73902,18.80059],[104.7522,18.79988],[104.75856,18.79497],[104.78465,18.80202],[104.78914,18.79044],[104.79952,18.78246],[104.84191,18.78542],[104.85679,18.77446],[104.86315,18.78125],[104.86943,18.78075],[104.87285,18.78661],[104.89218,18.78361],[104.89769,18.78741],[104.90871,18.78648],[104.91295,18.79083]]],[[[105.98773,18.79102],[105.98891,18.79],[105.98899,18.79099],[105.98773,18.79102]]],[[[105.986,18.79148],[105.98632,18.79155],[105.9863,18.79192],[105.986,18.79148]]],[[[105.96624,18.79088],[105.96504,18.79664],[105.9525,18.80545],[105.95924,18.79327],[105.96624,18.79088]]],[[[105.77794,18.807],[105.77651,18.80169],[105.76957,18.80068],[105.77149,18.79611],[105.7819,18.80118],[105.77794,18.807]]],[[[105.73497,19.15698],[105.73546,19.1578],[105.73358,19.15682],[105.73497,19.15698]]]]}},{"type":"Feature","properties":{"id":"22","ma_tinh":"37","ten_tinh":"Ninh Bình","sap_nhap":"Hà Nam, Ninh Bình, Nam Định","quy_mo":"129 đơn vị (32 phường, 97 xã)","tru_so":"Số 3 Lê Hồng Phong, Hoa Lư, Ninh Bình","loai":"Tỉnh","cap":1,"stt":6,"dtich_km2":3821.39,"dan_so":4412264,"matdo_km2":1154.62,"NAME_1":"Ninh Bình","GID_1":"37"},"geometry":{"type":"MultiPolygon","coordinates":[[[[105.92449,20.10144],[105.93013,20.09058],[105.95972,20.06544],[105.99362,20.06877],[106.01369,20.06516],[106.01807,20.05958],[106.02354,20.05864],[106.07185,20.06663],[106.07592,20.0628],[106.06167,20.01893],[106.05391,20.00595],[106.04672,20.00115],[106.03337,19.99974],[106.02589,19.99037],[106.02538,19.95966],[106.02938,19.96227],[106.04293,19.94419],[106.04705,19.93229],[106.06805,19.91549],[106.07372,19.9169],[106.07379,19.92186],[106.08814,19.93178],[106.09447,19.92316],[106.09802,19.9275],[106.10026,19.92384],[106.10415,19.92966],[106.10321,19.93403],[106.10965,19.93608],[106.10891,19.92377],[106.09377,19.90356],[106.09877,19.90146],[106.09789,19.89933],[106.08942,19.89275],[106.09068,19.8839],[106.10462,19.88896],[106.12149,19.905],[106.14672,19.93705],[106.14921,19.946],[106.15584,19.94841],[106.15172,19.94601],[106.15441,19.94419],[106.17523,19.96828],[106.17896,19.98021],[106.18847,19.99441],[106.18878,20.00508],[106.20209,20.00476],[106.30007,20.11203],[106.31473,20.13261],[106.34156,20.15626],[106.36234,20.17994],[106.38483,20.19218],[106.38946,20.19912],[106.40425,20.20207],[106.40973,20.20671],[106.42861,20.20766],[106.43747,20.21303],[106.44045,20.20198],[106.45997,20.2036],[106.48223,20.19534],[106.51643,20.19594],[106.51378,20.19493],[106.51656,20.19369],[106.53176,20.19986],[106.53207,20.20169],[106.53086,20.20421],[106.53158,20.20373],[106.53214,20.20251],[106.53266,20.19932],[106.53667,20.20529],[106.53892,20.20106],[106.56358,20.20331],[106.58404,20.21837],[106.58594,20.23194],[106.57888,20.25167],[106.58301,20.25364],[106.57398,20.26629],[106.57646,20.26851],[106.52916,20.31573],[106.5118,20.30884],[106.49799,20.30847],[106.48619,20.29631],[106.4756,20.29089],[106.46354,20.28906],[106.44879,20.29129],[106.43269,20.29931],[106.40834,20.33049],[106.39834,20.33888],[106.38892,20.34362],[106.37075,20.34561],[106.35649,20.35323],[106.34073,20.37706],[106.33588,20.37614],[106.32265,20.36235],[106.28489,20.33319],[106.27054,20.32668],[106.25899,20.32967],[106.25236,20.34239],[106.25383,20.35436],[106.28501,20.38148],[106.28642,20.39082],[106.28252,20.40022],[106.26127,20.40638],[106.2336,20.40594],[106.21522,20.41615],[106.20938,20.42807],[106.22331,20.45162],[106.22555,20.46475],[106.21863,20.4758],[106.20763,20.47958],[106.1901,20.47956],[106.18303,20.48545],[106.1784,20.49843],[106.17931,20.52136],[106.16858,20.55568],[106.15888,20.56325],[106.13331,20.57366],[106.12974,20.58306],[106.12851,20.6064],[106.1217,20.61788],[106.09629,20.61563],[106.07688,20.60313],[106.06523,20.60469],[106.05421,20.6116],[106.03638,20.63111],[106.03321,20.63854],[106.03721,20.67448],[106.028,20.6919],[106.02137,20.69819],[106.00319,20.70363],[105.99573,20.69739],[105.99805,20.69232],[105.99182,20.6892],[105.99748,20.67836],[105.99228,20.67858],[105.99478,20.68163],[105.99001,20.68458],[105.97848,20.67383],[105.9775,20.66578],[105.96633,20.6646],[105.95791,20.65874],[105.95804,20.65076],[105.94442,20.65643],[105.94692,20.67585],[105.94317,20.68204],[105.91999,20.6759],[105.90545,20.66841],[105.90564,20.66466],[105.89611,20.66882],[105.89649,20.65171],[105.87974,20.64322],[105.85694,20.64509],[105.83959,20.65972],[105.82304,20.66447],[105.81952,20.6608],[105.83405,20.64802],[105.81164,20.63008],[105.81489,20.61877],[105.80568,20.61004],[105.81135,20.60459],[105.80799,20.59725],[105.80371,20.5988],[105.79653,20.56965],[105.78214,20.56473],[105.76866,20.56527],[105.77354,20.54966],[105.78658,20.53494],[105.79181,20.51712],[105.7951,20.5117],[105.80096,20.51394],[105.8033,20.51142],[105.80607,20.49947],[105.81027,20.49904],[105.8096,20.50264],[105.82013,20.50599],[105.82096,20.49365],[105.82456,20.48868],[105.8441,20.47789],[105.85237,20.47824],[105.85365,20.43232],[105.85808,20.4262],[105.84192,20.42026],[105.82899,20.42606],[105.82925,20.43012],[105.82491,20.42958],[105.83007,20.41834],[105.82331,20.41812],[105.81904,20.42532],[105.80874,20.4284],[105.80141,20.43595],[105.79409,20.44637],[105.79249,20.4543],[105.78733,20.45296],[105.78868,20.44768],[105.7812,20.436],[105.77478,20.43476],[105.77383,20.44054],[105.75476,20.44108],[105.75167,20.43874],[105.75316,20.42915],[105.75933,20.4155],[105.75261,20.41287],[105.75214,20.4065],[105.75591,20.39965],[105.75339,20.39885],[105.75461,20.38807],[105.76017,20.37884],[105.75601,20.37152],[105.75715,20.36723],[105.74662,20.36705],[105.74592,20.3822],[105.72985,20.38572],[105.73303,20.39868],[105.71945,20.40737],[105.70532,20.41196],[105.68579,20.41093],[105.68485,20.40648],[105.68794,20.4028],[105.69442,20.40297],[105.69871,20.39756],[105.69268,20.39168],[105.70641,20.38441],[105.70487,20.37403],[105.71246,20.36601],[105.70986,20.36036],[105.72987,20.33772],[105.72301,20.32877],[105.70351,20.32475],[105.70485,20.3221],[105.68623,20.30515],[105.67581,20.30558],[105.67062,20.30903],[105.66558,20.31628],[105.64918,20.32803],[105.64254,20.33883],[105.62553,20.34904],[105.6217,20.34502],[105.59884,20.36378],[105.58116,20.36971],[105.57099,20.35953],[105.56337,20.3577],[105.54277,20.36149],[105.54467,20.35197],[105.55054,20.34677],[105.54762,20.33486],[105.55442,20.32757],[105.5569,20.32942],[105.56317,20.32682],[105.56334,20.31649],[105.57064,20.3185],[105.57852,20.31176],[105.5935,20.31393],[105.59964,20.3118],[105.61119,20.29682],[105.60986,20.2928],[105.62019,20.282],[105.65085,20.27335],[105.66857,20.25639],[105.66987,20.24839],[105.67751,20.24762],[105.682,20.23536],[105.69382,20.23074],[105.69613,20.22515],[105.69268,20.22141],[105.73791,20.19414],[105.74235,20.18726],[105.73976,20.18522],[105.77379,20.17697],[105.77698,20.17229],[105.79382,20.17065],[105.80845,20.1579],[105.83162,20.1506],[105.83549,20.14228],[105.85473,20.13778],[105.87346,20.1218],[105.89417,20.11858],[105.9103,20.10489],[105.91588,20.10618],[105.92449,20.10144]]],[[[106.06897,19.87198],[106.06968,19.87195],[106.06977,19.87326],[106.06897,19.87198]]],[[[106.06521,19.86791],[106.0747,19.87148],[106.07746,19.87807],[106.07554,19.8833],[106.07256,19.87431],[106.06978,19.87157],[106.06556,19.87104],[106.06566,19.86897],[106.05943,19.87369],[106.06521,19.86791]]],[[[106.0333,19.95625],[106.03014,19.95396],[106.03517,19.94917],[106.03712,19.95112],[106.0333,19.95625]]],[[[106.02845,19.95405],[106.03118,19.95866],[106.02873,19.9573],[106.02685,19.95896],[106.02845,19.95405]]],[[[106.03151,19.95851],[106.03028,19.95543],[106.03071,19.95548],[106.03151,19.95851]]],[[[106.02972,19.95905],[106.0283,19.96094],[106.02705,19.95941],[106.02972,19.95905]]],[[[106.03,19.95994],[106.02887,19.96121],[106.02871,19.96074],[106.03,19.95994]]],[[[106.09494,19.92294],[106.09411,19.92282],[106.08893,19.93016],[106.07429,19.92155],[106.07449,19.91695],[106.06733,19.91214],[106.07105,19.9124],[106.07249,19.90691],[106.08022,19.90876],[106.09874,19.92369],[106.09816,19.92699],[106.09494,19.92294]]],[[[106.19712,20.00271],[106.19544,19.99533],[106.20206,19.99938],[106.19712,20.00271]]],[[[106.5312,20.19753],[106.54812,20.19243],[106.55244,20.1933],[106.55507,20.19617],[106.55116,20.19401],[106.5312,20.19753]]],[[[106.57651,20.2065],[106.57665,20.20848],[106.55589,20.19425],[106.57651,20.2065]]],[[[106.57793,20.20879],[106.57802,20.20632],[106.58011,20.20661],[106.57793,20.20879]]],[[[106.5953,20.22226],[106.59533,20.23201],[106.58894,20.23592],[106.5932,20.22189],[106.58234,20.20761],[106.58984,20.21249],[106.5953,20.22226]]]]}},{"type":"Feature","properties":{"id":"23","ma_tinh":"25","ten_tinh":"Phú Thọ","sap_nhap":"Vĩnh Phúc, Phú Thọ, Hòa Bình","quy_mo":"148 đơn vị (15 phường, 133 xã)","tru_so":"Đang cập nhật","loai":"Tỉnh","cap":1,"stt":12,"dtich_km2":9361.42,"dan_so":4022493,"matdo_km2":429.69,"NAME_1":"Phú Thọ","GID_1":"25"},"geometry":{"type":"Polygon","coordinates":[[[105.07907,20.57831],[105.0961,20.56635],[105.09896,20.57179],[105.106,20.57309],[105.11061,20.56437],[105.13118,20.55567],[105.14009,20.54438],[105.15248,20.54354],[105.1556,20.53823],[105.16184,20.53561],[105.16124,20.523],[105.17028,20.5153],[105.17805,20.51663],[105.18365,20.52151],[105.19071,20.51727],[105.20283,20.51855],[105.21133,20.51557],[105.22162,20.50534],[105.22954,20.50433],[105.23046,20.4973],[105.23994,20.49382],[105.24473,20.48795],[105.24041,20.47577],[105.2609,20.46644],[105.26226,20.45633],[105.26724,20.4552],[105.2582,20.43434],[105.27242,20.42875],[105.27669,20.43149],[105.28241,20.42341],[105.29268,20.41772],[105.30062,20.41756],[105.30302,20.42086],[105.32346,20.40414],[105.34202,20.39691],[105.34527,20.3907],[105.36557,20.38979],[105.37049,20.38431],[105.37687,20.38453],[105.38498,20.37859],[105.4065,20.37273],[105.42127,20.37746],[105.428,20.38507],[105.4336,20.38585],[105.46031,20.37496],[105.47639,20.37544],[105.50087,20.36085],[105.50823,20.35948],[105.52228,20.35985],[105.52545,20.36882],[105.53106,20.37191],[105.54058,20.36774],[105.54277,20.36149],[105.56337,20.3577],[105.57099,20.35953],[105.58158,20.36968],[105.60076,20.36278],[105.62255,20.34456],[105.62553,20.34904],[105.64254,20.33883],[105.64918,20.32803],[105.67581,20.30558],[105.68861,20.30621],[105.70485,20.3221],[105.70351,20.32475],[105.72301,20.32877],[105.72987,20.33772],[105.70986,20.36036],[105.71246,20.36601],[105.70487,20.37403],[105.70641,20.38441],[105.69268,20.39168],[105.69871,20.39756],[105.69442,20.40297],[105.68794,20.4028],[105.68485,20.40648],[105.68579,20.41093],[105.70532,20.41196],[105.71945,20.40737],[105.73303,20.39868],[105.72985,20.38572],[105.74592,20.3822],[105.74662,20.36705],[105.75715,20.36723],[105.75601,20.37152],[105.76017,20.37884],[105.75461,20.38807],[105.75339,20.39885],[105.75591,20.39965],[105.75214,20.4065],[105.75261,20.41287],[105.75933,20.4155],[105.75316,20.42915],[105.75167,20.43874],[105.75476,20.44108],[105.77383,20.44054],[105.77478,20.43476],[105.7812,20.436],[105.78868,20.44768],[105.78733,20.45296],[105.79249,20.4543],[105.79409,20.44637],[105.80141,20.43595],[105.80874,20.4284],[105.81904,20.42532],[105.82331,20.41812],[105.83007,20.41834],[105.82491,20.42958],[105.82925,20.43012],[105.82899,20.42606],[105.84192,20.42026],[105.85808,20.4262],[105.85365,20.43232],[105.85237,20.47824],[105.8441,20.47789],[105.82456,20.48868],[105.82096,20.49365],[105.82013,20.50599],[105.8096,20.50264],[105.81027,20.49904],[105.80607,20.49947],[105.80346,20.51118],[105.80096,20.51394],[105.7951,20.5117],[105.78642,20.53524],[105.77354,20.54966],[105.7631,20.57903],[105.74735,20.59135],[105.74385,20.59837],[105.73242,20.59979],[105.72687,20.60558],[105.7187,20.59705],[105.70807,20.59868],[105.70365,20.60295],[105.70489,20.61424],[105.69965,20.6221],[105.69647,20.61981],[105.69199,20.6221],[105.68694,20.61593],[105.66652,20.61679],[105.66699,20.62362],[105.66379,20.62821],[105.67099,20.63269],[105.67329,20.62914],[105.68125,20.62964],[105.68683,20.63793],[105.67906,20.64552],[105.68124,20.65233],[105.67863,20.65989],[105.68186,20.66234],[105.67918,20.66832],[105.6764,20.67023],[105.6771,20.66442],[105.67371,20.66489],[105.66793,20.6801],[105.67915,20.68407],[105.68185,20.6989],[105.67451,20.70407],[105.66125,20.722],[105.66706,20.73505],[105.65769,20.74101],[105.65104,20.75421],[105.64839,20.7921],[105.64561,20.79652],[105.6435,20.79252],[105.63598,20.79531],[105.63065,20.7936],[105.63466,20.80058],[105.63219,20.81375],[105.62594,20.81469],[105.63122,20.81712],[105.63023,20.82081],[105.64119,20.82413],[105.6424,20.83107],[105.63536,20.83302],[105.63666,20.83937],[105.61784,20.83045],[105.60996,20.83803],[105.6029,20.83793],[105.59672,20.84183],[105.59772,20.83348],[105.59472,20.83048],[105.58803,20.8313],[105.58774,20.8205],[105.58368,20.81738],[105.58317,20.81183],[105.57518,20.80793],[105.55172,20.80762],[105.5592,20.81243],[105.56208,20.8227],[105.57444,20.82209],[105.57933,20.82646],[105.58145,20.83683],[105.58812,20.8451],[105.58543,20.84488],[105.58768,20.84956],[105.58541,20.8574],[105.57547,20.86401],[105.57314,20.8691],[105.56358,20.87325],[105.55936,20.88085],[105.55401,20.87976],[105.55269,20.88322],[105.55615,20.88371],[105.55492,20.88638],[105.56338,20.89851],[105.55597,20.90563],[105.55998,20.90547],[105.55752,20.908],[105.55983,20.90978],[105.57908,20.91506],[105.57887,20.92083],[105.58452,20.92276],[105.57965,20.92483],[105.57996,20.92875],[105.57076,20.93014],[105.57102,20.92791],[105.56068,20.92467],[105.55208,20.92741],[105.54588,20.92315],[105.53835,20.92782],[105.52529,20.91893],[105.52172,20.92209],[105.51293,20.92217],[105.50236,20.93103],[105.49023,20.93375],[105.47831,20.9489],[105.46139,20.94656],[105.44456,20.95601],[105.43567,20.9744],[105.42768,20.98229],[105.42136,20.98265],[105.41647,20.99855],[105.40304,20.99799],[105.39362,21.00308],[105.39177,21.01494],[105.38659,21.01989],[105.38748,21.02444],[105.37562,21.01505],[105.35344,21.00724],[105.34777,21.01416],[105.32648,21.00875],[105.32667,21.01644],[105.33132,21.02296],[105.32032,21.02035],[105.32205,21.01859],[105.31641,21.01365],[105.30499,21.02267],[105.29788,21.0332],[105.29337,21.05164],[105.3038,21.07567],[105.31685,21.09309],[105.32018,21.11013],[105.30724,21.13443],[105.28596,21.16118],[105.28535,21.17188],[105.29204,21.17197],[105.30276,21.19074],[105.32538,21.2034],[105.33751,21.2011],[105.34377,21.20693],[105.33927,21.21004],[105.35335,21.2451],[105.35235,21.27006],[105.35702,21.28973],[105.36216,21.28493],[105.39196,21.30567],[105.42035,21.29536],[105.43522,21.28658],[105.44319,21.27131],[105.44636,21.24431],[105.46143,21.21777],[105.46139,21.20812],[105.46635,21.20098],[105.46774,21.17798],[105.49106,21.16083],[105.53333,21.15544],[105.57081,21.16037],[105.57489,21.16125],[105.57514,21.1643],[105.62433,21.17368],[105.62662,21.1706],[105.62421,21.18072],[105.62823,21.18065],[105.62913,21.18488],[105.62145,21.19496],[105.62266,21.20048],[105.61621,21.20257],[105.61522,21.2076],[105.62164,21.20606],[105.62885,21.21097],[105.6392,21.20731],[105.6361,21.2175],[105.64496,21.21553],[105.65813,21.22024],[105.65907,21.22313],[105.65503,21.22736],[105.64522,21.22733],[105.6444,21.23383],[105.64771,21.23662],[105.65239,21.2381],[105.66066,21.23485],[105.66708,21.23943],[105.66885,21.23318],[105.67485,21.23597],[105.67136,21.23038],[105.67637,21.22697],[105.68146,21.23467],[105.68807,21.23462],[105.68273,21.23027],[105.69821,21.21354],[105.6985,21.21964],[105.70989,21.21968],[105.71568,21.22448],[105.71968,21.22315],[105.72208,21.22751],[105.72473,21.22472],[105.73459,21.23311],[105.73243,21.23544],[105.73751,21.23592],[105.73444,21.24172],[105.72499,21.24244],[105.7292,21.24876],[105.7235,21.25177],[105.72444,21.26591],[105.72931,21.26931],[105.72541,21.27299],[105.7327,21.27518],[105.73623,21.28674],[105.74196,21.28733],[105.74306,21.29289],[105.7534,21.29545],[105.77615,21.33705],[105.78532,21.34289],[105.78302,21.35387],[105.78613,21.35515],[105.78511,21.35921],[105.77538,21.36111],[105.77313,21.37066],[105.75983,21.37814],[105.76591,21.3896],[105.76302,21.40136],[105.74967,21.41604],[105.72918,21.40932],[105.72217,21.41378],[105.72452,21.43301],[105.71334,21.43031],[105.70379,21.44089],[105.69828,21.43864],[105.68745,21.44228],[105.67543,21.45787],[105.66635,21.46026],[105.6519,21.45751],[105.64401,21.47035],[105.63109,21.47909],[105.63501,21.49311],[105.61792,21.49962],[105.6115,21.50601],[105.61154,21.51267],[105.60679,21.51718],[105.60399,21.52908],[105.59727,21.53369],[105.58341,21.53543],[105.58368,21.53998],[105.56792,21.55333],[105.55831,21.57007],[105.5526,21.57379],[105.5424,21.57398],[105.54001,21.57146],[105.5298,21.55675],[105.52019,21.53391],[105.51162,21.53685],[105.50493,21.52747],[105.49707,21.52509],[105.49282,21.52851],[105.49183,21.5203],[105.48783,21.5178],[105.48217,21.51805],[105.47357,21.52395],[105.46624,21.51655],[105.45835,21.51895],[105.45579,21.51123],[105.43955,21.51033],[105.42925,21.50557],[105.42327,21.49758],[105.41872,21.50777],[105.41228,21.51284],[105.39001,21.51171],[105.38674,21.51978],[105.37127,21.52517],[105.35862,21.51897],[105.34352,21.51901],[105.33688,21.50887],[105.33882,21.50415],[105.32894,21.50512],[105.31763,21.51336],[105.30154,21.5086],[105.29578,21.51656],[105.2974,21.53208],[105.29507,21.53637],[105.2872,21.5416],[105.2678,21.54588],[105.27411,21.56069],[105.26086,21.56995],[105.24853,21.58454],[105.24415,21.59778],[105.25147,21.60286],[105.25054,21.61057],[105.24705,21.61598],[105.23289,21.61752],[105.22496,21.62837],[105.22442,21.63099],[105.23768,21.64418],[105.23541,21.65879],[105.22195,21.65875],[105.21539,21.66246],[105.20833,21.66087],[105.19241,21.67113],[105.19281,21.6764],[105.18192,21.67958],[105.17762,21.68721],[105.16438,21.68864],[105.156,21.68046],[105.15671,21.68739],[105.15102,21.69189],[105.15039,21.69963],[105.14488,21.70066],[105.14319,21.69778],[105.13399,21.69649],[105.12459,21.70433],[105.109,21.70616],[105.10186,21.71748],[105.0925,21.71953],[105.08646,21.71844],[105.09189,21.71235],[105.0864,21.70359],[105.09604,21.7004],[105.09584,21.69511],[105.10016,21.68936],[105.09812,21.68007],[105.09457,21.67812],[105.0848,21.68346],[105.07315,21.68053],[105.06112,21.6902],[105.05783,21.68538],[105.04971,21.68807],[105.03076,21.70152],[105.02415,21.69275],[105.02328,21.69454],[105.02363,21.69632],[105.02002,21.69677],[105.01989,21.68779],[105.00038,21.68839],[104.99986,21.67969],[104.97988,21.67278],[104.98711,21.66296],[104.97285,21.65741],[104.97346,21.65364],[104.96994,21.6506],[104.97253,21.64637],[104.95485,21.66038],[104.94944,21.65489],[104.93812,21.65135],[104.93382,21.64214],[104.91952,21.63963],[104.90739,21.63186],[104.90312,21.62503],[104.90581,21.60814],[104.90088,21.61068],[104.89313,21.60824],[104.88738,21.61203],[104.89337,21.60442],[104.89323,21.58982],[104.8983,21.57706],[104.89642,21.57129],[104.89906,21.56512],[104.88873,21.5582],[104.87193,21.55565],[104.86744,21.54871],[104.86805,21.54307],[104.87873,21.53502],[104.88501,21.52297],[104.88214,21.50902],[104.88446,21.50077],[104.89429,21.48404],[104.8933,21.4782],[104.897,21.46944],[104.91177,21.44765],[104.91266,21.43511],[104.90592,21.42769],[104.90789,21.41414],[104.9028,21.40967],[104.89508,21.3925],[104.88666,21.39335],[104.88234,21.39015],[104.88466,21.38661],[104.88194,21.38395],[104.885,21.37984],[104.88379,21.37308],[104.89127,21.36206],[104.89246,21.36409],[104.89641,21.36063],[104.90095,21.35153],[104.89789,21.34331],[104.88286,21.34175],[104.8718,21.34932],[104.86398,21.36498],[104.8535,21.36448],[104.85448,21.3519],[104.84486,21.35164],[104.84739,21.34343],[104.84217,21.33901],[104.8342,21.33697],[104.82691,21.34026],[104.81387,21.3335],[104.81701,21.32356],[104.82376,21.31805],[104.84307,21.31058],[104.84097,21.28035],[104.84354,21.27375],[104.84059,21.26463],[104.85055,21.25754],[104.84809,21.2505],[104.85593,21.23388],[104.84889,21.23427],[104.84441,21.22568],[104.85288,21.22322],[104.86523,21.21008],[104.85827,21.1869],[104.85092,21.17993],[104.86012,21.17376],[104.85192,21.15362],[104.85595,21.14781],[104.87117,21.14515],[104.87184,21.14012],[104.88023,21.13444],[104.8973,21.12979],[104.89836,21.12421],[104.9118,21.11851],[104.91201,21.11119],[104.90654,21.11266],[104.87639,21.09857],[104.87112,21.09196],[104.87342,21.08444],[104.86788,21.07553],[104.85657,21.07912],[104.85275,21.07649],[104.86646,21.03209],[104.88206,21.0217],[104.89053,21.00841],[104.89262,20.99676],[104.90059,20.98092],[104.92338,20.96332],[104.939,20.93325],[104.9519,20.92589],[104.96117,20.91508],[104.97141,20.91238],[104.97566,20.90807],[104.97986,20.89101],[104.99133,20.87717],[104.99241,20.86723],[105.0008,20.85595],[104.99714,20.84605],[105.00669,20.84454],[104.99762,20.81466],[105.00282,20.81394],[105.01258,20.80442],[105.01677,20.80622],[105.02488,20.80352],[105.03253,20.79601],[105.02934,20.78006],[105.03291,20.77367],[105.02046,20.77928],[105.01545,20.77801],[105.00656,20.76958],[105.00713,20.76389],[105.00092,20.7657],[104.99397,20.76207],[104.9901,20.75413],[105.01346,20.74045],[105.0133,20.73271],[105.01879,20.72588],[105.01373,20.72269],[104.98762,20.72447],[104.98318,20.72141],[104.95497,20.74],[104.94957,20.74134],[104.94752,20.73674],[104.93383,20.74873],[104.92595,20.74793],[104.92411,20.74384],[104.91944,20.74859],[104.90874,20.74935],[104.88245,20.76692],[104.8707,20.76531],[104.86844,20.76962],[104.86376,20.76908],[104.85933,20.75324],[104.83696,20.75493],[104.83717,20.73416],[104.84591,20.73097],[104.83926,20.71616],[104.84903,20.70286],[104.83559,20.69744],[104.83998,20.69066],[104.84124,20.68032],[104.83679,20.65956],[104.84623,20.65084],[104.85359,20.66247],[104.86689,20.66036],[104.87929,20.66296],[104.88759,20.67009],[104.89974,20.66904],[104.91857,20.65915],[104.92808,20.64907],[104.94598,20.64359],[104.95998,20.62854],[104.96036,20.62066],[104.95682,20.61629],[104.96487,20.59902],[104.96936,20.59544],[104.96182,20.59565],[104.96034,20.5793],[104.98449,20.57099],[104.98945,20.57539],[105.00353,20.57317],[105.02194,20.55918],[105.04192,20.56065],[105.04585,20.55685],[105.05267,20.561],[105.05512,20.57032],[105.07907,20.57831]]]}},{"type":"Feature","properties":{"id":"24","ma_tinh":"51","ten_tinh":"Quảng Ngãi","sap_nhap":"Quảng Ngãi, Kon Tum","quy_mo":"96 đơn vị (9 phường, 86 xã và 1 đặc khu Lý Sơn)","tru_so":"Số 52 Hùng Vương, Nguyễn Nghiêm, Quảng Ngãi","loai":"Tỉnh","cap":1,"stt":22,"dtich_km2":14832.53,"dan_so":2161735,"matdo_km2":145.74,"NAME_1":"Quảng Ngãi","GID_1":"51"},"geometry":{"type":"MultiPolygon","coordinates":[[[[107.93141,14.24235],[107.94313,14.23918],[107.94933,14.24254],[107.95509,14.23093],[107.96128,14.22742],[107.98208,14.24479],[107.99993,14.24497],[108.00808,14.2396],[108.01514,14.24066],[108.01667,14.24945],[108.02013,14.24831],[108.02491,14.25214],[108.02448,14.2567],[108.03342,14.26744],[108.03473,14.27403],[108.04015,14.27741],[108.06033,14.26541],[108.05876,14.26866],[108.06659,14.27766],[108.07366,14.30656],[108.08146,14.31019],[108.08099,14.31365],[108.0882,14.31518],[108.08814,14.32323],[108.07937,14.32805],[108.07855,14.33241],[108.10448,14.33761],[108.10459,14.34349],[108.11235,14.34591],[108.10857,14.35334],[108.1151,14.36337],[108.13505,14.3552],[108.1395,14.35691],[108.13962,14.36017],[108.14945,14.36032],[108.14811,14.35568],[108.14204,14.35342],[108.14721,14.34755],[108.15435,14.34905],[108.15173,14.35356],[108.15641,14.35382],[108.16054,14.36292],[108.16994,14.36811],[108.18949,14.36858],[108.19265,14.37382],[108.199,14.37303],[108.19842,14.37685],[108.20339,14.37463],[108.20894,14.38693],[108.22105,14.39158],[108.22948,14.39236],[108.23249,14.38982],[108.24409,14.39792],[108.25181,14.39088],[108.26449,14.38748],[108.27455,14.38638],[108.29653,14.39187],[108.29635,14.39925],[108.29159,14.40728],[108.29851,14.41985],[108.30757,14.42325],[108.31225,14.4326],[108.32312,14.44233],[108.32425,14.45465],[108.3316,14.46138],[108.3317,14.46749],[108.34337,14.48113],[108.34877,14.49286],[108.35319,14.49448],[108.35606,14.49151],[108.3592,14.49486],[108.36339,14.49425],[108.37261,14.50751],[108.38139,14.51158],[108.38365,14.52586],[108.36971,14.53299],[108.37475,14.54726],[108.36779,14.55824],[108.35931,14.56341],[108.35702,14.57048],[108.35685,14.57873],[108.36696,14.58427],[108.3755,14.60058],[108.38435,14.59704],[108.38888,14.6019],[108.39382,14.60019],[108.39753,14.60326],[108.40596,14.5921],[108.40957,14.59221],[108.41312,14.58445],[108.4127,14.57584],[108.41509,14.57118],[108.42361,14.56744],[108.42596,14.56025],[108.4413,14.55496],[108.45241,14.55616],[108.45836,14.55179],[108.46209,14.55368],[108.47058,14.54961],[108.48216,14.55067],[108.49591,14.54269],[108.50415,14.54683],[108.51159,14.54606],[108.51213,14.55109],[108.51795,14.55031],[108.52419,14.55611],[108.52889,14.55635],[108.53159,14.57784],[108.54298,14.58749],[108.54717,14.58941],[108.55082,14.58543],[108.56016,14.58608],[108.57224,14.57785],[108.57409,14.57253],[108.59407,14.56505],[108.59755,14.5565],[108.59613,14.5467],[108.60484,14.53575],[108.61312,14.53235],[108.61787,14.53649],[108.61857,14.54352],[108.6285,14.54513],[108.62919,14.5519],[108.64153,14.54759],[108.64455,14.55861],[108.64035,14.5648],[108.65372,14.57005],[108.65985,14.57682],[108.67411,14.58154],[108.67728,14.58465],[108.67516,14.59052],[108.68015,14.59686],[108.68779,14.59177],[108.69809,14.59666],[108.70279,14.60601],[108.70178,14.61398],[108.70788,14.61354],[108.70588,14.6097],[108.70877,14.60503],[108.73406,14.58943],[108.73827,14.58891],[108.74116,14.59517],[108.7484,14.59194],[108.75706,14.59317],[108.76347,14.59976],[108.76097,14.61591],[108.76661,14.62775],[108.76444,14.65165],[108.75938,14.66677],[108.76877,14.67789],[108.78183,14.67036],[108.8071,14.66921],[108.82776,14.67742],[108.83867,14.69442],[108.8462,14.68686],[108.84669,14.68199],[108.85171,14.6834],[108.85297,14.69134],[108.8634,14.69527],[108.87432,14.68747],[108.88918,14.68223],[108.89223,14.6862],[108.90479,14.68697],[108.90679,14.69131],[108.92496,14.698],[108.9285,14.70313],[108.92921,14.69708],[108.93982,14.69532],[108.94253,14.68952],[108.94976,14.68815],[108.95466,14.68097],[108.96093,14.68598],[108.97801,14.67062],[108.99408,14.67426],[109.00129,14.66846],[109.00837,14.67042],[109.01712,14.66644],[109.01765,14.6603],[109.0231,14.65714],[109.02699,14.64743],[109.03469,14.64814],[109.03895,14.64125],[109.03586,14.64132],[109.043,14.63599],[109.04592,14.62731],[109.04238,14.62303],[109.04662,14.61755],[109.04411,14.61134],[109.04846,14.60832],[109.04819,14.60385],[109.05416,14.60286],[109.05979,14.59106],[109.06668,14.59048],[109.07173,14.58369],[109.08202,14.57848],[109.07161,14.60253],[109.0734,14.60643],[109.07029,14.61598],[109.07402,14.61849],[109.06865,14.62951],[109.0706,14.63309],[109.06537,14.65158],[109.0682,14.66432],[109.0816,14.6668],[109.08395,14.67066],[109.0828,14.67877],[109.07444,14.69256],[109.07796,14.70202],[109.01525,14.79898],[109.00054,14.82957],[108.99809,14.83136],[108.99678,14.82908],[108.99633,14.83167],[108.99803,14.83317],[108.96263,14.90381],[108.93847,14.96243],[108.91981,15.01683],[108.90397,15.07729],[108.90437,15.09421],[108.89757,15.12883],[108.89622,15.19289],[108.9078,15.20514],[108.91544,15.20533],[108.91724,15.2006],[108.92241,15.20347],[108.91558,15.21223],[108.92157,15.21442],[108.92783,15.21026],[108.93278,15.21333],[108.94399,15.2353],[108.94137,15.2349],[108.94064,15.24242],[108.93641,15.2473],[108.92629,15.2489],[108.92032,15.24438],[108.90596,15.25162],[108.88834,15.2705],[108.8714,15.29637],[108.86959,15.29448],[108.86758,15.29509],[108.86976,15.29472],[108.86974,15.29674],[108.87013,15.297],[108.87121,15.29648],[108.87129,15.30631],[108.88066,15.31857],[108.87997,15.32428],[108.88403,15.32494],[108.88319,15.32792],[108.87019,15.33045],[108.86548,15.33505],[108.86416,15.34408],[108.87079,15.35179],[108.86566,15.35333],[108.86054,15.34573],[108.85103,15.34833],[108.82938,15.37495],[108.82731,15.38173],[108.83224,15.39151],[108.83177,15.39854],[108.82765,15.39792],[108.82211,15.40651],[108.82197,15.41205],[108.82831,15.41631],[108.82633,15.41859],[108.8189,15.4181],[108.81452,15.41226],[108.8103,15.41219],[108.79855,15.42143],[108.7993,15.42453],[108.79559,15.42351],[108.79689,15.41291],[108.80801,15.40752],[108.80676,15.40128],[108.80286,15.39681],[108.79915,15.40138],[108.79495,15.39987],[108.79491,15.39424],[108.79073,15.39425],[108.7903,15.39985],[108.78832,15.39204],[108.78099,15.3923],[108.78015,15.38886],[108.77795,15.39156],[108.77742,15.38718],[108.77387,15.38444],[108.77154,15.38867],[108.75589,15.38931],[108.73929,15.39864],[108.71886,15.37251],[108.71016,15.37083],[108.70129,15.37317],[108.69853,15.36971],[108.68026,15.36687],[108.67975,15.36957],[108.67649,15.36921],[108.6716,15.36383],[108.66188,15.36995],[108.65956,15.36608],[108.65506,15.36882],[108.64998,15.36605],[108.64198,15.36794],[108.62936,15.35659],[108.60292,15.35258],[108.60115,15.34516],[108.59655,15.34395],[108.59203,15.34716],[108.58744,15.3419],[108.5798,15.34528],[108.56016,15.33443],[108.55252,15.33659],[108.53781,15.33048],[108.53324,15.33162],[108.52669,15.32014],[108.50765,15.32618],[108.50251,15.32521],[108.49776,15.32228],[108.49491,15.31496],[108.48423,15.30802],[108.47845,15.30941],[108.47754,15.31245],[108.46106,15.30945],[108.43744,15.31338],[108.43413,15.32586],[108.43156,15.32592],[108.42671,15.31574],[108.41604,15.3067],[108.40659,15.3107],[108.40324,15.30898],[108.40269,15.30028],[108.39277,15.29838],[108.37877,15.30341],[108.36426,15.29439],[108.34238,15.29853],[108.33616,15.29666],[108.32197,15.30185],[108.31437,15.2984],[108.29938,15.2789],[108.3055,15.27414],[108.30305,15.25853],[108.293,15.25283],[108.2905,15.24641],[108.28097,15.24367],[108.28446,15.23571],[108.28938,15.23406],[108.286,15.22669],[108.30477,15.22739],[108.30786,15.22456],[108.3045,15.2098],[108.2911,15.19863],[108.29324,15.19515],[108.30218,15.19306],[108.30331,15.1882],[108.29963,15.18205],[108.3061,15.17451],[108.30461,15.17109],[108.29492,15.16838],[108.28965,15.15775],[108.28284,15.15317],[108.28116,15.14408],[108.27633,15.14245],[108.27912,15.13997],[108.27439,15.13671],[108.27499,15.13076],[108.26323,15.12409],[108.26211,15.11905],[108.2574,15.1161],[108.25965,15.10269],[108.2574,15.09083],[108.25105,15.08428],[108.23497,15.07829],[108.24199,15.06492],[108.23794,15.04933],[108.24295,15.04207],[108.24066,15.03314],[108.22451,15.02935],[108.21291,15.03191],[108.19969,15.04392],[108.1944,15.0403],[108.19182,15.04886],[108.17714,15.06018],[108.15954,15.05978],[108.14606,15.04436],[108.15184,15.0373],[108.14966,15.03356],[108.15302,15.02767],[108.14898,15.02252],[108.15209,15.00926],[108.15034,15.00212],[108.15772,14.99195],[108.15931,14.97935],[108.16292,14.97448],[108.14871,14.96117],[108.14097,14.95915],[108.13582,14.96201],[108.13093,14.95907],[108.12511,14.96109],[108.10627,14.95132],[108.09177,14.9526],[108.08446,14.95754],[108.08128,14.96627],[108.07701,14.96912],[108.06042,14.97213],[108.0487,14.98653],[108.04753,14.9923],[108.02241,14.9986],[108.0171,15.00258],[108.00849,14.99712],[108.00357,15.00225],[107.99012,14.99936],[107.98295,15.01034],[107.97207,15.01205],[107.95679,15.03711],[107.95973,15.04309],[107.95011,15.05331],[107.96067,15.06332],[107.97619,15.06933],[107.97961,15.08572],[107.98882,15.09581],[107.99304,15.11066],[108.00216,15.11883],[107.99841,15.12834],[108.00469,15.14221],[107.99934,15.15668],[107.98613,15.15948],[107.98153,15.16659],[107.95037,15.17512],[107.94828,15.18656],[107.93707,15.19064],[107.92808,15.20977],[107.91443,15.21195],[107.91133,15.20683],[107.8995,15.20494],[107.88983,15.19379],[107.88008,15.19715],[107.87226,15.21029],[107.83752,15.20715],[107.82996,15.20853],[107.81931,15.2162],[107.80896,15.21181],[107.7887,15.21917],[107.78066,15.21906],[107.77447,15.2234],[107.77182,15.23083],[107.75566,15.23673],[107.74719,15.22983],[107.73502,15.23056],[107.73372,15.23451],[107.73662,15.23338],[107.73912,15.23742],[107.73529,15.24143],[107.73207,15.26143],[107.72697,15.26806],[107.73027,15.27049],[107.72706,15.28859],[107.73004,15.29585],[107.72777,15.30298],[107.73087,15.30734],[107.7079,15.30298],[107.69288,15.31749],[107.69164,15.3248],[107.6791,15.33454],[107.67682,15.34402],[107.66882,15.34563],[107.66283,15.35466],[107.66405,15.36563],[107.65946,15.37296],[107.66156,15.3848],[107.65517,15.397],[107.64246,15.40597],[107.63814,15.41556],[107.63129,15.4175],[107.62401,15.41453],[107.61489,15.40339],[107.61387,15.3936],[107.60876,15.39337],[107.60608,15.38845],[107.5965,15.38325],[107.59817,15.37772],[107.60926,15.36732],[107.60491,15.35431],[107.61045,15.33443],[107.61683,15.33028],[107.62689,15.3324],[107.62672,15.32732],[107.63504,15.31932],[107.63373,15.31298],[107.62446,15.31118],[107.62033,15.30108],[107.6224,15.29524],[107.61541,15.28809],[107.61566,15.2711],[107.61853,15.27094],[107.62088,15.2631],[107.61959,15.24577],[107.62588,15.23106],[107.63348,15.23062],[107.62328,15.22536],[107.62059,15.22669],[107.61983,15.21214],[107.61162,15.21205],[107.60243,15.20427],[107.59454,15.21109],[107.59447,15.20481],[107.58278,15.20043],[107.58297,15.19603],[107.58809,15.19679],[107.59806,15.18866],[107.59827,15.1854],[107.6012,15.1862],[107.61109,15.17067],[107.61659,15.15474],[107.62694,15.14939],[107.62357,15.14655],[107.62564,15.14111],[107.62246,15.13531],[107.61819,15.13248],[107.60784,15.13277],[107.61093,15.12564],[107.61889,15.11893],[107.62262,15.10493],[107.61711,15.10424],[107.59778,15.08819],[107.61076,15.06673],[107.61495,15.06632],[107.62135,15.051],[107.61536,15.0457],[107.61154,15.0478],[107.60552,15.04562],[107.59401,15.05135],[107.59466,15.04603],[107.58727,15.03515],[107.58813,15.02948],[107.58391,15.02812],[107.53965,15.04945],[107.53065,15.04059],[107.51921,15.03853],[107.51988,15.03505],[107.51549,15.03004],[107.50114,15.02157],[107.49588,15.01994],[107.49282,15.02441],[107.47259,15.0196],[107.46757,15.00758],[107.47173,14.99486],[107.4782,14.99254],[107.47801,14.98674],[107.46795,14.98724],[107.46681,14.98495],[107.47092,14.98264],[107.47313,14.97602],[107.48201,14.9704],[107.47873,14.95727],[107.49003,14.94354],[107.49956,14.94277],[107.49869,14.93669],[107.50512,14.92881],[107.51481,14.9312],[107.52981,14.92824],[107.53068,14.91883],[107.53923,14.9086],[107.55393,14.901],[107.56146,14.90275],[107.5736,14.89113],[107.5764,14.89329],[107.5856,14.8912],[107.58742,14.87638],[107.59155,14.87408],[107.59028,14.86528],[107.57903,14.85461],[107.56606,14.84897],[107.56092,14.83848],[107.54117,14.82733],[107.53968,14.81886],[107.52222,14.81357],[107.52375,14.80514],[107.51624,14.80221],[107.50553,14.78707],[107.50981,14.78356],[107.51512,14.7856],[107.5175,14.7781],[107.53061,14.77163],[107.53067,14.76589],[107.54209,14.75041],[107.53789,14.74105],[107.52587,14.73482],[107.5214,14.72815],[107.52374,14.72221],[107.5354,14.72499],[107.54551,14.72109],[107.55613,14.72133],[107.55682,14.71888],[107.55546,14.7107],[107.55961,14.70463],[107.56002,14.6943],[107.5492,14.67734],[107.55031,14.67094],[107.5546,14.66733],[107.54812,14.65864],[107.55142,14.64712],[107.54463,14.64386],[107.54235,14.63483],[107.53761,14.63438],[107.54139,14.62598],[107.538,14.62009],[107.54384,14.61682],[107.54501,14.61093],[107.5353,14.60009],[107.52504,14.59868],[107.52222,14.58938],[107.5165,14.58592],[107.52303,14.57743],[107.52423,14.56076],[107.52886,14.56008],[107.53203,14.55523],[107.53005,14.54643],[107.52629,14.54498],[107.52731,14.53685],[107.52186,14.52917],[107.5237,14.52348],[107.51701,14.51312],[107.50673,14.50881],[107.51237,14.49775],[107.50823,14.49583],[107.50825,14.48899],[107.50331,14.48255],[107.50285,14.46989],[107.49956,14.46437],[107.50415,14.45855],[107.49652,14.43594],[107.48972,14.42987],[107.48867,14.40663],[107.48152,14.40349],[107.47378,14.40822],[107.46693,14.40469],[107.46012,14.40632],[107.45729,14.41998],[107.4484,14.42612],[107.42781,14.41285],[107.42389,14.40047],[107.42806,14.39981],[107.43339,14.38103],[107.41604,14.36314],[107.41175,14.36134],[107.40842,14.36371],[107.41059,14.35635],[107.4085,14.34654],[107.40158,14.34173],[107.39969,14.33274],[107.38901,14.32626],[107.39088,14.31602],[107.39716,14.31256],[107.3968,14.30746],[107.40466,14.30287],[107.40718,14.29749],[107.4054,14.28833],[107.40963,14.27655],[107.40944,14.26447],[107.39933,14.24932],[107.40616,14.23368],[107.39538,14.2227],[107.39257,14.20939],[107.38825,14.20954],[107.37746,14.18007],[107.36845,14.18047],[107.35804,14.16967],[107.36161,14.15996],[107.3525,14.15422],[107.35394,14.14957],[107.34036,14.13296],[107.33221,14.10461],[107.34022,14.09593],[107.34526,14.09671],[107.3486,14.09125],[107.35548,14.09092],[107.36049,14.0839],[107.364,14.0858],[107.3827,14.07854],[107.37998,14.06522],[107.36923,14.06657],[107.36491,14.06353],[107.36583,14.03548],[107.35657,14.02718],[107.3569,14.01777],[107.36667,14.01192],[107.38473,13.989],[107.39572,13.99295],[107.40344,13.98878],[107.4103,13.99418],[107.42124,13.99398],[107.42698,13.99934],[107.43099,13.99337],[107.44284,13.99788],[107.44565,13.98776],[107.45581,13.97992],[107.4532,13.93096],[107.45779,13.92365],[107.46294,13.93132],[107.47024,13.93544],[107.46948,13.95355],[107.50253,13.97118],[107.5118,13.98387],[107.52584,13.98274],[107.52232,14.00275],[107.52384,14.01164],[107.5426,14.01245],[107.54718,14.02264],[107.5523,14.02568],[107.57449,14.01934],[107.58625,14.02222],[107.59983,14.02969],[107.60142,14.04586],[107.61185,14.05316],[107.61491,14.064],[107.63277,14.05381],[107.65008,14.0666],[107.65075,14.07539],[107.65759,14.08488],[107.64819,14.09812],[107.64982,14.10141],[107.65773,14.1034],[107.66145,14.13183],[107.66512,14.13768],[107.6596,14.14954],[107.65805,14.16525],[107.67724,14.18764],[107.67831,14.20087],[107.68356,14.20669],[107.68769,14.22101],[107.69946,14.21546],[107.72915,14.21434],[107.76006,14.20183],[107.76312,14.20354],[107.76336,14.21307],[107.77083,14.21485],[107.77372,14.21885],[107.77827,14.21596],[107.78412,14.22564],[107.7886,14.22131],[107.79908,14.21973],[107.80682,14.21263],[107.81733,14.21359],[107.82131,14.22448],[107.82656,14.22721],[107.8287,14.23314],[107.83512,14.23189],[107.83722,14.23498],[107.84068,14.25547],[107.83926,14.26719],[107.8528,14.27577],[107.86083,14.27327],[107.86779,14.27701],[107.87297,14.27569],[107.87665,14.28295],[107.88069,14.27366],[107.88756,14.27172],[107.89451,14.27381],[107.90471,14.26298],[107.91576,14.26168],[107.93141,14.24235]]],[[[108.775,15.38744],[108.77579,15.38645],[108.77652,15.38691],[108.775,15.38744]]],[[[108.77655,15.38829],[108.7762,15.3891],[108.77608,15.38892],[108.77655,15.38829]]],[[[108.7722,15.39157],[108.77311,15.3927],[108.77056,15.39203],[108.7722,15.39157]]],[[[109.08245,14.57803],[109.08211,14.57821],[109.08245,14.57776],[109.08245,14.57803]]],[[[108.95238,15.19396],[108.9529,15.19205],[108.95435,15.19312],[108.95238,15.19396]]],[[[108.93972,15.24569],[108.94005,15.24547],[108.94031,15.24585],[108.93972,15.24569]]],[[[108.93746,15.24884],[108.93783,15.24884],[108.93781,15.24922],[108.93746,15.24884]]],[[[108.93716,15.24946],[108.93749,15.24943],[108.93714,15.24989],[108.93716,15.24946]]],[[[108.9361,15.24934],[108.93625,15.24929],[108.93636,15.25016],[108.9361,15.24934]]],[[[108.93617,15.25035],[108.93552,15.24993],[108.9356,15.24986],[108.93617,15.25035]]],[[[108.93121,15.25344],[108.93199,15.25243],[108.93309,15.25342],[108.93121,15.25344]]],[[[109.11585,15.39241],[109.09383,15.38763],[109.09704,15.37481],[109.11952,15.36907],[109.13459,15.37759],[109.14409,15.37609],[109.14752,15.37972],[109.14108,15.38887],[109.11585,15.39241]]],[[[109.07789,15.43166],[109.07725,15.4269],[109.0863,15.42694],[109.08687,15.43195],[109.07789,15.43166]]]]}},{"type":"Feature","properties":{"id":"25","ma_tinh":"22","ten_tinh":"Quảng Ninh","sap_nhap":"không sáp nhập","quy_mo":"54 đơn vị (30 phường, 22 xã và 2 đặc khu: Vân Đồn và Cô Tô)","tru_so":"Số 219 Nguyễn Văn Cừ, Hạ Long, Quảng Ninh","loai":"Tỉnh","cap":1,"stt":3,"dtich_km2":6154.84,"dan_so":1497447,"matdo_km2":243.3,"NAME_1":"Quảng Ninh","GID_1":"22"},"geometry":{"type":"MultiPolygon","coordinates":[[[[106.90909,20.83917],[106.91719,20.85667],[106.91411,20.85409],[106.90909,20.83917]]],[[[107.0562,20.852],[107.05177,20.8484],[107.05459,20.8468],[107.0562,20.852]]],[[[107.0525,20.85129],[107.04943,20.85117],[107.04999,20.84951],[107.0525,20.85129]]],[[[107.05597,20.85301],[107.05599,20.85282],[107.05668,20.85269],[107.05597,20.85301]]],[[[107.05067,20.8556],[107.05039,20.85417],[107.05436,20.85497],[107.05067,20.8556]]],[[[107.05571,20.85546],[107.05475,20.85528],[107.05633,20.85409],[107.05571,20.85546]]],[[[107.04316,20.85679],[107.0452,20.85186],[107.05046,20.85585],[107.04316,20.85679]]],[[[106.89206,20.84231],[106.89991,20.84577],[106.89909,20.85538],[106.893,20.87254],[106.8876,20.87442],[106.87553,20.84991],[106.87924,20.8457],[106.89206,20.84231]]],[[[107.05071,20.86308],[107.04819,20.8626],[107.05462,20.86054],[107.05071,20.86308]]],[[[107.05261,20.86262],[107.05316,20.86312],[107.05267,20.86407],[107.05261,20.86262]]],[[[107.03627,20.86346],[107.03659,20.86349],[107.03609,20.86399],[107.03627,20.86346]]],[[[107.02163,20.86457],[107.02186,20.86458],[107.02028,20.86565],[107.02163,20.86457]]],[[[107.03592,20.8664],[107.03597,20.86465],[107.03667,20.86486],[107.03592,20.8664]]],[[[107.03162,20.86584],[107.03268,20.86612],[107.03201,20.86628],[107.03162,20.86584]]],[[[106.99773,20.86401],[106.99649,20.86858],[106.99409,20.86741],[106.99773,20.86401]]],[[[107.02716,20.86836],[107.0249,20.86917],[107.02716,20.8647],[107.02716,20.86836]]],[[[107.04938,20.86583],[107.04928,20.86813],[107.04811,20.86628],[107.04938,20.86583]]],[[[107.03418,20.86693],[107.03165,20.86904],[107.03337,20.86715],[107.03418,20.86693]]],[[[107.03769,20.86741],[107.03772,20.86688],[107.03802,20.86703],[107.03769,20.86741]]],[[[107.01764,20.8668],[107.0182,20.86683],[107.01799,20.86777],[107.01764,20.8668]]],[[[106.876,20.86638],[106.87993,20.86339],[106.88329,20.87087],[106.87842,20.87112],[106.876,20.86638]]],[[[107.03533,20.86798],[107.03579,20.86774],[107.03589,20.86797],[107.03533,20.86798]]],[[[107.00107,20.86922],[106.99997,20.86896],[107.00034,20.86847],[107.00107,20.86922]]],[[[107.05561,20.86837],[107.05579,20.8683],[107.05587,20.87002],[107.05561,20.86837]]],[[[106.85278,20.86604],[106.86653,20.87574],[106.87245,20.89233],[106.8846,20.90469],[106.89357,20.90472],[106.89879,20.90046],[106.90705,20.90774],[106.91745,20.90879],[106.91972,20.91165],[106.93509,20.91105],[106.93109,20.90873],[106.93815,20.91017],[106.94987,20.90675],[106.94965,20.91637],[106.94601,20.9159],[106.93843,20.92511],[106.93723,20.92111],[106.93082,20.91755],[106.9288,20.91729],[106.92759,20.91785],[106.92663,20.92044],[106.929,20.91759],[106.93334,20.91906],[106.92952,20.92416],[106.93331,20.92136],[106.93355,20.91944],[106.93702,20.92146],[106.9354,20.92742],[106.94033,20.93188],[106.95391,20.92342],[106.9554,20.93529],[106.95161,20.9409],[106.95676,20.93864],[106.96062,20.94578],[106.95787,20.94829],[106.97521,20.95251],[106.97197,20.94963],[106.96592,20.94977],[106.96372,20.94601],[106.97909,20.95015],[106.97966,20.95309],[106.97649,20.95431],[106.98973,20.95971],[106.98777,20.95577],[106.9909,20.95249],[107.00753,20.95415],[107.02634,20.94768],[107.03201,20.94118],[107.05578,20.94675],[107.0553,20.94884],[107.07838,20.94498],[107.08442,20.94948],[107.09864,20.94693],[107.1117,20.9385],[107.12273,20.93611],[107.13674,20.93818],[107.14141,20.94281],[107.14399,20.94173],[107.14287,20.93371],[107.15813,20.92775],[107.16233,20.92833],[107.16462,20.93491],[107.15166,20.93467],[107.15207,20.93883],[107.199,20.93644],[107.19245,20.94087],[107.19176,20.94843],[107.19816,20.94886],[107.20251,20.96377],[107.20794,20.9643],[107.22216,20.97443],[107.22122,20.98194],[107.22559,20.97562],[107.2248,20.9811],[107.22808,20.97921],[107.23165,20.98652],[107.22611,20.98485],[107.2245,20.98678],[107.2221,20.98403],[107.22346,20.98825],[107.23196,20.98958],[107.2324,20.98466],[107.23975,20.98313],[107.2327,20.99205],[107.23979,20.98705],[107.24152,20.98244],[107.24539,20.98216],[107.2395,20.9924],[107.24616,20.99278],[107.24676,20.99642],[107.24808,20.99198],[107.2514,20.99299],[107.24707,20.99889],[107.26163,20.99588],[107.29415,20.99758],[107.29384,20.9915],[107.30228,20.99087],[107.30406,20.99478],[107.29688,20.99624],[107.30319,20.99798],[107.30516,20.99516],[107.30335,20.99072],[107.30388,20.99077],[107.30626,20.99689],[107.32133,20.99118],[107.33672,20.99234],[107.33767,20.98869],[107.3402,20.98927],[107.3414,20.99477],[107.35768,21.00245],[107.36245,21.00905],[107.35838,21.01226],[107.36359,21.00865],[107.3685,21.01475],[107.36568,21.0171],[107.37145,21.02431],[107.37261,21.02154],[107.37253,21.03137],[107.3682,21.03823],[107.37153,21.05679],[107.36552,21.0748],[107.36672,21.07725],[107.3666,21.07229],[107.38094,21.0551],[107.37955,21.04042],[107.39328,21.03945],[107.41745,21.059],[107.42721,21.06005],[107.42909,21.06241],[107.42465,21.06725],[107.42577,21.06975],[107.44037,21.07145],[107.43979,21.07745],[107.44278,21.08056],[107.45088,21.07907],[107.48389,21.10428],[107.48643,21.11007],[107.55686,21.15713],[107.5913,21.19011],[107.60873,21.21638],[107.60681,21.22056],[107.59479,21.21924],[107.5796,21.20701],[107.55096,21.19913],[107.53995,21.19908],[107.53408,21.20397],[107.52005,21.22869],[107.4732,21.27107],[107.45585,21.27548],[107.44933,21.23588],[107.46226,21.21117],[107.45473,21.20703],[107.47176,21.19521],[107.47458,21.18318],[107.46886,21.1816],[107.46381,21.18654],[107.46041,21.1843],[107.4533,21.18693],[107.44221,21.18548],[107.44172,21.18153],[107.44852,21.17518],[107.4452,21.16478],[107.43955,21.16522],[107.43108,21.17494],[107.42094,21.17172],[107.41831,21.16509],[107.42166,21.15967],[107.42588,21.15631],[107.43153,21.16067],[107.43784,21.15399],[107.43777,21.14998],[107.422,21.14311],[107.413,21.1251],[107.39683,21.10326],[107.3805,21.09343],[107.38332,21.08651],[107.36686,21.07742],[107.37969,21.08522],[107.37536,21.09147],[107.38233,21.09822],[107.39097,21.11545],[107.4168,21.13952],[107.41042,21.15418],[107.4122,21.18284],[107.39651,21.18467],[107.38635,21.18238],[107.41289,21.1994],[107.43164,21.22017],[107.44224,21.22706],[107.44572,21.23552],[107.44437,21.25671],[107.43512,21.25382],[107.43393,21.25905],[107.42835,21.25671],[107.42082,21.26812],[107.42256,21.27445],[107.42422,21.27597],[107.4282,21.27773],[107.42312,21.28248],[107.41965,21.28085],[107.41937,21.28292],[107.42331,21.28509],[107.42526,21.2831],[107.42166,21.28957],[107.42448,21.29055],[107.43769,21.28375],[107.44558,21.28521],[107.44729,21.28263],[107.44402,21.28244],[107.44693,21.28115],[107.45153,21.28238],[107.45267,21.28902],[107.44795,21.29198],[107.44859,21.29279],[107.45066,21.29227],[107.4484,21.2943],[107.45076,21.30012],[107.46601,21.29667],[107.46355,21.30489],[107.46754,21.30629],[107.48932,21.28821],[107.48837,21.29122],[107.49198,21.29225],[107.48153,21.29632],[107.48378,21.29772],[107.49027,21.29505],[107.48249,21.30177],[107.48021,21.31057],[107.48282,21.30303],[107.49193,21.30024],[107.49273,21.29513],[107.49936,21.29238],[107.50793,21.29407],[107.49892,21.29693],[107.49848,21.30017],[107.49927,21.29772],[107.50625,21.29857],[107.51268,21.2948],[107.51273,21.30083],[107.50506,21.30569],[107.50571,21.30881],[107.50919,21.30827],[107.50915,21.30476],[107.51474,21.30118],[107.51253,21.30602],[107.51544,21.30725],[107.5127,21.30943],[107.51469,21.31045],[107.50814,21.31484],[107.50984,21.31542],[107.51467,21.31247],[107.51264,21.31619],[107.51798,21.31479],[107.51855,21.3132],[107.51505,21.31228],[107.51744,21.30807],[107.51689,21.29393],[107.52959,21.29179],[107.52227,21.29868],[107.52351,21.30046],[107.52832,21.29628],[107.52887,21.30191],[107.53428,21.29078],[107.54724,21.29055],[107.5367,21.29785],[107.54943,21.29306],[107.54566,21.30175],[107.52442,21.30939],[107.52389,21.31667],[107.5176,21.31845],[107.51882,21.3192],[107.52392,21.31789],[107.52624,21.31162],[107.53193,21.30967],[107.53248,21.31641],[107.52684,21.31738],[107.52509,21.3209],[107.53308,21.31897],[107.52875,21.32131],[107.52743,21.32484],[107.52352,21.32421],[107.52716,21.3291],[107.53084,21.32095],[107.5335,21.32348],[107.53558,21.31083],[107.54449,21.30937],[107.53972,21.31361],[107.54455,21.31181],[107.5432,21.31993],[107.53519,21.3269],[107.53743,21.32787],[107.53261,21.33436],[107.53685,21.33865],[107.54419,21.33632],[107.54312,21.33561],[107.5367,21.33627],[107.53606,21.33345],[107.5395,21.33509],[107.53967,21.33439],[107.53896,21.33351],[107.53681,21.33366],[107.53632,21.33156],[107.54555,21.32124],[107.54542,21.32464],[107.54871,21.3218],[107.54685,21.31561],[107.55015,21.31632],[107.54775,21.31311],[107.55135,21.31189],[107.55013,21.30916],[107.55368,21.3084],[107.55407,21.30383],[107.55799,21.30385],[107.55483,21.30233],[107.56493,21.28707],[107.56932,21.28677],[107.5664,21.29103],[107.56775,21.29126],[107.56823,21.29111],[107.56988,21.28807],[107.57024,21.29091],[107.56474,21.29932],[107.56568,21.29955],[107.56618,21.2994],[107.56831,21.29818],[107.56256,21.32049],[107.56653,21.31381],[107.56583,21.31874],[107.56745,21.31934],[107.5686,21.31583],[107.57115,21.31728],[107.56752,21.31287],[107.57259,21.31519],[107.5693,21.30825],[107.57505,21.30523],[107.56807,21.3065],[107.56957,21.30128],[107.57168,21.30399],[107.57244,21.29417],[107.5766,21.29777],[107.57321,21.2917],[107.58022,21.30278],[107.58092,21.29518],[107.57603,21.29221],[107.58275,21.28665],[107.5879,21.28936],[107.5842,21.29438],[107.58787,21.30101],[107.59005,21.29913],[107.59016,21.2969],[107.59561,21.29067],[107.60434,21.29082],[107.60935,21.2986],[107.59815,21.30583],[107.59901,21.30883],[107.60392,21.30591],[107.5992,21.31438],[107.60144,21.31668],[107.60452,21.31643],[107.60664,21.30582],[107.61328,21.30035],[107.62004,21.30631],[107.61482,21.3095],[107.61787,21.31009],[107.61053,21.31577],[107.60771,21.31936],[107.60926,21.32039],[107.6119,21.31669],[107.61042,21.3211],[107.61292,21.31744],[107.6114,21.31594],[107.61755,21.31102],[107.623,21.31567],[107.62262,21.31965],[107.61764,21.32048],[107.61361,21.32302],[107.61709,21.32249],[107.61523,21.32398],[107.61721,21.32606],[107.61159,21.33079],[107.61503,21.32889],[107.61582,21.33318],[107.6189,21.33388],[107.61989,21.33332],[107.62151,21.33432],[107.62038,21.32666],[107.62793,21.32253],[107.63349,21.33175],[107.63146,21.33308],[107.64113,21.33654],[107.64542,21.34573],[107.64648,21.3457],[107.6477,21.34152],[107.65257,21.34378],[107.6525,21.35107],[107.65051,21.34942],[107.64046,21.34826],[107.64036,21.34909],[107.64829,21.34984],[107.6475,21.35342],[107.63826,21.35649],[107.65043,21.35512],[107.64784,21.36632],[107.64347,21.36759],[107.64413,21.36824],[107.6457,21.3682],[107.64581,21.36902],[107.64186,21.3735],[107.63612,21.37285],[107.63627,21.37452],[107.64131,21.3748],[107.63912,21.38059],[107.64525,21.37501],[107.64711,21.37996],[107.65154,21.38124],[107.65301,21.38077],[107.65293,21.37926],[107.65003,21.37919],[107.65184,21.37658],[107.64871,21.37382],[107.66216,21.36741],[107.66952,21.37338],[107.66594,21.37426],[107.66312,21.3802],[107.66614,21.38173],[107.665,21.37668],[107.66867,21.37462],[107.67553,21.37951],[107.67501,21.38476],[107.67283,21.38365],[107.6741,21.39042],[107.66231,21.39518],[107.65921,21.40442],[107.6612,21.40395],[107.66239,21.40207],[107.66264,21.39871],[107.66888,21.396],[107.67141,21.40183],[107.66678,21.40373],[107.67191,21.40236],[107.673,21.40531],[107.66723,21.40681],[107.67261,21.40634],[107.67364,21.40543],[107.6735,21.40396],[107.67585,21.40704],[107.67385,21.41129],[107.66925,21.41166],[107.67361,21.41171],[107.67212,21.41629],[107.67676,21.40562],[107.67945,21.40521],[107.68083,21.39799],[107.67971,21.39234],[107.68457,21.39646],[107.68369,21.40307],[107.68499,21.40267],[107.686,21.40093],[107.68819,21.40457],[107.68789,21.40312],[107.68481,21.39845],[107.68488,21.39676],[107.68287,21.39239],[107.68646,21.38866],[107.68692,21.39492],[107.68776,21.39152],[107.69055,21.39867],[107.69153,21.39909],[107.69384,21.39893],[107.69422,21.40488],[107.68978,21.40661],[107.68707,21.41249],[107.68885,21.41086],[107.69027,21.4066],[107.6949,21.40582],[107.69701,21.40799],[107.70161,21.40799],[107.70307,21.41053],[107.70284,21.40928],[107.7019,21.40787],[107.7044,21.40864],[107.705,21.4056],[107.70363,21.4041],[107.70167,21.40301],[107.70435,21.40542],[107.70395,21.40678],[107.70392,21.40576],[107.70263,21.40452],[107.69555,21.40519],[107.69716,21.39568],[107.70305,21.40013],[107.69914,21.39712],[107.70603,21.39804],[107.70428,21.39594],[107.70005,21.39607],[107.70391,21.38889],[107.71121,21.38775],[107.71054,21.3925],[107.71248,21.38794],[107.71551,21.38947],[107.71859,21.3948],[107.71147,21.39969],[107.71676,21.39638],[107.71835,21.40527],[107.70693,21.4186],[107.71841,21.40898],[107.72022,21.40481],[107.72127,21.40676],[107.72223,21.40385],[107.72465,21.40867],[107.72888,21.41012],[107.72759,21.40212],[107.73007,21.39762],[107.73648,21.39755],[107.73733,21.40363],[107.73985,21.3982],[107.74146,21.40284],[107.74143,21.39891],[107.7506,21.40253],[107.76171,21.38838],[107.75399,21.38189],[107.76219,21.38783],[107.7522,21.40091],[107.75433,21.40381],[107.75913,21.39762],[107.75328,21.40921],[107.75872,21.41424],[107.75641,21.41857],[107.76031,21.41862],[107.75961,21.42203],[107.76281,21.42326],[107.75874,21.43052],[107.75429,21.42939],[107.75248,21.43133],[107.7536,21.43079],[107.7543,21.42958],[107.75707,21.43128],[107.76247,21.42929],[107.763,21.43338],[107.75906,21.43172],[107.75683,21.43416],[107.75904,21.43229],[107.75848,21.43586],[107.76346,21.43507],[107.76276,21.44321],[107.76719,21.44187],[107.76412,21.44442],[107.76775,21.44553],[107.76295,21.44648],[107.76313,21.44875],[107.76575,21.44649],[107.77074,21.44863],[107.77317,21.44323],[107.78106,21.44752],[107.78187,21.45121],[107.77718,21.45105],[107.77672,21.45368],[107.77505,21.4508],[107.77336,21.45388],[107.7763,21.45588],[107.78214,21.45386],[107.78704,21.45719],[107.78883,21.46222],[107.78636,21.46554],[107.7889,21.46353],[107.79401,21.46888],[107.78935,21.47288],[107.79829,21.47403],[107.80045,21.48185],[107.79836,21.48707],[107.79279,21.48652],[107.79854,21.4885],[107.79311,21.49029],[107.79409,21.49237],[107.78493,21.49228],[107.79186,21.49513],[107.78762,21.49838],[107.78537,21.49681],[107.77883,21.49963],[107.78129,21.50267],[107.77977,21.50233],[107.77443,21.51073],[107.76993,21.51051],[107.76988,21.50671],[107.76828,21.50887],[107.76958,21.51059],[107.75897,21.50548],[107.75488,21.50655],[107.75526,21.51108],[107.75673,21.50807],[107.76069,21.51128],[107.7646,21.50928],[107.7626,21.51374],[107.76466,21.51334],[107.7664,21.51041],[107.76954,21.51197],[107.76806,21.51445],[107.76823,21.51632],[107.76889,21.51576],[107.76832,21.51431],[107.76968,21.51243],[107.77445,21.51441],[107.78161,21.50693],[107.78827,21.50549],[107.77899,21.52008],[107.78433,21.51502],[107.78632,21.5109],[107.78604,21.51411],[107.7829,21.51714],[107.78395,21.51662],[107.78641,21.51422],[107.78748,21.51185],[107.78561,21.51827],[107.78884,21.51307],[107.78948,21.51507],[107.79712,21.50852],[107.79962,21.50976],[107.80506,21.49824],[107.80413,21.50966],[107.80688,21.50489],[107.80949,21.51051],[107.81681,21.51031],[107.8162,21.51371],[107.81376,21.51267],[107.8169,21.51579],[107.82025,21.51335],[107.81946,21.52194],[107.82365,21.51868],[107.822,21.51451],[107.82599,21.51497],[107.82816,21.52428],[107.83355,21.52245],[107.82942,21.52532],[107.83351,21.52405],[107.83688,21.52747],[107.83813,21.5221],[107.83243,21.51912],[107.82949,21.51217],[107.82939,21.50819],[107.83344,21.50526],[107.82929,21.50308],[107.83682,21.4981],[107.84049,21.49195],[107.84621,21.49114],[107.84797,21.49643],[107.84361,21.50037],[107.8489,21.49932],[107.84648,21.50887],[107.84899,21.50892],[107.85392,21.5237],[107.85859,21.52404],[107.86306,21.53099],[107.85918,21.52383],[107.8546,21.52172],[107.85534,21.51923],[107.86032,21.5206],[107.85715,21.51897],[107.86207,21.51628],[107.86602,21.51772],[107.86253,21.51573],[107.8556,21.51641],[107.85407,21.51346],[107.85799,21.50341],[107.86203,21.5052],[107.85938,21.50116],[107.86272,21.49511],[107.86593,21.49507],[107.86718,21.50043],[107.86778,21.49754],[107.86693,21.49346],[107.87145,21.49212],[107.88063,21.49899],[107.87619,21.50653],[107.87628,21.51062],[107.87971,21.50555],[107.89073,21.50755],[107.89245,21.51531],[107.88377,21.51502],[107.89302,21.51664],[107.89462,21.52079],[107.89027,21.52698],[107.89881,21.52938],[107.89617,21.52689],[107.89727,21.5217],[107.90003,21.52146],[107.89636,21.52028],[107.90005,21.51581],[107.90188,21.51908],[107.90309,21.50635],[107.90698,21.50923],[107.91091,21.51939],[107.91423,21.52167],[107.91099,21.51258],[107.91833,21.51736],[107.91002,21.50766],[107.91443,21.51052],[107.91854,21.50907],[107.92271,21.50636],[107.92303,21.50797],[107.92536,21.50789],[107.92308,21.5038],[107.91826,21.50865],[107.91261,21.50863],[107.91134,21.50694],[107.91645,21.50542],[107.91996,21.50055],[107.91583,21.50506],[107.91711,21.50041],[107.91419,21.50248],[107.90537,21.499],[107.90771,21.49891],[107.90745,21.49523],[107.91055,21.49842],[107.90951,21.49015],[107.91374,21.49155],[107.91255,21.49727],[107.91908,21.49016],[107.91511,21.48738],[107.92227,21.48725],[107.92138,21.48928],[107.92649,21.49054],[107.92353,21.49204],[107.92746,21.49295],[107.92539,21.49698],[107.92471,21.49725],[107.92327,21.49609],[107.92243,21.49628],[107.9232,21.49624],[107.92429,21.49727],[107.92509,21.49731],[107.92823,21.49451],[107.92862,21.49363],[107.93185,21.49702],[107.92997,21.49822],[107.92931,21.50027],[107.9296,21.50018],[107.93026,21.49831],[107.932,21.49753],[107.93435,21.5025],[107.93627,21.50081],[107.93352,21.49355],[107.94418,21.49269],[107.94369,21.49237],[107.94239,21.49231],[107.94202,21.492],[107.94013,21.492],[107.94238,21.49095],[107.94724,21.49419],[107.94836,21.49381],[107.94457,21.4906],[107.94074,21.48995],[107.94231,21.4886],[107.93933,21.48904],[107.94373,21.48636],[107.94127,21.48678],[107.93909,21.48888],[107.93957,21.48949],[107.94053,21.48975],[107.93678,21.49152],[107.93281,21.48798],[107.93109,21.48526],[107.93278,21.48589],[107.93394,21.488],[107.93347,21.48547],[107.93197,21.48478],[107.93912,21.48555],[107.93769,21.48159],[107.94066,21.48078],[107.93935,21.47838],[107.93679,21.48],[107.9378,21.48323],[107.92973,21.48182],[107.92941,21.47906],[107.93541,21.4776],[107.93426,21.47726],[107.93256,21.4777],[107.93566,21.47467],[107.92811,21.4784],[107.92407,21.47626],[107.92621,21.47072],[107.9226,21.47454],[107.91762,21.47002],[107.92187,21.4634],[107.92877,21.46779],[107.92658,21.46484],[107.93113,21.46425],[107.9286,21.46227],[107.93792,21.46172],[107.93986,21.4512],[107.94596,21.45544],[107.94196,21.45731],[107.94499,21.45849],[107.93851,21.46588],[107.93896,21.46599],[107.94105,21.46504],[107.94142,21.46411],[107.94281,21.46457],[107.94595,21.45887],[107.94498,21.46233],[107.94647,21.464],[107.94351,21.46639],[107.94863,21.4683],[107.94576,21.46593],[107.94955,21.4642],[107.94896,21.46372],[107.94809,21.46486],[107.94671,21.46366],[107.95214,21.4634],[107.95252,21.4614],[107.94962,21.45941],[107.94593,21.46331],[107.94896,21.45519],[107.94193,21.45127],[107.94508,21.44753],[107.94645,21.44914],[107.94816,21.44857],[107.94727,21.4456],[107.95208,21.44579],[107.95281,21.45611],[107.9557,21.45477],[107.95897,21.46371],[107.95616,21.47056],[107.95309,21.47002],[107.94936,21.47233],[107.95092,21.47435],[107.95715,21.47148],[107.95518,21.47447],[107.95808,21.47182],[107.96005,21.47394],[107.95775,21.47572],[107.96004,21.47604],[107.96058,21.47462],[107.96134,21.47742],[107.96543,21.47375],[107.96334,21.49202],[107.9671,21.47941],[107.96893,21.4862],[107.96933,21.48329],[107.97327,21.48661],[107.97115,21.489],[107.96669,21.49031],[107.96549,21.49208],[107.97083,21.49209],[107.97603,21.48666],[107.97583,21.48566],[107.97283,21.48414],[107.97217,21.48224],[107.97711,21.47998],[107.97693,21.47943],[107.97665,21.47909],[107.97562,21.4784],[107.97896,21.47425],[107.97683,21.47542],[107.97828,21.47035],[107.97797,21.46539],[107.9828,21.46884],[107.984,21.481],[107.98964,21.48335],[107.98493,21.47938],[107.98718,21.47612],[107.9913,21.47872],[107.98787,21.47596],[107.99152,21.47704],[107.99135,21.47648],[107.98824,21.47508],[107.98672,21.46632],[107.98948,21.46747],[107.97713,21.45813],[107.97598,21.45179],[107.96766,21.4483],[107.97119,21.44593],[107.96833,21.44528],[107.9656,21.43567],[107.96902,21.43343],[107.97454,21.43819],[107.97758,21.43659],[107.99693,21.4615],[108.02261,21.47701],[108.05206,21.48431],[108.06678,21.48204],[108.08899,21.48497],[108.06479,21.49566],[108.04687,21.49504],[108.02833,21.48549],[108.01955,21.48805],[108.01908,21.48586],[108.01838,21.48666],[108.01873,21.48801],[108.01812,21.48823],[108.02082,21.48844],[108.01954,21.48967],[108.01163,21.48931],[108.01488,21.49203],[108.01164,21.4956],[108.02409,21.49921],[108.02516,21.50536],[108.01819,21.50943],[108.01746,21.50614],[108.01242,21.50505],[108.01846,21.51176],[108.01257,21.51591],[108.00335,21.50861],[108.00572,21.51233],[108.01072,21.51601],[108.01389,21.51626],[108.00695,21.5227],[108.01018,21.52319],[108.01479,21.519],[108.01558,21.52357],[108.01799,21.51696],[108.02694,21.51619],[108.0278,21.52208],[108.02817,21.52165],[108.02776,21.51775],[108.03157,21.5177],[108.03536,21.52106],[108.03345,21.52027],[108.03103,21.52133],[108.03374,21.52066],[108.03557,21.52447],[108.03578,21.52391],[108.03481,21.52165],[108.03759,21.52222],[108.03773,21.53234],[108.04355,21.5364],[108.04756,21.53776],[108.03486,21.5471],[108.00472,21.54864],[107.98619,21.5439],[107.97926,21.54495],[107.97593,21.54015],[107.97048,21.54069],[107.96625,21.53602],[107.9547,21.537],[107.94249,21.56399],[107.94283,21.56965],[107.92957,21.57747],[107.92363,21.58535],[107.92465,21.58926],[107.91572,21.58597],[107.90545,21.59124],[107.90227,21.58669],[107.89922,21.58817],[107.89782,21.59528],[107.89027,21.59915],[107.89236,21.60625],[107.8847,21.60678],[107.88286,21.60998],[107.89081,21.61539],[107.88554,21.62071],[107.88843,21.62574],[107.87852,21.63069],[107.87815,21.63999],[107.87138,21.64231],[107.87131,21.64754],[107.86033,21.64973],[107.85724,21.6552],[107.8455,21.649],[107.84505,21.6429],[107.84193,21.64131],[107.83388,21.64355],[107.82783,21.65289],[107.81494,21.65863],[107.80484,21.65882],[107.80342,21.65537],[107.7968,21.65379],[107.78355,21.65554],[107.77983,21.64841],[107.74279,21.6397],[107.73128,21.63066],[107.72158,21.62889],[107.71611,21.62144],[107.67601,21.609],[107.6654,21.61366],[107.6521,21.60711],[107.6121,21.60811],[107.60311,21.60353],[107.59279,21.60444],[107.58225,21.61689],[107.57453,21.61766],[107.56893,21.61199],[107.55947,21.61287],[107.54276,21.58933],[107.53709,21.59433],[107.52434,21.59024],[107.50737,21.5971],[107.49907,21.59502],[107.48307,21.59875],[107.49371,21.60479],[107.49709,21.61689],[107.49289,21.62496],[107.48789,21.62446],[107.48392,21.63072],[107.48577,21.6434],[107.48124,21.6518],[107.48228,21.65733],[107.47269,21.66279],[107.46088,21.6633],[107.43112,21.65004],[107.4175,21.64062],[107.41745,21.63296],[107.40793,21.62598],[107.40819,21.62265],[107.39567,21.61771],[107.39803,21.60988],[107.38301,21.59586],[107.36876,21.60208],[107.3619,21.60069],[107.35858,21.59496],[107.34779,21.59598],[107.3409,21.58843],[107.32897,21.58847],[107.32791,21.5926],[107.32223,21.5943],[107.31345,21.59034],[107.30917,21.59609],[107.29577,21.5935],[107.29025,21.58166],[107.2841,21.57726],[107.28435,21.56932],[107.27812,21.56319],[107.26018,21.56445],[107.24856,21.55784],[107.24656,21.54855],[107.23285,21.55456],[107.22538,21.55124],[107.22123,21.55353],[107.20745,21.54501],[107.20463,21.54068],[107.21115,21.53094],[107.21654,21.53161],[107.22168,21.52626],[107.22286,21.51937],[107.23111,21.52147],[107.23422,21.51862],[107.23367,21.51405],[107.23874,21.50579],[107.23589,21.50258],[107.23698,21.49641],[107.24611,21.48396],[107.2399,21.47341],[107.24248,21.46604],[107.23856,21.46014],[107.24068,21.44756],[107.24557,21.44388],[107.24166,21.43455],[107.24781,21.43009],[107.24853,21.42377],[107.25341,21.42317],[107.25752,21.41709],[107.25773,21.40427],[107.26498,21.4003],[107.26157,21.38775],[107.25696,21.38348],[107.25984,21.37973],[107.25433,21.36833],[107.24044,21.36399],[107.23554,21.37349],[107.21658,21.38902],[107.20943,21.38694],[107.20384,21.37871],[107.19333,21.3791],[107.19204,21.3756],[107.18545,21.37538],[107.16798,21.36316],[107.15825,21.36847],[107.14579,21.36445],[107.14184,21.36652],[107.14334,21.3695],[107.12688,21.36912],[107.1114,21.37617],[107.1003,21.37608],[107.09714,21.374],[107.09548,21.35996],[107.09209,21.35637],[107.08517,21.35506],[107.07738,21.34585],[107.06256,21.3476],[107.0514,21.3329],[107.05215,21.33018],[107.03176,21.32534],[107.03325,21.31496],[107.02001,21.299],[107.00379,21.29328],[106.9841,21.29242],[106.97228,21.28394],[106.97562,21.27077],[106.98252,21.26733],[106.98603,21.2568],[106.97722,21.23945],[106.97842,21.22634],[106.96889,21.2252],[106.96275,21.21039],[106.95612,21.20628],[106.95514,21.18997],[106.94786,21.18761],[106.94279,21.17355],[106.93564,21.16869],[106.92674,21.17334],[106.91645,21.18448],[106.89252,21.17908],[106.88238,21.18338],[106.87079,21.17368],[106.86109,21.17656],[106.85726,21.1877],[106.82691,21.18835],[106.82599,21.16544],[106.83348,21.15284],[106.81934,21.15664],[106.80396,21.15463],[106.79429,21.14911],[106.76915,21.15264],[106.76446,21.15641],[106.74389,21.15563],[106.73355,21.16151],[106.72483,21.15903],[106.72135,21.16205],[106.7148,21.16083],[106.70669,21.16834],[106.70044,21.16701],[106.69718,21.17013],[106.68189,21.16647],[106.67914,21.17051],[106.65222,21.17385],[106.64008,21.18134],[106.63776,21.17917],[106.64098,21.17274],[106.63832,21.16786],[106.63077,21.17233],[106.61192,21.17094],[106.6056,21.17967],[106.58865,21.17832],[106.59032,21.18432],[106.58268,21.19157],[106.56743,21.1888],[106.55741,21.19463],[106.54237,21.19239],[106.52991,21.22234],[106.50188,21.22405],[106.49802,21.2112],[106.50145,21.20235],[106.4941,21.19883],[106.49659,21.1848],[106.48951,21.18036],[106.48641,21.17294],[106.48852,21.16583],[106.483,21.16037],[106.47909,21.14952],[106.47861,21.14512],[106.48374,21.14524],[106.48455,21.13756],[106.48191,21.13383],[106.48421,21.13041],[106.47193,21.11852],[106.45984,21.11582],[106.45788,21.11983],[106.44057,21.11604],[106.44233,21.11102],[106.43892,21.10695],[106.45068,21.0952],[106.44057,21.07975],[106.44634,21.07516],[106.44741,21.06994],[106.45455,21.06979],[106.45683,21.06505],[106.47542,21.06963],[106.48583,21.06832],[106.50342,21.05653],[106.51729,21.06008],[106.5167,21.05513],[106.51977,21.05355],[106.51604,21.04619],[106.51969,21.04814],[106.52362,21.04573],[106.52532,21.05042],[106.53288,21.04762],[106.54463,21.05453],[106.55437,21.05272],[106.56087,21.05621],[106.5684,21.05306],[106.57544,21.05731],[106.60458,21.03623],[106.6109,21.0208],[106.62497,21.01186],[106.63785,21.01217],[106.64542,21.01865],[106.65228,21.01944],[106.70669,20.99966],[106.7477,20.9958],[106.7619,20.98601],[106.76854,20.97116],[106.7705,20.914],[106.75286,20.88126],[106.75664,20.86553],[106.76615,20.84843],[106.79391,20.83181],[106.82464,20.82992],[106.83592,20.81439],[106.84943,20.82209],[106.84901,20.82815],[106.85407,20.82944],[106.85695,20.83554],[106.86149,20.83696],[106.87031,20.8323],[106.86579,20.8541],[106.85278,20.86604]],[[107.05499,20.99294],[107.07514,20.99844],[107.08804,20.99185],[107.08058,20.98381],[107.071,20.96139],[107.06755,20.95945],[107.05411,20.96663],[107.05745,20.971],[107.04125,20.98229],[107.04384,20.98729],[107.04238,20.99434],[107.05499,20.99294]]],[[[107.03672,20.86964],[107.03691,20.86982],[107.03677,20.87013],[107.03672,20.86964]]],[[[107.02772,20.87063],[107.02801,20.87043],[107.028,20.87055],[107.02772,20.87063]]],[[[107.01335,20.87811],[107.00738,20.87409],[107.00825,20.87047],[107.01073,20.87296],[107.00956,20.8683],[107.00343,20.87283],[107.00826,20.86459],[107.01454,20.86356],[107.01116,20.86603],[107.01335,20.87811]]],[[[107.03368,20.87105],[107.03042,20.8725],[107.03172,20.86918],[107.03368,20.87105]]],[[[107.046,20.87423],[107.03999,20.87658],[107.03912,20.87339],[107.03696,20.87468],[107.03812,20.86873],[107.04266,20.86947],[107.04206,20.86609],[107.04568,20.86541],[107.04715,20.86902],[107.04185,20.87275],[107.04526,20.87137],[107.046,20.87423]]],[[[107.02399,20.87052],[107.02432,20.87433],[107.02156,20.87131],[107.02399,20.87052]]],[[[107.02063,20.87265],[107.01732,20.87658],[107.01641,20.87058],[107.01244,20.86962],[107.01805,20.86816],[107.02063,20.87265]]],[[[107.02063,20.87265],[107.02065,20.87244],[107.0214,20.8719],[107.02131,20.87289],[107.02063,20.87265]]],[[[107.02737,20.873],[107.02797,20.87311],[107.02794,20.87399],[107.02737,20.873]]],[[[106.97729,20.8739],[106.97781,20.87447],[106.97731,20.87507],[106.97729,20.8739]]],[[[106.97582,20.87435],[106.97647,20.87449],[106.97618,20.87476],[106.97582,20.87435]]],[[[107.02108,20.87405],[107.02118,20.87358],[107.02257,20.87451],[107.02108,20.87405]]],[[[107.03483,20.87257],[107.03346,20.87745],[107.03302,20.87495],[107.03483,20.87257]]],[[[106.97457,20.87479],[106.97422,20.87659],[106.9733,20.87558],[106.97457,20.87479]]],[[[106.86993,20.87363],[106.86812,20.87963],[106.86744,20.87479],[106.8651,20.87269],[106.86993,20.87363]]],[[[106.93991,20.8767],[106.9373,20.87933],[106.93398,20.87507],[106.93667,20.87294],[106.93631,20.87607],[106.93991,20.8767]]],[[[107.00632,20.8779],[107.00413,20.87721],[107.00544,20.87492],[107.00632,20.8779]]],[[[106.97733,20.87749],[106.97591,20.87728],[106.97688,20.87549],[106.97733,20.87749]]],[[[106.9994,20.87686],[107.00033,20.87696],[106.99987,20.87911],[106.9994,20.87686]]],[[[107.00374,20.87753],[107.00343,20.87868],[107.00334,20.87856],[107.00374,20.87753]]],[[[107.02717,20.87801],[107.02772,20.87773],[107.02772,20.87824],[107.02717,20.87801]]],[[[107.00974,20.87855],[107.00964,20.87787],[107.0102,20.87832],[107.00974,20.87855]]],[[[106.96712,20.88093],[106.9599,20.8803],[106.96703,20.87573],[106.96712,20.88093]]],[[[106.97423,20.87977],[106.97447,20.87899],[106.97474,20.87908],[106.97423,20.87977]]],[[[106.97424,20.87814],[106.97111,20.88496],[106.97161,20.87746],[106.96895,20.87696],[106.97211,20.87445],[106.97424,20.87814]]],[[[107.03711,20.88419],[107.03338,20.88094],[107.03084,20.88292],[107.02974,20.87548],[107.03284,20.87953],[107.03982,20.87711],[107.03711,20.88419]]],[[[106.99261,20.88172],[106.99049,20.87977],[106.99431,20.8784],[106.99261,20.88172]]],[[[106.99527,20.88802],[106.99078,20.89077],[106.98857,20.88728],[106.98706,20.88969],[106.98709,20.88585],[106.98232,20.88511],[106.9809,20.88746],[106.98282,20.88901],[106.97886,20.88865],[106.98183,20.87861],[106.98585,20.87818],[106.98374,20.87238],[106.97965,20.87498],[106.97958,20.87156],[106.98542,20.86945],[106.99015,20.87254],[106.99015,20.86991],[106.99388,20.8718],[106.99679,20.86958],[106.99517,20.87745],[106.98833,20.87614],[106.98597,20.8796],[106.98913,20.87839],[106.98932,20.88777],[106.99366,20.88378],[106.99527,20.88802]]],[[[106.96779,20.88135],[106.96744,20.88062],[106.96945,20.87939],[106.96779,20.88135]]],[[[107.01552,20.87893],[107.01322,20.88267],[107.01175,20.88063],[107.01552,20.87893]]],[[[107.02821,20.88101],[107.02701,20.88317],[107.02645,20.88243],[107.02821,20.88101]]],[[[107.00661,20.88177],[107.00687,20.88144],[107.00757,20.8819],[107.00661,20.88177]]],[[[106.96882,20.88336],[106.96945,20.8832],[106.96934,20.88404],[106.96882,20.88336]]],[[[106.9901,20.88559],[106.99091,20.88296],[106.99267,20.88231],[106.99252,20.88373],[106.9901,20.88559]]],[[[107.0223,20.88634],[107.02344,20.88368],[107.02378,20.88382],[107.0223,20.88634]]],[[[106.95392,20.89207],[106.95551,20.8862],[106.95039,20.88396],[106.95435,20.88259],[106.96142,20.88591],[106.95392,20.89207]]],[[[107.00627,20.89592],[107.00632,20.8903],[107.00179,20.89141],[107.00156,20.88714],[107.00477,20.88586],[107.00136,20.88134],[107.00357,20.87915],[107.00871,20.88898],[107.00964,20.88345],[107.01254,20.88435],[107.00627,20.89592]]],[[[106.87209,20.88738],[106.87271,20.88726],[106.8724,20.8883],[106.87209,20.88738]]],[[[106.95203,20.8898],[106.94797,20.88784],[106.95129,20.88755],[106.95203,20.8898]]],[[[106.97703,20.88855],[106.97752,20.88829],[106.97787,20.88923],[106.97703,20.88855]]],[[[106.87552,20.88723],[106.87275,20.89127],[106.87265,20.88818],[106.87552,20.88723]]],[[[107.01856,20.89003],[107.01551,20.88818],[107.01657,20.88817],[107.01856,20.89003]]],[[[106.98339,20.88957],[106.9835,20.88919],[106.98489,20.88999],[106.98339,20.88957]]],[[[106.99984,20.89335],[106.99879,20.89383],[106.9961,20.88665],[106.99984,20.89335]]],[[[106.98897,20.88971],[106.98956,20.8895],[106.9891,20.89082],[106.98897,20.88971]]],[[[106.96584,20.89651],[106.964,20.88462],[106.96798,20.88586],[106.96584,20.89651]]],[[[106.96139,20.88973],[106.9621,20.89007],[106.96161,20.89096],[106.96139,20.88973]]],[[[106.98013,20.89027],[106.98108,20.89203],[106.98059,20.89201],[106.98013,20.89027]]],[[[106.94733,20.89117],[106.94807,20.8919],[106.94742,20.89179],[106.94733,20.89117]]],[[[106.94954,20.89188],[106.94971,20.89203],[106.9492,20.8925],[106.94954,20.89188]]],[[[107.00531,20.89155],[107.0056,20.89285],[107.0048,20.893],[107.00531,20.89155]]],[[[106.97337,20.89529],[106.97163,20.89432],[106.97547,20.88939],[106.97337,20.89529]]],[[[106.95692,20.89206],[106.95763,20.89209],[106.9579,20.89338],[106.95692,20.89206]]],[[[106.9977,20.89324],[106.99731,20.89466],[106.99567,20.89303],[106.9977,20.89324]]],[[[106.87687,20.89471],[106.88066,20.89299],[106.88245,20.90028],[106.87898,20.8978],[106.87687,20.89471]]],[[[107.01737,20.89747],[107.0179,20.89562],[107.01972,20.8976],[107.01737,20.89747]]],[[[106.9663,20.89703],[106.96645,20.89683],[106.96672,20.89776],[106.9663,20.89703]]],[[[107.01427,20.90183],[107.01146,20.89641],[107.01525,20.89534],[107.01397,20.89737],[107.01427,20.90183]],[[107.01287,20.89659],[107.01261,20.89654],[107.01251,20.89747],[107.01287,20.89659]]],[[[107.0061,20.90162],[107.00678,20.89711],[107.00868,20.89833],[107.0061,20.90162]]],[[[107.02201,20.89999],[107.02249,20.89963],[107.02253,20.90057],[107.02201,20.89999]]],[[[106.88174,20.90107],[106.8816,20.90045],[106.88188,20.90052],[106.88174,20.90107]]],[[[106.973,20.90173],[106.9709,20.90433],[106.96671,20.90289],[106.96945,20.89748],[106.97003,20.90171],[106.973,20.90173]]],[[[107.02653,20.90173],[107.02604,20.90183],[107.02603,20.90117],[107.02653,20.90173]]],[[[106.96499,20.9031],[106.96463,20.90314],[106.96488,20.90257],[106.96499,20.9031]]],[[[107.00893,20.90361],[107.00887,20.90442],[107.00853,20.90436],[107.00893,20.90361]]],[[[106.97199,20.90426],[106.9729,20.90455],[106.97231,20.90542],[106.97199,20.90426]]],[[[107.01624,20.90576],[107.01649,20.90573],[107.01634,20.90594],[107.01624,20.90576]]],[[[107.01322,20.90784],[107.01002,20.90884],[107.00985,20.90384],[107.01351,20.90382],[107.01322,20.90784]]],[[[107.01703,20.91488],[107.01791,20.90924],[107.01384,20.90902],[107.01411,20.90665],[107.01714,20.90692],[107.01798,20.9033],[107.01871,20.90635],[107.02082,20.89942],[107.02458,20.9042],[107.02188,20.90508],[107.02238,20.91224],[107.01703,20.91488]]],[[[106.9449,20.90704],[106.94514,20.9074],[106.94487,20.90738],[106.9449,20.90704]]],[[[106.9512,20.90889],[106.95126,20.90924],[106.9508,20.90923],[106.9512,20.90889]]],[[[106.92999,20.908],[106.93091,20.90892],[106.92845,20.91015],[106.92999,20.908]]],[[[106.92713,20.91023],[106.92558,20.91014],[106.92705,20.9092],[106.92713,20.91023]]],[[[106.92738,20.91014],[106.92748,20.90983],[106.92821,20.91025],[106.92738,20.91014]]],[[[106.92495,20.90952],[106.92551,20.9097],[106.92034,20.91095],[106.92495,20.90952]]],[[[106.91982,20.91085],[106.92009,20.91071],[106.92016,20.91111],[106.91982,20.91085]]],[[[106.94761,20.91635],[106.94759,20.9169],[106.94734,20.91677],[106.94761,20.91635]]],[[[106.9514,20.91724],[106.95139,20.91763],[106.95116,20.91762],[106.9514,20.91724]]],[[[106.94954,20.91884],[106.949,20.91708],[106.9496,20.9171],[106.94954,20.91884]]],[[[106.95263,20.91876],[106.9528,20.91868],[106.95286,20.91884],[106.95263,20.91876]]],[[[106.95239,20.91912],[106.9522,20.91971],[106.95194,20.9195],[106.95239,20.91912]]],[[[106.95352,20.91981],[106.9528,20.9206],[106.95258,20.92039],[106.95352,20.91981]]],[[[106.9942,20.92481],[106.99546,20.92487],[106.99487,20.92578],[106.9942,20.92481]]],[[[106.9709,20.93659],[106.9681,20.94302],[106.96211,20.94331],[106.9592,20.93302],[106.96225,20.92392],[106.97774,20.91324],[106.98876,20.91313],[106.98856,20.91467],[106.98404,20.91512],[106.97778,20.92369],[106.98165,20.9285],[106.98562,20.91776],[106.98947,20.91624],[106.9913,20.92228],[106.9916,20.91641],[106.99554,20.91489],[106.99348,20.92119],[106.99667,20.9217],[106.99312,20.92489],[106.99893,20.92997],[106.99684,20.9384],[106.98169,20.94257],[106.97187,20.93974],[106.9709,20.93659]]],[[[107.02714,20.94224],[107.02397,20.94279],[107.02411,20.93914],[107.02657,20.93855],[107.02714,20.94224]]],[[[106.98067,20.9431],[106.98107,20.94293],[106.98117,20.94336],[106.98067,20.9431]]],[[[107.11519,20.79234],[107.11456,20.79221],[107.11489,20.79177],[107.11519,20.79234]]],[[[107.1141,20.79551],[107.11431,20.79569],[107.11413,20.79596],[107.1141,20.79551]]],[[[107.11258,20.80167],[107.11383,20.80231],[107.11329,20.80253],[107.11258,20.80167]]],[[[107.11101,20.80417],[107.11152,20.80396],[107.11147,20.80424],[107.11101,20.80417]]],[[[107.11033,20.80428],[107.11064,20.80441],[107.11043,20.80459],[107.11033,20.80428]]],[[[107.11049,20.80711],[107.10995,20.80709],[107.11008,20.80661],[107.11049,20.80711]]],[[[107.11025,20.80743],[107.11069,20.8073],[107.11065,20.80778],[107.11025,20.80743]]],[[[107.11394,20.80898],[107.11407,20.80889],[107.11409,20.80901],[107.11394,20.80898]]],[[[107.11443,20.80996],[107.11337,20.80946],[107.11367,20.80904],[107.11443,20.80996]]],[[[107.11453,20.81024],[107.11446,20.81017],[107.11474,20.81007],[107.11453,20.81024]]],[[[107.09678,20.81825],[107.09397,20.82059],[107.09395,20.82024],[107.09678,20.81825]]],[[[107.09009,20.82276],[107.09046,20.82267],[107.09045,20.8232],[107.09009,20.82276]]],[[[107.10832,20.82501],[107.10792,20.82463],[107.10843,20.82456],[107.10832,20.82501]]],[[[107.1062,20.82586],[107.10449,20.8256],[107.10704,20.82417],[107.1062,20.82586]]],[[[107.10376,20.82503],[107.1045,20.8255],[107.10117,20.82746],[107.10376,20.82503]]],[[[107.08466,20.82657],[107.08472,20.82623],[107.08508,20.82615],[107.08466,20.82657]]],[[[107.08727,20.82842],[107.08775,20.83095],[107.0867,20.82678],[107.08727,20.82842]]],[[[107.11396,20.82874],[107.11316,20.83015],[107.11344,20.82698],[107.11396,20.82874]]],[[[107.09873,20.82819],[107.09933,20.82958],[107.09876,20.82966],[107.09873,20.82819]]],[[[107.08932,20.82924],[107.08974,20.8286],[107.08984,20.8293],[107.08932,20.82924]]],[[[107.08828,20.82962],[107.08858,20.82923],[107.08912,20.82993],[107.08828,20.82962]]],[[[107.08925,20.83175],[107.08883,20.83178],[107.08903,20.83088],[107.08925,20.83175]]],[[[107.11394,20.83188],[107.11477,20.83183],[107.11457,20.83245],[107.11394,20.83188]]],[[[107.07908,20.84016],[107.07265,20.83663],[107.08165,20.83031],[107.08584,20.8305],[107.08742,20.83333],[107.08246,20.83087],[107.08485,20.8345],[107.07908,20.84016]]],[[[107.10021,20.84561],[107.09622,20.844],[107.10133,20.83898],[107.09544,20.83376],[107.10886,20.82632],[107.11121,20.82936],[107.10516,20.83176],[107.11075,20.8342],[107.10665,20.83597],[107.10268,20.83247],[107.10509,20.84287],[107.10027,20.84191],[107.10021,20.84561]]],[[[107.06557,20.83623],[107.06582,20.83621],[107.06555,20.83686],[107.06557,20.83623]]],[[[107.11112,20.83711],[107.11065,20.83713],[107.11069,20.83674],[107.11112,20.83711]]],[[[107.10998,20.8381],[107.10815,20.83802],[107.10951,20.83684],[107.10998,20.8381]]],[[[107.0651,20.83719],[107.0647,20.839],[107.06386,20.83895],[107.0651,20.83719]]],[[[107.0675,20.8389],[107.06801,20.83802],[107.06822,20.83804],[107.0675,20.8389]]],[[[107.10708,20.8405],[107.10595,20.84031],[107.10627,20.84],[107.10708,20.8405]]],[[[107.06638,20.84128],[107.06711,20.84032],[107.06721,20.84306],[107.06638,20.84128]]],[[[107.10782,20.84223],[107.10786,20.8416],[107.1094,20.84182],[107.10782,20.84223]]],[[[107.07703,20.84521],[107.07723,20.84522],[107.07723,20.84556],[107.07703,20.84521]]],[[[107.07926,20.84547],[107.07995,20.84565],[107.07939,20.8464],[107.07926,20.84547]]],[[[107.10089,20.85768],[107.09589,20.85814],[107.09687,20.85036],[107.09285,20.85554],[107.09134,20.85287],[107.09343,20.85086],[107.08809,20.8513],[107.09164,20.84491],[107.08383,20.84517],[107.08354,20.84167],[107.08876,20.83962],[107.08515,20.83988],[107.08573,20.83784],[107.09167,20.83557],[107.09238,20.84471],[107.09668,20.84548],[107.09792,20.84945],[107.10208,20.84816],[107.09731,20.85501],[107.10089,20.85768]]],[[[107.07881,20.84816],[107.07722,20.84779],[107.07791,20.84681],[107.07881,20.84816]]],[[[107.07587,20.84758],[107.07539,20.84754],[107.07591,20.84724],[107.07587,20.84758]]],[[[107.11456,20.84721],[107.11544,20.84688],[107.11531,20.84824],[107.11456,20.84721]]],[[[107.11309,20.84821],[107.11278,20.84766],[107.11321,20.84755],[107.11309,20.84821]]],[[[107.08825,20.84759],[107.08878,20.84847],[107.08781,20.84861],[107.08825,20.84759]]],[[[107.0608,20.84784],[107.06079,20.84885],[107.06023,20.84889],[107.0608,20.84784]]],[[[107.06346,20.84973],[107.06191,20.84968],[107.06286,20.84824],[107.06346,20.84973]]],[[[107.07414,20.84757],[107.07488,20.85107],[107.07257,20.85081],[107.07259,20.84965],[107.07414,20.84757]]],[[[107.08649,20.84995],[107.08727,20.84992],[107.08742,20.85064],[107.08649,20.84995]]],[[[107.08448,20.84975],[107.08619,20.84998],[107.08556,20.85078],[107.08448,20.84975]]],[[[107.08173,20.85038],[107.08174,20.85117],[107.08136,20.85111],[107.08173,20.85038]]],[[[107.11493,20.85197],[107.11541,20.85],[107.11561,20.85076],[107.11493,20.85197]]],[[[107.06203,20.85143],[107.06123,20.85149],[107.06236,20.85055],[107.06203,20.85143]]],[[[107.06968,20.85196],[107.06838,20.85172],[107.06906,20.85102],[107.06968,20.85196]]],[[[107.08126,20.85178],[107.08254,20.85222],[107.08167,20.85356],[107.08126,20.85178]]],[[[107.10964,20.85566],[107.11973,20.85036],[107.11702,20.85461],[107.10964,20.85566]]],[[[107.10327,20.85676],[107.09986,20.85421],[107.10249,20.85183],[107.10327,20.85676]]],[[[107.10945,20.85615],[107.10937,20.85647],[107.10892,20.85643],[107.10945,20.85615]]],[[[107.07071,20.85647],[107.07174,20.85661],[107.07182,20.85748],[107.07071,20.85647]]],[[[107.10812,20.85744],[107.10773,20.85721],[107.10808,20.85681],[107.10812,20.85744]]],[[[107.09296,20.86055],[107.09258,20.86074],[107.09171,20.85609],[107.09296,20.86055]]],[[[107.07971,20.85828],[107.08113,20.85839],[107.08097,20.85954],[107.07971,20.85828]]],[[[107.06567,20.85871],[107.06602,20.85876],[107.06584,20.85952],[107.06567,20.85871]]],[[[107.08853,20.85966],[107.0847,20.86172],[107.08368,20.86004],[107.08853,20.85966]]],[[[107.09945,20.86207],[107.0981,20.86183],[107.09814,20.85922],[107.09945,20.86207]]],[[[107.09007,20.86096],[107.09004,20.86059],[107.09117,20.86099],[107.09007,20.86096]]],[[[107.0649,20.86589],[107.06345,20.86092],[107.06694,20.86121],[107.06799,20.85686],[107.06783,20.86144],[107.0726,20.86149],[107.0649,20.86589]]],[[[107.09507,20.86212],[107.09245,20.86379],[107.09189,20.86216],[107.09507,20.86212]]],[[[107.08674,20.86481],[107.08385,20.86663],[107.08233,20.86541],[107.08497,20.86255],[107.08674,20.86481]]],[[[107.07226,20.86653],[107.07049,20.86635],[107.07166,20.86523],[107.07226,20.86653]]],[[[107.11492,20.87232],[107.11446,20.8723],[107.11494,20.87184],[107.11492,20.87232]]],[[[107.05856,20.87733],[107.06092,20.86779],[107.06576,20.86708],[107.06794,20.87293],[107.06159,20.86997],[107.05856,20.87733]]],[[[107.11312,20.87525],[107.11019,20.87448],[107.11008,20.87219],[107.11311,20.87152],[107.11066,20.87314],[107.11312,20.87525]]],[[[107.0632,20.87364],[107.06346,20.87368],[107.06322,20.87412],[107.0632,20.87364]]],[[[107.11066,20.87892],[107.10874,20.87877],[107.10919,20.87794],[107.11066,20.87892]]],[[[107.11514,20.87975],[107.11374,20.87964],[107.1142,20.87913],[107.11514,20.87975]]],[[[107.10496,20.8863],[107.10513,20.88616],[107.10514,20.88651],[107.10496,20.8863]]],[[[107.1052,20.88766],[107.10535,20.88719],[107.10572,20.88747],[107.1052,20.88766]]],[[[107.10233,20.88847],[107.10256,20.88849],[107.10245,20.88876],[107.10233,20.88847]]],[[[107.10619,20.89493],[107.10657,20.8912],[107.10949,20.89074],[107.10925,20.89464],[107.10619,20.89493]]],[[[107.09862,20.89374],[107.09871,20.89348],[107.09917,20.8937],[107.09862,20.89374]]],[[[107.10465,20.8937],[107.10495,20.89349],[107.10505,20.89414],[107.10465,20.8937]]],[[[107.0988,20.89485],[107.09922,20.89494],[107.09896,20.8954],[107.0988,20.89485]]],[[[107.09939,20.89616],[107.09952,20.89608],[107.09962,20.89652],[107.09939,20.89616]]],[[[107.10679,20.89759],[107.10471,20.8972],[107.10537,20.89572],[107.10679,20.89759]]],[[[107.11079,20.89636],[107.11141,20.89675],[107.11105,20.89691],[107.11079,20.89636]]],[[[107.11151,20.89677],[107.11152,20.89667],[107.11179,20.89676],[107.11151,20.89677]]],[[[107.10234,20.89761],[107.10253,20.89745],[107.10256,20.89754],[107.10234,20.89761]]],[[[107.10421,20.89877],[107.10284,20.89848],[107.1031,20.89826],[107.10421,20.89877]]],[[[107.10334,20.89982],[107.10346,20.89985],[107.10356,20.90019],[107.10334,20.89982]]],[[[107.11523,20.90032],[107.11488,20.90045],[107.11472,20.90021],[107.11523,20.90032]]],[[[107.09954,20.89998],[107.10017,20.89969],[107.10048,20.90165],[107.09954,20.89998]]],[[[107.10605,20.90425],[107.10626,20.90429],[107.10579,20.90493],[107.10605,20.90425]]],[[[107.10716,20.91136],[107.1094,20.90448],[107.10924,20.90753],[107.10716,20.91136]]],[[[107.11325,20.91248],[107.11211,20.91173],[107.11291,20.90861],[107.11325,20.91248]]],[[[107.10174,20.91183],[107.10174,20.91222],[107.10138,20.91223],[107.10174,20.91183]]],[[[107.10465,20.91221],[107.10352,20.91397],[107.10198,20.91325],[107.10212,20.91237],[107.10465,20.91221]]],[[[107.1137,20.91479],[107.11421,20.91418],[107.11469,20.91511],[107.1137,20.91479]]],[[[107.11101,20.91794],[107.10931,20.91714],[107.11068,20.91369],[107.11101,20.91794]]],[[[107.10633,20.91761],[107.10633,20.91433],[107.10908,20.9151],[107.10666,20.91549],[107.10633,20.91761]]],[[[107.09917,20.91719],[107.09889,20.91848],[107.09823,20.91824],[107.09917,20.91719]]],[[[107.09643,20.91831],[107.09557,20.91793],[107.09613,20.91723],[107.09643,20.91831]]],[[[107.10872,20.91896],[107.11059,20.92083],[107.10932,20.92292],[107.10963,20.92129],[107.10872,20.91896]]],[[[107.11279,20.92194],[107.11245,20.92262],[107.11208,20.92244],[107.11279,20.92194]]],[[[107.10127,20.92112],[107.10159,20.92421],[107.09889,20.92174],[107.10127,20.92112]]],[[[107.0925,20.92178],[107.09283,20.92172],[107.09257,20.92313],[107.0925,20.92178]]],[[[107.10436,20.92268],[107.10477,20.92266],[107.10444,20.92315],[107.10436,20.92268]]],[[[107.09256,20.92377],[107.09285,20.92371],[107.09301,20.92461],[107.09256,20.92377]]],[[[107.10607,20.92456],[107.10652,20.92469],[107.10639,20.92492],[107.10607,20.92456]]],[[[107.08725,20.9256],[107.08577,20.92652],[107.08567,20.9235],[107.08725,20.9256]]],[[[107.08298,20.92849],[107.08191,20.92907],[107.082,20.9286],[107.08298,20.92849]]],[[[107.10499,20.92999],[107.10559,20.93004],[107.10556,20.93044],[107.10499,20.92999]]],[[[107.11003,20.92926],[107.10791,20.92967],[107.10679,20.93375],[107.10665,20.92746],[107.11003,20.92926]]],[[[107.10718,20.93457],[107.10764,20.93441],[107.10746,20.93464],[107.10718,20.93457]]],[[[107.09827,20.94158],[107.10012,20.93509],[107.09723,20.9368],[107.09852,20.934],[107.09535,20.93025],[107.09953,20.93179],[107.09994,20.92834],[107.10273,20.93466],[107.10503,20.93191],[107.09827,20.94158]]],[[[107.10745,20.93514],[107.10795,20.93522],[107.1078,20.93565],[107.10745,20.93514]]],[[[107.085,20.93642],[107.0843,20.9364],[107.08517,20.9344],[107.085,20.93642]]],[[[107.08048,20.93813],[107.07744,20.93535],[107.08034,20.93405],[107.08048,20.93813]]],[[[107.1107,20.93708],[107.11267,20.93536],[107.11264,20.93612],[107.1107,20.93708]]],[[[107.07891,20.93768],[107.07863,20.93773],[107.07871,20.93741],[107.07891,20.93768]]],[[[107.07768,20.93751],[107.07685,20.94055],[107.07629,20.94018],[107.07768,20.93751]]],[[[107.08144,20.93873],[107.08024,20.94177],[107.07753,20.94198],[107.07793,20.93961],[107.08144,20.93873]]],[[[107.08433,20.94765],[107.0829,20.94045],[107.0851,20.93736],[107.08668,20.94177],[107.08975,20.94201],[107.08433,20.94765]]],[[[107.09062,20.94261],[107.09084,20.94242],[107.09102,20.94277],[107.09062,20.94261]]],[[[107.09747,20.9418],[107.09417,20.94533],[107.09521,20.94161],[107.09747,20.9418]]],[[[107.09264,20.94343],[107.09395,20.94363],[107.09244,20.94457],[107.09264,20.94343]]],[[[107.09919,20.94401],[107.09915,20.9448],[107.09854,20.94459],[107.09919,20.94401]]],[[[107.06163,20.96512],[107.06121,20.96512],[107.06148,20.96451],[107.06163,20.96512]]],[[[107.07186,20.97318],[107.07299,20.9721],[107.07301,20.97255],[107.07186,20.97318]]],[[[107.07205,20.98059],[107.06901,20.97769],[107.06974,20.9747],[107.07176,20.97441],[107.07205,20.98059]]],[[[107.06931,20.97869],[107.07061,20.97995],[107.06972,20.98086],[107.06931,20.97869]]],[[[107.14169,20.7385],[107.14148,20.73827],[107.14246,20.73771],[107.14169,20.7385]]],[[[107.14568,20.73884],[107.14572,20.739],[107.14543,20.7393],[107.14568,20.73884]]],[[[107.1443,20.74096],[107.14435,20.74103],[107.14405,20.74129],[107.1443,20.74096]]],[[[107.14304,20.76754],[107.13617,20.7653],[107.13909,20.76194],[107.13668,20.76294],[107.13219,20.75757],[107.13343,20.75477],[107.12958,20.75587],[107.12927,20.75227],[107.12586,20.75093],[107.13157,20.74438],[107.12961,20.74028],[107.13343,20.73844],[107.13701,20.73939],[107.13632,20.74336],[107.14069,20.74009],[107.14573,20.74367],[107.14322,20.74596],[107.14179,20.74152],[107.14014,20.74572],[107.13828,20.74364],[107.13584,20.7465],[107.13743,20.75197],[107.13972,20.7469],[107.14323,20.74963],[107.14099,20.75852],[107.14437,20.7584],[107.1455,20.76179],[107.14062,20.76311],[107.14304,20.76754]]],[[[107.12798,20.75336],[107.12843,20.75335],[107.12835,20.75511],[107.12798,20.75336]]],[[[107.1425,20.75666],[107.14246,20.7554],[107.14321,20.7557],[107.1425,20.75666]]],[[[107.12616,20.75815],[107.12506,20.75527],[107.12757,20.75474],[107.12616,20.75815]]],[[[107.1265,20.76004],[107.12806,20.75659],[107.12946,20.75897],[107.1265,20.76004]]],[[[107.12348,20.76222],[107.12346,20.75791],[107.12544,20.7577],[107.12348,20.76222]]],[[[107.12584,20.76004],[107.12612,20.75995],[107.12623,20.76011],[107.12584,20.76004]]],[[[107.12576,20.76712],[107.1301,20.7631],[107.13117,20.75633],[107.13094,20.76064],[107.13548,20.7631],[107.13249,20.76353],[107.13123,20.76136],[107.13113,20.76593],[107.12576,20.76712]]],[[[107.12689,20.76279],[107.1272,20.76267],[107.12732,20.76371],[107.12689,20.76279]]],[[[107.12391,20.76355],[107.12292,20.7639],[107.12302,20.76285],[107.12391,20.76355]]],[[[107.13305,20.76535],[107.13234,20.76574],[107.13228,20.76548],[107.13305,20.76535]]],[[[107.14421,20.76622],[107.14376,20.76619],[107.14462,20.76537],[107.14421,20.76622]]],[[[107.12832,20.76833],[107.12803,20.76827],[107.12814,20.7681],[107.12832,20.76833]]],[[[107.14494,20.76915],[107.14334,20.7689],[107.1436,20.76741],[107.14494,20.76915]]],[[[107.13685,20.76879],[107.13693,20.76933],[107.13639,20.76927],[107.13685,20.76879]]],[[[107.13821,20.7688],[107.13814,20.76975],[107.13751,20.76911],[107.13821,20.7688]]],[[[107.13464,20.77],[107.13466,20.77031],[107.13413,20.77041],[107.13464,20.77]]],[[[107.12563,20.76993],[107.12681,20.77032],[107.12624,20.7713],[107.12563,20.76993]]],[[[107.13299,20.77224],[107.13168,20.77146],[107.13273,20.77079],[107.13299,20.77224]]],[[[107.14447,20.77322],[107.1438,20.77011],[107.1462,20.77158],[107.14447,20.77322]]],[[[107.13474,20.77167],[107.13529,20.77195],[107.13511,20.77226],[107.13474,20.77167]]],[[[107.11967,20.77229],[107.11988,20.77204],[107.12022,20.77225],[107.11967,20.77229]]],[[[107.14154,20.77368],[107.13917,20.77417],[107.13947,20.77375],[107.14154,20.77368]]],[[[107.12222,20.7743],[107.12286,20.77397],[107.12274,20.77434],[107.12222,20.7743]]],[[[107.13593,20.77406],[107.13695,20.77433],[107.13655,20.77484],[107.13593,20.77406]]],[[[107.13087,20.7762],[107.13269,20.77307],[107.13525,20.7739],[107.13087,20.7762]]],[[[107.13605,20.77592],[107.13601,20.77627],[107.13528,20.77605],[107.13605,20.77592]]],[[[107.13205,20.779],[107.13161,20.77949],[107.13138,20.77911],[107.13205,20.779]]],[[[107.1177,20.77951],[107.11768,20.77945],[107.11789,20.7794],[107.1177,20.77951]]],[[[107.1178,20.77961],[107.11797,20.77959],[107.11783,20.78001],[107.1178,20.77961]]],[[[107.11686,20.77956],[107.11714,20.77991],[107.11686,20.7801],[107.11686,20.77956]]],[[[107.11618,20.78181],[107.11653,20.78116],[107.11689,20.78156],[107.11618,20.78181]]],[[[107.13871,20.78227],[107.13851,20.78249],[107.13699,20.78149],[107.13871,20.78227]]],[[[107.13665,20.78178],[107.13712,20.78167],[107.13691,20.78214],[107.13665,20.78178]]],[[[107.13844,20.78399],[107.13812,20.78371],[107.13895,20.78337],[107.13844,20.78399]]],[[[107.13948,20.78758],[107.1384,20.78682],[107.14091,20.78345],[107.13948,20.78758]]],[[[107.13573,20.78511],[107.13676,20.78565],[107.13635,20.78594],[107.13573,20.78511]]],[[[107.1258,20.80708],[107.12252,20.80554],[107.12634,20.8012],[107.12501,20.79875],[107.12185,20.80272],[107.11798,20.80111],[107.11803,20.80574],[107.11231,20.80638],[107.11347,20.80509],[107.11607,20.80548],[107.1141,20.80293],[107.11823,20.79817],[107.11876,20.79311],[107.11653,20.78498],[107.12392,20.77473],[107.12356,20.76848],[107.12706,20.7723],[107.13116,20.76958],[107.13031,20.77611],[107.12487,20.77657],[107.13268,20.7811],[107.13491,20.77852],[107.13604,20.78262],[107.12901,20.78099],[107.12805,20.78322],[107.13791,20.78664],[107.13091,20.78866],[107.13696,20.79099],[107.13569,20.79841],[107.12897,20.79286],[107.12583,20.79583],[107.12975,20.80212],[107.1258,20.80708]]],[[[107.13876,20.78931],[107.1379,20.79097],[107.13731,20.78906],[107.13876,20.78931]]],[[[107.11592,20.79386],[107.11424,20.79343],[107.11548,20.7928],[107.11592,20.79386]]],[[[107.11573,20.79967],[107.11498,20.79946],[107.115,20.7989],[107.11573,20.79967]]],[[[107.13348,20.79948],[107.13376,20.79917],[107.1341,20.80038],[107.13348,20.79948]]],[[[107.13639,20.80389],[107.13665,20.80451],[107.13471,20.80395],[107.13639,20.80389]]],[[[107.13102,20.80591],[107.13057,20.80643],[107.12989,20.80597],[107.13102,20.80591]]],[[[107.13349,20.80607],[107.1335,20.80585],[107.13381,20.80592],[107.13349,20.80607]]],[[[107.11511,20.81107],[107.12256,20.80596],[107.12395,20.8089],[107.11953,20.80859],[107.11511,20.81107]]],[[[107.11965,20.81183],[107.11912,20.81156],[107.12072,20.80903],[107.11965,20.81183]]],[[[107.12437,20.81138],[107.1219,20.81331],[107.12174,20.81227],[107.12437,20.81138]]],[[[107.13077,20.81214],[107.12871,20.81583],[107.12758,20.81033],[107.13077,20.81214]]],[[[107.12119,20.81377],[107.12142,20.81401],[107.12084,20.81505],[107.12119,20.81377]]],[[[107.11739,20.81409],[107.11437,20.81636],[107.11381,20.81617],[107.11518,20.8131],[107.11739,20.81409]]],[[[107.12227,20.81469],[107.12364,20.81427],[107.12426,20.81751],[107.12227,20.81469]]],[[[107.13566,20.82102],[107.13493,20.82061],[107.13661,20.81933],[107.13566,20.82102]]],[[[107.12717,20.82272],[107.1277,20.82246],[107.12765,20.82378],[107.12717,20.82272]]],[[[107.12607,20.82332],[107.12697,20.82399],[107.12544,20.82397],[107.12607,20.82332]]],[[[107.14112,20.82578],[107.1447,20.82278],[107.14463,20.8252],[107.14112,20.82578]]],[[[107.11577,20.82586],[107.11558,20.82573],[107.11573,20.8256],[107.11577,20.82586]]],[[[107.14373,20.82698],[107.14386,20.82651],[107.14461,20.82697],[107.14373,20.82698]]],[[[107.13929,20.83472],[107.13873,20.82838],[107.13994,20.82907],[107.13929,20.83472]]],[[[107.14265,20.83214],[107.14103,20.83285],[107.14094,20.83182],[107.14265,20.83214]]],[[[107.1221,20.83214],[107.12181,20.83324],[107.12151,20.83357],[107.1221,20.83214]]],[[[107.11822,20.83953],[107.11664,20.84256],[107.11269,20.84062],[107.11651,20.8408],[107.11856,20.83706],[107.11605,20.83521],[107.11921,20.83284],[107.12118,20.83516],[107.12639,20.83319],[107.12806,20.83529],[107.1255,20.83476],[107.12482,20.83936],[107.11822,20.83953]]],[[[107.12072,20.84393],[107.12088,20.84396],[107.12085,20.84418],[107.12072,20.84393]]],[[[107.12264,20.8441],[107.1234,20.8447],[107.12171,20.84441],[107.12264,20.8441]]],[[[107.11791,20.84583],[107.11797,20.84618],[107.11604,20.84606],[107.11791,20.84583]]],[[[107.12534,20.84897],[107.12277,20.84924],[107.12223,20.84789],[107.12271,20.84767],[107.12534,20.84897]]],[[[107.1228,20.84942],[107.12233,20.85099],[107.12184,20.85073],[107.1228,20.84942]]],[[[107.12814,20.85947],[107.12867,20.85967],[107.1287,20.86049],[107.12814,20.85947]]],[[[107.1408,20.8611],[107.14062,20.86148],[107.13936,20.86112],[107.1408,20.8611]]],[[[107.12744,20.86229],[107.13903,20.85912],[107.13498,20.8621],[107.12744,20.86229]]],[[[107.13601,20.86311],[107.13644,20.86386],[107.13622,20.8639],[107.13601,20.86311]]],[[[107.13708,20.86633],[107.13599,20.86501],[107.13629,20.86422],[107.13708,20.86633]]],[[[107.12249,20.86757],[107.12252,20.86687],[107.12364,20.8671],[107.12249,20.86757]]],[[[107.12238,20.87004],[107.12276,20.86885],[107.12373,20.86905],[107.12238,20.87004]]],[[[107.12398,20.8694],[107.12436,20.86941],[107.12431,20.86962],[107.12398,20.8694]]],[[[107.12397,20.87028],[107.12417,20.87064],[107.1237,20.87058],[107.12397,20.87028]]],[[[107.12416,20.87071],[107.12431,20.87069],[107.12429,20.87082],[107.12416,20.87071]]],[[[107.12246,20.87089],[107.12287,20.87094],[107.12272,20.8714],[107.12246,20.87089]]],[[[107.11908,20.8727],[107.11571,20.87273],[107.11778,20.86942],[107.11958,20.86975],[107.11908,20.8727]]],[[[107.13672,20.87861],[107.13847,20.87062],[107.14222,20.87525],[107.13672,20.87861]]],[[[107.13177,20.87558],[107.13439,20.87325],[107.13513,20.87597],[107.13177,20.87558]]],[[[107.11781,20.87584],[107.11666,20.87621],[107.11651,20.87437],[107.11781,20.87584]]],[[[107.12647,20.87801],[107.12639,20.87795],[107.12637,20.87773],[107.12635,20.87762],[107.12615,20.87726],[107.12686,20.87673],[107.12647,20.87801]]],[[[107.12997,20.87823],[107.1282,20.87888],[107.13081,20.87605],[107.12997,20.87823]]],[[[107.12546,20.87838],[107.1241,20.87817],[107.12495,20.87732],[107.12546,20.87838]]],[[[107.13223,20.87847],[107.13267,20.87754],[107.13413,20.87827],[107.13223,20.87847]]],[[[107.13296,20.87999],[107.13211,20.88022],[107.13185,20.87969],[107.13296,20.87999]]],[[[107.12784,20.88076],[107.1276,20.88049],[107.12798,20.8803],[107.12784,20.88076]]],[[[107.1305,20.88018],[107.13101,20.88041],[107.13015,20.88105],[107.1305,20.88018]]],[[[107.12669,20.88155],[107.12653,20.88057],[107.12776,20.88108],[107.12669,20.88155]]],[[[107.13892,20.88305],[107.13913,20.88239],[107.14045,20.88344],[107.13892,20.88305]]],[[[107.12384,20.88853],[107.12565,20.8855],[107.12605,20.88572],[107.12384,20.88853]]],[[[107.12368,20.88775],[107.12233,20.88768],[107.1229,20.88681],[107.12368,20.88775]]],[[[107.1191,20.88735],[107.11878,20.88901],[107.11809,20.88876],[107.1191,20.88735]]],[[[107.13764,20.88744],[107.13677,20.8884],[107.13645,20.88795],[107.13764,20.88744]]],[[[107.12199,20.88936],[107.12143,20.88943],[107.12235,20.88862],[107.12199,20.88936]]],[[[107.11819,20.89061],[107.11668,20.89177],[107.11656,20.89132],[107.11819,20.89061]]],[[[107.1305,20.89185],[107.1312,20.89236],[107.13085,20.89263],[107.1305,20.89185]]],[[[107.12447,20.89437],[107.1241,20.89221],[107.12817,20.89247],[107.12447,20.89437]]],[[[107.1323,20.89257],[107.13314,20.89275],[107.13275,20.89394],[107.1323,20.89257]]],[[[107.131,20.89557],[107.12916,20.89478],[107.13114,20.8941],[107.131,20.89557]]],[[[107.12799,20.89657],[107.12727,20.89562],[107.12954,20.8955],[107.12799,20.89657]]],[[[107.12386,20.89751],[107.12357,20.89566],[107.1254,20.89705],[107.12386,20.89751]]],[[[107.11971,20.89936],[107.11954,20.89932],[107.11981,20.89902],[107.11971,20.89936]]],[[[107.12078,20.90107],[107.1229,20.89876],[107.12243,20.90004],[107.12078,20.90107]]],[[[107.11518,20.90101],[107.1157,20.90133],[107.11513,20.90164],[107.11518,20.90101]]],[[[107.13819,20.90249],[107.13972,20.90144],[107.14089,20.90187],[107.13819,20.90249]]],[[[107.14204,20.90297],[107.14358,20.90174],[107.1435,20.90246],[107.14204,20.90297]]],[[[107.11885,20.90452],[107.11827,20.90567],[107.11814,20.90547],[107.11885,20.90452]]],[[[107.11771,20.90919],[107.11611,20.90884],[107.1192,20.90758],[107.11771,20.90919]]],[[[107.13986,20.91104],[107.14017,20.9072],[107.14144,20.90727],[107.13986,20.91104]]],[[[107.12411,20.91006],[107.12371,20.90995],[107.12488,20.90886],[107.12411,20.91006]]],[[[107.13581,20.90952],[107.13624,20.90971],[107.13567,20.9101],[107.13581,20.90952]]],[[[107.12681,20.90884],[107.1293,20.91083],[107.12815,20.91401],[107.12652,20.9112],[107.12681,20.90884]]],[[[107.13995,20.91314],[107.13944,20.91357],[107.1394,20.91334],[107.13995,20.91314]]],[[[107.12342,20.91369],[107.12194,20.91441],[107.12192,20.91359],[107.12342,20.91369]]],[[[107.13003,20.91478],[107.12887,20.91532],[107.12895,20.91506],[107.13003,20.91478]]],[[[107.11893,20.91699],[107.11643,20.91778],[107.11806,20.91436],[107.11893,20.91699]]],[[[107.12813,20.92339],[107.1254,20.9261],[107.1248,20.92503],[107.12813,20.92339]]],[[[107.12844,20.9238],[107.12877,20.92364],[107.12978,20.92482],[107.12844,20.9238]]],[[[107.12085,20.92495],[107.12052,20.92587],[107.11902,20.92414],[107.12085,20.92495]]],[[[107.1318,20.92871],[107.13155,20.92831],[107.13278,20.92809],[107.1318,20.92871]]],[[[107.11651,20.92873],[107.11771,20.92796],[107.11819,20.92866],[107.11651,20.92873]]],[[[107.12946,20.9299],[107.12872,20.92791],[107.13271,20.93037],[107.12946,20.9299]]],[[[107.13819,20.92809],[107.13882,20.93131],[107.13659,20.93071],[107.13819,20.92809]]],[[[107.13575,20.93068],[107.13661,20.93234],[107.13487,20.93278],[107.13575,20.93068]]],[[[107.15075,20.73686],[107.14903,20.73534],[107.15091,20.73475],[107.15075,20.73686]]],[[[107.15595,20.73654],[107.15602,20.73637],[107.15626,20.73651],[107.15595,20.73654]]],[[[107.14772,20.73677],[107.14782,20.73659],[107.14814,20.73702],[107.14772,20.73677]]],[[[107.15784,20.73817],[107.15772,20.73812],[107.15799,20.73734],[107.15784,20.73817]]],[[[107.15637,20.73758],[107.15678,20.73793],[107.15642,20.73817],[107.15637,20.73758]]],[[[107.15302,20.7388],[107.15541,20.73776],[107.15448,20.74025],[107.15302,20.7388]]],[[[107.15103,20.74045],[107.14958,20.74008],[107.15142,20.73888],[107.15103,20.74045]]],[[[107.14544,20.74115],[107.14481,20.74084],[107.14543,20.73999],[107.14544,20.74115]]],[[[107.15693,20.74218],[107.15861,20.74018],[107.16082,20.74165],[107.15693,20.74218]]],[[[107.14647,20.74201],[107.14806,20.74092],[107.14967,20.74142],[107.14837,20.74127],[107.14647,20.74201]]],[[[107.15516,20.74317],[107.15537,20.74187],[107.15584,20.74189],[107.15516,20.74317]]],[[[107.1496,20.74477],[107.14931,20.74236],[107.15162,20.74395],[107.1496,20.74477]]],[[[107.14749,20.74386],[107.14729,20.74464],[107.1471,20.74447],[107.14749,20.74386]]],[[[107.14909,20.74518],[107.14943,20.74518],[107.14921,20.74623],[107.14909,20.74518]]],[[[107.14448,20.74941],[107.1439,20.74859],[107.14559,20.74698],[107.14448,20.74941]]],[[[107.14645,20.75934],[107.14468,20.75545],[107.14637,20.75202],[107.14635,20.75448],[107.14969,20.75358],[107.14645,20.75934]]],[[[107.14613,20.76104],[107.1532,20.74976],[107.15308,20.7565],[107.14613,20.76104]]],[[[107.15378,20.75966],[107.15447,20.76024],[107.15388,20.76089],[107.15378,20.75966]]],[[[107.15271,20.76332],[107.15209,20.76307],[107.15305,20.76179],[107.15271,20.76332]]],[[[107.15406,20.76226],[107.15496,20.76298],[107.15457,20.76314],[107.15406,20.76226]]],[[[107.17038,20.76859],[107.17065,20.76868],[107.17045,20.76902],[107.17038,20.76859]]],[[[107.17392,20.77622],[107.17315,20.77444],[107.17383,20.77533],[107.17392,20.77622]]],[[[107.17399,20.77834],[107.17083,20.77865],[107.16944,20.77518],[107.17081,20.77744],[107.17399,20.77834]]],[[[107.17697,20.77798],[107.17749,20.7803],[107.17702,20.78021],[107.17697,20.77798]]],[[[107.17177,20.78273],[107.17173,20.78309],[107.17163,20.78306],[107.17177,20.78273]]],[[[107.17401,20.78473],[107.17406,20.78503],[107.17386,20.78502],[107.17401,20.78473]]],[[[107.17564,20.79912],[107.17166,20.79408],[107.17718,20.79441],[107.17564,20.79912]]],[[[107.17075,20.80091],[107.16989,20.80199],[107.16955,20.80139],[107.17075,20.80091]]],[[[107.17541,20.80046],[107.17577,20.8025],[107.17549,20.80236],[107.17541,20.80046]]],[[[107.17279,20.80223],[107.17327,20.80227],[107.17285,20.80344],[107.17279,20.80223]]],[[[107.17107,20.80349],[107.17093,20.80491],[107.1706,20.8048],[107.17107,20.80349]]],[[[107.16777,20.80544],[107.16835,20.80617],[107.16797,20.80613],[107.16777,20.80544]]],[[[107.16898,20.80916],[107.17295,20.80508],[107.17394,20.807],[107.16898,20.80916]]],[[[107.16759,20.81046],[107.16608,20.81005],[107.1674,20.80788],[107.16759,20.81046]]],[[[107.17667,20.812],[107.17313,20.81106],[107.17592,20.8108],[107.17667,20.812]]],[[[107.17919,20.81546],[107.17603,20.81703],[107.17526,20.8137],[107.17625,20.81312],[107.17919,20.81546]]],[[[107.16557,20.82026],[107.17103,20.8159],[107.16538,20.81448],[107.16992,20.8114],[107.17393,20.81411],[107.17238,20.81997],[107.16557,20.82026]]],[[[107.17656,20.82125],[107.17665,20.82091],[107.17681,20.82107],[107.17656,20.82125]]],[[[107.17463,20.82424],[107.17419,20.82196],[107.17068,20.8239],[107.17442,20.81921],[107.17487,20.82201],[107.18041,20.82051],[107.18064,20.82261],[107.17463,20.82424]]],[[[107.16975,20.82235],[107.16965,20.82249],[107.16943,20.82219],[107.16975,20.82235]]],[[[107.164,20.82302],[107.16354,20.82257],[107.16419,20.8226],[107.164,20.82302]]],[[[107.16958,20.82407],[107.16964,20.82365],[107.16983,20.82376],[107.16958,20.82407]]],[[[107.16401,20.82456],[107.16369,20.82398],[107.16449,20.82435],[107.16401,20.82456]]],[[[107.16284,20.82473],[107.16288,20.82495],[107.16244,20.82486],[107.16284,20.82473]]],[[[107.16345,20.82514],[107.16389,20.82534],[107.16372,20.82568],[107.16345,20.82514]]],[[[107.17912,20.82841],[107.17604,20.82759],[107.17821,20.8246],[107.17939,20.82482],[107.17912,20.82841]]],[[[107.17421,20.82715],[107.17346,20.82702],[107.17372,20.82684],[107.17421,20.82715]]],[[[107.16911,20.82883],[107.16884,20.82888],[107.16888,20.82855],[107.16911,20.82883]]],[[[107.17013,20.8287],[107.17014,20.8292],[107.16966,20.82903],[107.17013,20.8287]]],[[[107.17183,20.82833],[107.17354,20.83005],[107.17282,20.82995],[107.17183,20.82833]]],[[[107.17543,20.83045],[107.17593,20.83157],[107.17562,20.83152],[107.17543,20.83045]]],[[[107.16053,20.83341],[107.15961,20.8333],[107.15983,20.83293],[107.16053,20.83341]]],[[[107.17598,20.83453],[107.17601,20.83402],[107.17722,20.83579],[107.17598,20.83453]]],[[[107.16677,20.8438],[107.16919,20.83981],[107.16667,20.83505],[107.15801,20.83549],[107.16359,20.83263],[107.16358,20.82768],[107.17531,20.83295],[107.16996,20.83204],[107.17051,20.83669],[107.17429,20.83543],[107.16677,20.8438]]],[[[107.16731,20.83783],[107.16714,20.83839],[107.16486,20.83765],[107.16731,20.83783]]],[[[107.15961,20.83684],[107.15987,20.83823],[107.15943,20.83827],[107.15961,20.83684]]],[[[107.16266,20.83874],[107.16226,20.83776],[107.16391,20.83722],[107.16266,20.83874]]],[[[107.16488,20.84196],[107.16,20.83994],[107.16125,20.83629],[107.16278,20.83593],[107.16134,20.83712],[107.16488,20.84196]]],[[[107.16445,20.83982],[107.16418,20.83897],[107.16557,20.84034],[107.16445,20.83982]]],[[[107.15843,20.84497],[107.15372,20.84045],[107.15586,20.83819],[107.15886,20.83825],[107.15843,20.84497]]],[[[107.16111,20.84304],[107.1604,20.84298],[107.16056,20.84257],[107.16111,20.84304]]],[[[107.15098,20.84579],[107.15262,20.84135],[107.1536,20.84252],[107.15098,20.84579]]],[[[107.16433,20.84615],[107.1616,20.84468],[107.16572,20.8432],[107.16433,20.84615]]],[[[107.15948,20.84882],[107.15574,20.84796],[107.15884,20.84541],[107.15948,20.84882]]],[[[107.16679,20.84683],[107.16711,20.8475],[107.16595,20.8491],[107.16679,20.84683]]],[[[107.15661,20.85038],[107.1564,20.84974],[107.15746,20.84893],[107.15661,20.85038]]],[[[107.16279,20.85239],[107.16309,20.85232],[107.16283,20.85291],[107.16279,20.85239]]],[[[107.16424,20.85196],[107.16531,20.85272],[107.16445,20.8534],[107.16424,20.85196]]],[[[107.16516,20.8537],[107.16489,20.85387],[107.16482,20.85371],[107.16516,20.8537]]],[[[107.17228,20.85377],[107.17293,20.85389],[107.17253,20.85422],[107.17228,20.85377]]],[[[107.14775,20.85583],[107.14788,20.8563],[107.14735,20.8563],[107.14775,20.85583]]],[[[107.17687,20.85638],[107.17781,20.85602],[107.17758,20.85704],[107.17687,20.85638]]],[[[107.17344,20.85801],[107.17377,20.85863],[107.17303,20.85879],[107.17344,20.85801]]],[[[107.15036,20.86113],[107.14693,20.8596],[107.14958,20.85541],[107.15245,20.85935],[107.14946,20.85913],[107.15036,20.86113]]],[[[107.17248,20.86207],[107.17209,20.86239],[107.17206,20.86229],[107.17248,20.86207]]],[[[107.17565,20.86279],[107.177,20.86333],[107.17607,20.8647],[107.17565,20.86279]]],[[[107.15301,20.86412],[107.15151,20.86483],[107.15156,20.86298],[107.15301,20.86412]]],[[[107.15654,20.86361],[107.15748,20.8638],[107.15717,20.86443],[107.15654,20.86361]]],[[[107.16083,20.86506],[107.16836,20.8628],[107.16527,20.86599],[107.16083,20.86506]]],[[[107.15461,20.86458],[107.15483,20.8646],[107.15493,20.86513],[107.15461,20.86458]]],[[[107.1666,20.86707],[107.16633,20.86805],[107.16545,20.8681],[107.1666,20.86707]]],[[[107.15591,20.86755],[107.15537,20.8682],[107.1552,20.86807],[107.15591,20.86755]]],[[[107.14729,20.87109],[107.14243,20.87281],[107.13898,20.86898],[107.14575,20.87095],[107.14942,20.86341],[107.15238,20.86668],[107.14729,20.87109]]],[[[107.14609,20.86913],[107.14537,20.86956],[107.14504,20.86884],[107.14609,20.86913]]],[[[107.15576,20.86931],[107.15584,20.86974],[107.15554,20.86969],[107.15576,20.86931]]],[[[107.15625,20.87004],[107.15637,20.87008],[107.15637,20.87017],[107.15625,20.87004]]],[[[107.15394,20.87193],[107.15367,20.87217],[107.15339,20.87194],[107.15394,20.87193]]],[[[107.15681,20.87247],[107.15839,20.87257],[107.15832,20.87324],[107.15681,20.87247]]],[[[107.155,20.87444],[107.15509,20.87461],[107.15482,20.87469],[107.155,20.87444]]],[[[107.16823,20.8775],[107.16849,20.87944],[107.16763,20.87917],[107.16823,20.8775]]],[[[107.17294,20.87818],[107.17121,20.88124],[107.16845,20.87694],[107.17294,20.87818]]],[[[107.17248,20.8811],[107.17318,20.87744],[107.17588,20.87834],[107.17248,20.8811]]],[[[107.16692,20.87966],[107.16719,20.87963],[107.16723,20.88038],[107.16692,20.87966]]],[[[107.15907,20.88168],[107.15854,20.88102],[107.1607,20.88068],[107.15907,20.88168]]],[[[107.16983,20.88128],[107.17003,20.88105],[107.17034,20.88133],[107.16983,20.88128]]],[[[107.16888,20.88281],[107.16839,20.88196],[107.16937,20.88146],[107.16888,20.88281]]],[[[107.16832,20.88398],[107.16896,20.88356],[107.16903,20.88434],[107.16832,20.88398]]],[[[107.17595,20.88303],[107.17553,20.8857],[107.1742,20.88491],[107.17595,20.88303]]],[[[107.16478,20.88565],[107.16374,20.88641],[107.16319,20.88569],[107.16478,20.88565]]],[[[107.17354,20.88607],[107.17274,20.88612],[107.17411,20.88553],[107.17354,20.88607]]],[[[107.17732,20.88636],[107.17736,20.88608],[107.1779,20.88651],[107.17732,20.88636]]],[[[107.16439,20.88731],[107.16401,20.88716],[107.16446,20.88697],[107.16439,20.88731]]],[[[107.16768,20.88771],[107.1676,20.88879],[107.16666,20.8879],[107.16768,20.88771]]],[[[107.16425,20.88901],[107.16429,20.88878],[107.16452,20.88902],[107.16425,20.88901]]],[[[107.17576,20.89208],[107.17494,20.89203],[107.17487,20.8908],[107.17576,20.89208]]],[[[107.16896,20.89413],[107.16749,20.89287],[107.16819,20.89233],[107.16896,20.89413]]],[[[107.15745,20.89336],[107.15534,20.89781],[107.15665,20.89089],[107.16416,20.89266],[107.16142,20.89442],[107.15745,20.89336]]],[[[107.16389,20.89428],[107.16416,20.89446],[107.16366,20.89491],[107.16389,20.89428]]],[[[107.15124,20.89353],[107.15017,20.897],[107.14974,20.89671],[107.15124,20.89353]]],[[[107.16902,20.8986],[107.16759,20.89869],[107.16891,20.89693],[107.16902,20.8986]]],[[[107.16255,20.89749],[107.16279,20.89823],[107.16253,20.8983],[107.16255,20.89749]]],[[[107.17259,20.89991],[107.1726,20.89968],[107.17314,20.89963],[107.17259,20.89991]]],[[[107.16799,20.90283],[107.16418,20.90314],[107.16234,20.89872],[107.16603,20.89918],[107.16799,20.90283]]],[[[107.15974,20.90144],[107.15895,20.90128],[107.15918,20.90087],[107.15974,20.90144]]],[[[107.17305,20.90056],[107.17412,20.9009],[107.17397,20.90205],[107.17305,20.90056]]],[[[107.15047,20.90169],[107.15254,20.90418],[107.15055,20.90428],[107.15047,20.90169]]],[[[107.17385,20.90566],[107.17407,20.90498],[107.17461,20.90605],[107.17385,20.90566]]],[[[107.15317,20.90532],[107.15332,20.90546],[107.15276,20.90581],[107.15317,20.90532]]],[[[107.14886,20.90823],[107.14963,20.90761],[107.14971,20.90821],[107.14886,20.90823]]],[[[107.1487,20.91119],[107.15547,20.90829],[107.15227,20.91032],[107.1487,20.91119]]],[[[107.15621,20.91354],[107.15609,20.91348],[107.15689,20.913],[107.15621,20.91354]]],[[[107.14698,20.91436],[107.14664,20.9138],[107.14834,20.91288],[107.14698,20.91436]]],[[[107.1566,20.91405],[107.15691,20.91431],[107.15681,20.91447],[107.1566,20.91405]]],[[[107.14828,20.91548],[107.14765,20.91623],[107.14732,20.91554],[107.14828,20.91548]]],[[[107.15028,20.91689],[107.1506,20.91806],[107.14827,20.91699],[107.15028,20.91689]]],[[[107.15587,20.91873],[107.15748,20.91947],[107.1572,20.91986],[107.15587,20.91873]]],[[[107.15832,20.91841],[107.15922,20.91983],[107.15845,20.92038],[107.15832,20.91841]]],[[[107.16576,20.92015],[107.16631,20.92134],[107.16473,20.92209],[107.16576,20.92015]]],[[[107.15272,20.92396],[107.15385,20.92489],[107.15291,20.9255],[107.15272,20.92396]]],[[[107.1642,20.92783],[107.16609,20.93047],[107.16535,20.93044],[107.1642,20.92783]]],[[[107.17878,20.73782],[107.17853,20.73777],[107.17889,20.7373],[107.17878,20.73782]]],[[[107.1934,20.73993],[107.19387,20.73953],[107.19399,20.73962],[107.1934,20.73993]]],[[[107.19594,20.74217],[107.19593,20.74264],[107.19559,20.74277],[107.19594,20.74217]]],[[[107.19084,20.74435],[107.19058,20.74421],[107.19099,20.74401],[107.19084,20.74435]]],[[[107.19375,20.74643],[107.19308,20.7483],[107.19244,20.7466],[107.19375,20.74643]]],[[[107.17881,20.74912],[107.17891,20.74913],[107.17873,20.74974],[107.17881,20.74912]]],[[[107.1795,20.75397],[107.17969,20.75435],[107.17917,20.75443],[107.1795,20.75397]]],[[[107.18805,20.75531],[107.18755,20.75567],[107.18749,20.75518],[107.18805,20.75531]]],[[[107.18749,20.75601],[107.18766,20.75595],[107.18781,20.75671],[107.18749,20.75601]]],[[[107.19295,20.76164],[107.19061,20.76172],[107.19083,20.7614],[107.19295,20.76164]]],[[[107.18592,20.77302],[107.1878,20.77707],[107.18371,20.77463],[107.18062,20.77609],[107.1829,20.77465],[107.18046,20.77315],[107.18592,20.77302]]],[[[107.19502,20.77604],[107.19517,20.77564],[107.19617,20.77589],[107.19502,20.77604]]],[[[107.18521,20.77631],[107.18407,20.77717],[107.18374,20.77681],[107.18521,20.77631]]],[[[107.19855,20.77863],[107.19963,20.77881],[107.19953,20.77886],[107.19855,20.77863]]],[[[107.18706,20.78627],[107.18739,20.7856],[107.18819,20.78676],[107.18706,20.78627]]],[[[107.19093,20.78714],[107.19158,20.78689],[107.19222,20.78793],[107.19093,20.78714]]],[[[107.20214,20.79543],[107.20257,20.79773],[107.20227,20.7977],[107.20214,20.79543]]],[[[107.18118,20.79685],[107.18203,20.79675],[107.18209,20.79805],[107.18118,20.79685]]],[[[107.18388,20.7982],[107.18369,20.79954],[107.18301,20.79933],[107.18388,20.7982]]],[[[107.18196,20.79911],[107.18212,20.79945],[107.18112,20.79977],[107.18196,20.79911]]],[[[107.18095,20.80137],[107.18094,20.80127],[107.18131,20.80128],[107.18095,20.80137]]],[[[107.17867,20.80307],[107.17865,20.80281],[107.17901,20.80283],[107.17867,20.80307]]],[[[107.18481,20.80457],[107.18213,20.80275],[107.18328,20.80226],[107.18481,20.80457]]],[[[107.1842,20.81019],[107.18629,20.80486],[107.18918,20.80931],[107.1842,20.81019]]],[[[107.19396,20.80877],[107.19434,20.80912],[107.19379,20.80947],[107.19396,20.80877]]],[[[107.22093,20.81577],[107.22066,20.81534],[107.22118,20.81525],[107.22093,20.81577]]],[[[107.21394,20.81694],[107.214,20.81743],[107.21313,20.81747],[107.21394,20.81694]]],[[[107.22113,20.8187],[107.22105,20.81855],[107.22122,20.8185],[107.22113,20.8187]]],[[[107.21973,20.81826],[107.22046,20.81898],[107.22008,20.81923],[107.21973,20.81826]]],[[[107.21565,20.81898],[107.21547,20.81929],[107.21534,20.81883],[107.21565,20.81898]]],[[[107.17906,20.81886],[107.17908,20.81984],[107.17783,20.81962],[107.17906,20.81886]]],[[[107.21247,20.81905],[107.21066,20.82088],[107.21192,20.81806],[107.21247,20.81905]]],[[[107.18154,20.81977],[107.18179,20.81898],[107.18309,20.82045],[107.18154,20.81977]]],[[[107.19783,20.82042],[107.1971,20.82025],[107.19727,20.82008],[107.19783,20.82042]]],[[[107.21783,20.82019],[107.21657,20.82106],[107.21629,20.8205],[107.21783,20.82019]]],[[[107.21334,20.82232],[107.21395,20.82256],[107.21357,20.82334],[107.21334,20.82232]]],[[[107.18184,20.82484],[107.18133,20.82565],[107.17986,20.82457],[107.18184,20.82484]]],[[[107.21431,20.82588],[107.21166,20.82546],[107.21226,20.82396],[107.21431,20.82588]]],[[[107.19212,20.82577],[107.19214,20.82627],[107.19198,20.82623],[107.19212,20.82577]]],[[[107.22003,20.82632],[107.22086,20.82651],[107.22055,20.82732],[107.22003,20.82632]]],[[[107.18207,20.82675],[107.1825,20.82658],[107.18284,20.82878],[107.18207,20.82675]]],[[[107.1859,20.83163],[107.18321,20.83021],[107.18363,20.82875],[107.1859,20.83163]]],[[[107.20753,20.83105],[107.20748,20.8306],[107.20821,20.83065],[107.20753,20.83105]]],[[[107.21077,20.8321],[107.21192,20.83161],[107.212,20.83189],[107.21077,20.8321]]],[[[107.18624,20.83209],[107.18647,20.83229],[107.1863,20.83252],[107.18624,20.83209]]],[[[107.18237,20.83196],[107.18249,20.83193],[107.18269,20.83263],[107.18237,20.83196]]],[[[107.20626,20.83214],[107.20684,20.83163],[107.20737,20.83238],[107.20626,20.83214]]],[[[107.19552,20.83298],[107.19533,20.83286],[107.19542,20.8327],[107.19552,20.83298]]],[[[107.19775,20.83387],[107.19939,20.83279],[107.19957,20.83333],[107.19775,20.83387]]],[[[107.22122,20.83648],[107.21789,20.83596],[107.21942,20.83508],[107.22122,20.83648]]],[[[107.20624,20.84249],[107.20631,20.83915],[107.20344,20.84005],[107.21428,20.83323],[107.21499,20.83544],[107.20624,20.84249]]],[[[107.19285,20.83823],[107.19217,20.83823],[107.19262,20.83744],[107.19285,20.83823]]],[[[107.19048,20.83906],[107.18995,20.83846],[107.19039,20.83809],[107.19048,20.83906]]],[[[107.18851,20.84016],[107.18674,20.83959],[107.18905,20.83862],[107.18851,20.84016]]],[[[107.21282,20.83976],[107.21247,20.83984],[107.21272,20.83952],[107.21282,20.83976]]],[[[107.21559,20.84066],[107.21522,20.84069],[107.21492,20.83962],[107.21559,20.84066]]],[[[107.21224,20.84007],[107.2125,20.84032],[107.21211,20.8406],[107.21224,20.84007]]],[[[107.19354,20.84255],[107.19102,20.84115],[107.19592,20.84129],[107.19354,20.84255]]],[[[107.21494,20.84282],[107.21533,20.84169],[107.21586,20.84225],[107.21494,20.84282]]],[[[107.21216,20.84488],[107.21127,20.8442],[107.21276,20.8429],[107.21216,20.84488]]],[[[107.20855,20.84498],[107.20906,20.84301],[107.2095,20.84335],[107.20855,20.84498]]],[[[107.1896,20.84468],[107.18944,20.84546],[107.18785,20.84413],[107.1896,20.84468]]],[[[107.17452,20.85409],[107.17251,20.8527],[107.17363,20.84579],[107.1772,20.84373],[107.17911,20.84667],[107.17918,20.84141],[107.18199,20.84304],[107.17937,20.84429],[107.181,20.84651],[107.18372,20.8414],[107.18664,20.84049],[107.18741,20.8436],[107.18479,20.8421],[107.18322,20.84478],[107.18453,20.84816],[107.17757,20.84887],[107.17953,20.85053],[107.17585,20.85064],[107.17494,20.85232],[107.17452,20.85409]]],[[[107.18782,20.85425],[107.18774,20.8541],[107.18821,20.85368],[107.18782,20.85425]]],[[[107.18574,20.85555],[107.18664,20.85492],[107.18542,20.85667],[107.18574,20.85555]]],[[[107.1799,20.85714],[107.17993,20.85684],[107.18109,20.85744],[107.1799,20.85714]]],[[[107.18904,20.85676],[107.19075,20.85756],[107.19036,20.85823],[107.18904,20.85676]]],[[[107.21207,20.85933],[107.21177,20.86016],[107.21124,20.86006],[107.21207,20.85933]]],[[[107.1889,20.86018],[107.18905,20.85999],[107.18924,20.86071],[107.1889,20.86018]]],[[[107.1817,20.86129],[107.1812,20.86087],[107.1818,20.85983],[107.1817,20.86129]]],[[[107.21796,20.86763],[107.21951,20.85738],[107.22376,20.86075],[107.21796,20.86763]]],[[[107.21386,20.86114],[107.2126,20.86528],[107.21,20.86212],[107.21386,20.86114]]],[[[107.20806,20.86361],[107.20762,20.86326],[107.20987,20.86273],[107.20806,20.86361]]],[[[107.17815,20.86376],[107.17794,20.86366],[107.17823,20.86352],[107.17815,20.86376]]],[[[107.19658,20.86516],[107.19933,20.86342],[107.19952,20.86461],[107.19658,20.86516]]],[[[107.2098,20.86958],[107.20854,20.86765],[107.20941,20.86326],[107.21114,20.86505],[107.2098,20.86958]]],[[[107.21674,20.87049],[107.21098,20.86949],[107.21539,20.86969],[107.21251,20.86659],[107.21582,20.86246],[107.2171,20.86554],[107.21674,20.87049]]],[[[107.2023,20.86809],[107.2002,20.86792],[107.20128,20.86599],[107.2023,20.86809]]],[[[107.18506,20.86774],[107.18505,20.86889],[107.1838,20.86817],[107.18506,20.86774]]],[[[107.19731,20.86946],[107.19664,20.87035],[107.19339,20.86844],[107.19731,20.86946]]],[[[107.2226,20.87176],[107.22077,20.87084],[107.22141,20.86982],[107.2226,20.87176]]],[[[107.18261,20.87441],[107.17951,20.87381],[107.18064,20.8717],[107.18261,20.87441]]],[[[107.18611,20.87716],[107.1827,20.87485],[107.1855,20.87606],[107.1865,20.87092],[107.18997,20.87057],[107.18729,20.87301],[107.18611,20.87716]]],[[[107.19182,20.87337],[107.18995,20.87626],[107.18967,20.8755],[107.19182,20.87337]]],[[[107.1874,20.87424],[107.18832,20.87411],[107.18812,20.8756],[107.1874,20.87424]]],[[[107.19367,20.88582],[107.19087,20.88222],[107.18819,20.88535],[107.18292,20.87943],[107.18656,20.88078],[107.19492,20.87451],[107.19404,20.8721],[107.20468,20.87186],[107.20558,20.86443],[107.20802,20.8672],[107.2064,20.87028],[107.21271,20.87082],[107.21312,20.87347],[107.20207,20.87868],[107.20007,20.88322],[107.19456,20.88275],[107.19367,20.88582]]],[[[107.22087,20.87557],[107.2203,20.87632],[107.21976,20.87595],[107.22087,20.87557]]],[[[107.21615,20.88091],[107.21414,20.87561],[107.2175,20.87204],[107.21897,20.87379],[107.21527,20.87503],[107.21597,20.87643],[107.22014,20.87446],[107.21615,20.88091]]],[[[107.21401,20.87711],[107.21425,20.87722],[107.21411,20.87742],[107.21401,20.87711]]],[[[107.21205,20.87902],[107.21195,20.87821],[107.21353,20.87809],[107.21205,20.87902]]],[[[107.18279,20.87818],[107.18242,20.87988],[107.18186,20.87935],[107.18279,20.87818]]],[[[107.17816,20.88024],[107.17805,20.87994],[107.17857,20.87984],[107.17816,20.88024]]],[[[107.20821,20.87887],[107.20639,20.88034],[107.20553,20.88578],[107.20395,20.87961],[107.20821,20.87887]]],[[[107.17998,20.88222],[107.17934,20.8846],[107.17952,20.88156],[107.17998,20.88222]]],[[[107.20885,20.88585],[107.20967,20.88077],[107.21237,20.88097],[107.20885,20.88585]]],[[[107.18169,20.88316],[107.18233,20.88368],[107.18186,20.88469],[107.18169,20.88316]]],[[[107.18412,20.88376],[107.18432,20.88387],[107.18371,20.88429],[107.18412,20.88376]]],[[[107.1843,20.8846],[107.18396,20.88646],[107.18314,20.88543],[107.1843,20.8846]]],[[[107.19651,20.88533],[107.19749,20.88568],[107.19716,20.88577],[107.19651,20.88533]]],[[[107.18249,20.88639],[107.18334,20.88627],[107.18322,20.88648],[107.18249,20.88639]]],[[[107.18811,20.88676],[107.18777,20.88748],[107.18593,20.8866],[107.18811,20.88676]]],[[[107.20061,20.88985],[107.19756,20.88589],[107.20285,20.88437],[107.20061,20.88985]]],[[[107.20396,20.88704],[107.20466,20.88669],[107.20502,20.88727],[107.20396,20.88704]]],[[[107.17963,20.88839],[107.17968,20.88861],[107.17862,20.88919],[107.17963,20.88839]]],[[[107.19741,20.88823],[107.19762,20.88892],[107.19715,20.88896],[107.19741,20.88823]]],[[[107.18965,20.88921],[107.19218,20.88895],[107.19211,20.88944],[107.18965,20.88921]]],[[[107.18979,20.88985],[107.19009,20.88987],[107.18987,20.89002],[107.18979,20.88985]]],[[[107.1895,20.89025],[107.18818,20.88989],[107.18844,20.88972],[107.1895,20.89025]]],[[[107.19215,20.89217],[107.19219,20.89186],[107.19231,20.89182],[107.19215,20.89217]]],[[[107.18807,20.89236],[107.18773,20.89235],[107.18782,20.89215],[107.18807,20.89236]]],[[[107.18696,20.90875],[107.1871,20.90846],[107.18792,20.909],[107.18696,20.90875]]],[[[107.18171,20.92382],[107.17988,20.92316],[107.18151,20.92239],[107.18171,20.92382]]],[[[107.17814,20.92411],[107.17825,20.92337],[107.17877,20.92344],[107.17814,20.92411]]],[[[107.17983,20.92404],[107.18005,20.92417],[107.17995,20.92433],[107.17983,20.92404]]],[[[107.18763,20.9253],[107.18922,20.92563],[107.18852,20.9266],[107.18763,20.9253]]],[[[107.20731,20.93392],[107.20657,20.93346],[107.20667,20.93321],[107.20731,20.93392]]],[[[107.20525,20.93416],[107.20473,20.93401],[107.2054,20.93351],[107.20525,20.93416]]],[[[107.20418,20.9335],[107.20159,20.93479],[107.20163,20.93374],[107.20418,20.9335]]],[[[107.20453,20.93605],[107.20492,20.93547],[107.20535,20.93578],[107.20453,20.93605]]],[[[107.20361,20.93751],[107.20327,20.93752],[107.20322,20.93726],[107.20361,20.93751]]],[[[107.20506,20.93852],[107.20432,20.93856],[107.20477,20.93792],[107.20506,20.93852]]],[[[107.19745,20.94736],[107.19801,20.94722],[107.19805,20.94757],[107.19745,20.94736]]],[[[107.19875,20.94864],[107.19942,20.94876],[107.19934,20.9489],[107.19875,20.94864]]],[[[107.21384,20.94872],[107.21343,20.94914],[107.21344,20.94886],[107.21384,20.94872]]],[[[107.21775,20.95012],[107.21876,20.95082],[107.21786,20.95163],[107.21775,20.95012]]],[[[107.21425,20.95284],[107.21288,20.95021],[107.21648,20.94998],[107.21425,20.95284]]],[[[107.21917,20.95237],[107.22016,20.95396],[107.21946,20.954],[107.21917,20.95237]]],[[[107.21753,20.95682],[107.2174,20.95628],[107.21833,20.95655],[107.21753,20.95682]]],[[[107.21058,20.96534],[107.20648,20.95986],[107.20529,20.94937],[107.21227,20.95203],[107.21512,20.95856],[107.21993,20.96022],[107.21765,20.96209],[107.2197,20.96559],[107.21058,20.96534]]],[[[107.22025,20.96787],[107.22021,20.96692],[107.22109,20.96666],[107.22025,20.96787]]],[[[107.24668,20.7958],[107.24705,20.79547],[107.24719,20.79575],[107.24668,20.7958]]],[[[107.24627,20.80086],[107.24705,20.80122],[107.2466,20.80175],[107.24627,20.80086]]],[[[107.23909,20.80323],[107.23913,20.80395],[107.23875,20.80388],[107.23909,20.80323]]],[[[107.24707,20.80568],[107.24756,20.806],[107.24716,20.80617],[107.24707,20.80568]]],[[[107.25684,20.81428],[107.25684,20.81399],[107.25712,20.814],[107.25684,20.81428]]],[[[107.24086,20.81403],[107.24147,20.81378],[107.24156,20.81438],[107.24086,20.81403]]],[[[107.25777,20.81603],[107.25882,20.81688],[107.25835,20.81753],[107.25777,20.81603]]],[[[107.22671,20.81711],[107.22677,20.81736],[107.22663,20.81735],[107.22671,20.81711]]],[[[107.22999,20.81993],[107.22908,20.81998],[107.23058,20.81812],[107.22999,20.81993]]],[[[107.26178,20.81984],[107.26107,20.81886],[107.26117,20.81887],[107.26178,20.81984]]],[[[107.22533,20.82053],[107.2253,20.82106],[107.22336,20.81935],[107.22533,20.82053]]],[[[107.23311,20.82185],[107.23109,20.82094],[107.23392,20.82051],[107.23311,20.82185]]],[[[107.25867,20.82159],[107.25926,20.8203],[107.25985,20.82157],[107.25867,20.82159]]],[[[107.22511,20.82125],[107.22503,20.82161],[107.22306,20.8217],[107.22511,20.82125]]],[[[107.25513,20.8246],[107.25329,20.8232],[107.25741,20.82337],[107.25513,20.8246]]],[[[107.25924,20.82525],[107.25911,20.82446],[107.26017,20.82427],[107.25924,20.82525]]],[[[107.22767,20.82746],[107.22657,20.82822],[107.22581,20.82712],[107.22767,20.82746]]],[[[107.2217,20.83306],[107.22006,20.8321],[107.22463,20.83011],[107.2217,20.83306]]],[[[107.25237,20.8312],[107.25304,20.83193],[107.25229,20.83217],[107.25237,20.8312]]],[[[107.24694,20.8321],[107.24629,20.8323],[107.24635,20.83192],[107.24694,20.8321]]],[[[107.25919,20.83405],[107.25847,20.83172],[107.26053,20.83161],[107.25919,20.83405]]],[[[107.25599,20.83248],[107.25731,20.83249],[107.25691,20.83363],[107.25599,20.83248]]],[[[107.24649,20.83357],[107.24767,20.83413],[107.24502,20.83402],[107.24649,20.83357]]],[[[107.25398,20.83354],[107.25485,20.83455],[107.25447,20.83463],[107.25398,20.83354]]],[[[107.2586,20.83703],[107.25869,20.83474],[107.26353,20.83562],[107.2586,20.83703]]],[[[107.25187,20.83733],[107.25184,20.83761],[107.25155,20.83757],[107.25187,20.83733]]],[[[107.2571,20.83759],[107.25694,20.83798],[107.25595,20.8375],[107.2571,20.83759]]],[[[107.25648,20.84007],[107.25419,20.83824],[107.25468,20.83804],[107.25648,20.84007]]],[[[107.25819,20.83894],[107.25921,20.83875],[107.26004,20.83953],[107.25819,20.83894]]],[[[107.24503,20.84222],[107.24472,20.84219],[107.24522,20.84172],[107.24503,20.84222]]],[[[107.24628,20.84248],[107.24571,20.84241],[107.24579,20.84202],[107.24628,20.84248]]],[[[107.24622,20.84319],[107.24642,20.84305],[107.24654,20.8432],[107.24622,20.84319]]],[[[107.25292,20.8431],[107.25269,20.84353],[107.25233,20.84318],[107.25292,20.8431]]],[[[107.24626,20.84403],[107.24644,20.84389],[107.24647,20.84465],[107.24626,20.84403]]],[[[107.25347,20.85055],[107.24991,20.85131],[107.24931,20.84715],[107.2439,20.84807],[107.25127,20.8429],[107.25344,20.84407],[107.25058,20.84726],[107.25588,20.84734],[107.25555,20.85075],[107.25321,20.84986],[107.25353,20.84786],[107.25068,20.84952],[107.25347,20.85055]]],[[[107.26275,20.85208],[107.26285,20.85197],[107.26295,20.85206],[107.26275,20.85208]]],[[[107.24787,20.85725],[107.24642,20.85705],[107.24799,20.85557],[107.24787,20.85725]]],[[[107.25138,20.85714],[107.2513,20.85696],[107.25176,20.85668],[107.25138,20.85714]]],[[[107.2509,20.85772],[107.24951,20.85729],[107.25026,20.85687],[107.2509,20.85772]]],[[[107.2528,20.85858],[107.25389,20.85969],[107.25324,20.86002],[107.2528,20.85858]]],[[[107.22439,20.85825],[107.2268,20.85877],[107.2255,20.86079],[107.22439,20.85825]]],[[[107.22803,20.86018],[107.22821,20.85966],[107.22897,20.85995],[107.22803,20.86018]]],[[[107.26276,20.86121],[107.26096,20.85951],[107.26152,20.8593],[107.26276,20.86121]]],[[[107.23139,20.86107],[107.23168,20.86121],[107.23151,20.86152],[107.23139,20.86107]]],[[[107.24819,20.86318],[107.24669,20.86291],[107.24626,20.86081],[107.24819,20.86132],[107.24819,20.86318]]],[[[107.22277,20.86702],[107.22643,20.86155],[107.23195,20.8622],[107.22818,20.86562],[107.22277,20.86702]]],[[[107.23278,20.86615],[107.23229,20.86342],[107.23471,20.86299],[107.23278,20.86615]]],[[[107.26122,20.8686],[107.25755,20.86835],[107.25939,20.86165],[107.26196,20.86421],[107.26122,20.8686]]],[[[107.24842,20.86441],[107.24891,20.86468],[107.24776,20.86642],[107.24842,20.86441]]],[[[107.23905,20.86934],[107.24081,20.86526],[107.24436,20.86591],[107.24157,20.86622],[107.23905,20.86934]]],[[[107.25569,20.86922],[107.25627,20.8657],[107.257,20.86582],[107.25569,20.86922]]],[[[107.24515,20.86681],[107.24587,20.86695],[107.24524,20.86847],[107.24515,20.86681]]],[[[107.24233,20.86782],[107.2423,20.86762],[107.24252,20.86755],[107.24233,20.86782]]],[[[107.22765,20.8698],[107.22822,20.86598],[107.23112,20.86866],[107.22765,20.8698]]],[[[107.24231,20.86824],[107.24246,20.8683],[107.24222,20.86871],[107.24231,20.86824]]],[[[107.22303,20.86886],[107.22282,20.86879],[107.223,20.86817],[107.22303,20.86886]]],[[[107.24557,20.8686],[107.24561,20.86891],[107.24522,20.86909],[107.24557,20.8686]]],[[[107.25385,20.86864],[107.25472,20.86862],[107.25367,20.86964],[107.25385,20.86864]]],[[[107.25539,20.86942],[107.25573,20.86935],[107.25534,20.86985],[107.25539,20.86942]]],[[[107.22553,20.87045],[107.22516,20.86955],[107.22568,20.86929],[107.22553,20.87045]]],[[[107.25879,20.87003],[107.25978,20.86967],[107.25975,20.86992],[107.25879,20.87003]]],[[[107.23075,20.87078],[107.23198,20.86884],[107.23207,20.86951],[107.23075,20.87078]]],[[[107.22402,20.87056],[107.22282,20.86965],[107.22374,20.86958],[107.22402,20.87056]]],[[[107.25533,20.87045],[107.25536,20.87016],[107.25577,20.87027],[107.25533,20.87045]]],[[[107.24229,20.87098],[107.24221,20.87021],[107.24255,20.87003],[107.24229,20.87098]]],[[[107.23951,20.8743],[107.23572,20.8704],[107.2378,20.86797],[107.24057,20.87241],[107.23951,20.8743]]],[[[107.25818,20.87244],[107.26266,20.86982],[107.26232,20.87167],[107.25818,20.87244]]],[[[107.23481,20.87179],[107.23538,20.87179],[107.23544,20.87237],[107.23481,20.87179]]],[[[107.25055,20.87385],[107.24985,20.874],[107.25011,20.87326],[107.25055,20.87385]]],[[[107.25573,20.87421],[107.25578,20.87391],[107.25621,20.87387],[107.25573,20.87421]]],[[[107.2504,20.8753],[107.25028,20.87505],[107.25117,20.87421],[107.2504,20.8753]]],[[[107.23045,20.87691],[107.23685,20.87322],[107.23745,20.87384],[107.23045,20.87691]]],[[[107.22406,20.87536],[107.22595,20.87509],[107.22603,20.87534],[107.22406,20.87536]]],[[[107.24111,20.87716],[107.24147,20.87734],[107.24105,20.87761],[107.24111,20.87716]]],[[[107.25528,20.87855],[107.25569,20.87795],[107.25615,20.87814],[107.25528,20.87855]]],[[[107.24709,20.87945],[107.24618,20.87832],[107.24694,20.8772],[107.24709,20.87945]]],[[[107.24148,20.87854],[107.24183,20.87852],[107.24142,20.87909],[107.24148,20.87854]]],[[[107.25037,20.88382],[107.24895,20.88367],[107.24998,20.88177],[107.25037,20.88382]]],[[[107.23384,20.88248],[107.2343,20.88238],[107.23399,20.88387],[107.23384,20.88248]]],[[[107.26,20.91312],[107.25835,20.91107],[107.26329,20.90988],[107.26,20.91312]]],[[[107.23417,20.94865],[107.23518,20.94799],[107.23426,20.94964],[107.23417,20.94865]]],[[[107.22176,20.9493],[107.22194,20.94899],[107.22219,20.94914],[107.22176,20.9493]]],[[[107.25213,20.94912],[107.25251,20.94904],[107.25206,20.94994],[107.25213,20.94912]]],[[[107.25925,20.9497],[107.2599,20.94987],[107.2595,20.95018],[107.25925,20.9497]]],[[[107.22621,20.95015],[107.22632,20.95031],[107.22601,20.95038],[107.22621,20.95015]]],[[[107.2625,20.95024],[107.2611,20.95175],[107.25579,20.95034],[107.25664,20.94889],[107.25854,20.95055],[107.2625,20.95024]]],[[[107.24627,20.9517],[107.2453,20.95101],[107.24716,20.95036],[107.24627,20.9517]]],[[[107.24228,20.95242],[107.24179,20.95243],[107.24161,20.95102],[107.24228,20.95242]]],[[[107.24027,20.95129],[107.24066,20.9512],[107.24064,20.95181],[107.24027,20.95129]]],[[[107.22363,20.95181],[107.2236,20.95153],[107.22416,20.95182],[107.22363,20.95181]]],[[[107.2353,20.95196],[107.23371,20.95333],[107.23287,20.95195],[107.2353,20.95196]]],[[[107.24672,20.95243],[107.247,20.95232],[107.24706,20.95292],[107.24672,20.95243]]],[[[107.25069,20.95473],[107.24608,20.95457],[107.24779,20.95348],[107.25069,20.95473]]],[[[107.23323,20.95441],[107.23407,20.95423],[107.23416,20.95449],[107.23323,20.95441]]],[[[107.24268,20.95432],[107.24294,20.95399],[107.24277,20.95575],[107.24268,20.95432]]],[[[107.23723,20.95427],[107.23779,20.95637],[107.23524,20.9561],[107.23723,20.95427]]],[[[107.23035,20.95593],[107.23085,20.95508],[107.23112,20.95541],[107.23035,20.95593]]],[[[107.2338,20.95634],[107.23483,20.95635],[107.23456,20.9567],[107.2338,20.95634]]],[[[107.23213,20.95633],[107.233,20.95632],[107.23258,20.95763],[107.23213,20.95633]]],[[[107.23712,20.96161],[107.23683,20.96138],[107.23689,20.96059],[107.23712,20.96161]]],[[[107.22568,20.96548],[107.22466,20.96525],[107.22474,20.96473],[107.22568,20.96548]]],[[[107.24097,20.96539],[107.24111,20.96484],[107.2415,20.96501],[107.24097,20.96539]]],[[[107.23272,20.96726],[107.23214,20.96869],[107.22822,20.96502],[107.23272,20.96726]]],[[[107.22506,20.96744],[107.2256,20.96726],[107.2256,20.96739],[107.22506,20.96744]]],[[[107.23531,20.9668],[107.23403,20.9692],[107.23271,20.968],[107.23531,20.9668]]],[[[107.225,20.96859],[107.22554,20.96865],[107.22557,20.96899],[107.225,20.96859]]],[[[107.22779,20.96974],[107.22729,20.97014],[107.22588,20.96882],[107.22779,20.96974]]],[[[107.23246,20.96883],[107.23284,20.96933],[107.23236,20.96953],[107.23246,20.96883]]],[[[107.2419,20.96975],[107.23985,20.97127],[107.23947,20.97001],[107.2419,20.96975]]],[[[107.23057,20.97465],[107.22448,20.97115],[107.23101,20.9702],[107.22784,20.97176],[107.23284,20.97222],[107.23057,20.97465]]],[[[107.24139,20.9726],[107.24124,20.973],[107.24022,20.97281],[107.24139,20.9726]]],[[[107.23678,20.9729],[107.23658,20.97292],[107.23661,20.9727],[107.23678,20.9729]]],[[[107.26001,20.97307],[107.26029,20.97295],[107.2602,20.97341],[107.26001,20.97307]]],[[[107.23277,20.97385],[107.2328,20.97293],[107.23378,20.97373],[107.23277,20.97385]]],[[[107.23853,20.97458],[107.23839,20.9741],[107.23973,20.97309],[107.23853,20.97458]]],[[[107.26248,20.97431],[107.26257,20.97441],[107.26244,20.97446],[107.26248,20.97431]]],[[[107.23239,20.97606],[107.23493,20.97533],[107.23493,20.97555],[107.23239,20.97606]]],[[[107.26192,20.9767],[107.26057,20.97663],[107.26067,20.97637],[107.26192,20.9767]]],[[[107.24674,20.98055],[107.24604,20.98038],[107.24777,20.97953],[107.24674,20.98055]]],[[[107.2353,20.98014],[107.23668,20.98055],[107.2359,20.9811],[107.2353,20.98014]]],[[[107.23123,20.98065],[107.23193,20.98061],[107.23166,20.98226],[107.23123,20.98065]]],[[[107.23356,20.98287],[107.2333,20.98346],[107.23291,20.98302],[107.23356,20.98287]]],[[[107.24653,20.98628],[107.24987,20.9819],[107.25666,20.98149],[107.24653,20.98628]]],[[[107.25729,20.98733],[107.25677,20.98727],[107.25722,20.98683],[107.25729,20.98733]]],[[[107.22833,20.98643],[107.22915,20.98686],[107.22898,20.98763],[107.22833,20.98643]]],[[[107.23158,20.98733],[107.23205,20.98783],[107.23164,20.98811],[107.23158,20.98733]]],[[[107.25297,20.9895],[107.25309,20.98777],[107.25479,20.98623],[107.25297,20.9895]]],[[[107.252,20.99042],[107.25234,20.99056],[107.25228,20.99072],[107.252,20.99042]]],[[[107.25494,20.99063],[107.25553,20.99111],[107.25523,20.99134],[107.25494,20.99063]]],[[[107.25688,20.99122],[107.25692,20.99134],[107.2556,20.99169],[107.25688,20.99122]]],[[[107.2683,20.80493],[107.26866,20.80509],[107.26855,20.80526],[107.2683,20.80493]]],[[[107.26875,20.81374],[107.26824,20.81372],[107.26832,20.81359],[107.26875,20.81374]]],[[[107.26803,20.81353],[107.26745,20.8147],[107.26752,20.81411],[107.26803,20.81353]]],[[[107.27005,20.8154],[107.26939,20.81536],[107.26978,20.81467],[107.27005,20.8154]]],[[[107.2733,20.81704],[107.27323,20.81683],[107.27336,20.81675],[107.2733,20.81704]]],[[[107.27373,20.81659],[107.27563,20.82036],[107.27406,20.81949],[107.27373,20.81659]]],[[[107.27073,20.81923],[107.27011,20.81841],[107.27082,20.81836],[107.27073,20.81923]]],[[[107.26312,20.82073],[107.26545,20.8188],[107.26523,20.82056],[107.26312,20.82073]]],[[[107.27418,20.82109],[107.27331,20.8211],[107.2733,20.82028],[107.27418,20.82109]]],[[[107.2719,20.82067],[107.2721,20.82116],[107.27145,20.82101],[107.2719,20.82067]]],[[[107.27359,20.82622],[107.27073,20.82528],[107.27243,20.82244],[107.27359,20.82622]]],[[[107.2782,20.8236],[107.27932,20.82627],[107.27849,20.82589],[107.2782,20.8236]]],[[[107.29543,20.82695],[107.29438,20.82675],[107.29535,20.82582],[107.29543,20.82695]]],[[[107.27397,20.8271],[107.27381,20.82625],[107.27449,20.8264],[107.27397,20.8271]]],[[[107.26931,20.82671],[107.26964,20.82658],[107.26976,20.82699],[107.26931,20.82671]]],[[[107.28087,20.82892],[107.28053,20.82512],[107.28098,20.82518],[107.28087,20.82892]]],[[[107.28004,20.82733],[107.2801,20.82733],[107.28011,20.8274],[107.28004,20.82733]]],[[[107.27256,20.82765],[107.27266,20.82802],[107.27252,20.82805],[107.27256,20.82765]]],[[[107.2772,20.82737],[107.2773,20.82726],[107.2773,20.82856],[107.2772,20.82737]]],[[[107.26795,20.82893],[107.26765,20.82853],[107.26918,20.82746],[107.26795,20.82893]]],[[[107.27498,20.82867],[107.27424,20.82861],[107.27428,20.82821],[107.27498,20.82867]]],[[[107.28859,20.83213],[107.288,20.83202],[107.28975,20.83097],[107.28859,20.83213]]],[[[107.28784,20.83222],[107.28784,20.83236],[107.28769,20.83236],[107.28784,20.83222]]],[[[107.29111,20.83289],[107.29122,20.83284],[107.29122,20.83293],[107.29111,20.83289]]],[[[107.29037,20.83288],[107.29096,20.83305],[107.29084,20.8333],[107.29037,20.83288]]],[[[107.26282,20.83331],[107.26339,20.83341],[107.26333,20.83356],[107.26282,20.83331]]],[[[107.29158,20.83482],[107.2917,20.83468],[107.29179,20.83512],[107.29158,20.83482]]],[[[107.28159,20.83648],[107.28041,20.83584],[107.28283,20.83487],[107.28159,20.83648]]],[[[107.28901,20.83732],[107.28948,20.83822],[107.28785,20.83754],[107.28901,20.83732]]],[[[107.28587,20.8382],[107.28585,20.83778],[107.28599,20.8378],[107.28587,20.8382]]],[[[107.26767,20.84006],[107.26772,20.83977],[107.26852,20.84072],[107.26767,20.84006]]],[[[107.29407,20.84417],[107.29408,20.84424],[107.29387,20.84427],[107.29407,20.84417]]],[[[107.28105,20.85297],[107.28432,20.84873],[107.28155,20.84148],[107.28114,20.84595],[107.26943,20.8435],[107.2681,20.83835],[107.27883,20.8446],[107.27351,20.8403],[107.27674,20.83669],[107.2732,20.8362],[107.27385,20.83895],[107.26909,20.83554],[107.27135,20.83385],[107.27863,20.83574],[107.2796,20.83903],[107.28456,20.8369],[107.28165,20.83926],[107.28418,20.8418],[107.2877,20.83809],[107.2916,20.84155],[107.28921,20.84188],[107.29692,20.84587],[107.2925,20.84781],[107.29004,20.84463],[107.28528,20.84264],[107.2843,20.84548],[107.28681,20.84984],[107.28441,20.85357],[107.28105,20.85297]]],[[[107.28548,20.84469],[107.28573,20.84497],[107.28559,20.84501],[107.28548,20.84469]]],[[[107.28825,20.84592],[107.28736,20.84616],[107.28688,20.8442],[107.28825,20.84592]]],[[[107.28526,20.84589],[107.285,20.84578],[107.28531,20.84543],[107.28526,20.84589]]],[[[107.28736,20.84725],[107.28735,20.84705],[107.28749,20.84711],[107.28736,20.84725]]],[[[107.27619,20.84995],[107.27731,20.85268],[107.27033,20.84541],[107.28136,20.84806],[107.27854,20.84866],[107.27939,20.85128],[107.27619,20.84995]]],[[[107.26773,20.8501],[107.26733,20.84971],[107.26828,20.84858],[107.26773,20.8501]]],[[[107.2633,20.8489],[107.26411,20.84906],[107.26315,20.8499],[107.2633,20.8489]]],[[[107.2693,20.85029],[107.26921,20.85003],[107.26936,20.85002],[107.2693,20.85029]]],[[[107.29268,20.8528],[107.28987,20.85164],[107.28811,20.84916],[107.29082,20.85166],[107.29268,20.8528]]],[[[107.2738,20.85181],[107.27352,20.85136],[107.27376,20.85124],[107.2738,20.85181]]],[[[107.26577,20.8509],[107.26941,20.85168],[107.26997,20.84926],[107.27199,20.85384],[107.26577,20.8509]]],[[[107.2869,20.85462],[107.28612,20.85162],[107.28728,20.85157],[107.2869,20.85462]]],[[[107.27395,20.85486],[107.2736,20.85209],[107.27541,20.85306],[107.27395,20.85486]]],[[[107.26825,20.85477],[107.26832,20.85464],[107.26853,20.85502],[107.26825,20.85477]]],[[[107.28946,20.8567],[107.28885,20.85473],[107.2898,20.85427],[107.28946,20.8567]]],[[[107.27309,20.85542],[107.27322,20.85537],[107.27322,20.85572],[107.27309,20.85542]]],[[[107.28734,20.85882],[107.28213,20.85476],[107.28352,20.85347],[107.28734,20.85882]]],[[[107.28918,20.85681],[107.29022,20.85727],[107.2895,20.8581],[107.28918,20.85681]]],[[[107.26976,20.85909],[107.26796,20.85758],[107.26966,20.85588],[107.26976,20.85909]]],[[[107.27269,20.85689],[107.27311,20.85896],[107.27251,20.85882],[107.27269,20.85689]]],[[[107.29638,20.85914],[107.29386,20.85845],[107.29383,20.85684],[107.29638,20.85914]]],[[[107.26569,20.8588],[107.2651,20.85798],[107.2664,20.85813],[107.26569,20.8588]]],[[[107.27997,20.86195],[107.2799,20.86169],[107.2802,20.86163],[107.27997,20.86195]]],[[[107.28203,20.86289],[107.28182,20.86234],[107.28245,20.86175],[107.28203,20.86289]]],[[[107.28358,20.86273],[107.28354,20.86296],[107.28334,20.8628],[107.28358,20.86273]]],[[[107.2664,20.86732],[107.2688,20.86474],[107.26377,20.86137],[107.26565,20.85921],[107.27437,20.85983],[107.27522,20.86263],[107.2664,20.86732]]],[[[107.28387,20.8633],[107.28412,20.86352],[107.28394,20.86354],[107.28387,20.8633]]],[[[107.28636,20.867],[107.27824,20.86528],[107.27959,20.86284],[107.28636,20.867]]],[[[107.27989,20.86649],[107.28025,20.86672],[107.28016,20.86688],[107.27989,20.86649]]],[[[107.26605,20.86679],[107.26585,20.86717],[107.26553,20.86705],[107.26605,20.86679]]],[[[107.26687,20.86789],[107.26759,20.86735],[107.26766,20.86814],[107.26687,20.86789]]],[[[107.26611,20.86854],[107.26584,20.86842],[107.26596,20.86802],[107.26611,20.86854]]],[[[107.27983,20.87048],[107.27685,20.86741],[107.27836,20.86616],[107.27983,20.87048]]],[[[107.28223,20.86753],[107.28307,20.86828],[107.28261,20.86924],[107.28223,20.86753]]],[[[107.26971,20.86739],[107.27046,20.8692],[107.26885,20.8691],[107.26971,20.86739]]],[[[107.2627,20.87052],[107.26735,20.86922],[107.26805,20.86983],[107.2671,20.87038],[107.2627,20.87052]]],[[[107.27581,20.87142],[107.27535,20.87108],[107.27653,20.87025],[107.27581,20.87142]]],[[[107.26732,20.87121],[107.26734,20.87107],[107.26749,20.87106],[107.26732,20.87121]]],[[[107.27605,20.87531],[107.27484,20.87443],[107.27723,20.87128],[107.27605,20.87531]]],[[[107.28925,20.8746],[107.28945,20.87388],[107.29062,20.87498],[107.28925,20.8746]]],[[[107.26717,20.87584],[107.26722,20.87514],[107.26783,20.87514],[107.26717,20.87584]]],[[[107.288,20.8759],[107.28813,20.87522],[107.28931,20.87551],[107.288,20.8759]]],[[[107.26251,20.87592],[107.26382,20.87619],[107.26357,20.87645],[107.26251,20.87592]]],[[[107.26845,20.87675],[107.2681,20.87648],[107.2683,20.87627],[107.26845,20.87675]]],[[[107.28111,20.87885],[107.27826,20.87861],[107.28304,20.87559],[107.28111,20.87885]]],[[[107.29232,20.87743],[107.29226,20.87764],[107.29214,20.87753],[107.29232,20.87743]]],[[[107.26533,20.87771],[107.26438,20.87759],[107.26474,20.87723],[107.26533,20.87771]]],[[[107.29455,20.87948],[107.29221,20.87906],[107.29349,20.87913],[107.29455,20.87948]]],[[[107.28857,20.8811],[107.28959,20.88142],[107.28914,20.8816],[107.28857,20.8811]]],[[[107.28689,20.88149],[107.28717,20.88159],[107.28702,20.88178],[107.28689,20.88149]]],[[[107.28854,20.90321],[107.28857,20.9033],[107.28829,20.90338],[107.28854,20.90321]]],[[[107.28652,20.90475],[107.29145,20.90269],[107.28948,20.90528],[107.28652,20.90475]]],[[[107.28751,20.90385],[107.28797,20.9038],[107.28799,20.90396],[107.28751,20.90385]]],[[[107.28496,20.90606],[107.28448,20.90595],[107.28595,20.90497],[107.28496,20.90606]]],[[[107.28734,20.90565],[107.28726,20.90545],[107.28735,20.90542],[107.28734,20.90565]]],[[[107.28671,20.90622],[107.28674,20.90635],[107.28642,20.90633],[107.28671,20.90622]]],[[[107.26445,20.90918],[107.26488,20.90912],[107.26478,20.90949],[107.26445,20.90918]]],[[[107.26394,20.91002],[107.26449,20.90978],[107.26431,20.91017],[107.26394,20.91002]]],[[[107.29558,20.91142],[107.29407,20.91177],[107.2946,20.91005],[107.29558,20.91142]]],[[[107.28187,20.9292],[107.28151,20.92901],[107.28292,20.92768],[107.28187,20.9292]]],[[[107.2844,20.94221],[107.28713,20.93601],[107.29187,20.93509],[107.2844,20.94221]]],[[[107.27193,20.94131],[107.27449,20.93752],[107.27828,20.93693],[107.27193,20.94131]]],[[[107.27913,20.93944],[107.27949,20.93937],[107.27901,20.94015],[107.27913,20.93944]]],[[[107.27433,20.94079],[107.27402,20.94087],[107.27404,20.94017],[107.27433,20.94079]]],[[[107.27883,20.94031],[107.27902,20.94022],[107.27892,20.94096],[107.27883,20.94031]]],[[[107.29056,20.94055],[107.29088,20.94055],[107.28983,20.94135],[107.29056,20.94055]]],[[[107.2742,20.94102],[107.27446,20.94098],[107.27446,20.94112],[107.2742,20.94102]]],[[[107.28912,20.94465],[107.29202,20.94112],[107.29122,20.93946],[107.29817,20.93871],[107.29542,20.94335],[107.28912,20.94465]]],[[[107.27256,20.94298],[107.27205,20.94274],[107.27265,20.94233],[107.27256,20.94298]]],[[[107.28914,20.94247],[107.28941,20.94248],[107.28943,20.94283],[107.28914,20.94247]]],[[[107.26572,20.94579],[107.26551,20.94841],[107.26369,20.9473],[107.26572,20.94579]]],[[[107.26654,20.94828],[107.26757,20.94787],[107.26712,20.94864],[107.26654,20.94828]]],[[[107.27467,20.94887],[107.27286,20.94957],[107.27319,20.94792],[107.27467,20.94887]]],[[[107.26942,20.94822],[107.27059,20.95041],[107.26863,20.95043],[107.26942,20.94822]]],[[[107.27179,20.94985],[107.27231,20.94973],[107.27231,20.95008],[107.27179,20.94985]]],[[[107.27877,20.95026],[107.27867,20.94972],[107.27897,20.94973],[107.27877,20.95026]]],[[[107.26405,20.95239],[107.26471,20.95205],[107.26495,20.95239],[107.26405,20.95239]]],[[[107.28552,20.95747],[107.28185,20.95605],[107.28743,20.95542],[107.28573,20.95618],[107.28552,20.95747]]],[[[107.28761,20.95635],[107.28994,20.95594],[107.29187,20.9586],[107.29053,20.95904],[107.28761,20.95635]]],[[[107.29346,20.95709],[107.2945,20.95651],[107.29436,20.95885],[107.29346,20.95709]]],[[[107.26809,20.96694],[107.26823,20.96709],[107.26791,20.96711],[107.26809,20.96694]]],[[[107.26323,20.96899],[107.26293,20.96876],[107.26372,20.96695],[107.26323,20.96899]]],[[[107.28543,20.97327],[107.28593,20.97277],[107.2862,20.97361],[107.28543,20.97327]]],[[[107.26885,20.97373],[107.26742,20.97349],[107.26794,20.97325],[107.26885,20.97373]]],[[[107.27082,20.97554],[107.27124,20.97568],[107.2699,20.97645],[107.27082,20.97554]]],[[[107.2825,20.97967],[107.28244,20.97414],[107.28828,20.97679],[107.2825,20.97967]]],[[[107.27471,20.97606],[107.27253,20.97903],[107.27206,20.97845],[107.27471,20.97606]]],[[[107.28222,20.97786],[107.28037,20.97747],[107.28091,20.97743],[107.28222,20.97786]]],[[[107.27889,20.9782],[107.27877,20.97784],[107.2794,20.9776],[107.27889,20.9782]]],[[[107.29623,20.97905],[107.29366,20.98044],[107.28955,20.97882],[107.29058,20.9778],[107.29623,20.97905]]],[[[107.26631,20.98193],[107.2661,20.97827],[107.27124,20.97731],[107.27069,20.98211],[107.26631,20.98193]]],[[[107.27353,20.98104],[107.27405,20.98075],[107.27453,20.98166],[107.27353,20.98104]]],[[[107.27943,20.98441],[107.27867,20.9871],[107.27401,20.9857],[107.28049,20.98205],[107.27649,20.98521],[107.27943,20.98441]]],[[[107.28203,20.9909],[107.28763,20.98202],[107.29756,20.98799],[107.29194,20.98956],[107.29262,20.98731],[107.2879,20.98605],[107.28203,20.9909]]],[[[107.29393,20.99037],[107.29403,20.99061],[107.29305,20.99095],[107.29393,20.99037]]],[[[107.33597,20.78737],[107.338,20.78766],[107.33774,20.78844],[107.33759,20.78847],[107.33597,20.78737]]],[[[107.33629,20.78823],[107.33807,20.78881],[107.33733,20.79037],[107.33629,20.78823]]],[[[107.33751,20.79466],[107.33754,20.79347],[107.33874,20.79351],[107.33751,20.79466]]],[[[107.34451,20.79551],[107.34452,20.79536],[107.34544,20.79628],[107.34451,20.79551]]],[[[107.34362,20.79579],[107.34374,20.79587],[107.3436,20.79612],[107.34362,20.79579]]],[[[107.34167,20.79837],[107.34208,20.79868],[107.34187,20.79883],[107.34167,20.79837]]],[[[107.33497,20.81119],[107.33263,20.81249],[107.33173,20.81179],[107.33338,20.80882],[107.33497,20.81119]]],[[[107.33776,20.81392],[107.33807,20.81365],[107.33821,20.81431],[107.33776,20.81392]]],[[[107.33247,20.81471],[107.33315,20.81499],[107.33274,20.81537],[107.33247,20.81471]]],[[[107.33075,20.81551],[107.33057,20.81527],[107.33107,20.81517],[107.33075,20.81551]]],[[[107.33107,20.8183],[107.33126,20.81851],[107.33108,20.81856],[107.33107,20.8183]]],[[[107.33287,20.82967],[107.33169,20.82918],[107.3327,20.82844],[107.33287,20.82967]]],[[[107.31257,20.83009],[107.31249,20.82999],[107.31275,20.82973],[107.31257,20.83009]]],[[[107.33007,20.83019],[107.32992,20.82978],[107.33058,20.83025],[107.33007,20.83019]]],[[[107.30983,20.83271],[107.31113,20.82851],[107.31249,20.82889],[107.31179,20.83285],[107.30983,20.83271]]],[[[107.30843,20.83119],[107.30849,20.83116],[107.30856,20.83129],[107.30843,20.83119]]],[[[107.30877,20.83158],[107.30871,20.83134],[107.30914,20.83144],[107.30877,20.83158]]],[[[107.33558,20.83387],[107.33579,20.83394],[107.33517,20.83454],[107.33558,20.83387]]],[[[107.33335,20.8346],[107.33352,20.83437],[107.33377,20.83447],[107.33335,20.8346]]],[[[107.3277,20.83452],[107.32819,20.83386],[107.32932,20.83424],[107.3277,20.83452]]],[[[107.3117,20.83553],[107.30938,20.83562],[107.30953,20.83529],[107.3117,20.83553]]],[[[107.30165,20.83743],[107.30136,20.83783],[107.30131,20.83769],[107.30165,20.83743]]],[[[107.33139,20.83804],[107.33142,20.83789],[107.33157,20.83787],[107.33139,20.83804]]],[[[107.30703,20.83973],[107.3039,20.83652],[107.3044,20.83621],[107.30703,20.83973]]],[[[107.30263,20.83811],[107.30272,20.83812],[107.3027,20.83821],[107.30263,20.83811]]],[[[107.30177,20.83915],[107.30141,20.83879],[107.30177,20.83842],[107.30177,20.83915]]],[[[107.32971,20.83967],[107.32979,20.84026],[107.32932,20.84016],[107.32971,20.83967]]],[[[107.30877,20.83987],[107.30846,20.84094],[107.30808,20.84069],[107.30877,20.83987]]],[[[107.32909,20.84088],[107.32902,20.84073],[107.32918,20.8407],[107.32909,20.84088]]],[[[107.32903,20.8411],[107.32916,20.8411],[107.32916,20.84122],[107.32903,20.8411]]],[[[107.30067,20.84167],[107.30085,20.84179],[107.30078,20.84206],[107.30067,20.84167]]],[[[107.30347,20.84319],[107.3009,20.84226],[107.30254,20.8411],[107.30347,20.84319]]],[[[107.33154,20.84352],[107.32914,20.84229],[107.32964,20.84143],[107.33154,20.84352]]],[[[107.31002,20.84337],[107.31012,20.84462],[107.30927,20.84476],[107.31002,20.84337]]],[[[107.29572,20.84388],[107.29608,20.84387],[107.29612,20.84428],[107.29572,20.84388]]],[[[107.29736,20.84527],[107.2973,20.84509],[107.29764,20.84515],[107.29736,20.84527]]],[[[107.32331,20.84657],[107.32093,20.84566],[107.3237,20.84438],[107.32331,20.84657]]],[[[107.29756,20.84818],[107.29754,20.84712],[107.29814,20.8477],[107.29756,20.84818]]],[[[107.30601,20.84791],[107.30622,20.84785],[107.30631,20.8481],[107.30601,20.84791]]],[[[107.29885,20.84899],[107.29812,20.84837],[107.29888,20.84841],[107.29885,20.84899]]],[[[107.34637,20.85163],[107.34299,20.85552],[107.34361,20.84693],[107.34637,20.85163]]],[[[107.2946,20.85488],[107.2942,20.85355],[107.29456,20.8533],[107.2946,20.85488]]],[[[107.31344,20.85424],[107.31354,20.85427],[107.31292,20.85476],[107.31344,20.85424]]],[[[107.31133,20.85449],[107.31224,20.85403],[107.31217,20.85558],[107.31133,20.85449]]],[[[107.33379,20.85897],[107.33409,20.85915],[107.33389,20.86059],[107.33354,20.86023],[107.33379,20.85897]]],[[[107.30422,20.86027],[107.30416,20.8602],[107.30429,20.8601],[107.30422,20.86027]]],[[[107.3482,20.8608],[107.34845,20.86125],[107.34823,20.86125],[107.3482,20.8608]]],[[[107.30719,20.8625],[107.30803,20.86155],[107.30787,20.86248],[107.30719,20.8625]]],[[[107.30286,20.86463],[107.30122,20.86711],[107.29963,20.86312],[107.30453,20.86043],[107.30047,20.86325],[107.30286,20.86463]]],[[[107.31457,20.86471],[107.31421,20.86395],[107.31492,20.86399],[107.31457,20.86471]]],[[[107.32157,20.86732],[107.31892,20.86519],[107.32161,20.8638],[107.32157,20.86732]]],[[[107.30981,20.86591],[107.30963,20.86626],[107.30929,20.866],[107.30981,20.86591]]],[[[107.31646,20.86634],[107.31603,20.86628],[107.31597,20.86585],[107.31646,20.86634]]],[[[107.31797,20.86714],[107.31698,20.86695],[107.31706,20.86657],[107.31797,20.86714]]],[[[107.30938,20.86733],[107.30736,20.86807],[107.30616,20.86668],[107.30731,20.86643],[107.30938,20.86733]]],[[[107.31201,20.87008],[107.30897,20.86892],[107.31059,20.86794],[107.31201,20.87008]]],[[[107.30459,20.87056],[107.30349,20.87015],[107.30478,20.86759],[107.30459,20.87056]]],[[[107.318,20.86976],[107.31778,20.86978],[107.31818,20.86898],[107.318,20.86976]]],[[[107.3059,20.86992],[107.30558,20.86976],[107.30617,20.86972],[107.3059,20.86992]]],[[[107.30394,20.87171],[107.30264,20.87018],[107.3032,20.87014],[107.30394,20.87171]]],[[[107.29917,20.87453],[107.29904,20.86915],[107.3011,20.8684],[107.29917,20.87453]]],[[[107.3073,20.87239],[107.30712,20.87234],[107.30724,20.87226],[107.3073,20.87239]]],[[[107.31316,20.87208],[107.31186,20.87484],[107.31076,20.8751],[107.31051,20.8734],[107.31316,20.87208]]],[[[107.30667,20.87308],[107.30587,20.87588],[107.3031,20.8734],[107.30397,20.87244],[107.30667,20.87308]]],[[[107.29881,20.87605],[107.29739,20.87732],[107.29494,20.87356],[107.29881,20.87605]]],[[[107.29964,20.90242],[107.2912,20.90769],[107.29966,20.89202],[107.31526,20.87627],[107.32357,20.8721],[107.32399,20.87641],[107.29964,20.90242]]],[[[107.34252,20.89579],[107.34148,20.89994],[107.3389,20.89969],[107.34818,20.88731],[107.35422,20.89494],[107.34739,20.89411],[107.34845,20.89863],[107.34252,20.89579]]],[[[107.33512,20.89807],[107.33414,20.8977],[107.33633,20.89491],[107.33512,20.89807]]],[[[107.32796,20.89651],[107.32855,20.89652],[107.32808,20.89777],[107.32796,20.89651]]],[[[107.3295,20.89741],[107.32944,20.89736],[107.32972,20.89718],[107.3295,20.89741]]],[[[107.32967,20.89902],[107.32908,20.89885],[107.33113,20.89786],[107.32967,20.89902]]],[[[107.31411,20.91295],[107.30847,20.91299],[107.30995,20.91121],[107.30626,20.90789],[107.30983,20.90751],[107.31023,20.90111],[107.30814,20.89747],[107.31585,20.8854],[107.32274,20.88246],[107.3238,20.88553],[107.31913,20.891],[107.31945,20.90091],[107.31411,20.91295]]],[[[107.34726,20.89937],[107.34776,20.89925],[107.34774,20.89947],[107.34726,20.89937]]],[[[107.32865,20.90091],[107.32632,20.90087],[107.32679,20.89992],[107.32865,20.90091]]],[[[107.30748,20.90054],[107.30821,20.89932],[107.30932,20.89994],[107.30748,20.90054]]],[[[107.33406,20.90136],[107.33378,20.90171],[107.33212,20.90102],[107.33406,20.90136]]],[[[107.34815,20.90145],[107.34905,20.90276],[107.34849,20.90291],[107.34815,20.90145]]],[[[107.3062,20.9024],[107.30695,20.90261],[107.30609,20.90362],[107.3062,20.9024]]],[[[107.33221,20.90269],[107.33136,20.90427],[107.33019,20.90378],[107.33221,20.90269]]],[[[107.33889,20.90515],[107.34097,20.90245],[107.3456,20.90271],[107.3411,20.90393],[107.33889,20.90515]]],[[[107.31892,20.90886],[107.32466,20.90205],[107.32702,20.90204],[107.32497,20.90367],[107.31892,20.90886]]],[[[107.29523,20.90912],[107.29549,20.90913],[107.29483,20.90978],[107.29523,20.90912]]],[[[107.30342,20.91054],[107.30495,20.90969],[107.30562,20.91025],[107.30342,20.91054]]],[[[107.29952,20.91007],[107.29951,20.91275],[107.29878,20.91152],[107.29952,20.91007]]],[[[107.29738,20.91254],[107.29678,20.91266],[107.29703,20.9124],[107.29738,20.91254]]],[[[107.29741,20.91329],[107.29723,20.91299],[107.29744,20.91294],[107.29741,20.91329]]],[[[107.30072,20.91332],[107.30072,20.91318],[107.30112,20.91304],[107.30072,20.91332]]],[[[107.29758,20.91356],[107.29802,20.91364],[107.29754,20.91422],[107.29758,20.91356]]],[[[107.30315,20.91694],[107.30205,20.91199],[107.3033,20.9143],[107.30636,20.9125],[107.30315,20.91694]]],[[[107.3065,20.91476],[107.30683,20.9146],[107.30689,20.91485],[107.3065,20.91476]]],[[[107.32383,20.91435],[107.32427,20.91442],[107.32367,20.9154],[107.32383,20.91435]]],[[[107.30505,20.91502],[107.30512,20.91522],[107.30475,20.91522],[107.30505,20.91502]]],[[[107.30589,20.91531],[107.3065,20.91525],[107.30652,20.91546],[107.30589,20.91531]]],[[[107.31145,20.91564],[107.31183,20.91687],[107.31114,20.91713],[107.31145,20.91564]]],[[[107.30703,20.9201],[107.30562,20.91756],[107.30991,20.91443],[107.31119,20.91766],[107.30703,20.9201]]],[[[107.30482,20.91836],[107.30396,20.92016],[107.30306,20.9194],[107.30482,20.91836]]],[[[107.31465,20.92719],[107.31045,20.92307],[107.32106,20.9231],[107.32425,20.92132],[107.32079,20.92006],[107.33285,20.91864],[107.34009,20.91393],[107.34984,20.91482],[107.34332,20.92197],[107.31465,20.92719]]],[[[107.29537,20.9385],[107.29484,20.9377],[107.29655,20.93844],[107.29537,20.9385]]],[[[107.34582,20.94305],[107.3473,20.94382],[107.34659,20.94391],[107.34582,20.94305]]],[[[107.30618,20.94869],[107.30593,20.94777],[107.30661,20.94801],[107.30618,20.94869]]],[[[107.3349,20.94965],[107.32593,20.94898],[107.32837,20.94798],[107.33259,20.948],[107.3349,20.94965]]],[[[107.32756,20.95097],[107.32705,20.95122],[107.32706,20.95111],[107.32756,20.95097]]],[[[107.34251,20.95133],[107.34251,20.95155],[107.34122,20.95138],[107.34251,20.95133]]],[[[107.30404,20.94938],[107.30801,20.9522],[107.30526,20.9535],[107.30404,20.94938]]],[[[107.32921,20.95342],[107.33126,20.95242],[107.33185,20.95328],[107.33138,20.95357],[107.32921,20.95342]]],[[[107.30856,20.95659],[107.30723,20.95657],[107.31028,20.95129],[107.30856,20.95659]]],[[[107.30297,20.95372],[107.30401,20.95341],[107.30446,20.95496],[107.30297,20.95372]]],[[[107.29996,20.95784],[107.29756,20.95585],[107.30076,20.95389],[107.29996,20.95784]]],[[[107.33327,20.95791],[107.33276,20.95572],[107.33378,20.95566],[107.33327,20.95791]]],[[[107.336,20.95712],[107.33651,20.95804],[107.33571,20.95761],[107.336,20.95712]]],[[[107.30142,20.95931],[107.3025,20.96001],[107.30206,20.96008],[107.30142,20.95931]]],[[[107.31565,20.95928],[107.3159,20.95946],[107.31555,20.96079],[107.31565,20.95928]]],[[[107.30094,20.96196],[107.30154,20.96297],[107.30051,20.96316],[107.30094,20.96196]]],[[[107.30619,20.97084],[107.30091,20.96418],[107.30596,20.95793],[107.31325,20.95716],[107.3138,20.96038],[107.30936,20.96017],[107.31221,20.96413],[107.30556,20.96282],[107.3097,20.96621],[107.30619,20.97084]]],[[[107.32404,20.97127],[107.32573,20.97337],[107.32564,20.97411],[107.32279,20.97336],[107.32404,20.97127]]],[[[107.31052,20.97445],[107.30919,20.97449],[107.31041,20.97319],[107.31052,20.97445]]],[[[107.32345,20.98177],[107.31881,20.98361],[107.31508,20.98147],[107.32018,20.97946],[107.32345,20.98177]]],[[[107.29962,20.98183],[107.30048,20.98175],[107.30038,20.98213],[107.29962,20.98183]]],[[[107.30858,20.9824],[107.30956,20.98135],[107.30967,20.98161],[107.30858,20.9824]]],[[[107.34682,20.98239],[107.34705,20.98262],[107.34656,20.98283],[107.34682,20.98239]]],[[[107.34377,20.98519],[107.34265,20.9846],[107.343,20.98379],[107.34377,20.98519]]],[[[107.31176,20.9839],[107.31289,20.98459],[107.31131,20.98564],[107.31176,20.9839]]],[[[107.31258,20.98607],[107.31346,20.98536],[107.31365,20.98635],[107.31258,20.98607]]],[[[107.34224,20.98695],[107.34104,20.98704],[107.34175,20.98564],[107.34224,20.98695]]],[[[107.33996,20.98692],[107.34033,20.98683],[107.34025,20.98717],[107.33996,20.98692]]],[[[107.34613,20.98865],[107.34393,20.98679],[107.34447,20.98617],[107.34613,20.98865]]],[[[107.34145,20.99171],[107.34072,20.9887],[107.34396,20.98842],[107.34145,20.99171]]],[[[107.34712,20.99004],[107.34522,20.99166],[107.34446,20.99054],[107.34712,20.99004]]],[[[107.30791,20.9929],[107.30428,20.99042],[107.31255,20.99115],[107.30791,20.9929]]],[[[107.34883,20.9921],[107.34774,20.99198],[107.3477,20.991],[107.34883,20.9921]]],[[[107.37613,20.7515],[107.37581,20.74823],[107.3778,20.74913],[107.37613,20.7515]]],[[[107.39885,20.75725],[107.39384,20.75843],[107.38747,20.75259],[107.38644,20.74581],[107.39498,20.74849],[107.39885,20.75725]]],[[[107.38556,20.78999],[107.38316,20.78906],[107.38505,20.78583],[107.38556,20.78999]]],[[[107.41451,20.77254],[107.42249,20.79783],[107.40708,20.80962],[107.3997,20.80124],[107.39994,20.77998],[107.40121,20.77739],[107.40728,20.7779],[107.41022,20.76846],[107.41145,20.77321],[107.41451,20.77254]]],[[[107.3522,20.82614],[107.34828,20.82799],[107.34669,20.83955],[107.34126,20.84954],[107.33486,20.85428],[107.33335,20.84994],[107.3424,20.83086],[107.34035,20.82674],[107.34394,20.80411],[107.34711,20.80369],[107.34929,20.80768],[107.3569,20.80747],[107.36888,20.80572],[107.36965,20.80144],[107.37154,20.80606],[107.37936,20.79385],[107.38485,20.79487],[107.37951,20.81479],[107.38001,20.82394],[107.38339,20.82844],[107.37992,20.82938],[107.37848,20.82374],[107.36887,20.82412],[107.35828,20.83023],[107.35296,20.83764],[107.3522,20.82614]]],[[[107.36815,20.82615],[107.37003,20.82678],[107.37077,20.83316],[107.37037,20.83315],[107.36815,20.82615]]],[[[107.35768,20.84833],[107.3559,20.8382],[107.3604,20.83157],[107.36272,20.83439],[107.35768,20.84833]]],[[[107.36998,20.8427],[107.36843,20.84276],[107.36984,20.84086],[107.36998,20.8427]]],[[[107.38904,20.84746],[107.38523,20.84704],[107.38852,20.84417],[107.38904,20.84746]]],[[[107.35457,20.8571],[107.35451,20.85684],[107.35527,20.85687],[107.35457,20.8571]]],[[[107.39376,20.87526],[107.3948,20.87295],[107.39598,20.87471],[107.39376,20.87526]]],[[[107.39545,20.87658],[107.39526,20.87638],[107.39555,20.87634],[107.39545,20.87658]]],[[[107.33793,20.89302],[107.33145,20.8957],[107.32899,20.8938],[107.32971,20.87613],[107.3373,20.87198],[107.33935,20.88747],[107.34433,20.8866],[107.34143,20.88275],[107.34507,20.87003],[107.34954,20.86195],[107.35578,20.86345],[107.35269,20.86082],[107.35596,20.85772],[107.35768,20.86254],[107.3665,20.85825],[107.36891,20.86223],[107.37217,20.85888],[107.38277,20.8673],[107.39143,20.86462],[107.38976,20.86852],[107.37406,20.87564],[107.37723,20.87807],[107.39488,20.87621],[107.39423,20.8846],[107.38888,20.88228],[107.38598,20.88621],[107.3872,20.89056],[107.38281,20.8896],[107.38162,20.88603],[107.38625,20.87907],[107.37601,20.8916],[107.37123,20.8906],[107.37161,20.88763],[107.36474,20.89085],[107.36496,20.88785],[107.36188,20.88727],[107.35378,20.89127],[107.34754,20.8842],[107.33793,20.89302]]],[[[107.40306,20.87877],[107.40312,20.87842],[107.40329,20.87856],[107.40306,20.87877]]],[[[107.398,20.87895],[107.39864,20.8793],[107.39817,20.87977],[107.398,20.87895]]],[[[107.39729,20.88354],[107.39613,20.8811],[107.39795,20.88025],[107.39729,20.88354]]],[[[107.39616,20.88531],[107.39709,20.88638],[107.39444,20.88773],[107.39616,20.88531]]],[[[107.39749,20.88775],[107.39693,20.8871],[107.39835,20.88577],[107.39749,20.88775]]],[[[107.39108,20.8863],[107.39261,20.8866],[107.39175,20.88848],[107.39108,20.8863]]],[[[107.38971,20.88915],[107.39023,20.88938],[107.38903,20.89068],[107.38971,20.88915]]],[[[107.37468,20.89374],[107.3738,20.89352],[107.37375,20.8929],[107.37468,20.89374]]],[[[107.39051,20.895],[107.38961,20.89198],[107.39201,20.89181],[107.39051,20.895]]],[[[107.3578,20.89419],[107.35727,20.89589],[107.35701,20.8954],[107.3578,20.89419]]],[[[107.35925,20.89627],[107.36009,20.89587],[107.35992,20.89641],[107.35925,20.89627]]],[[[107.35276,20.89693],[107.35351,20.89743],[107.35229,20.89756],[107.35276,20.89693]]],[[[107.35179,20.89912],[107.34964,20.89858],[107.34855,20.89563],[107.35011,20.89606],[107.35179,20.89912]]],[[[107.35673,20.89896],[107.35888,20.89669],[107.35982,20.8976],[107.35673,20.89896]]],[[[107.35456,20.89996],[107.35355,20.89869],[107.35635,20.89901],[107.35456,20.89996]]],[[[107.37004,20.90212],[107.36226,20.89971],[107.37695,20.89781],[107.37004,20.90212]]],[[[107.37893,20.90086],[107.37948,20.9009],[107.37907,20.90162],[107.37893,20.90086]]],[[[107.36968,20.91311],[107.37256,20.91679],[107.36228,20.91542],[107.36298,20.91343],[107.36968,20.91311]]],[[[107.37576,20.91666],[107.37945,20.91857],[107.37799,20.91851],[107.37576,20.91666]]],[[[107.38302,20.91906],[107.38555,20.91997],[107.38413,20.91996],[107.38302,20.91906]]],[[[107.39866,20.92793],[107.39542,20.92712],[107.39657,20.925],[107.39866,20.92793]]],[[[107.39514,20.9342],[107.39433,20.9341],[107.39433,20.93347],[107.39514,20.9342]]],[[[107.45375,20.9692],[107.44974,20.96933],[107.43407,20.95787],[107.42629,20.94614],[107.42271,20.94471],[107.42361,20.94908],[107.42132,20.94895],[107.41965,20.94413],[107.42199,20.94359],[107.41588,20.92999],[107.40675,20.9204],[107.36826,20.90902],[107.34418,20.90576],[107.35474,20.90058],[107.3674,20.9021],[107.3854,20.90661],[107.40408,20.91794],[107.4047,20.91303],[107.42061,20.92031],[107.42223,20.92486],[107.44754,20.94484],[107.45375,20.9692]]],[[[107.38556,20.93404],[107.3862,20.93402],[107.38649,20.93591],[107.38556,20.93404]]],[[[107.39768,20.93756],[107.39752,20.93913],[107.39689,20.93888],[107.39768,20.93756]]],[[[107.39371,20.94323],[107.39065,20.93951],[107.39532,20.93683],[107.39371,20.94323]]],[[[107.39777,20.9398],[107.39825,20.93993],[107.39829,20.94062],[107.39777,20.9398]]],[[[107.39269,20.94809],[107.38866,20.95006],[107.3908,20.94548],[107.38515,20.94664],[107.38009,20.93894],[107.39239,20.943],[107.39269,20.94809]]],[[[107.35062,20.94442],[107.35091,20.94502],[107.35071,20.94497],[107.35062,20.94442]]],[[[107.38253,20.95637],[107.38666,20.96608],[107.37974,20.96049],[107.38034,20.95781],[107.37753,20.95939],[107.37394,20.95646],[107.3772,20.96119],[107.37209,20.95719],[107.36796,20.94605],[107.3655,20.94801],[107.35204,20.94119],[107.34816,20.94209],[107.34258,20.93537],[107.33996,20.93617],[107.34435,20.93912],[107.33887,20.93793],[107.34028,20.943],[107.33797,20.94412],[107.31698,20.94012],[107.31529,20.9368],[107.31385,20.93923],[107.31678,20.94149],[107.31351,20.94273],[107.31026,20.93668],[107.31788,20.9314],[107.33578,20.92861],[107.33687,20.92615],[107.3528,20.92578],[107.36896,20.93461],[107.39077,20.96186],[107.38253,20.95637]]],[[[107.39302,20.95009],[107.3925,20.94998],[107.39343,20.94896],[107.39302,20.95009]]],[[[107.38933,20.95193],[107.38924,20.95185],[107.38969,20.95143],[107.38933,20.95193]]],[[[107.3924,20.95449],[107.39175,20.95225],[107.39448,20.95153],[107.3924,20.95449]]],[[[107.38874,20.95316],[107.39011,20.95496],[107.38887,20.9551],[107.38874,20.95316]]],[[[107.35128,20.95321],[107.35309,20.95677],[107.35227,20.95664],[107.35128,20.95321]]],[[[107.40218,20.95602],[107.40259,20.95616],[107.4026,20.95656],[107.40218,20.95602]]],[[[107.36015,20.95703],[107.36055,20.95704],[107.36061,20.95735],[107.36015,20.95703]]],[[[107.3541,20.95895],[107.35324,20.95823],[107.35373,20.95813],[107.3541,20.95895]]],[[[107.36747,20.96207],[107.36736,20.9633],[107.36664,20.96266],[107.36747,20.96207]]],[[[107.37157,20.96358],[107.37188,20.96434],[107.37134,20.9647],[107.37157,20.96358]]],[[[107.36772,20.96375],[107.3686,20.96385],[107.36838,20.96426],[107.36772,20.96375]]],[[[107.40743,20.96505],[107.40751,20.96504],[107.40746,20.96517],[107.40743,20.96505]]],[[[107.40724,20.96521],[107.4074,20.9653],[107.40597,20.96587],[107.40724,20.96521]]],[[[107.34857,20.96503],[107.34916,20.96579],[107.34866,20.96617],[107.34857,20.96503]]],[[[107.36752,20.96464],[107.37103,20.9669],[107.37162,20.96856],[107.37004,20.96825],[107.36752,20.96464]]],[[[107.40731,20.9689],[107.40752,20.9695],[107.40694,20.96942],[107.40731,20.9689]]],[[[107.35781,20.96976],[107.35783,20.96955],[107.35804,20.96956],[107.35781,20.96976]]],[[[107.3594,20.97052],[107.35809,20.96999],[107.36025,20.96947],[107.3594,20.97052]]],[[[107.36048,20.9712],[107.36057,20.97094],[107.36083,20.97104],[107.36048,20.9712]]],[[[107.37865,20.97107],[107.37887,20.97092],[107.37903,20.97118],[107.37865,20.97107]]],[[[107.3688,20.97172],[107.3683,20.97156],[107.36846,20.97131],[107.3688,20.97172]]],[[[107.39737,20.97395],[107.39673,20.97366],[107.39738,20.97201],[107.39737,20.97395]]],[[[107.37263,20.97402],[107.37271,20.97428],[107.37234,20.97426],[107.37263,20.97402]]],[[[107.38471,20.97645],[107.38466,20.97619],[107.38477,20.9762],[107.38471,20.97645]]],[[[107.37403,20.97819],[107.37647,20.97559],[107.37924,20.9769],[107.37847,20.97833],[107.37403,20.97819]]],[[[107.40311,20.97993],[107.40169,20.97729],[107.40495,20.97619],[107.40788,20.97811],[107.40311,20.97993]]],[[[107.40512,20.97979],[107.40577,20.97986],[107.40566,20.98033],[107.40512,20.97979]]],[[[107.40755,20.98093],[107.40678,20.98066],[107.4074,20.97982],[107.40755,20.98093]]],[[[107.38505,20.98217],[107.38266,20.98302],[107.38113,20.98184],[107.38338,20.98037],[107.38505,20.98217]]],[[[107.40622,20.9817],[107.40666,20.98227],[107.40593,20.98309],[107.40622,20.9817]]],[[[107.34895,20.98662],[107.34967,20.98473],[107.35164,20.9849],[107.34895,20.98662]]],[[[107.35529,20.98617],[107.35572,20.98623],[107.35556,20.98651],[107.35529,20.98617]]],[[[107.38943,20.9859],[107.38949,20.98789],[107.3875,20.98662],[107.38943,20.9859]]],[[[107.35978,20.98748],[107.36047,20.98773],[107.36001,20.98863],[107.35978,20.98748]]],[[[107.40088,20.98949],[107.40049,20.98949],[107.40058,20.9889],[107.40088,20.98949]]],[[[107.3587,20.98997],[107.3576,20.98978],[107.35831,20.98879],[107.3587,20.98997]]],[[[107.35469,20.99018],[107.35321,20.9898],[107.35354,20.98948],[107.35469,20.99018]]],[[[107.36173,20.99038],[107.36012,20.9899],[107.3604,20.98948],[107.36173,20.99038]]],[[[107.40122,20.9896],[107.40158,20.99015],[107.40118,20.99037],[107.40122,20.9896]]],[[[107.39964,20.99026],[107.39854,20.99096],[107.39855,20.99017],[107.39964,20.99026]]],[[[107.36015,20.99145],[107.35994,20.99066],[107.36042,20.99034],[107.36015,20.99145]]],[[[107.39841,20.99101],[107.3985,20.9921],[107.39829,20.99208],[107.39841,20.99101]]],[[[107.37739,20.99118],[107.37752,20.99144],[107.37703,20.9921],[107.37739,20.99118]]],[[[107.4041,20.99231],[107.4039,20.992],[107.40487,20.99185],[107.4041,20.99231]]],[[[107.39848,20.99242],[107.39849,20.99257],[107.39838,20.99254],[107.39848,20.99242]]],[[[107.40193,20.99393],[107.40116,20.99307],[107.40337,20.99208],[107.40193,20.99393]]],[[[107.39382,20.99444],[107.39304,20.99416],[107.39383,20.99365],[107.39382,20.99444]]],[[[107.35067,20.99674],[107.34897,20.99273],[107.35178,20.99219],[107.35067,20.99674]]],[[[107.354,20.99413],[107.3547,20.99416],[107.35445,20.99476],[107.354,20.99413]]],[[[107.3639,20.99509],[107.36393,20.99509],[107.36381,20.99521],[107.3639,20.99509]]],[[[107.39127,20.99494],[107.39151,20.99527],[107.39127,20.99546],[107.39127,20.99494]]],[[[107.36337,20.99476],[107.3639,20.995],[107.36316,20.99591],[107.36337,20.99476]]],[[[107.40563,20.99611],[107.405,20.99591],[107.40521,20.99517],[107.40563,20.99611]]],[[[107.4088,20.99583],[107.40895,20.99584],[107.40899,20.99596],[107.4088,20.99583]]],[[[107.38144,20.99581],[107.38148,20.99742],[107.37855,20.9959],[107.38144,20.99581]]],[[[107.36281,20.99605],[107.36315,20.99597],[107.36242,20.99688],[107.36281,20.99605]]],[[[107.37917,20.99778],[107.37742,20.99733],[107.37872,20.99659],[107.37917,20.99778]]],[[[107.36158,20.99831],[107.36329,20.99715],[107.3635,20.99796],[107.36158,20.99831]]],[[[107.41078,20.99822],[107.41109,20.99955],[107.40695,20.99729],[107.41078,20.99822]]],[[[107.4026,20.99784],[107.40292,20.99805],[107.40289,20.99812],[107.4026,20.99784]]],[[[107.36556,20.99859],[107.36534,20.99846],[107.36602,20.99799],[107.36556,20.99859]]],[[[107.39011,20.99811],[107.39007,20.99855],[107.38965,20.99856],[107.39011,20.99811]]],[[[107.39111,21.00003],[107.3917,20.99797],[107.39458,20.99757],[107.3933,20.99808],[107.39111,21.00003]]],[[[107.36761,20.99875],[107.36778,20.99871],[107.36779,20.99883],[107.36761,20.99875]]],[[[107.36677,20.99959],[107.36695,20.99879],[107.36799,20.99899],[107.36677,20.99959]]],[[[107.40408,20.99964],[107.4042,21.00053],[107.40374,21.00063],[107.40408,20.99964]]],[[[107.36448,21.00038],[107.36565,21.00128],[107.36554,21.00134],[107.36448,21.00038]]],[[[107.36684,21.00132],[107.36725,21.0016],[107.36652,21.00211],[107.36684,21.00132]]],[[[107.37889,21.00359],[107.37926,21.0039],[107.37909,21.00397],[107.37889,21.00359]]],[[[107.38396,21.00711],[107.37974,21.00707],[107.37946,21.00409],[107.38334,21.00201],[107.38467,21.00483],[107.3815,21.00601],[107.38396,21.00711]]],[[[107.40745,21.00474],[107.40811,21.00598],[107.40742,21.00614],[107.40745,21.00474]]],[[[107.40993,21.00611],[107.41065,21.0066],[107.40978,21.00656],[107.40993,21.00611]]],[[[107.40092,21.00692],[107.40139,21.00689],[107.40085,21.00746],[107.40092,21.00692]]],[[[107.38492,21.00855],[107.38466,21.00773],[107.38651,21.0067],[107.38492,21.00855]]],[[[107.38477,21.00851],[107.38492,21.0094],[107.38456,21.00929],[107.38477,21.00851]]],[[[107.40445,21.01249],[107.40412,21.009],[107.40745,21.00981],[107.40445,21.01249]]],[[[107.40871,21.0143],[107.40843,21.01564],[107.40534,21.01419],[107.40871,21.0143]]],[[[107.41132,21.0217],[107.41144,21.02155],[107.41148,21.02165],[107.41132,21.0217]]],[[[107.39922,21.02307],[107.39893,21.02372],[107.39885,21.02352],[107.39922,21.02307]]],[[[107.40503,21.02451],[107.40584,21.02487],[107.4053,21.02523],[107.40503,21.02451]]],[[[107.41114,21.03132],[107.40635,21.0282],[107.40799,21.02721],[107.41114,21.03132]]],[[[107.40426,21.03465],[107.40319,21.03429],[107.40465,21.032],[107.40426,21.03465]]],[[[107.4109,21.04126],[107.40945,21.04071],[107.40995,21.03936],[107.4109,21.04126]]],[[[107.36883,21.03752],[107.37273,21.03429],[107.37683,21.04615],[107.37522,21.05535],[107.3711,21.05235],[107.36883,21.03752]]],[[[107.43426,20.78785],[107.43049,20.79168],[107.43026,20.78859],[107.43426,20.78785]]],[[[107.41084,20.8504],[107.41434,20.84911],[107.41688,20.85568],[107.41531,20.85627],[107.41084,20.8504]]],[[[107.41106,20.89574],[107.41103,20.8937],[107.41204,20.89416],[107.41106,20.89574]]],[[[107.4456,20.9004],[107.44669,20.90336],[107.44246,20.90544],[107.42205,20.89312],[107.41534,20.89233],[107.42429,20.89135],[107.4306,20.884],[107.44698,20.89204],[107.45306,20.89854],[107.4456,20.9004]]],[[[107.41906,20.89657],[107.419,20.89512],[107.42129,20.89462],[107.41906,20.89657]]],[[[107.44717,20.90297],[107.44921,20.90425],[107.44851,20.90415],[107.44717,20.90297]]],[[[107.44177,20.90802],[107.44538,20.90578],[107.44972,20.90705],[107.44177,20.90802]]],[[[107.44618,20.91038],[107.44375,20.90941],[107.44497,20.90855],[107.44618,20.91038]]],[[[107.4495,20.91015],[107.44828,20.90941],[107.44855,20.90926],[107.4495,20.91015]]],[[[107.42865,20.9236],[107.42943,20.92455],[107.42915,20.92453],[107.42865,20.9236]]],[[[107.43058,20.92544],[107.43571,20.92978],[107.43269,20.92845],[107.43058,20.92544]]],[[[107.44002,20.93161],[107.44111,20.93295],[107.44057,20.9331],[107.44002,20.93161]]],[[[107.4147,20.94836],[107.41522,20.94837],[107.41474,20.94938],[107.4147,20.94836]]],[[[107.43543,20.96688],[107.42937,20.96245],[107.43154,20.96192],[107.43543,20.96688]]],[[[107.43473,20.96773],[107.43456,20.96841],[107.43397,20.96807],[107.43473,20.96773]]],[[[107.43718,20.96945],[107.43678,20.96956],[107.4372,20.96891],[107.43718,20.96945]]],[[[107.4385,20.97181],[107.43885,20.96965],[107.4394,20.9699],[107.4385,20.97181]]],[[[107.44642,20.9695],[107.44786,20.97332],[107.44568,20.97255],[107.44642,20.9695]]],[[[107.42332,20.97328],[107.42301,20.97291],[107.4233,20.97279],[107.42332,20.97328]]],[[[107.43351,20.975],[107.4304,20.9734],[107.43147,20.97179],[107.43351,20.975]]],[[[107.41375,20.97387],[107.41355,20.97357],[107.41367,20.97321],[107.41375,20.97387]]],[[[107.44161,20.97427],[107.4411,20.97402],[107.44156,20.97337],[107.44161,20.97427]]],[[[107.41343,20.97427],[107.41301,20.97484],[107.41278,20.9745],[107.41343,20.97427]]],[[[107.4181,20.97638],[107.41731,20.97477],[107.41973,20.97529],[107.4181,20.97638]]],[[[107.43586,20.97774],[107.43544,20.97723],[107.43607,20.97659],[107.43586,20.97774]]],[[[107.41525,20.97874],[107.41461,20.97851],[107.41523,20.97696],[107.41525,20.97874]]],[[[107.41795,20.97789],[107.41827,20.97798],[107.41818,20.9781],[107.41795,20.97789]]],[[[107.41758,20.97901],[107.41812,20.97823],[107.41851,20.97896],[107.41758,20.97901]]],[[[107.42114,20.97852],[107.42187,20.97882],[107.42154,20.97897],[107.42114,20.97852]]],[[[107.44178,20.98209],[107.44075,20.97958],[107.43633,20.97982],[107.44293,20.97553],[107.44178,20.98209]]],[[[107.41865,20.97922],[107.41895,20.97936],[107.41879,20.97949],[107.41865,20.97922]]],[[[107.42629,20.98043],[107.42647,20.98035],[107.42669,20.981],[107.42629,20.98043]]],[[[107.41584,20.9825],[107.41406,20.98239],[107.41547,20.98151],[107.41584,20.9825]]],[[[107.42255,20.9816],[107.42283,20.98231],[107.42232,20.9823],[107.42255,20.9816]]],[[[107.43752,20.98372],[107.43624,20.98217],[107.44075,20.98149],[107.43752,20.98372]]],[[[107.41374,20.98612],[107.41325,20.98583],[107.41361,20.98546],[107.41374,20.98612]]],[[[107.41237,20.98632],[107.41095,20.98799],[107.41046,20.98752],[107.41237,20.98632]]],[[[107.41644,20.98798],[107.41353,20.99021],[107.41364,20.98892],[107.41644,20.98798]]],[[[107.41744,20.98885],[107.41737,20.98878],[107.41744,20.98873],[107.41744,20.98885]]],[[[107.44881,20.99358],[107.44833,20.99478],[107.44704,20.99379],[107.44881,20.99358]]],[[[107.42469,20.99613],[107.42507,20.9982],[107.42304,20.99448],[107.42707,20.99369],[107.42723,20.99477],[107.42469,20.99613]]],[[[107.42723,20.99544],[107.42724,20.99656],[107.42652,20.9964],[107.42723,20.99544]]],[[[107.42298,20.99697],[107.42199,20.99671],[107.42212,20.99646],[107.42298,20.99697]]],[[[107.42989,20.9988],[107.42939,20.99807],[107.43005,20.99783],[107.42989,20.9988]]],[[[107.42512,20.9997],[107.42412,21.00049],[107.42467,20.99933],[107.42512,20.9997]]],[[[107.43192,21.0005],[107.43212,21.00075],[107.43193,21.00093],[107.43192,21.0005]]],[[[107.44601,21.00341],[107.44575,21.00332],[107.44696,21.00313],[107.44601,21.00341]]],[[[107.41705,21.00598],[107.41702,21.00573],[107.41751,21.00594],[107.41705,21.00598]]],[[[107.44641,21.01019],[107.44274,21.0094],[107.44775,21.00419],[107.44641,21.01019]]],[[[107.44129,21.01141],[107.44002,21.00769],[107.44155,21.00734],[107.44129,21.01141]]],[[[107.43736,21.0087],[107.43841,21.00953],[107.43704,21.01059],[107.43736,21.0087]]],[[[107.41858,21.00965],[107.41878,21.00968],[107.4186,21.00998],[107.41858,21.00965]]],[[[107.44291,21.01095],[107.44329,21.01076],[107.44348,21.01109],[107.44291,21.01095]]],[[[107.41894,21.01095],[107.41852,21.01166],[107.41814,21.0113],[107.41894,21.01095]]],[[[107.42276,21.01044],[107.4248,21.01284],[107.42191,21.01146],[107.42276,21.01044]]],[[[107.44169,21.01236],[107.4421,21.01253],[107.44201,21.01261],[107.44169,21.01236]]],[[[107.42035,21.01311],[107.42122,21.0117],[107.42165,21.01182],[107.42035,21.01311]]],[[[107.44575,21.01383],[107.44363,21.0136],[107.44457,21.01176],[107.44575,21.01383]]],[[[107.42011,21.01358],[107.42022,21.01424],[107.41971,21.01421],[107.42011,21.01358]]],[[[107.41802,21.01427],[107.41835,21.01431],[107.41843,21.01466],[107.41802,21.01427]]],[[[107.44725,21.01713],[107.44641,21.01541],[107.44749,21.01484],[107.44725,21.01713]]],[[[107.41671,21.01661],[107.41669,21.01705],[107.41661,21.01697],[107.41671,21.01661]]],[[[107.4166,21.01735],[107.41666,21.01723],[107.41674,21.01725],[107.4166,21.01735]]],[[[107.43891,21.01707],[107.43959,21.01823],[107.4387,21.0191],[107.43891,21.01707]]],[[[107.44658,21.0247],[107.44465,21.02782],[107.44238,21.02668],[107.44352,21.02439],[107.44535,21.02557],[107.44413,21.02169],[107.44145,21.02208],[107.44076,21.01709],[107.43376,21.01182],[107.43802,21.0111],[107.43947,21.0139],[107.44098,21.01134],[107.44658,21.0247]]],[[[107.41168,21.02027],[107.41436,21.02035],[107.41413,21.0206],[107.41168,21.02027]]],[[[107.42564,21.02059],[107.42575,21.02046],[107.42585,21.02055],[107.42564,21.02059]]],[[[107.42595,21.02113],[107.42558,21.02104],[107.42584,21.02077],[107.42595,21.02113]]],[[[107.42712,21.0223],[107.42863,21.01888],[107.4297,21.02082],[107.42712,21.0223]]],[[[107.41381,21.021],[107.4141,21.02088],[107.41412,21.02125],[107.41381,21.021]]],[[[107.41155,21.02147],[107.41152,21.02118],[107.41173,21.02121],[107.41155,21.02147]]],[[[107.42982,21.02235],[107.42967,21.02221],[107.43016,21.02189],[107.42982,21.02235]]],[[[107.42438,21.02185],[107.42487,21.02351],[107.42412,21.02349],[107.42438,21.02185]]],[[[107.41607,21.02346],[107.41619,21.02375],[107.41433,21.02297],[107.41607,21.02346]]],[[[107.44224,21.02321],[107.44244,21.0233],[107.44234,21.0235],[107.44224,21.02321]]],[[[107.42889,21.02379],[107.4288,21.02441],[107.42827,21.02364],[107.42889,21.02379]]],[[[107.44913,21.02498],[107.44934,21.02501],[107.44907,21.02543],[107.44913,21.02498]]],[[[107.43118,21.02474],[107.43197,21.02666],[107.4291,21.02479],[107.43118,21.02474]]],[[[107.41892,21.02638],[107.41946,21.02703],[107.41911,21.02686],[107.41892,21.02638]]],[[[107.43265,21.02851],[107.43315,21.02882],[107.43211,21.02848],[107.43265,21.02851]]],[[[107.44812,21.02785],[107.44809,21.02955],[107.44743,21.02961],[107.44812,21.02785]]],[[[107.42226,21.02881],[107.42279,21.02934],[107.42201,21.02961],[107.42226,21.02881]]],[[[107.41623,21.02775],[107.41886,21.03244],[107.41768,21.03167],[107.41623,21.02775]]],[[[107.4233,21.03524],[107.42165,21.03067],[107.42863,21.03335],[107.4233,21.03524]]],[[[107.4327,21.03339],[107.43381,21.03372],[107.43319,21.03442],[107.4327,21.03339]]],[[[107.43507,21.03403],[107.43419,21.03395],[107.4344,21.03378],[107.43507,21.03403]]],[[[107.43573,21.03347],[107.43671,21.03588],[107.43587,21.0351],[107.43573,21.03347]]],[[[107.4347,21.0353],[107.43395,21.03607],[107.43253,21.0354],[107.4347,21.0353]]],[[[107.42928,21.03611],[107.42868,21.03517],[107.42986,21.03528],[107.42928,21.03611]]],[[[107.42654,21.03577],[107.42713,21.03552],[107.42678,21.03638],[107.42654,21.03577]]],[[[107.43363,21.03647],[107.43397,21.03753],[107.43352,21.03743],[107.43363,21.03647]]],[[[107.4175,21.03911],[107.41791,21.04],[107.41697,21.04001],[107.4175,21.03911]]],[[[107.42052,21.04292],[107.42056,21.04403],[107.4195,21.04365],[107.42052,21.04292]]],[[[107.41166,21.04358],[107.4121,21.04344],[107.41217,21.04392],[107.41166,21.04358]]],[[[107.41183,21.04432],[107.41221,21.04447],[107.4121,21.04467],[107.41183,21.04432]]],[[[107.42192,21.04644],[107.42184,21.04573],[107.42233,21.04584],[107.42192,21.04644]]],[[[107.44325,21.0494],[107.43965,21.04318],[107.44565,21.04611],[107.44325,21.0494]]],[[[107.41856,21.04634],[107.42027,21.04728],[107.42,21.04791],[107.41856,21.04634]]],[[[107.43626,21.0485],[107.43604,21.04563],[107.43674,21.04718],[107.43626,21.0485]]],[[[107.42429,21.0487],[107.42229,21.04772],[107.42463,21.04572],[107.42429,21.0487]]],[[[107.43168,21.04791],[107.43171,21.04765],[107.43206,21.04774],[107.43168,21.04791]]],[[[107.4182,21.04931],[107.41586,21.04866],[107.41635,21.04724],[107.4182,21.04931]]],[[[107.43976,21.04836],[107.44043,21.0489],[107.44005,21.04925],[107.43976,21.04836]]],[[[107.44088,21.04905],[107.44059,21.04884],[107.4413,21.04887],[107.44088,21.04905]]],[[[107.42718,21.05046],[107.42549,21.05013],[107.42606,21.049],[107.42718,21.05046]]],[[[107.41565,21.05053],[107.41555,21.05036],[107.41586,21.05017],[107.41565,21.05053]]],[[[107.43824,21.05065],[107.43794,21.05013],[107.43821,21.05031],[107.43824,21.05065]]],[[[107.4453,21.05054],[107.44552,21.05083],[107.44525,21.05084],[107.4453,21.05054]]],[[[107.44604,21.05047],[107.44638,21.05124],[107.44596,21.05125],[107.44604,21.05047]]],[[[107.44151,21.05143],[107.44168,21.05143],[107.44136,21.05229],[107.44151,21.05143]]],[[[107.44433,21.05006],[107.44599,21.05427],[107.44443,21.05371],[107.44433,21.05006]]],[[[107.42254,21.05247],[107.4238,21.0539],[107.42301,21.05411],[107.42254,21.05247]]],[[[107.44183,21.05376],[107.44152,21.05318],[107.4422,21.05285],[107.44183,21.05376]]],[[[107.43125,21.05472],[107.43095,21.05462],[107.43141,21.05428],[107.43125,21.05472]]],[[[107.44236,21.05557],[107.44145,21.05542],[107.44174,21.05459],[107.44236,21.05557]]],[[[107.43805,21.0575],[107.43095,21.05333],[107.43171,21.05281],[107.43805,21.0575]]],[[[107.43017,21.05706],[107.42767,21.05651],[107.42804,21.05574],[107.43017,21.05706]]],[[[107.43337,21.05888],[107.43417,21.06034],[107.43302,21.06037],[107.43337,21.05888]]],[[[107.4459,21.06443],[107.44618,21.06234],[107.44991,21.06347],[107.4459,21.06443]]],[[[107.4457,21.06453],[107.44674,21.06946],[107.44045,21.06486],[107.4457,21.06453]]],[[[107.43675,21.06866],[107.43688,21.06873],[107.43655,21.06917],[107.43675,21.06866]]],[[[107.42866,21.2723],[107.42824,21.27072],[107.42961,21.27146],[107.42866,21.2723]]],[[[107.43535,21.27549],[107.43181,21.27353],[107.43129,21.27047],[107.43611,21.27257],[107.43535,21.27549]]],[[[107.43862,21.27548],[107.43716,21.27597],[107.43638,21.27294],[107.43862,21.27548]]],[[[107.42532,21.2759],[107.42419,21.27571],[107.42339,21.27453],[107.42532,21.2759]]],[[[107.42819,21.27936],[107.44357,21.28157],[107.44245,21.28225],[107.43793,21.2817],[107.43083,21.28189],[107.42835,21.28243],[107.42819,21.27936]]],[[[107.43686,21.28295],[107.42588,21.28537],[107.42607,21.28219],[107.42686,21.28427],[107.42699,21.28312],[107.42636,21.28228],[107.42789,21.28408],[107.43686,21.28295]]],[[[107.4255,21.28793],[107.42639,21.28653],[107.42717,21.28698],[107.4255,21.28793]]],[[[107.42469,21.289],[107.42421,21.2902],[107.42343,21.28971],[107.42469,21.289]]],[[[107.45796,20.72723],[107.44854,20.72309],[107.44652,20.71826],[107.45383,20.71671],[107.459,20.71915],[107.46992,20.73062],[107.47196,20.74064],[107.45973,20.73207],[107.45796,20.72723]]],[[[107.47933,20.76882],[107.4725,20.76197],[107.48046,20.75708],[107.4875,20.763],[107.49306,20.77684],[107.49,20.77735],[107.48822,20.77152],[107.47933,20.76882]]],[[[107.48111,20.80089],[107.48221,20.80107],[107.48018,20.80289],[107.48111,20.80089]]],[[[107.4586,20.86603],[107.46057,20.86276],[107.4615,20.86414],[107.4586,20.86603]]],[[[107.46802,20.86445],[107.46362,20.87489],[107.45882,20.87413],[107.46199,20.87105],[107.46802,20.86445]]],[[[107.46737,20.8967],[107.46384,20.89735],[107.47042,20.88956],[107.46737,20.8967]]],[[[107.47706,20.90772],[107.47606,20.90805],[107.47573,20.9074],[107.47706,20.90772]]],[[[107.47561,20.97787],[107.47014,20.9747],[107.4677,20.96596],[107.46376,20.96527],[107.46479,20.96121],[107.46233,20.96168],[107.45812,20.95506],[107.45688,20.94627],[107.44308,20.93289],[107.45005,20.93396],[107.47279,20.95434],[107.4815,20.96817],[107.47561,20.97787]]],[[[107.55552,21.03698],[107.55137,21.04501],[107.55146,21.03084],[107.53643,21.00843],[107.53338,21.02013],[107.53718,21.04146],[107.52568,21.03013],[107.52326,21.02365],[107.51907,21.02312],[107.51046,21.00054],[107.50799,21.00187],[107.50651,20.99927],[107.511,21.01678],[107.5078,21.01593],[107.49192,20.99524],[107.48902,20.98614],[107.4886,20.98899],[107.48582,20.9882],[107.48724,20.98149],[107.47746,20.98518],[107.48256,20.97404],[107.48742,20.98002],[107.49216,20.97943],[107.48869,20.97218],[107.48939,20.95699],[107.48582,20.96305],[107.47396,20.94495],[107.47151,20.94605],[107.46451,20.93897],[107.43306,20.92099],[107.43517,20.91753],[107.42801,20.91695],[107.42618,20.91394],[107.4206,20.91544],[107.41895,20.91019],[107.40565,20.90277],[107.39483,20.90165],[107.39494,20.89407],[107.3992,20.89382],[107.39461,20.89083],[107.4065,20.89351],[107.40937,20.9002],[107.41683,20.90358],[107.45357,20.91655],[107.45849,20.91675],[107.46296,20.91272],[107.45019,20.90649],[107.46142,20.90567],[107.47652,20.91407],[107.47763,20.91072],[107.47951,20.91269],[107.48147,20.91041],[107.48388,20.91636],[107.49019,20.91371],[107.50689,20.92053],[107.50912,20.91684],[107.50882,20.92194],[107.51163,20.9194],[107.51574,20.92118],[107.52274,20.93071],[107.52141,20.93728],[107.5266,20.94021],[107.53711,20.96905],[107.53152,20.96965],[107.53267,20.97576],[107.53403,20.97148],[107.53883,20.9732],[107.54136,20.98064],[107.53641,20.98583],[107.54484,20.98199],[107.54559,20.98521],[107.5516,20.98554],[107.54728,20.98884],[107.55199,20.99597],[107.54822,20.99465],[107.54272,21.00364],[107.54622,21.00621],[107.54327,21.0079],[107.54565,21.00835],[107.54505,21.01923],[107.54674,21.02283],[107.5519,21.02283],[107.55097,21.0283],[107.55552,21.03698]]],[[[107.46589,20.97095],[107.46483,20.96991],[107.46646,20.96936],[107.46589,20.97095]]],[[[107.48204,20.97288],[107.48204,20.97262],[107.48271,20.97345],[107.48204,20.97288]]],[[[107.44919,20.97297],[107.44938,20.973],[107.44945,20.97436],[107.44919,20.97297]]],[[[107.4676,20.98061],[107.46591,20.97809],[107.46816,20.97797],[107.4676,20.98061]]],[[[107.47114,20.98425],[107.47232,20.97852],[107.46944,20.9762],[107.47418,20.97854],[107.47114,20.98425]]],[[[107.46875,20.98156],[107.46864,20.98182],[107.46848,20.98172],[107.46875,20.98156]]],[[[107.46712,20.99562],[107.4664,20.99541],[107.46651,20.9952],[107.46712,20.99562]]],[[[107.45916,20.99664],[107.45915,20.99643],[107.45948,20.99653],[107.45916,20.99664]]],[[[107.45454,21.01128],[107.45378,21.01084],[107.45459,21.00927],[107.45454,21.01128]]],[[[107.4741,21.01041],[107.47408,21.0108],[107.47311,21.00987],[107.4741,21.01041]]],[[[107.45077,21.01225],[107.44941,21.01015],[107.45129,21.00915],[107.45077,21.01225]]],[[[107.47532,21.01131],[107.47533,21.01116],[107.47575,21.01139],[107.47532,21.01131]]],[[[107.47443,21.01182],[107.4747,21.01199],[107.47395,21.01273],[107.47443,21.01182]]],[[[107.47797,21.01527],[107.47748,21.015],[107.47711,21.01284],[107.47797,21.01527]]],[[[107.4574,21.01617],[107.45709,21.01358],[107.4538,21.01448],[107.45689,21.01031],[107.45984,21.01478],[107.4574,21.01617]]],[[[107.44923,21.01464],[107.44925,21.01445],[107.44952,21.01447],[107.44923,21.01464]]],[[[107.45016,21.01548],[107.45031,21.01663],[107.4498,21.01653],[107.45016,21.01548]]],[[[107.47867,21.01631],[107.48048,21.01907],[107.47882,21.01871],[107.47867,21.01631]]],[[[107.47571,21.01954],[107.47513,21.01778],[107.47578,21.01765],[107.47571,21.01954]]],[[[107.4613,21.01987],[107.45903,21.02155],[107.46053,21.01921],[107.4613,21.01987]]],[[[107.45188,21.01955],[107.45187,21.01913],[107.45272,21.0191],[107.45188,21.01955]]],[[[107.47808,21.02088],[107.47816,21.02069],[107.47875,21.02144],[107.47808,21.02088]]],[[[107.45524,21.02202],[107.45369,21.02252],[107.45306,21.02075],[107.45524,21.02202]]],[[[107.45233,21.02606],[107.44726,21.02133],[107.45012,21.01733],[107.4515,21.01875],[107.45233,21.02606]]],[[[107.4853,21.02293],[107.48349,21.02221],[107.48447,21.02145],[107.4853,21.02293]]],[[[107.4989,21.02202],[107.4996,21.02205],[107.49951,21.02299],[107.4989,21.02202]]],[[[107.4717,21.0238],[107.47208,21.02373],[107.47211,21.02405],[107.4717,21.0238]]],[[[107.48392,21.02357],[107.48427,21.02382],[107.48365,21.02441],[107.48392,21.02357]]],[[[107.47554,21.02431],[107.47637,21.02512],[107.47535,21.02623],[107.47554,21.02431]]],[[[107.46076,21.02803],[107.45907,21.02422],[107.4624,21.02284],[107.46076,21.02803]]],[[[107.49336,21.02539],[107.49347,21.02614],[107.49283,21.02595],[107.49336,21.02539]]],[[[107.48777,21.02478],[107.48742,21.02717],[107.4867,21.02717],[107.48777,21.02478]]],[[[107.49515,21.02645],[107.49543,21.02646],[107.4949,21.02671],[107.49515,21.02645]]],[[[107.45508,21.03018],[107.4537,21.02644],[107.45599,21.02359],[107.45555,21.02758],[107.45508,21.03018]]],[[[107.47556,21.02704],[107.47569,21.02652],[107.47654,21.02686],[107.47556,21.02704]]],[[[107.49448,21.02753],[107.4945,21.0273],[107.49462,21.02731],[107.49448,21.02753]]],[[[107.48638,21.03135],[107.49044,21.02698],[107.49221,21.0287],[107.48638,21.03135]]],[[[107.48303,21.03084],[107.48284,21.02879],[107.48372,21.0285],[107.48303,21.03084]]],[[[107.4926,21.03229],[107.49138,21.0319],[107.49236,21.03036],[107.4926,21.03229]]],[[[107.48223,21.03162],[107.48309,21.03337],[107.48258,21.03337],[107.48223,21.03162]]],[[[107.49456,21.03297],[107.49535,21.03292],[107.49541,21.03344],[107.49456,21.03297]]],[[[107.49229,21.0365],[107.49037,21.03469],[107.4928,21.03364],[107.49229,21.0365]]],[[[107.50234,21.03637],[107.49959,21.03614],[107.50109,21.03462],[107.50234,21.03637]]],[[[107.50381,21.03604],[107.5027,21.03584],[107.50321,21.03536],[107.50381,21.03604]]],[[[107.49612,21.03643],[107.49628,21.03644],[107.49621,21.03678],[107.49612,21.03643]]],[[[107.50147,21.03937],[107.49673,21.03894],[107.49716,21.03355],[107.50035,21.03855],[107.50351,21.03725],[107.50147,21.03937]]],[[[107.50568,21.03708],[107.50561,21.03812],[107.5037,21.03667],[107.50568,21.03708]]],[[[107.50676,21.03804],[107.5069,21.0383],[107.5063,21.03853],[107.50676,21.03804]]],[[[107.49001,21.03981],[107.48684,21.03977],[107.48667,21.0379],[107.48937,21.03634],[107.49001,21.03981]]],[[[107.48827,21.0403],[107.48804,21.04027],[107.48795,21.03996],[107.48827,21.0403]]],[[[107.508,21.04092],[107.50804,21.04067],[107.50977,21.04145],[107.508,21.04092]]],[[[107.51047,21.04268],[107.51016,21.03991],[107.51097,21.03983],[107.51047,21.04268]]],[[[107.49791,21.04321],[107.49346,21.04132],[107.49519,21.0397],[107.49791,21.04321]]],[[[107.51126,21.04332],[107.51204,21.04327],[107.51193,21.044],[107.51126,21.04332]]],[[[107.48177,21.04458],[107.48322,21.0454],[107.48283,21.04542],[107.48177,21.04458]]],[[[107.46296,21.05097],[107.4635,21.05113],[107.46331,21.05133],[107.46296,21.05097]]],[[[107.46961,21.05402],[107.46797,21.0519],[107.46992,21.05113],[107.46961,21.05402]]],[[[107.49186,21.05326],[107.49142,21.05307],[107.49169,21.05228],[107.49186,21.05326]]],[[[107.46032,21.05398],[107.45842,21.05361],[107.45898,21.05316],[107.46032,21.05398]]],[[[107.46909,21.05394],[107.46932,21.05401],[107.46918,21.05444],[107.46909,21.05394]]],[[[107.49557,21.05457],[107.49541,21.05434],[107.49583,21.05417],[107.49557,21.05457]]],[[[107.47134,21.0548],[107.4717,21.0548],[107.4715,21.05517],[107.47134,21.0548]]],[[[107.46767,21.05529],[107.4675,21.05474],[107.46769,21.05472],[107.46767,21.05529]]],[[[107.49393,21.05722],[107.49262,21.05536],[107.49704,21.05524],[107.49393,21.05722]]],[[[107.47078,21.05503],[107.46932,21.05762],[107.46867,21.05668],[107.47078,21.05503]]],[[[107.49326,21.05659],[107.4932,21.05758],[107.49152,21.05705],[107.49326,21.05659]]],[[[107.45924,21.05589],[107.45991,21.05627],[107.45907,21.05738],[107.45899,21.05702],[107.45924,21.05589]]],[[[107.46269,21.05657],[107.46249,21.0584],[107.46034,21.05647],[107.46269,21.05657]]],[[[107.46668,21.06046],[107.46392,21.05898],[107.46539,21.05853],[107.46668,21.06046]]],[[[107.47048,21.05876],[107.47054,21.06049],[107.46991,21.0602],[107.47048,21.05876]]],[[[107.50436,21.06135],[107.50053,21.05866],[107.50504,21.05813],[107.50436,21.06135]]],[[[107.50877,21.06071],[107.50861,21.06154],[107.50803,21.06154],[107.50877,21.06071]]],[[[107.45183,21.06124],[107.45202,21.06164],[107.45177,21.06155],[107.45183,21.06124]]],[[[107.51592,21.06696],[107.50607,21.06631],[107.50769,21.06495],[107.51258,21.06565],[107.51462,21.0615],[107.51592,21.06696]]],[[[107.49302,21.06489],[107.48853,21.06571],[107.48762,21.06284],[107.49036,21.06292],[107.49302,21.06489]]],[[[107.47501,21.0655],[107.47555,21.06617],[107.47453,21.06615],[107.47501,21.0655]]],[[[107.47566,21.06804],[107.47558,21.06657],[107.47727,21.06702],[107.47566,21.06804]]],[[[107.50858,21.06821],[107.5086,21.06851],[107.50792,21.06851],[107.50858,21.06821]]],[[[107.47887,21.0692],[107.47912,21.07022],[107.47862,21.07014],[107.47887,21.0692]]],[[[107.4573,21.07113],[107.45723,21.07167],[107.45648,21.07135],[107.4573,21.07113]]],[[[107.4968,21.07178],[107.50331,21.06718],[107.50702,21.07065],[107.51491,21.06936],[107.51437,21.0749],[107.4968,21.07178]]],[[[107.45336,21.07297],[107.45129,21.074],[107.45006,21.07156],[107.4508,21.07089],[107.45336,21.07297]]],[[[107.45908,21.07326],[107.4593,21.07366],[107.45896,21.07375],[107.45908,21.07326]]],[[[107.4586,21.07396],[107.45808,21.07406],[107.45836,21.07367],[107.4586,21.07396]]],[[[107.45449,21.07458],[107.45484,21.07481],[107.45475,21.07513],[107.45449,21.07458]]],[[[107.45582,21.07763],[107.45485,21.07768],[107.45498,21.07619],[107.45582,21.07763]]],[[[107.48552,21.07698],[107.4855,21.07724],[107.48487,21.07682],[107.48552,21.07698]]],[[[107.50012,21.07845],[107.49857,21.07779],[107.49876,21.07762],[107.50012,21.07845]]],[[[107.48627,21.07821],[107.4865,21.07848],[107.48612,21.07871],[107.48627,21.07821]]],[[[107.45703,21.07967],[107.45779,21.08059],[107.4571,21.08085],[107.45703,21.07967]]],[[[107.48168,21.08074],[107.48104,21.08188],[107.47983,21.08018],[107.48168,21.08074]]],[[[107.4848,21.0819],[107.48461,21.08221],[107.48461,21.0817],[107.4848,21.0819]]],[[[107.50969,21.08238],[107.5091,21.08198],[107.50943,21.0818],[107.50969,21.08238]]],[[[107.51235,21.08276],[107.51357,21.08249],[107.5131,21.08264],[107.51235,21.08276]]],[[[107.48332,21.08235],[107.48395,21.08316],[107.48243,21.08256],[107.48332,21.08235]]],[[[107.50903,21.08353],[107.50854,21.08337],[107.50858,21.08333],[107.50903,21.08353]]],[[[107.49114,21.08427],[107.48782,21.08468],[107.48755,21.08315],[107.48906,21.08283],[107.49114,21.08427]]],[[[107.48634,21.08501],[107.48506,21.08297],[107.48535,21.08282],[107.48634,21.08501]]],[[[107.46773,21.08422],[107.46748,21.08416],[107.46767,21.08397],[107.46773,21.08422]]],[[[107.46702,21.08476],[107.46624,21.0846],[107.46641,21.08431],[107.46702,21.08476]]],[[[107.51153,21.08509],[107.51119,21.08478],[107.51148,21.08456],[107.51153,21.08509]]],[[[107.49565,21.08963],[107.49058,21.08948],[107.49017,21.08543],[107.49281,21.08527],[107.49565,21.08963]]],[[[107.49328,21.09239],[107.49295,21.09231],[107.49318,21.09199],[107.49328,21.09239]]],[[[107.4991,21.09309],[107.49916,21.09183],[107.50286,21.09292],[107.4991,21.09309]]],[[[107.49216,21.09353],[107.49183,21.09352],[107.49198,21.09316],[107.49216,21.09353]]],[[[107.48367,21.09511],[107.48364,21.0947],[107.48412,21.09499],[107.48367,21.09511]]],[[[107.49979,21.09688],[107.49895,21.09617],[107.4992,21.09599],[107.49979,21.09688]]],[[[107.50335,21.10328],[107.50248,21.10273],[107.50359,21.1012],[107.50335,21.10328]]],[[[107.49587,21.2775],[107.49751,21.27644],[107.49762,21.2767],[107.49587,21.2775]]],[[[107.49712,21.27784],[107.49738,21.27706],[107.49784,21.27727],[107.49712,21.27784]]],[[[107.49604,21.2779],[107.4961,21.27841],[107.49531,21.27832],[107.49604,21.2779]]],[[[107.48821,21.28319],[107.48703,21.28378],[107.48724,21.28301],[107.48821,21.28319]]],[[[107.50771,21.28069],[107.50743,21.28515],[107.50262,21.28557],[107.5046,21.28278],[107.50771,21.28069]]],[[[107.45699,21.2837],[107.45752,21.28309],[107.45793,21.28336],[107.45699,21.2837]]],[[[107.45871,21.28399],[107.45914,21.28393],[107.45939,21.28432],[107.45871,21.28399]]],[[[107.48776,21.28505],[107.48903,21.28476],[107.48916,21.28514],[107.48776,21.28505]]],[[[107.4912,21.29007],[107.49081,21.2898],[107.49111,21.28954],[107.4912,21.29007]]],[[[107.47971,21.29437],[107.47749,21.29597],[107.47809,21.29491],[107.47971,21.29437]]],[[[107.49117,21.2976],[107.49097,21.29983],[107.49069,21.29981],[107.49117,21.2976]]],[[[107.48818,21.29989],[107.48878,21.29885],[107.49023,21.29958],[107.48818,21.29989]]],[[[107.55992,20.96537],[107.55634,20.96893],[107.55085,20.96372],[107.53647,20.94378],[107.53145,20.92709],[107.51927,20.9149],[107.49511,20.90673],[107.49176,20.90111],[107.48283,20.9016],[107.4771,20.8958],[107.50093,20.89656],[107.50432,20.89384],[107.51402,20.90405],[107.51187,20.88955],[107.49427,20.88654],[107.47918,20.88886],[107.47519,20.88594],[107.47605,20.88018],[107.48971,20.87304],[107.48842,20.86353],[107.48216,20.86023],[107.48388,20.84952],[107.47356,20.83184],[107.47084,20.82374],[107.47299,20.82104],[107.46845,20.8184],[107.47075,20.81439],[107.47982,20.81867],[107.4921,20.84479],[107.49305,20.85943],[107.50509,20.87558],[107.51837,20.88317],[107.52477,20.90289],[107.54349,20.92165],[107.56088,20.93387],[107.55763,20.93718],[107.55911,20.94257],[107.55429,20.94231],[107.55214,20.9457],[107.55352,20.95658],[107.55992,20.96537]]],[[[107.56828,20.98359],[107.56802,20.98715],[107.56558,20.98428],[107.56828,20.98359]]],[[[107.55644,21.00752],[107.55714,21.00748],[107.557,21.00816],[107.55644,21.00752]]],[[[107.55196,21.01132],[107.54984,21.01048],[107.55039,21.00948],[107.55196,21.01132]]],[[[107.55942,21.0126],[107.55966,21.01309],[107.55948,21.01313],[107.55942,21.0126]]],[[[107.55124,21.01378],[107.55124,21.01462],[107.55076,21.01453],[107.55124,21.01378]]],[[[107.53831,21.01572],[107.53759,21.01635],[107.5373,21.01607],[107.53831,21.01572]]],[[[107.53821,21.0222],[107.53782,21.02031],[107.53939,21.01974],[107.53821,21.0222]]],[[[107.51734,21.02319],[107.51685,21.02297],[107.51712,21.02257],[107.51734,21.02319]]],[[[107.5185,21.0243],[107.51859,21.02398],[107.51911,21.02427],[107.5185,21.0243]]],[[[107.54372,21.02538],[107.54419,21.02612],[107.54399,21.02623],[107.54372,21.02538]]],[[[107.54133,21.03381],[107.54065,21.02827],[107.53813,21.03029],[107.53802,21.02253],[107.54486,21.02885],[107.54133,21.03381]]],[[[107.51452,21.03261],[107.51161,21.03226],[107.51361,21.02937],[107.51452,21.03261]]],[[[107.55623,21.02959],[107.56061,21.03669],[107.55687,21.04477],[107.55705,21.03877],[107.55388,21.03035],[107.55623,21.02959]]],[[[107.56189,21.0379],[107.56114,21.03673],[107.56259,21.03605],[107.56189,21.0379]]],[[[107.51911,21.03702],[107.51895,21.03769],[107.51755,21.03739],[107.51911,21.03702]]],[[[107.54649,21.04375],[107.5443,21.03982],[107.54125,21.04136],[107.5416,21.03558],[107.54583,21.03178],[107.5455,21.03723],[107.54649,21.04375]]],[[[107.56398,21.04028],[107.56454,21.03783],[107.56549,21.0404],[107.56398,21.04028]]],[[[107.54512,21.04404],[107.54473,21.04454],[107.54456,21.04417],[107.54512,21.04404]]],[[[107.53885,21.04748],[107.53862,21.0479],[107.53833,21.04785],[107.53885,21.04748]]],[[[107.55722,21.04737],[107.55709,21.04822],[107.55656,21.04792],[107.55722,21.04737]]],[[[107.63141,21.12541],[107.58783,21.07209],[107.58352,21.04122],[107.59208,21.04181],[107.59001,21.03238],[107.58748,21.03736],[107.58108,21.02546],[107.57842,21.02926],[107.5736,21.02134],[107.57205,21.01009],[107.56524,20.99875],[107.56764,20.99327],[107.57233,20.99505],[107.57314,20.99141],[107.57584,20.99193],[107.57186,20.98486],[107.56819,20.98271],[107.56432,20.98277],[107.56351,20.96992],[107.57697,20.97958],[107.5852,21.00226],[107.58831,21.02279],[107.59765,21.03132],[107.59926,21.04856],[107.60799,21.06009],[107.63141,21.12541]]],[[[107.52714,21.04791],[107.52549,21.05244],[107.52453,21.04791],[107.52144,21.04813],[107.52383,21.04531],[107.52714,21.04791]]],[[[107.55282,21.05009],[107.55359,21.04784],[107.55428,21.04818],[107.55282,21.05009]]],[[[107.5636,21.05137],[107.56295,21.05067],[107.56395,21.04935],[107.5636,21.05137]]],[[[107.57974,21.05044],[107.58003,21.05057],[107.57979,21.05091],[107.57974,21.05044]]],[[[107.55881,21.05047],[107.56068,21.05028],[107.56067,21.051],[107.55881,21.05047]]],[[[107.52856,21.05253],[107.5277,21.05163],[107.52824,21.0511],[107.52856,21.05253]]],[[[107.53935,21.05909],[107.53719,21.05463],[107.53884,21.05325],[107.53935,21.05909]]],[[[107.52612,21.07309],[107.52633,21.0714],[107.52836,21.07092],[107.52577,21.06478],[107.51732,21.05825],[107.51906,21.05664],[107.51025,21.05562],[107.50805,21.0515],[107.49788,21.04714],[107.50204,21.04189],[107.49915,21.04054],[107.50753,21.03995],[107.50569,21.04583],[107.50905,21.04542],[107.50666,21.04352],[107.5123,21.04467],[107.51223,21.04672],[107.5071,21.0501],[107.50798,21.05123],[107.51737,21.04582],[107.52483,21.05601],[107.5332,21.05309],[107.52853,21.05892],[107.53282,21.05714],[107.53746,21.06342],[107.53277,21.06602],[107.53582,21.0661],[107.53505,21.06863],[107.52909,21.06475],[107.53354,21.07087],[107.52612,21.07309]]],[[[107.56099,21.05844],[107.56122,21.05903],[107.56092,21.05904],[107.56099,21.05844]]],[[[107.58037,21.05929],[107.58125,21.05932],[107.58074,21.05984],[107.58037,21.05929]]],[[[107.54282,21.06224],[107.54121,21.05937],[107.54378,21.05689],[107.54454,21.05797],[107.54282,21.06224]]],[[[107.54076,21.05956],[107.54058,21.06015],[107.54025,21.05997],[107.54076,21.05956]]],[[[107.5574,21.06962],[107.54788,21.05848],[107.55548,21.05616],[107.55347,21.05308],[107.54829,21.05351],[107.55587,21.0498],[107.5593,21.05525],[107.55616,21.05833],[107.5574,21.06962]]],[[[107.54849,21.06228],[107.54783,21.06307],[107.54727,21.06043],[107.54849,21.06228]]],[[[107.56901,21.06449],[107.56826,21.06695],[107.56745,21.06507],[107.56901,21.06449]]],[[[107.57077,21.06398],[107.57563,21.06243],[107.57473,21.06674],[107.57077,21.06398]]],[[[107.53779,21.06595],[107.53691,21.06494],[107.53782,21.06489],[107.53779,21.06595]]],[[[107.54719,21.06841],[107.54792,21.06647],[107.54971,21.06668],[107.54719,21.06841]]],[[[107.57082,21.06903],[107.57101,21.0686],[107.57121,21.06872],[107.57082,21.06903]]],[[[107.51857,21.06953],[107.51687,21.07006],[107.51677,21.06817],[107.51857,21.06953]]],[[[107.52388,21.07005],[107.52354,21.0698],[107.52389,21.06962],[107.52388,21.07005]]],[[[107.55116,21.07018],[107.55069,21.06995],[107.55129,21.06953],[107.55116,21.07018]]],[[[107.55815,21.0702],[107.55891,21.07049],[107.55886,21.07078],[107.55815,21.0702]]],[[[107.55867,21.07116],[107.55852,21.07098],[107.55911,21.07118],[107.55867,21.07116]]],[[[107.57253,21.07068],[107.57166,21.07348],[107.57136,21.07257],[107.57253,21.07068]]],[[[107.52359,21.07351],[107.52253,21.07257],[107.52469,21.07101],[107.52359,21.07351]]],[[[107.51643,21.07826],[107.51609,21.07721],[107.51676,21.07707],[107.51643,21.07826]]],[[[107.57927,21.07963],[107.57867,21.08009],[107.57872,21.07989],[107.57927,21.07963]]],[[[107.52475,21.08007],[107.52421,21.07983],[107.52438,21.07969],[107.52475,21.08007]]],[[[107.57652,21.08398],[107.57199,21.07998],[107.57404,21.0761],[107.57618,21.07753],[107.57652,21.08398]]],[[[107.52605,21.07971],[107.52707,21.0814],[107.52609,21.08118],[107.52605,21.07971]]],[[[107.51869,21.08391],[107.51899,21.08387],[107.51899,21.08459],[107.51869,21.08391]]],[[[107.57846,21.08939],[107.57723,21.08469],[107.57935,21.08487],[107.57846,21.08939]]],[[[107.51679,21.08608],[107.51576,21.08854],[107.51355,21.08719],[107.51679,21.08608]]],[[[107.58464,21.09173],[107.58207,21.0904],[107.58227,21.08401],[107.58385,21.08456],[107.58464,21.09173]]],[[[107.52777,21.09052],[107.52602,21.08802],[107.52861,21.08483],[107.52682,21.08861],[107.52777,21.09052]]],[[[107.53212,21.08767],[107.5324,21.08764],[107.53251,21.08797],[107.53212,21.08767]]],[[[107.52803,21.08816],[107.52766,21.08793],[107.5282,21.0879],[107.52803,21.08816]]],[[[107.5309,21.08858],[107.53084,21.08835],[107.53145,21.08838],[107.5309,21.08858]]],[[[107.52836,21.09018],[107.52878,21.0897],[107.52988,21.09094],[107.52836,21.09018]]],[[[107.58053,21.11929],[107.58325,21.12557],[107.57771,21.1188],[107.56319,21.11146],[107.55563,21.11368],[107.55799,21.11866],[107.54975,21.1145],[107.54533,21.09951],[107.53902,21.09854],[107.53872,21.09431],[107.53513,21.09505],[107.53553,21.09027],[107.54123,21.09344],[107.53765,21.09002],[107.53956,21.08868],[107.53319,21.08958],[107.53228,21.08413],[107.52901,21.08701],[107.53051,21.07847],[107.52527,21.07893],[107.53022,21.07605],[107.53164,21.07685],[107.53295,21.07526],[107.53753,21.07653],[107.53544,21.07327],[107.53864,21.06475],[107.54589,21.06827],[107.54589,21.07103],[107.5596,21.0729],[107.56245,21.08006],[107.56053,21.08447],[107.54792,21.08686],[107.54589,21.0849],[107.54313,21.08784],[107.55904,21.08777],[107.56698,21.08223],[107.57079,21.08396],[107.56934,21.08919],[107.57224,21.08951],[107.57955,21.10591],[107.57443,21.10329],[107.57454,21.10058],[107.57334,21.10216],[107.57459,21.10596],[107.58166,21.10893],[107.58053,21.11929]]],[[[107.58394,21.09635],[107.584,21.09738],[107.58356,21.09729],[107.58394,21.09635]]],[[[107.5888,21.10081],[107.58512,21.10102],[107.58346,21.09238],[107.58487,21.09224],[107.5888,21.10081]]],[[[107.53901,21.10427],[107.539,21.10416],[107.53965,21.10446],[107.53901,21.10427]]],[[[107.53526,21.10533],[107.53571,21.10514],[107.53586,21.10589],[107.53526,21.10533]]],[[[107.53729,21.10993],[107.53771,21.10699],[107.53951,21.10545],[107.53876,21.10679],[107.53729,21.10993]]],[[[107.53985,21.10979],[107.53976,21.10989],[107.53931,21.10915],[107.53985,21.10979]]],[[[107.5451,21.11016],[107.54428,21.11032],[107.54417,21.10913],[107.5451,21.11016]]],[[[107.60072,21.11224],[107.59784,21.11186],[107.59777,21.10913],[107.59974,21.10935],[107.60072,21.11224]]],[[[107.52025,21.11207],[107.51877,21.11082],[107.51991,21.11044],[107.52025,21.11207]]],[[[107.6146,21.11306],[107.61328,21.11236],[107.61407,21.11141],[107.6146,21.11306]]],[[[107.5422,21.11671],[107.54077,21.11345],[107.54286,21.11355],[107.5422,21.11671]]],[[[107.54916,21.11425],[107.55002,21.11548],[107.54954,21.11611],[107.54916,21.11425]]],[[[107.52514,21.11566],[107.52528,21.11543],[107.52543,21.11546],[107.5258,21.11489],[107.52647,21.11531],[107.52514,21.11566]]],[[[107.61798,21.1177],[107.6186,21.11986],[107.6176,21.11933],[107.61798,21.1177]]],[[[107.61929,21.12001],[107.61853,21.11942],[107.61864,21.11897],[107.61866,21.11943],[107.61929,21.12001]]],[[[107.60296,21.12069],[107.60737,21.11812],[107.609,21.12042],[107.60296,21.12069]]],[[[107.6104,21.12529],[107.60783,21.12329],[107.60882,21.12145],[107.61109,21.1231],[107.6104,21.12529]]],[[[107.60851,21.12736],[107.6056,21.12517],[107.60693,21.12315],[107.60892,21.12531],[107.60851,21.12736]]],[[[107.61138,21.12713],[107.61178,21.12528],[107.6127,21.12638],[107.61138,21.12713]]],[[[107.61041,21.12737],[107.60983,21.12741],[107.60996,21.12689],[107.61041,21.12737]]],[[[107.5829,21.13558],[107.57966,21.13975],[107.57249,21.13371],[107.56651,21.13802],[107.55627,21.12812],[107.55589,21.12254],[107.56435,21.11828],[107.5829,21.13558]]],[[[107.59285,21.13292],[107.58825,21.12968],[107.59026,21.12997],[107.59285,21.13292]]],[[[107.5899,21.15596],[107.58135,21.14924],[107.58151,21.14148],[107.58458,21.14321],[107.5899,21.15596]]],[[[107.60001,21.23252],[107.5948,21.23276],[107.59279,21.22928],[107.57929,21.22419],[107.59198,21.22619],[107.60001,21.23252]]],[[[107.61847,21.23118],[107.61305,21.22735],[107.61543,21.22744],[107.61847,21.23118]]],[[[107.58608,21.22946],[107.58525,21.23063],[107.58519,21.23054],[107.58608,21.22946]]],[[[107.59084,21.23009],[107.59087,21.23036],[107.59064,21.23039],[107.59084,21.23009]]],[[[107.58938,21.23024],[107.58944,21.23034],[107.58931,21.23037],[107.58938,21.23024]]],[[[107.59007,21.23238],[107.59084,21.23287],[107.59018,21.2333],[107.59007,21.23238]]],[[[107.61786,21.23461],[107.61698,21.2347],[107.61729,21.23459],[107.61786,21.23461]]],[[[107.59951,21.23586],[107.59817,21.2349],[107.59844,21.23454],[107.59951,21.23586]]],[[[107.58774,21.23603],[107.58806,21.23614],[107.58775,21.2363],[107.58774,21.23603]]],[[[107.59038,21.23594],[107.59109,21.23595],[107.59017,21.23906],[107.59038,21.23594]]],[[[107.58795,21.23786],[107.58743,21.23769],[107.58747,21.23745],[107.58795,21.23786]]],[[[107.63122,21.25958],[107.63253,21.25684],[107.62966,21.25515],[107.61998,21.25526],[107.62206,21.25107],[107.61502,21.25177],[107.61511,21.24809],[107.6066,21.24774],[107.6065,21.24507],[107.59552,21.24166],[107.59147,21.23691],[107.61323,21.24317],[107.60451,21.23819],[107.61008,21.23548],[107.6091,21.23303],[107.61572,21.23402],[107.614,21.23697],[107.61628,21.23922],[107.64165,21.25516],[107.61882,21.24668],[107.64299,21.26006],[107.63122,21.25958]]],[[[107.54639,21.25384],[107.54464,21.25537],[107.53679,21.25611],[107.54297,21.25327],[107.54639,21.25384]]],[[[107.57424,21.25652],[107.57103,21.25842],[107.57003,21.25868],[107.57083,21.2574],[107.57424,21.25652]]],[[[107.57815,21.25889],[107.5786,21.25943],[107.57792,21.25964],[107.57815,21.25889]]],[[[107.55666,21.26011],[107.55683,21.26053],[107.5565,21.26069],[107.55666,21.26011]]],[[[107.53346,21.26243],[107.53419,21.26369],[107.53253,21.26441],[107.53346,21.26243]]],[[[107.56834,21.27738],[107.5495,21.27223],[107.5373,21.26647],[107.53545,21.26195],[107.53813,21.2629],[107.5393,21.25854],[107.54557,21.25612],[107.5492,21.25956],[107.54638,21.26488],[107.55093,21.25931],[107.56015,21.26518],[107.55925,21.26151],[107.5566,21.25981],[107.55707,21.25812],[107.55118,21.25601],[107.55959,21.25355],[107.56575,21.26146],[107.56622,21.25908],[107.57739,21.25945],[107.57546,21.26255],[107.57871,21.26544],[107.57924,21.26539],[107.57889,21.26206],[107.58892,21.2617],[107.56834,21.27738]]],[[[107.53002,21.28539],[107.52841,21.28062],[107.52287,21.27918],[107.52931,21.26468],[107.53987,21.26965],[107.5344,21.27298],[107.54214,21.27171],[107.53929,21.27612],[107.54332,21.27274],[107.55403,21.27801],[107.55171,21.28],[107.55912,21.28073],[107.55438,21.28086],[107.55334,21.28385],[107.54937,21.28047],[107.53002,21.28539]]],[[[107.61431,21.28265],[107.6145,21.27985],[107.62031,21.28108],[107.61431,21.28265]]],[[[107.5815,21.2838],[107.5819,21.28345],[107.58256,21.28439],[107.5815,21.2838]]],[[[107.52272,21.28492],[107.5105,21.28657],[107.51584,21.28277],[107.52272,21.28492]]],[[[107.5814,21.28628],[107.57626,21.29087],[107.57319,21.29008],[107.57397,21.28552],[107.5814,21.28628]]],[[[107.59084,21.28919],[107.59192,21.28934],[107.59179,21.29029],[107.59084,21.28919]]],[[[107.61491,21.29045],[107.6135,21.28985],[107.61468,21.28982],[107.61491,21.29045]]],[[[107.60357,21.29036],[107.60355,21.29025],[107.60415,21.28978],[107.60357,21.29036]]],[[[107.608,21.29076],[107.60639,21.29052],[107.60761,21.28977],[107.608,21.29076]]],[[[107.59324,21.29125],[107.59201,21.29052],[107.59279,21.2904],[107.59324,21.29125]]],[[[107.61325,21.29207],[107.61091,21.29142],[107.61207,21.29107],[107.61325,21.29207]]],[[[107.58704,21.29924],[107.58705,21.29392],[107.59242,21.2911],[107.5889,21.29736],[107.58704,21.29924]]],[[[107.55231,21.29509],[107.5503,21.29835],[107.55037,21.29793],[107.55231,21.29509]]],[[[107.61856,21.30098],[107.61863,21.30048],[107.61904,21.30047],[107.61856,21.30098]]],[[[107.568,21.30813],[107.56806,21.30695],[107.5694,21.30904],[107.568,21.30813]]],[[[107.56727,21.31239],[107.56762,21.30892],[107.56955,21.31039],[107.56727,21.31239]]],[[[107.60265,21.31402],[107.60291,21.31359],[107.60403,21.31489],[107.60265,21.31402]]],[[[107.60144,21.31451],[107.60243,21.31437],[107.60225,21.31553],[107.60144,21.31451]]],[[[107.61163,21.31649],[107.61078,21.31768],[107.60992,21.31709],[107.61163,21.31649]]],[[[107.62044,21.32425],[107.61733,21.32563],[107.61721,21.32103],[107.62044,21.32425]]],[[[107.61622,21.32465],[107.61593,21.32431],[107.61684,21.32365],[107.61622,21.32465]]],[[[107.52613,21.32655],[107.52566,21.32634],[107.52565,21.32539],[107.52613,21.32655]]],[[[107.6184,21.32895],[107.6163,21.33189],[107.61728,21.32712],[107.6184,21.32895]]],[[[107.6199,21.33309],[107.61664,21.33326],[107.61862,21.32943],[107.6199,21.33309]]],[[[107.78471,20.97751],[107.78526,20.97378],[107.79239,20.97402],[107.78787,20.97591],[107.78471,20.97751]]],[[[107.79001,20.97865],[107.78944,20.97852],[107.78966,20.97812],[107.79001,20.97865]]],[[[107.81046,20.98768],[107.80701,20.98113],[107.80374,20.98104],[107.80553,20.97719],[107.81033,20.97939],[107.81046,20.98768]]],[[[107.7495,21.02392],[107.74113,21.02002],[107.73149,21.00606],[107.73851,20.999],[107.73473,20.99139],[107.74161,20.99051],[107.7563,20.98139],[107.76292,20.96876],[107.75949,20.96935],[107.7608,20.96482],[107.74891,20.95864],[107.74989,20.96572],[107.74738,20.96185],[107.74767,20.95362],[107.73844,20.94305],[107.74744,20.94728],[107.75066,20.95587],[107.76083,20.95571],[107.76443,20.96138],[107.77016,20.96282],[107.76842,20.96631],[107.78033,20.9713],[107.77567,20.97633],[107.77671,20.98347],[107.77173,20.98127],[107.77335,20.98323],[107.77007,20.98817],[107.76552,20.98564],[107.76434,20.98054],[107.76102,20.98225],[107.7615,20.99176],[107.76535,20.99809],[107.77112,20.99658],[107.77588,20.98923],[107.78082,20.98886],[107.77982,20.98082],[107.78734,20.98898],[107.77505,20.99572],[107.76074,21.01437],[107.75545,21.01255],[107.75116,21.01486],[107.7495,21.02392]]],[[[107.8029,20.98411],[107.80145,20.98716],[107.79903,20.98683],[107.79936,20.98367],[107.8029,20.98411]]],[[[107.79623,21.03515],[107.79498,21.03591],[107.79325,21.03321],[107.79623,21.03515]]],[[[107.82423,21.03405],[107.8222,21.03891],[107.81901,21.03753],[107.82062,21.03177],[107.82423,21.03405]]],[[[107.78052,21.0382],[107.77783,21.05146],[107.77298,21.04498],[107.76481,21.04462],[107.76166,21.03326],[107.78052,21.0382]]],[[[107.75592,21.05204],[107.75213,21.04786],[107.7567,21.0462],[107.75796,21.04814],[107.75592,21.05204]]],[[[107.77473,21.07507],[107.76939,21.06952],[107.77207,21.06626],[107.77529,21.06883],[107.77473,21.07507]]],[[[107.82101,21.07451],[107.82093,21.07344],[107.82163,21.07347],[107.82101,21.07451]]],[[[107.82068,21.11141],[107.81579,21.11616],[107.81178,21.11355],[107.81133,21.1082],[107.80232,21.10318],[107.80653,21.10345],[107.82068,21.11141]]],[[[107.61958,21.12041],[107.62027,21.12334],[107.61912,21.12134],[107.61958,21.12041]]],[[[107.6208,21.12208],[107.62088,21.12227],[107.62068,21.12235],[107.6208,21.12208]]],[[[107.801,21.13102],[107.79804,21.12997],[107.80262,21.12842],[107.801,21.13102]]],[[[107.80198,21.13175],[107.80108,21.1313],[107.80203,21.13076],[107.80198,21.13175]]],[[[107.79785,21.13033],[107.79739,21.13478],[107.79236,21.12934],[107.79563,21.13089],[107.79785,21.13033]]],[[[107.80068,21.13197],[107.80045,21.13257],[107.7999,21.13229],[107.80068,21.13197]]],[[[107.80012,21.13616],[107.79967,21.13721],[107.79907,21.13702],[107.80012,21.13616]]],[[[107.64289,21.13411],[107.64538,21.13349],[107.65107,21.14215],[107.64549,21.13971],[107.64289,21.13411]]],[[[107.79999,21.13886],[107.80021,21.1384],[107.8007,21.13863],[107.79999,21.13886]]],[[[107.68191,21.21429],[107.67729,21.21522],[107.67016,21.20832],[107.66228,21.1903],[107.65774,21.17417],[107.65962,21.16535],[107.6542,21.14868],[107.65844,21.14765],[107.65463,21.14632],[107.65631,21.1385],[107.66532,21.14571],[107.66386,21.16259],[107.67227,21.1852],[107.67458,21.20392],[107.68191,21.21429]]],[[[107.62485,21.1801],[107.62426,21.18106],[107.62289,21.17984],[107.62485,21.1801]]],[[[107.62738,21.19201],[107.62119,21.18375],[107.61721,21.17203],[107.6187,21.17247],[107.62738,21.19201]]],[[[107.66634,21.21503],[107.66671,21.21703],[107.66627,21.21646],[107.66634,21.21503]]],[[[107.69543,21.2341],[107.68155,21.22004],[107.68549,21.21965],[107.69543,21.2341]]],[[[107.62022,21.23238],[107.62065,21.23332],[107.62022,21.23301],[107.62022,21.23238]]],[[[107.63904,21.24258],[107.62821,21.23735],[107.62805,21.23415],[107.63459,21.23362],[107.63904,21.24258]]],[[[107.67949,21.26082],[107.67428,21.26],[107.67421,21.25683],[107.67496,21.25667],[107.67949,21.26082]]],[[[107.67807,21.26309],[107.67817,21.26272],[107.67965,21.26396],[107.67807,21.26309]]],[[[107.68365,21.26588],[107.68146,21.26567],[107.68104,21.26469],[107.68153,21.26446],[107.68365,21.26588]]],[[[107.69435,21.27079],[107.68347,21.26689],[107.69125,21.2662],[107.69435,21.27079]]],[[[107.64722,21.27427],[107.64002,21.26853],[107.64696,21.26667],[107.64722,21.27427]]],[[[107.66122,21.28231],[107.66301,21.28059],[107.66068,21.2782],[107.65903,21.2812],[107.65475,21.2762],[107.65226,21.27804],[107.65053,21.26957],[107.66676,21.27798],[107.6695,21.28113],[107.66122,21.28231]]],[[[107.70641,21.27862],[107.70301,21.27932],[107.70149,21.27599],[107.70311,21.27514],[107.70641,21.27862]]],[[[107.70063,21.3007],[107.68289,21.29446],[107.68214,21.29067],[107.67876,21.29253],[107.67885,21.28863],[107.67387,21.29093],[107.66793,21.28557],[107.67391,21.28051],[107.65228,21.26572],[107.68536,21.28512],[107.68874,21.29095],[107.69223,21.29198],[107.68993,21.28916],[107.69855,21.29356],[107.70165,21.29614],[107.69704,21.29501],[107.70063,21.3007]]],[[[107.62688,21.28862],[107.62828,21.28563],[107.62968,21.28536],[107.62688,21.28862]]],[[[107.62618,21.28935],[107.62675,21.29047],[107.62624,21.29032],[107.62618,21.28935]]],[[[107.76664,21.29651],[107.75401,21.29135],[107.75126,21.28405],[107.75503,21.28295],[107.77583,21.29427],[107.78993,21.29313],[107.79518,21.29562],[107.76664,21.29651]]],[[[107.64886,21.30217],[107.64803,21.30162],[107.65053,21.30074],[107.64886,21.30217]]],[[[107.62024,21.30283],[107.61912,21.30205],[107.62223,21.30131],[107.62024,21.30283]]],[[[107.65856,21.30578],[107.664,21.3045],[107.66317,21.3062],[107.65856,21.30578]]],[[[107.6566,21.30969],[107.65472,21.307],[107.65667,21.30562],[107.65777,21.30697],[107.6566,21.30969]]],[[[107.63476,21.31274],[107.63378,21.31351],[107.63325,21.31299],[107.63476,21.31274]]],[[[107.81333,21.31622],[107.81085,21.31598],[107.81145,21.31554],[107.81333,21.31622]]],[[[107.80293,21.31648],[107.80661,21.31614],[107.80608,21.31696],[107.80293,21.31648]]],[[[107.69282,21.32098],[107.69218,21.32052],[107.69369,21.31988],[107.69282,21.32098]]],[[[107.77393,21.32379],[107.7729,21.32322],[107.77322,21.32277],[107.77393,21.32379]]],[[[107.68748,21.32671],[107.68736,21.32561],[107.68813,21.32588],[107.68748,21.32671]]],[[[107.81434,21.35831],[107.7945,21.35075],[107.77085,21.33631],[107.76758,21.33061],[107.76146,21.32871],[107.76696,21.33177],[107.76264,21.33256],[107.74555,21.32584],[107.72712,21.31198],[107.72578,21.31376],[107.7036,21.30138],[107.71644,21.30345],[107.72848,21.31179],[107.73537,21.30914],[107.73134,21.30266],[107.74683,21.30687],[107.75855,21.31735],[107.77253,21.32399],[107.77414,21.32389],[107.77568,21.3225],[107.7782,21.3227],[107.78194,21.32718],[107.79669,21.33216],[107.79809,21.33827],[107.80137,21.33642],[107.80216,21.34013],[107.80645,21.34511],[107.81003,21.3438],[107.81717,21.35069],[107.82302,21.35193],[107.81901,21.35391],[107.81948,21.35714],[107.81434,21.35831]]],[[[107.68671,21.33148],[107.68871,21.33058],[107.68846,21.33175],[107.68671,21.33148]]],[[[107.67097,21.33434],[107.67019,21.33409],[107.67048,21.33308],[107.67097,21.33434]]],[[[107.67234,21.33997],[107.67263,21.33954],[107.67333,21.33952],[107.67234,21.33997]]],[[[107.80434,21.34197],[107.80487,21.33993],[107.80603,21.34081],[107.80434,21.34197]]],[[[107.68762,21.3428],[107.68721,21.34041],[107.68913,21.34015],[107.68762,21.3428]]],[[[107.67464,21.34183],[107.674,21.34235],[107.67412,21.34203],[107.67464,21.34183]]],[[[107.67473,21.34453],[107.67423,21.34442],[107.67527,21.34288],[107.67473,21.34453]]],[[[107.732,21.34364],[107.73193,21.34403],[107.73157,21.34399],[107.732,21.34364]]],[[[107.68989,21.34435],[107.68928,21.3438],[107.6897,21.34353],[107.68989,21.34435]]],[[[107.67598,21.34592],[107.67725,21.34337],[107.6782,21.34386],[107.67598,21.34592]]],[[[107.6737,21.34584],[107.67369,21.3448],[107.67469,21.34541],[107.6737,21.34584]]],[[[107.67463,21.34644],[107.67465,21.34663],[107.67445,21.34665],[107.67463,21.34644]]],[[[107.72634,21.35229],[107.72385,21.35042],[107.72476,21.3459],[107.72602,21.34696],[107.72634,21.35229]]],[[[107.69205,21.34995],[107.69092,21.34849],[107.69245,21.34847],[107.69205,21.34995]]],[[[107.6924,21.35285],[107.69,21.35217],[107.6922,21.35084],[107.6924,21.35285]]],[[[107.69425,21.35215],[107.69382,21.35275],[107.69359,21.35237],[107.69425,21.35215]]],[[[107.68494,21.35354],[107.68755,21.35296],[107.68703,21.35364],[107.68494,21.35354]]],[[[107.68226,21.35454],[107.68312,21.35501],[107.68292,21.35513],[107.68226,21.35454]]],[[[107.72711,21.35492],[107.72588,21.35612],[107.72542,21.35521],[107.72711,21.35492]]],[[[107.70923,21.35762],[107.70888,21.35801],[107.70852,21.35733],[107.70923,21.35762]]],[[[107.68862,21.35757],[107.68893,21.35778],[107.68867,21.35781],[107.68862,21.35757]]],[[[107.69726,21.35873],[107.6972,21.35906],[107.69705,21.35886],[107.69726,21.35873]]],[[[107.69698,21.35895],[107.69694,21.35923],[107.69678,21.35921],[107.69698,21.35895]]],[[[107.69393,21.36028],[107.69279,21.35996],[107.69425,21.35965],[107.69393,21.36028]]],[[[107.69794,21.35998],[107.69769,21.36109],[107.697,21.36035],[107.69794,21.35998]]],[[[107.71558,21.36521],[107.71578,21.36475],[107.71618,21.36478],[107.71558,21.36521]]],[[[107.75526,21.37252],[107.74278,21.36915],[107.74404,21.36275],[107.74951,21.36106],[107.75577,21.36173],[107.75843,21.36522],[107.76107,21.36378],[107.76088,21.36842],[107.75526,21.37252]]],[[[107.64934,21.37872],[107.6501,21.38036],[107.64769,21.37967],[107.64621,21.37428],[107.64733,21.3733],[107.64934,21.37872]]],[[[107.66479,21.377],[107.66576,21.38011],[107.66501,21.38084],[107.66351,21.3801],[107.66479,21.377]]],[[[107.76459,21.38203],[107.76383,21.38308],[107.76392,21.38222],[107.76459,21.38203]]],[[[107.76357,21.38677],[107.76267,21.38334],[107.76621,21.3832],[107.76627,21.38458],[107.76357,21.38677]]],[[[107.67832,21.39135],[107.68235,21.38083],[107.68722,21.38279],[107.67832,21.39135]]],[[[107.76676,21.38817],[107.76469,21.38751],[107.76511,21.38632],[107.76676,21.38817]]],[[[107.76834,21.38825],[107.76846,21.3886],[107.76812,21.38871],[107.76834,21.38825]]],[[[107.76738,21.38867],[107.76708,21.3887],[107.76734,21.38833],[107.76738,21.38867]]],[[[107.76653,21.38857],[107.76678,21.38858],[107.76654,21.38881],[107.76653,21.38857]]],[[[107.76828,21.38989],[107.7675,21.38952],[107.76762,21.38888],[107.76828,21.38989]]],[[[107.68253,21.3906],[107.68102,21.39196],[107.68105,21.39169],[107.68253,21.3906]]],[[[107.69388,21.39709],[107.69043,21.39765],[107.68761,21.38988],[107.68966,21.38627],[107.69529,21.38868],[107.69388,21.39709]]],[[[107.66474,21.39516],[107.66634,21.39533],[107.66386,21.39654],[107.66474,21.39516]]],[[[107.6722,21.39558],[107.67387,21.39471],[107.67318,21.39601],[107.6722,21.39558]]],[[[107.78099,21.39508],[107.78192,21.3959],[107.78171,21.39755],[107.78108,21.3974],[107.78099,21.39508]]],[[[107.67348,21.39653],[107.67845,21.3942],[107.67874,21.4052],[107.67281,21.40037],[107.67348,21.39653]]],[[[107.78264,21.3994],[107.78252,21.39909],[107.78356,21.39976],[107.78264,21.3994]]],[[[107.78479,21.40108],[107.78503,21.40174],[107.78257,21.40084],[107.78479,21.40108]]],[[[107.72545,21.4079],[107.72207,21.39997],[107.72443,21.39611],[107.72545,21.4079]]],[[[107.70214,21.40482],[107.70387,21.40783],[107.69676,21.40687],[107.69924,21.40665],[107.70214,21.40482]]],[[[107.72742,21.408],[107.72788,21.40942],[107.7273,21.40952],[107.72742,21.408]]],[[[107.83417,21.41243],[107.83257,21.41201],[107.83343,21.41133],[107.83417,21.41243]]],[[[107.77809,21.45198],[107.77887,21.45229],[107.77816,21.45319],[107.77809,21.45198]]],[[[107.77895,21.45304],[107.77975,21.45356],[107.77854,21.45425],[107.77895,21.45304]]],[[[107.79964,21.46809],[107.79708,21.46723],[107.79756,21.46695],[107.79964,21.46809]]],[[[107.79869,21.49161],[107.79834,21.49166],[107.79948,21.48968],[107.79869,21.49161]]],[[[107.80048,21.49284],[107.79799,21.49448],[107.80046,21.49092],[107.80048,21.49284]]],[[[107.79226,21.49299],[107.79242,21.49316],[107.7918,21.49329],[107.79226,21.49299]]],[[[107.80361,21.49671],[107.80564,21.49465],[107.8059,21.49682],[107.80361,21.49671]]],[[[107.82269,21.50525],[107.81852,21.51144],[107.81737,21.50997],[107.81129,21.50894],[107.80872,21.50514],[107.81001,21.49207],[107.81287,21.49188],[107.81047,21.48811],[107.81497,21.48349],[107.81957,21.48526],[107.81973,21.49007],[107.81538,21.48896],[107.82034,21.49175],[107.82115,21.49886],[107.81766,21.49981],[107.82198,21.50007],[107.82048,21.50636],[107.82269,21.50525]]],[[[107.80334,21.49823],[107.80324,21.49772],[107.80371,21.49774],[107.80334,21.49823]]],[[[107.80263,21.49637],[107.80194,21.50175],[107.79806,21.49923],[107.79904,21.49849],[107.80263,21.49637]]],[[[107.79274,21.49991],[107.78984,21.50106],[107.7887,21.50031],[107.7901,21.49846],[107.79274,21.49991]]],[[[107.78236,21.50359],[107.7812,21.50067],[107.78684,21.49828],[107.7838,21.50065],[107.78236,21.50359]]],[[[107.78941,21.50115],[107.78573,21.50288],[107.78553,21.50038],[107.78941,21.50115]]],[[[107.79922,21.50256],[107.79865,21.50366],[107.79676,21.50155],[107.79922,21.50256]]],[[[107.78198,21.50385],[107.78075,21.50439],[107.78041,21.50354],[107.78198,21.50385]]],[[[107.80704,21.50395],[107.80742,21.50432],[107.80675,21.50441],[107.80704,21.50395]]],[[[107.82991,21.50569],[107.82985,21.50625],[107.82875,21.50602],[107.82991,21.50569]]],[[[107.79004,21.51259],[107.78861,21.50877],[107.79628,21.50201],[107.7981,21.50389],[107.79456,21.51],[107.79004,21.51259]]],[[[107.75733,21.50781],[107.75915,21.50574],[107.76262,21.50832],[107.76135,21.50945],[107.75733,21.50781]]],[[[107.76375,21.5084],[107.76478,21.50897],[107.76365,21.50904],[107.76375,21.5084]]],[[[107.81991,21.51109],[107.82133,21.50893],[107.82296,21.50798],[107.82285,21.51149],[107.81991,21.51109]]],[[[107.81722,21.51344],[107.81771,21.5123],[107.81832,21.51263],[107.81722,21.51344]]],[[[107.82251,21.51313],[107.82322,21.5128],[107.82276,21.51368],[107.82251,21.51313]]],[[[107.82038,21.51653],[107.82062,21.51625],[107.82101,21.51826],[107.82038,21.51653]]],[[[107.82186,21.51792],[107.82202,21.51771],[107.82262,21.51873],[107.82186,21.51792]]],[[[107.821,21.51881],[107.82137,21.51797],[107.82147,21.51839],[107.821,21.51881]]],[[[107.83321,21.52037],[107.83314,21.52135],[107.8321,21.52125],[107.83321,21.52037]]],[[[107.86244,21.02765],[107.85814,21.03317],[107.86104,21.03967],[107.85656,21.04474],[107.84403,21.03821],[107.83923,21.04343],[107.83579,21.04286],[107.83148,21.03061],[107.8238,21.03024],[107.8142,21.01455],[107.81677,21.01209],[107.80635,21.00507],[107.80784,20.9988],[107.81266,20.99894],[107.80484,20.99539],[107.80463,20.99214],[107.81068,20.98851],[107.81236,20.98408],[107.82042,20.98361],[107.81863,20.99138],[107.8298,21.00057],[107.83403,20.99861],[107.83299,21.00673],[107.84133,21.01636],[107.84843,21.02083],[107.85183,21.01927],[107.85291,21.02457],[107.86244,21.02765]]],[[[107.86082,21.0251],[107.86047,21.02463],[107.86271,21.02384],[107.86082,21.0251]]],[[[107.83704,21.04645],[107.83713,21.04711],[107.83516,21.04574],[107.83704,21.04645]]],[[[107.85223,21.05253],[107.84998,21.05111],[107.85216,21.05027],[107.85223,21.05253]]],[[[107.86565,21.0551],[107.86536,21.06067],[107.86333,21.06084],[107.86112,21.05323],[107.86565,21.0551]]],[[[107.86048,21.1316],[107.85771,21.13101],[107.86019,21.12833],[107.86094,21.12848],[107.86048,21.1316]]],[[[107.85082,21.13463],[107.84912,21.14078],[107.84667,21.14182],[107.84785,21.13448],[107.85082,21.13463]]],[[[107.86407,21.14726],[107.86887,21.13899],[107.87127,21.14394],[107.86407,21.14726]]],[[[107.84502,21.14782],[107.84145,21.14732],[107.84285,21.14661],[107.84502,21.14782]]],[[[107.86317,21.16049],[107.85366,21.15691],[107.85129,21.15269],[107.86143,21.15568],[107.86317,21.16049]]],[[[107.86815,21.16655],[107.86051,21.16194],[107.86424,21.16394],[107.86226,21.16146],[107.86698,21.16041],[107.86815,21.16655]]],[[[108.02153,21.19197],[108.0158,21.19643],[108.01047,21.19093],[108.01948,21.18848],[108.02153,21.19197]]],[[[108.00869,21.2042],[108.00995,21.20477],[108.00965,21.20542],[108.00869,21.2042]]],[[[108.01149,21.20557],[108.01336,21.20263],[108.01555,21.2061],[108.01149,21.20557]]],[[[107.97289,21.24953],[107.96049,21.24705],[107.96431,21.24449],[107.95787,21.24533],[107.94749,21.23605],[107.955,21.23401],[107.95689,21.23029],[107.968,21.23225],[107.97766,21.22985],[107.98152,21.24165],[107.97791,21.24209],[107.97289,21.24953]]],[[[107.99964,21.39433],[108.00552,21.3968],[107.96187,21.39667],[107.90571,21.38136],[107.88612,21.38364],[107.87212,21.38182],[107.86797,21.37834],[107.86322,21.38091],[107.84855,21.37361],[107.83993,21.3728],[107.8278,21.36481],[107.84015,21.36544],[107.84942,21.37194],[107.85408,21.36875],[107.85603,21.37232],[107.85918,21.36835],[107.87643,21.3756],[107.87577,21.37278],[107.88441,21.37534],[107.89037,21.37072],[107.88852,21.36593],[107.8798,21.36713],[107.87674,21.36219],[107.86817,21.36042],[107.8683,21.35681],[107.84587,21.34746],[107.84951,21.35431],[107.85247,21.35347],[107.84998,21.35787],[107.84201,21.34452],[107.84619,21.33935],[107.87963,21.35674],[107.90385,21.36008],[107.90999,21.35704],[107.92313,21.36238],[107.92919,21.36199],[107.92986,21.35871],[107.93735,21.35623],[107.94828,21.35667],[107.96726,21.37775],[107.99133,21.39105],[107.99771,21.38922],[107.99964,21.39433]]],[[[107.84585,21.37484],[107.85076,21.3765],[107.8494,21.37732],[107.84585,21.37484]]],[[[107.9013,21.41624],[107.90052,21.41768],[107.89942,21.41713],[107.9013,21.41624]]],[[[107.90774,21.4169],[107.90802,21.41715],[107.90772,21.41778],[107.90774,21.4169]]],[[[107.91311,21.42199],[107.91065,21.42069],[107.91343,21.41839],[107.91311,21.42199]]],[[[107.90341,21.42077],[107.90398,21.42024],[107.90401,21.42072],[107.90341,21.42077]]],[[[107.9146,21.42086],[107.91649,21.42247],[107.91553,21.42376],[107.9146,21.42086]]],[[[107.93931,21.42697],[107.93154,21.43137],[107.92978,21.42571],[107.92848,21.42529],[107.9277,21.42525],[107.92584,21.42536],[107.92391,21.42583],[107.92228,21.42512],[107.92138,21.42171],[107.92444,21.42093],[107.92206,21.41797],[107.93229,21.41421],[107.93255,21.41789],[107.93437,21.41435],[107.9366,21.41925],[107.93675,21.41915],[107.93678,21.41883],[107.9365,21.41781],[107.93682,21.41554],[107.93719,21.41526],[107.94273,21.41894],[107.94341,21.42472],[107.93925,21.42321],[107.94048,21.42534],[107.9363,21.42441],[107.93356,21.4245],[107.93391,21.42494],[107.93931,21.42697]]],[[[107.93144,21.43247],[107.91574,21.42752],[107.91871,21.4267],[107.91625,21.42378],[107.91993,21.42167],[107.92207,21.42518],[107.92309,21.42587],[107.9295,21.42573],[107.92904,21.42938],[107.92799,21.42909],[107.92653,21.42906],[107.93144,21.43247]]],[[[107.9186,21.4402],[107.91648,21.43796],[107.91751,21.44031],[107.9138,21.44],[107.91039,21.42404],[107.91388,21.425],[107.91334,21.42907],[107.92913,21.43381],[107.9197,21.43517],[107.92035,21.43525],[107.92138,21.43499],[107.9229,21.43526],[107.92898,21.43503],[107.9186,21.4402]]],[[[107.95516,21.43643],[107.95516,21.43623],[107.9557,21.43621],[107.95516,21.43643]]],[[[107.95846,21.43998],[107.95843,21.44035],[107.95733,21.44067],[107.95846,21.43998]]],[[[107.95071,21.43931],[107.95134,21.43924],[107.95109,21.44059],[107.95071,21.43931]]],[[[107.9659,21.44117],[107.96599,21.44092],[107.9671,21.44133],[107.9659,21.44117]]],[[[107.92679,21.44177],[107.92691,21.44176],[107.92607,21.44373],[107.92679,21.44177]]],[[[107.96226,21.44364],[107.96227,21.44313],[107.96253,21.44319],[107.96226,21.44364]]],[[[107.95807,21.44461],[107.95821,21.44405],[107.95845,21.44426],[107.95807,21.44461]]],[[[107.95715,21.4444],[107.95728,21.44409],[107.95778,21.44421],[107.95715,21.4444]]],[[[107.94545,21.44727],[107.94624,21.44653],[107.94685,21.44706],[107.94545,21.44727]]],[[[107.92618,21.46466],[107.92627,21.46542],[107.92127,21.45993],[107.91606,21.45912],[107.9154,21.44821],[107.92002,21.44472],[107.91842,21.44937],[107.92055,21.44504],[107.92428,21.44993],[107.92408,21.4522],[107.9215,21.45286],[107.92101,21.45367],[107.92152,21.45481],[107.92353,21.45519],[107.92356,21.45494],[107.92322,21.45456],[107.92249,21.45428],[107.92158,21.45424],[107.92126,21.45332],[107.92532,21.45189],[107.9218,21.44449],[107.92548,21.44374],[107.92452,21.4462],[107.92526,21.44936],[107.92595,21.44998],[107.92656,21.45007],[107.92788,21.44888],[107.92856,21.45031],[107.92854,21.44977],[107.92832,21.44908],[107.92778,21.44869],[107.9258,21.44967],[107.92494,21.44666],[107.9276,21.44152],[107.9287,21.44396],[107.92894,21.44317],[107.92863,21.4421],[107.92811,21.44118],[107.9285,21.44064],[107.93341,21.44273],[107.92924,21.43996],[107.93694,21.43694],[107.94407,21.43805],[107.94241,21.44348],[107.93889,21.44206],[107.93311,21.44674],[107.94294,21.44487],[107.93418,21.45156],[107.937,21.45223],[107.9358,21.45416],[107.93461,21.45517],[107.93321,21.45482],[107.93,21.45661],[107.93018,21.45676],[107.93066,21.4568],[107.93321,21.45512],[107.93519,21.45623],[107.93233,21.45738],[107.9329,21.45961],[107.9283,21.46183],[107.92618,21.46466]]],[[[107.93639,21.45386],[107.93667,21.45375],[107.93654,21.45412],[107.93639,21.45386]]],[[[107.93607,21.4545],[107.93656,21.45446],[107.93641,21.45479],[107.93607,21.4545]]],[[[107.93515,21.45479],[107.93579,21.45444],[107.93544,21.45518],[107.93515,21.45479]]],[[[107.93577,21.45504],[107.9365,21.45505],[107.93598,21.45615],[107.93577,21.45504]]],[[[107.93474,21.45679],[107.93567,21.45669],[107.9352,21.4569],[107.93474,21.45679]]],[[[107.94512,21.45779],[107.94604,21.45567],[107.94639,21.45552],[107.94722,21.45683],[107.94512,21.45779]]],[[[107.93734,21.45774],[107.93756,21.45762],[107.93771,21.45837],[107.93734,21.45774]]],[[[107.94536,21.45829],[107.94611,21.45798],[107.9458,21.45857],[107.94536,21.45829]]],[[[107.93353,21.46141],[107.93386,21.4577],[107.93675,21.4569],[107.93353,21.46141]]],[[[107.93707,21.45911],[107.93721,21.4591],[107.93697,21.46082],[107.93707,21.45911]]],[[[107.96011,21.46003],[107.96035,21.45901],[107.96147,21.46276],[107.96011,21.46003]]],[[[107.9502,21.46297],[107.94924,21.4612],[107.94999,21.46091],[107.9502,21.46297]]],[[[107.9219,21.46316],[107.91879,21.46688],[107.91786,21.46181],[107.91579,21.45982],[107.9219,21.46316]]],[[[107.92803,21.46362],[107.92829,21.46329],[107.92834,21.46353],[107.92803,21.46362]]],[[[107.92648,21.46571],[107.92655,21.46548],[107.9272,21.46611],[107.92648,21.46571]]],[[[107.97003,21.46744],[107.96911,21.46802],[107.96916,21.46406],[107.97003,21.46744]]],[[[107.91386,21.46019],[107.91781,21.46385],[107.91847,21.46706],[107.91629,21.46996],[107.9166,21.47218],[107.91213,21.46683],[107.91386,21.46019]]],[[[107.95975,21.46649],[107.96035,21.46545],[107.96051,21.46572],[107.95975,21.46649]]],[[[107.98424,21.46694],[107.98461,21.46854],[107.98448,21.46846],[107.98424,21.46694]]],[[[107.97186,21.46749],[107.97243,21.46676],[107.97239,21.46957],[107.97186,21.46749]]],[[[107.96472,21.47175],[107.96185,21.4684],[107.96329,21.46485],[107.96345,21.46801],[107.96472,21.47175]]],[[[107.98306,21.46871],[107.98265,21.4679],[107.98349,21.46823],[107.98306,21.46871]]],[[[107.97078,21.46969],[107.96834,21.47583],[107.96529,21.46163],[107.96862,21.46888],[107.97078,21.46969]]],[[[107.95792,21.46873],[107.95954,21.46707],[107.96025,21.46936],[107.95792,21.46873]]],[[[107.9165,21.46978],[107.91772,21.46838],[107.9175,21.47098],[107.9165,21.46978]]],[[[107.98336,21.47007],[107.98319,21.46903],[107.98397,21.47001],[107.98336,21.47007]]],[[[107.97749,21.46946],[107.97763,21.46937],[107.97799,21.47098],[107.97749,21.46946]]],[[[107.95324,21.47026],[107.95469,21.47078],[107.95432,21.4711],[107.95324,21.47026]]],[[[107.95719,21.47071],[107.95764,21.47171],[107.95673,21.47245],[107.95746,21.47154],[107.95719,21.47071]]],[[[107.95856,21.47179],[107.96093,21.47001],[107.96379,21.47318],[107.96156,21.47481],[107.95856,21.47179]]],[[[107.92229,21.47464],[107.91942,21.47485],[107.91761,21.47212],[107.91839,21.47181],[107.92229,21.47464]]],[[[107.98503,21.4735],[107.98497,21.47511],[107.98346,21.47387],[107.98503,21.4735]]],[[[107.98691,21.47245],[107.98835,21.47559],[107.9876,21.47604],[107.9875,21.47504],[107.98691,21.47245]]],[[[107.92334,21.47431],[107.92351,21.47444],[107.92334,21.47485],[107.92334,21.47431]]],[[[107.96971,21.47482],[107.97071,21.47477],[107.97007,21.47574],[107.96971,21.47482]]],[[[107.98611,21.47595],[107.9867,21.47446],[107.98712,21.47568],[107.98611,21.47595]]],[[[107.97191,21.47384],[107.97197,21.4765],[107.96763,21.47798],[107.96847,21.4762],[107.97033,21.47603],[107.97191,21.47384]]],[[[107.96666,21.47406],[107.96737,21.47573],[107.96646,21.47736],[107.96666,21.47406]]],[[[107.92237,21.47725],[107.92079,21.47651],[107.92362,21.47483],[107.92237,21.47725]]],[[[107.92795,21.48093],[107.92396,21.47904],[107.92513,21.47838],[107.92795,21.48093]]],[[[107.93882,21.48078],[107.9379,21.47967],[107.9392,21.4789],[107.93882,21.48078]]],[[[108.09292,21.47904],[108.09234,21.48275],[108.0911,21.48006],[108.09292,21.47904]]],[[[107.96991,21.48202],[107.96892,21.47986],[107.97145,21.47946],[107.96924,21.47991],[107.96991,21.48202]]],[[[107.92918,21.48941],[107.9269,21.48561],[107.92882,21.48619],[107.92918,21.48941]]],[[[107.92517,21.48828],[107.92421,21.48763],[107.92534,21.48775],[107.92517,21.48828]]],[[[107.92471,21.48817],[107.92506,21.48881],[107.92437,21.4883],[107.92471,21.48817]]],[[[107.82976,21.50067],[107.83448,21.49084],[107.83245,21.4822],[107.83598,21.47612],[107.84593,21.49048],[107.84211,21.49093],[107.84008,21.49181],[107.82976,21.50067]]],[[[107.91057,21.48884],[107.91075,21.48939],[107.90903,21.4889],[107.91057,21.48884]]],[[[107.94645,21.49288],[107.9459,21.49208],[107.94699,21.49279],[107.94645,21.49288]]],[[[107.92897,21.48971],[107.93343,21.493],[107.93407,21.49739],[107.92983,21.49414],[107.92897,21.48971]]],[[[107.92828,21.49372],[107.92747,21.49498],[107.92761,21.49419],[107.92828,21.49372]]],[[[108.02345,21.49465],[108.02875,21.49693],[108.02745,21.49968],[108.02029,21.49727],[108.02345,21.49465]]],[[[107.93364,21.49718],[107.93315,21.49867],[107.93227,21.49764],[107.93364,21.49718]]],[[[107.93359,21.49791],[107.93399,21.4975],[107.93376,21.49868],[107.93359,21.49791]]],[[[108.03253,21.49856],[108.0353,21.50033],[108.02876,21.50007],[108.03253,21.49856]]],[[[108.04101,21.50111],[108.04073,21.50104],[108.04124,21.5004],[108.04101,21.50111]]],[[[107.90768,21.50156],[107.9083,21.50159],[107.90788,21.50208],[107.90768,21.50156]]],[[[107.88295,21.50433],[107.8798,21.50403],[107.88199,21.50001],[107.88295,21.50433]]],[[[107.9094,21.50193],[107.90996,21.50202],[107.90872,21.50265],[107.9094,21.50193]]],[[[107.91017,21.50265],[107.91526,21.50295],[107.91431,21.50491],[107.91017,21.50265]]],[[[108.03658,21.50438],[108.03411,21.50949],[108.02632,21.50867],[108.02986,21.50549],[108.02383,21.50728],[108.02551,21.50549],[108.02461,21.4999],[108.03658,21.50438]]],[[[107.90357,21.50544],[107.90366,21.50498],[107.90403,21.50511],[107.90357,21.50544]]],[[[107.90238,21.50535],[107.90285,21.50512],[107.90295,21.50547],[107.90238,21.50535]]],[[[107.90676,21.50568],[107.90747,21.50559],[107.90744,21.50605],[107.90676,21.50568]]],[[[107.87767,21.50533],[107.87866,21.5052],[107.87788,21.50599],[107.87767,21.50533]]],[[[108.01367,21.50612],[108.01373,21.50582],[108.01473,21.50636],[108.01367,21.50612]]],[[[107.90198,21.50636],[107.90257,21.50609],[107.90274,21.50669],[107.90198,21.50636]]],[[[108.01487,21.50608],[108.0173,21.5068],[108.01771,21.50838],[108.01706,21.50727],[108.01487,21.50608]]],[[[107.92405,21.50755],[107.92379,21.50728],[107.92449,21.50731],[107.92405,21.50755]]],[[[107.90114,21.50735],[107.90184,21.50828],[107.90149,21.50847],[107.90114,21.50735]]],[[[108.03633,21.5107],[108.03949,21.50336],[108.04522,21.50909],[108.03633,21.5107]]],[[[108.02584,21.5086],[108.01872,21.50958],[108.02214,21.50875],[108.02584,21.5086]]],[[[107.90119,21.50874],[107.902,21.50866],[107.90184,21.50879],[107.90119,21.50874]]],[[[108.03494,21.50941],[108.03629,21.50777],[108.03624,21.50944],[108.03494,21.50941]]],[[[107.89953,21.50947],[107.89926,21.50914],[107.90079,21.50907],[107.89953,21.50947]]],[[[108.05459,21.51154],[108.05037,21.51076],[108.05119,21.50974],[108.05459,21.51154]]],[[[108.01876,21.51104],[108.01837,21.51052],[108.01964,21.51067],[108.01876,21.51104]]],[[[108.04835,21.5103],[108.04558,21.51191],[108.04703,21.50984],[108.04835,21.5103]]],[[[107.89996,21.51103],[107.9,21.51449],[107.89688,21.51645],[107.89666,21.51552],[107.89996,21.51103]]],[[[108.03966,21.51869],[108.02714,21.51562],[108.01858,21.51629],[108.02562,21.51396],[108.03966,21.51869]]],[[[107.9116,21.51816],[107.91203,21.51942],[107.9117,21.51934],[107.9116,21.51816]]],[[[108.01257,21.51979],[108.01231,21.51982],[108.01329,21.51905],[108.01257,21.51979]]],[[[107.8358,21.52539],[107.83459,21.5237],[107.83387,21.52096],[107.83683,21.52196],[107.8358,21.52539]]],[[[107.89448,21.52625],[107.8936,21.52737],[107.89235,21.52456],[107.89448,21.52625]]],[[[108.04736,21.53148],[108.04349,21.53609],[108.03804,21.5319],[108.0447,21.52463],[108.04903,21.52816],[108.04263,21.53025],[108.04736,21.53148]]]]}},{"type":"Feature","properties":{"id":"26","ma_tinh":"44","ten_tinh":"Quảng Trị","sap_nhap":"Quảng Trị, Quảng Bình","quy_mo":"78 đơn vị (8 phường, 69 xã và 1 đặc khu Cồn Cỏ)","tru_so":"Số 6 Hùng Vương, Đồng Hới, Quảng Trị","loai":"Tỉnh","cap":1,"stt":19,"dtich_km2":12699.99,"dan_so":1870844,"matdo_km2":147.31,"NAME_1":"Quảng Trị","GID_1":"44"},"geometry":{"type":"MultiPolygon","coordinates":[[[[107.06114,16.54567],[107.07447,16.54238],[107.07679,16.54626],[107.08715,16.5457],[107.09212,16.55063],[107.10173,16.55272],[107.12152,16.55195],[107.12315,16.56068],[107.12823,16.56571],[107.14083,16.57187],[107.15418,16.57506],[107.15708,16.57312],[107.16951,16.57875],[107.17837,16.57648],[107.18406,16.58046],[107.20262,16.58274],[107.20622,16.57881],[107.22846,16.57922],[107.23918,16.58222],[107.24475,16.58775],[107.25092,16.57701],[107.27127,16.56555],[107.27674,16.57256],[107.28695,16.57528],[107.30155,16.58653],[107.31275,16.57931],[107.32295,16.58375],[107.32658,16.58629],[107.32427,16.59834],[107.33446,16.59877],[107.32485,16.605],[107.32855,16.60803],[107.3207,16.62008],[107.31015,16.62538],[107.31538,16.64035],[107.31158,16.63539],[107.30695,16.64072],[107.3221,16.65383],[107.32535,16.64249],[107.32891,16.64255],[107.32872,16.64999],[107.31829,16.66229],[107.33038,16.66616],[107.32393,16.66989],[107.3333,16.67527],[107.33684,16.68406],[107.35013,16.69676],[107.35814,16.6986],[107.35867,16.70312],[107.35113,16.70832],[107.35577,16.70978],[107.36931,16.73325],[107.38946,16.74292],[107.34569,16.77417],[107.35144,16.76803],[107.35041,16.76559],[107.34982,16.7659],[107.34933,16.76952],[107.34593,16.77266],[107.34517,16.77465],[107.29671,16.8109],[107.23392,16.86523],[107.19988,16.90618],[107.19164,16.90276],[107.19193,16.91071],[107.17245,16.92829],[107.14572,16.95985],[107.12203,16.99426],[107.11357,17.01341],[107.10664,17.0138],[107.11181,17.0174],[107.11087,17.0241],[107.11376,17.02563],[107.10978,17.03819],[107.11607,17.0445],[107.11215,17.07005],[107.11785,17.07627],[107.1146,17.0813],[107.11769,17.08549],[107.11295,17.08579],[107.09629,17.09979],[107.0463,17.12486],[107.04568,17.12583],[107.05011,17.12399],[106.99007,17.16427],[106.81195,17.29929],[106.75894,17.3444],[106.70699,17.39461],[106.65615,17.4502],[106.63279,17.48418],[106.6285,17.48534],[106.62918,17.49333],[106.58412,17.55434],[106.58267,17.55287],[106.54781,17.61924],[106.54085,17.62279],[106.52941,17.63748],[106.50328,17.67982],[106.49594,17.70201],[106.48879,17.7049],[106.48753,17.71494],[106.46371,17.75999],[106.44966,17.80397],[106.44429,17.83807],[106.44913,17.8645],[106.45563,17.87752],[106.46016,17.87944],[106.47237,17.90679],[106.48336,17.9209],[106.49719,17.9213],[106.50249,17.92395],[106.50619,17.93323],[106.51448,17.94067],[106.51892,17.93814],[106.52409,17.94005],[106.52223,17.94422],[106.50955,17.94238],[106.50496,17.95581],[106.51071,17.95991],[106.4955,17.96062],[106.47929,17.95325],[106.46494,17.95593],[106.45021,17.94955],[106.44465,17.95178],[106.44426,17.96884],[106.43588,17.97278],[106.4228,17.9695],[106.41715,17.97471],[106.40941,17.97291],[106.40039,17.9817],[106.38703,17.98244],[106.36096,17.99093],[106.34931,17.98889],[106.34099,17.99181],[106.32862,17.97992],[106.32385,17.96276],[106.30513,17.96276],[106.2977,17.95366],[106.29621,17.94528],[106.2874,17.94282],[106.28084,17.93305],[106.28666,17.92602],[106.2857,17.91921],[106.28194,17.91941],[106.28024,17.91575],[106.26867,17.92],[106.26316,17.91381],[106.24074,17.93045],[106.23602,17.92706],[106.22271,17.92976],[106.20731,17.9255],[106.2,17.91635],[106.18985,17.92356],[106.172,17.91435],[106.13997,17.91866],[106.13773,17.92161],[106.13112,17.92041],[106.11898,17.92757],[106.0759,17.93288],[106.04564,17.94613],[106.04945,17.95821],[106.0475,17.96433],[106.05874,17.97464],[106.06205,17.98484],[106.07132,17.99476],[106.05312,18.01965],[106.0493,18.02074],[106.04915,18.02594],[106.03974,18.02724],[106.02843,18.02249],[106.02061,18.02496],[106.01579,18.03436],[105.99483,18.05104],[105.99267,18.05772],[105.98575,18.06407],[105.97507,18.06213],[105.96816,18.05497],[105.9633,18.05952],[105.95045,18.05826],[105.95038,18.06598],[105.94611,18.07299],[105.93114,18.08944],[105.91832,18.08072],[105.91019,18.08869],[105.89527,18.09014],[105.8825,18.08272],[105.874,18.06827],[105.82601,18.06289],[105.81301,18.05265],[105.8279,18.04727],[105.83531,18.04111],[105.82897,18.03167],[105.81661,18.03799],[105.80769,18.03169],[105.81003,18.02604],[105.78839,18.02522],[105.77756,18.01697],[105.76997,18.02346],[105.75871,18.02546],[105.75025,18.03401],[105.7399,18.03723],[105.73053,18.03404],[105.72065,18.02135],[105.72222,18.00791],[105.71492,18.00427],[105.706,17.99244],[105.64354,17.99245],[105.64242,17.9619],[105.63906,17.95859],[105.63553,17.96037],[105.63524,17.95692],[105.62867,17.95243],[105.62793,17.94487],[105.62291,17.94204],[105.62255,17.91928],[105.61702,17.90432],[105.60805,17.89544],[105.60885,17.89042],[105.61197,17.88929],[105.61087,17.88642],[105.61537,17.88033],[105.62743,17.87614],[105.62796,17.87037],[105.63645,17.86562],[105.63981,17.85794],[105.66195,17.8559],[105.67441,17.84655],[105.67754,17.83502],[105.68304,17.83455],[105.68433,17.81891],[105.67985,17.81343],[105.67524,17.79491],[105.68909,17.78462],[105.69328,17.76984],[105.70242,17.76063],[105.71195,17.75598],[105.71834,17.75662],[105.72216,17.7498],[105.7303,17.74502],[105.72925,17.72285],[105.73648,17.71953],[105.74351,17.72262],[105.75089,17.66845],[105.761,17.66659],[105.76923,17.67472],[105.78168,17.67622],[105.78374,17.67056],[105.79168,17.67014],[105.79898,17.65792],[105.80496,17.6603],[105.80619,17.65509],[105.81687,17.64438],[105.82329,17.65318],[105.82935,17.65427],[105.83229,17.63407],[105.83626,17.62993],[105.84069,17.6351],[105.84487,17.63139],[105.8552,17.63431],[105.85342,17.62026],[105.85833,17.62375],[106.09214,17.36019],[106.1047,17.3524],[106.1107,17.35334],[106.11013,17.35061],[106.12396,17.33947],[106.1344,17.33554],[106.13609,17.32915],[106.14469,17.325],[106.14232,17.32133],[106.14569,17.31821],[106.14306,17.31541],[106.14571,17.31143],[106.16152,17.30491],[106.16691,17.29724],[106.17152,17.29819],[106.17857,17.29343],[106.19737,17.27441],[106.20797,17.2712],[106.22407,17.26064],[106.23205,17.25156],[106.2452,17.25014],[106.25091,17.24428],[106.25398,17.2532],[106.26214,17.25354],[106.27572,17.26177],[106.27884,17.26693],[106.28106,17.27698],[106.27517,17.28576],[106.27529,17.2959],[106.30404,17.29518],[106.3085,17.27082],[106.30538,17.25707],[106.30872,17.25756],[106.30858,17.25271],[106.31432,17.25352],[106.31861,17.249],[106.31779,17.24513],[106.30852,17.24238],[106.30796,17.23893],[106.31352,17.23939],[106.31732,17.23546],[106.3241,17.23828],[106.3345,17.23309],[106.33421,17.22674],[106.32894,17.22484],[106.32508,17.21593],[106.31447,17.21989],[106.31158,17.21712],[106.30701,17.21823],[106.30775,17.2137],[106.30285,17.20891],[106.32654,17.19914],[106.32805,17.19754],[106.32108,17.19163],[106.32555,17.18877],[106.32665,17.18103],[106.33862,17.16771],[106.35621,17.15878],[106.34759,17.14799],[106.35338,17.14693],[106.35651,17.13463],[106.37054,17.12439],[106.37334,17.11101],[106.38446,17.10407],[106.39116,17.10348],[106.39329,17.09889],[106.4077,17.08877],[106.40967,17.08153],[106.41757,17.0783],[106.40216,17.05159],[106.41526,17.03715],[106.42575,17.03201],[106.42334,17.02964],[106.42754,17.01871],[106.42739,17.00617],[106.43376,17.00322],[106.43868,16.99554],[106.46048,17.00085],[106.4633,16.98953],[106.47171,16.98306],[106.48747,16.98299],[106.49454,16.97787],[106.49827,16.98012],[106.50558,16.97355],[106.51459,16.97138],[106.53129,16.97831],[106.53688,16.99287],[106.54364,16.99555],[106.54626,17.00887],[106.55021,17.00772],[106.54749,16.926],[106.52415,16.92546],[106.5256,16.92186],[106.51937,16.922],[106.51621,16.91003],[106.52038,16.902],[106.51678,16.897],[106.51865,16.88964],[106.53136,16.88306],[106.53923,16.87287],[106.55116,16.86784],[106.5522,16.69429],[106.55818,16.6738],[106.56676,16.66143],[106.56764,16.65245],[106.56427,16.64355],[106.58985,16.6237],[106.5909,16.6169],[106.58197,16.61017],[106.58608,16.60112],[106.59773,16.6063],[106.61465,16.60632],[106.62676,16.6011],[106.62445,16.5881],[106.62811,16.58211],[106.63139,16.58365],[106.63166,16.59102],[106.64563,16.59408],[106.65676,16.58148],[106.66734,16.58419],[106.66222,16.57267],[106.67237,16.55991],[106.66063,16.55472],[106.64753,16.5405],[106.64704,16.52231],[106.65303,16.51874],[106.65335,16.51073],[106.66544,16.50292],[106.65945,16.49257],[106.66407,16.48662],[106.66098,16.47289],[106.67328,16.47634],[106.67576,16.45234],[106.68368,16.45802],[106.69328,16.44922],[106.68702,16.4446],[106.68742,16.43931],[106.69543,16.43987],[106.71575,16.433],[106.72673,16.42506],[106.73021,16.42875],[106.72407,16.43473],[106.73489,16.43917],[106.73413,16.42531],[106.73997,16.41079],[106.74601,16.41694],[106.74581,16.42399],[106.76316,16.42504],[106.77201,16.43187],[106.7754,16.45904],[106.7708,16.46763],[106.79196,16.4735],[106.80216,16.46359],[106.82883,16.52175],[106.8227,16.52923],[106.8296,16.53686],[106.83077,16.54893],[106.86301,16.54136],[106.86831,16.53309],[106.87476,16.5326],[106.87882,16.52484],[106.88675,16.5217],[106.89082,16.51117],[106.8873,16.50952],[106.88959,16.50175],[106.88648,16.49086],[106.87796,16.48297],[106.87637,16.47026],[106.88452,16.46774],[106.8886,16.45189],[106.87166,16.43588],[106.87183,16.42869],[106.88745,16.42127],[106.89145,16.4266],[106.90009,16.42641],[106.89142,16.40863],[106.89611,16.40182],[106.89761,16.39199],[106.91495,16.37992],[106.91832,16.37341],[106.95264,16.35844],[106.96334,16.35848],[106.96739,16.34761],[106.96655,16.30501],[106.97081,16.30183],[106.99044,16.30887],[106.99537,16.30767],[107.00597,16.31342],[107.01566,16.30814],[107.01517,16.30314],[107.02061,16.30283],[107.02803,16.31134],[107.04635,16.29952],[107.05217,16.3067],[107.07168,16.30378],[107.08209,16.31367],[107.08167,16.32038],[107.06302,16.33224],[107.06183,16.34793],[107.05329,16.34613],[107.05136,16.3496],[107.04132,16.34934],[107.03945,16.35662],[107.03449,16.35856],[107.03622,16.36708],[107.04536,16.38037],[107.05837,16.38464],[107.05906,16.39661],[107.0562,16.40036],[107.06142,16.41167],[107.07901,16.40052],[107.09091,16.40409],[107.0947,16.39822],[107.09532,16.40386],[107.11181,16.38567],[107.12331,16.38591],[107.12824,16.38213],[107.13939,16.3895],[107.14678,16.38594],[107.15301,16.38961],[107.14102,16.40612],[107.14358,16.41249],[107.14077,16.41645],[107.14511,16.42011],[107.14403,16.42823],[107.14871,16.43456],[107.14729,16.43763],[107.13782,16.43989],[107.13878,16.44335],[107.12962,16.44927],[107.1357,16.45626],[107.1298,16.47546],[107.1197,16.48794],[107.10597,16.49518],[107.09864,16.49113],[107.09524,16.50438],[107.08194,16.50311],[107.0797,16.5089],[107.0677,16.51053],[107.05958,16.51753],[107.05549,16.52423],[107.06236,16.5369],[107.06114,16.54567]]],[[[106.4955,17.91445],[106.49378,17.91446],[106.49524,17.90683],[106.4955,17.91445]]],[[[106.67115,17.91355],[106.66992,17.91168],[106.67453,17.91242],[106.67115,17.91355]]],[[[106.52494,17.93699],[106.5276,17.93535],[106.52608,17.93275],[106.53385,17.93116],[106.53509,17.93598],[106.52494,17.93699]]],[[[107.35009,16.76754],[107.34979,16.76876],[107.34996,16.76682],[107.35009,16.76754]]],[[[107.33249,17.16342],[107.3316,17.15802],[107.33722,17.15095],[107.34308,17.15028],[107.34831,17.15661],[107.34134,17.16628],[107.33249,17.16342]]]]}},{"type":"Feature","properties":{"id":"27","ma_tinh":"14","ten_tinh":"Sơn La","sap_nhap":"không sáp nhập","quy_mo":"75 đơn vị (8 phường, 67 xã)","tru_so":"Đang cập nhật","loai":"Tỉnh","cap":1,"stt":15,"dtich_km2":14108.89,"dan_so":1404587,"matdo_km2":99.55,"NAME_1":"Sơn La","GID_1":"14"},"geometry":{"type":"Polygon","coordinates":[[[103.79977,20.85007],[103.80289,20.85364],[103.81153,20.85366],[103.80921,20.86611],[103.81502,20.86471],[103.82192,20.87152],[103.83057,20.8726],[103.83995,20.86324],[103.8501,20.86128],[103.85756,20.87281],[103.87807,20.89041],[103.88164,20.89844],[103.88777,20.89952],[103.89625,20.90702],[103.91747,20.90036],[103.92856,20.90426],[103.93739,20.90237],[103.94351,20.8939],[103.96107,20.89952],[103.96958,20.90592],[103.9738,20.91437],[103.97794,20.90965],[103.99062,20.9093],[103.99441,20.90385],[104.01999,20.90553],[104.03082,20.90249],[104.04842,20.9139],[104.04797,20.93154],[104.05388,20.93491],[104.05735,20.94161],[104.05123,20.9508],[104.06566,20.95501],[104.07169,20.96111],[104.07969,20.9589],[104.09217,20.96483],[104.1041,20.97865],[104.11342,20.97151],[104.12229,20.96958],[104.13168,20.94882],[104.13689,20.94801],[104.157,20.95563],[104.17834,20.95396],[104.18844,20.9569],[104.19446,20.94578],[104.2038,20.94661],[104.21288,20.94282],[104.21499,20.93813],[104.228,20.93888],[104.23002,20.93423],[104.24106,20.93286],[104.24191,20.92665],[104.23528,20.91857],[104.23939,20.91746],[104.23733,20.91332],[104.23983,20.90834],[104.25188,20.90019],[104.25732,20.89854],[104.26347,20.90807],[104.25943,20.91238],[104.2619,20.91785],[104.27447,20.92116],[104.27953,20.92702],[104.29095,20.92325],[104.29439,20.91592],[104.2919,20.91257],[104.29571,20.90875],[104.30279,20.90898],[104.31244,20.90382],[104.31843,20.89342],[104.32698,20.88932],[104.33162,20.88253],[104.33494,20.8721],[104.32622,20.8602],[104.3284,20.85621],[104.33623,20.86017],[104.34025,20.85096],[104.34667,20.85153],[104.34697,20.84541],[104.35193,20.84357],[104.35289,20.83901],[104.35673,20.83972],[104.36288,20.83499],[104.36932,20.82431],[104.37836,20.82027],[104.3803,20.82481],[104.37796,20.82732],[104.38193,20.82899],[104.39416,20.82241],[104.41933,20.79538],[104.42795,20.79213],[104.4309,20.79739],[104.44774,20.79897],[104.45088,20.78265],[104.46846,20.77941],[104.47042,20.77362],[104.48362,20.76792],[104.48208,20.75973],[104.48937,20.74486],[104.48853,20.72864],[104.4948,20.71477],[104.51146,20.71565],[104.50649,20.71058],[104.52075,20.7005],[104.52528,20.70223],[104.52968,20.71336],[104.53542,20.71728],[104.54135,20.71474],[104.55227,20.7225],[104.56634,20.71669],[104.5875,20.69503],[104.58393,20.68295],[104.59189,20.67505],[104.60255,20.67209],[104.63626,20.67219],[104.63954,20.66275],[104.63803,20.65183],[104.65598,20.63522],[104.66162,20.62396],[104.671,20.62322],[104.68365,20.61154],[104.68335,20.59619],[104.69327,20.59808],[104.69553,20.60404],[104.72263,20.60354],[104.72342,20.59175],[104.74027,20.5736],[104.75551,20.57757],[104.76077,20.58503],[104.76604,20.585],[104.76963,20.57701],[104.7771,20.57473],[104.78078,20.57594],[104.7792,20.57963],[104.78228,20.58392],[104.7931,20.58178],[104.80012,20.58412],[104.80282,20.5871],[104.79837,20.59613],[104.80074,20.60449],[104.7973,20.61907],[104.80373,20.6208],[104.80714,20.63088],[104.80967,20.63338],[104.81322,20.63161],[104.81709,20.63834],[104.84623,20.65084],[104.83679,20.65956],[104.84124,20.68032],[104.83998,20.69066],[104.83559,20.69744],[104.84903,20.70286],[104.83926,20.71616],[104.84591,20.73097],[104.83717,20.73416],[104.83696,20.75493],[104.85933,20.75324],[104.86376,20.76908],[104.86844,20.76962],[104.8707,20.76531],[104.88245,20.76692],[104.90874,20.74935],[104.91944,20.74859],[104.92411,20.74384],[104.92595,20.74793],[104.93383,20.74873],[104.94752,20.73674],[104.94957,20.74134],[104.95497,20.74],[104.98318,20.72141],[104.98762,20.72447],[105.01373,20.72269],[105.01879,20.72588],[105.0133,20.73271],[105.01346,20.74045],[104.9901,20.75413],[104.99397,20.76207],[105.00092,20.7657],[105.00713,20.76389],[105.00656,20.76958],[105.01545,20.77801],[105.02046,20.77928],[105.03291,20.77367],[105.02934,20.78006],[105.03138,20.79889],[105.01878,20.80589],[105.01258,20.80442],[105.00282,20.81394],[104.99732,20.8153],[105.00299,20.82554],[105.00208,20.8356],[105.00669,20.84454],[104.99714,20.84605],[105.0008,20.85595],[104.99241,20.86723],[104.99133,20.87717],[104.97986,20.89101],[104.97612,20.90741],[104.97141,20.91238],[104.96117,20.91508],[104.9519,20.92589],[104.939,20.93325],[104.92338,20.96332],[104.90059,20.98092],[104.88983,21.00964],[104.88009,21.02361],[104.86809,21.02946],[104.85899,21.05225],[104.85278,21.07653],[104.85657,21.07912],[104.86788,21.07553],[104.87342,21.08444],[104.87112,21.09196],[104.87639,21.09857],[104.90654,21.11266],[104.91201,21.11119],[104.9118,21.11851],[104.89836,21.12421],[104.8973,21.12979],[104.88023,21.13444],[104.87184,21.14012],[104.87117,21.14515],[104.85595,21.14781],[104.85192,21.15362],[104.86012,21.17376],[104.85092,21.17993],[104.85827,21.1869],[104.86523,21.21008],[104.85288,21.22322],[104.84441,21.22568],[104.84889,21.23427],[104.85593,21.23388],[104.84809,21.2505],[104.85055,21.25754],[104.84059,21.26463],[104.84354,21.27375],[104.84097,21.28035],[104.84307,21.31058],[104.82376,21.31805],[104.81701,21.32356],[104.81394,21.3326],[104.80209,21.33079],[104.79478,21.33514],[104.77911,21.32594],[104.76874,21.33021],[104.76891,21.34431],[104.75908,21.34538],[104.75728,21.35269],[104.74864,21.35254],[104.74795,21.36775],[104.74363,21.36881],[104.7345,21.38224],[104.73491,21.40551],[104.72468,21.40069],[104.7102,21.3997],[104.70222,21.40657],[104.69732,21.40018],[104.68985,21.40087],[104.6878,21.38161],[104.68543,21.37689],[104.67843,21.37522],[104.65492,21.38331],[104.64351,21.38403],[104.61248,21.40408],[104.60709,21.41588],[104.59074,21.42298],[104.58346,21.42017],[104.57883,21.40865],[104.56975,21.41303],[104.55355,21.40898],[104.53119,21.41428],[104.51422,21.39585],[104.51406,21.38894],[104.50505,21.3769],[104.49318,21.37322],[104.47647,21.3528],[104.46074,21.35248],[104.44771,21.35699],[104.43403,21.35344],[104.42818,21.35528],[104.42003,21.36073],[104.42031,21.37579],[104.41011,21.38782],[104.39581,21.3924],[104.38258,21.38933],[104.3729,21.39829],[104.36369,21.40131],[104.35469,21.4143],[104.34712,21.4194],[104.34214,21.41489],[104.34289,21.40914],[104.33129,21.40807],[104.32212,21.41939],[104.31996,21.42809],[104.3038,21.43329],[104.30312,21.43754],[104.29874,21.43916],[104.30295,21.45247],[104.30099,21.45761],[104.29598,21.45744],[104.28782,21.463],[104.28202,21.47228],[104.28303,21.4847],[104.2862,21.48721],[104.28465,21.49233],[104.29292,21.50242],[104.29486,21.51061],[104.29235,21.51528],[104.29352,21.52449],[104.28224,21.53773],[104.27687,21.55098],[104.28799,21.56893],[104.29846,21.57178],[104.28755,21.60037],[104.30603,21.60789],[104.30991,21.61466],[104.31878,21.61925],[104.33114,21.63757],[104.34026,21.64204],[104.33894,21.65335],[104.31508,21.65666],[104.30525,21.65331],[104.29261,21.65886],[104.28918,21.65411],[104.2848,21.65362],[104.28405,21.65866],[104.28765,21.66164],[104.26055,21.66313],[104.25498,21.66564],[104.25587,21.66965],[104.25294,21.67132],[104.24118,21.66975],[104.22049,21.673],[104.21161,21.67055],[104.21102,21.66435],[104.19635,21.64808],[104.17507,21.64771],[104.17744,21.64367],[104.17355,21.63616],[104.15313,21.64332],[104.1458,21.65491],[104.11553,21.64637],[104.10089,21.64717],[104.09277,21.64214],[104.08723,21.64271],[104.07936,21.65006],[104.04859,21.6582],[104.02721,21.6723],[104.02671,21.66899],[104.01512,21.6707],[104.00739,21.66553],[104.00573,21.67255],[104.00049,21.6746],[103.98771,21.67387],[103.98487,21.67825],[103.97624,21.67502],[103.97497,21.67161],[103.96405,21.67884],[103.95852,21.66972],[103.93605,21.67009],[103.93758,21.69141],[103.92145,21.70034],[103.90532,21.69477],[103.88447,21.705],[103.88222,21.70903],[103.87956,21.68686],[103.87219,21.68605],[103.86074,21.69308],[103.85355,21.69135],[103.84882,21.70295],[103.84129,21.70141],[103.83726,21.70604],[103.83785,21.71656],[103.83251,21.72958],[103.83715,21.73759],[103.83287,21.74384],[103.83057,21.73709],[103.82525,21.7349],[103.81257,21.74095],[103.80692,21.73693],[103.79995,21.75149],[103.79455,21.75274],[103.79669,21.75738],[103.78875,21.76429],[103.78155,21.76359],[103.78309,21.7675],[103.77854,21.77356],[103.77842,21.77961],[103.75434,21.77935],[103.75321,21.78892],[103.75923,21.80891],[103.73874,21.80994],[103.72408,21.80628],[103.72248,21.81045],[103.71534,21.81272],[103.71081,21.82174],[103.69657,21.82479],[103.6943,21.83088],[103.6962,21.83798],[103.7059,21.84329],[103.70913,21.85588],[103.72158,21.87117],[103.72258,21.8801],[103.7164,21.87941],[103.71493,21.886],[103.70481,21.88421],[103.7064,21.90145],[103.70376,21.90687],[103.68254,21.9205],[103.69005,21.93235],[103.68906,21.94075],[103.66512,21.95093],[103.65877,21.96633],[103.66105,21.97287],[103.6581,21.98112],[103.65169,21.98468],[103.65206,21.9934],[103.64553,21.99472],[103.63422,21.98927],[103.61606,21.99944],[103.60628,22.01323],[103.5975,22.01175],[103.56139,22.02358],[103.55297,22.02299],[103.54424,22.03049],[103.52505,22.02457],[103.5166,22.01308],[103.51091,22.01013],[103.51413,22.00605],[103.51155,21.99757],[103.51362,21.99059],[103.49795,21.97407],[103.50929,21.95631],[103.49818,21.94906],[103.51636,21.92547],[103.52184,21.91368],[103.50868,21.91106],[103.50311,21.9041],[103.49705,21.91068],[103.49162,21.91033],[103.48092,21.917],[103.48027,21.90802],[103.488,21.90395],[103.48445,21.89686],[103.49061,21.88982],[103.48847,21.88415],[103.49527,21.87967],[103.49247,21.87517],[103.50811,21.87356],[103.51119,21.86752],[103.52225,21.86186],[103.52261,21.85478],[103.52917,21.8425],[103.52802,21.83487],[103.53569,21.83201],[103.5419,21.82303],[103.536,21.81417],[103.54663,21.80096],[103.54682,21.79653],[103.55315,21.79278],[103.55058,21.78892],[103.55194,21.7832],[103.54153,21.77954],[103.54128,21.77611],[103.55822,21.76271],[103.56168,21.74857],[103.57332,21.73954],[103.57161,21.73709],[103.57768,21.71993],[103.58623,21.70741],[103.58405,21.70452],[103.59841,21.68233],[103.59345,21.67454],[103.58409,21.68501],[103.57613,21.68346],[103.55984,21.66741],[103.55749,21.65582],[103.54184,21.64662],[103.54221,21.64312],[103.54532,21.64304],[103.54402,21.63988],[103.54999,21.63943],[103.55037,21.63305],[103.55979,21.62642],[103.55384,21.62078],[103.55409,21.61294],[103.54899,21.60862],[103.548,21.60266],[103.53855,21.60069],[103.53829,21.58962],[103.53323,21.59082],[103.52945,21.58588],[103.53327,21.56884],[103.51948,21.56474],[103.52214,21.54344],[103.51739,21.53347],[103.50433,21.53517],[103.48823,21.52739],[103.48426,21.52058],[103.47308,21.5201],[103.46935,21.51653],[103.46303,21.51971],[103.45806,21.51849],[103.46133,21.5122],[103.45152,21.50204],[103.44693,21.48568],[103.45368,21.48024],[103.45252,21.46964],[103.45674,21.45789],[103.44551,21.44422],[103.44928,21.43794],[103.44708,21.43544],[103.44104,21.43089],[103.41238,21.42741],[103.41411,21.43482],[103.40948,21.45057],[103.40555,21.43997],[103.39834,21.43446],[103.37763,21.43594],[103.37919,21.42976],[103.37492,21.42744],[103.36761,21.42934],[103.36048,21.42361],[103.3433,21.42922],[103.33704,21.41791],[103.33027,21.41455],[103.33854,21.40774],[103.33905,21.39937],[103.34507,21.3994],[103.35751,21.39035],[103.36155,21.37183],[103.37211,21.37236],[103.38752,21.36785],[103.3879,21.36064],[103.37896,21.34748],[103.36945,21.34668],[103.36971,21.3313],[103.38162,21.32885],[103.39791,21.31682],[103.41571,21.31966],[103.42228,21.31154],[103.43105,21.30829],[103.44147,21.2837],[103.4381,21.27306],[103.43896,21.26335],[103.43115,21.25277],[103.42657,21.25241],[103.43411,21.23279],[103.43208,21.20625],[103.43782,21.19794],[103.43438,21.16852],[103.42394,21.15945],[103.41463,21.16656],[103.39653,21.14882],[103.40431,21.13903],[103.40778,21.12479],[103.40422,21.11151],[103.4126,21.10091],[103.413,21.08903],[103.42137,21.08165],[103.4241,21.06764],[103.40804,21.06367],[103.39165,21.06375],[103.38544,21.06003],[103.37734,21.06175],[103.37678,21.06573],[103.36546,21.07152],[103.35807,21.07181],[103.34878,21.08185],[103.33361,21.091],[103.31588,21.09597],[103.3133,21.09197],[103.30891,21.09559],[103.29908,21.09506],[103.28905,21.10198],[103.28667,21.09999],[103.29025,21.09808],[103.28521,21.09466],[103.28698,21.09151],[103.28178,21.09026],[103.28854,21.07464],[103.28603,21.06764],[103.28185,21.06613],[103.28136,21.06035],[103.27569,21.06236],[103.27887,21.059],[103.2742,21.05249],[103.27773,21.05084],[103.27629,21.04428],[103.28655,21.03499],[103.28514,21.0297],[103.2891,21.02735],[103.28698,21.02595],[103.29231,21.02454],[103.28903,21.02107],[103.29205,21.02028],[103.29198,21.01677],[103.2834,21.01378],[103.2872,21.01112],[103.28528,21.00485],[103.28003,21.00387],[103.28131,20.99889],[103.28542,20.99958],[103.28368,20.99743],[103.29199,20.9922],[103.29806,20.97498],[103.29637,20.96856],[103.2989,20.96456],[103.29523,20.95785],[103.29814,20.94772],[103.29162,20.94523],[103.28601,20.94817],[103.27508,20.93875],[103.27684,20.92133],[103.28876,20.90885],[103.27891,20.89745],[103.26807,20.90316],[103.25536,20.89704],[103.26393,20.89821],[103.26769,20.89267],[103.26047,20.88715],[103.25434,20.88857],[103.24321,20.8848],[103.23587,20.88752],[103.23171,20.89555],[103.22771,20.89651],[103.2168,20.89594],[103.21205,20.89026],[103.22194,20.88669],[103.23473,20.87334],[103.22469,20.85104],[103.22692,20.84274],[103.2339,20.84066],[103.23146,20.83763],[103.23633,20.83303],[103.24272,20.83453],[103.25656,20.82348],[103.2642,20.82257],[103.28309,20.83357],[103.2846,20.83849],[103.28951,20.83796],[103.29516,20.83525],[103.29198,20.82615],[103.29485,20.82205],[103.31945,20.81972],[103.35098,20.80222],[103.35887,20.8075],[103.36404,20.80723],[103.38215,20.78562],[103.39385,20.78659],[103.39892,20.78235],[103.40736,20.78608],[103.41456,20.79747],[103.42144,20.79426],[103.43122,20.79735],[103.43581,20.7935],[103.4385,20.79794],[103.44209,20.79749],[103.44012,20.80581],[103.44631,20.82044],[103.45184,20.81985],[103.46051,20.82855],[103.46454,20.8274],[103.4761,20.81308],[103.48265,20.81048],[103.47892,20.80341],[103.47887,20.79445],[103.48467,20.78459],[103.49101,20.78656],[103.49415,20.77996],[103.49122,20.77783],[103.49867,20.77664],[103.50156,20.77174],[103.50054,20.76546],[103.50748,20.75461],[103.52041,20.7498],[103.53659,20.75412],[103.53775,20.75099],[103.55226,20.74485],[103.56228,20.75055],[103.5731,20.74658],[103.58245,20.75021],[103.59252,20.74513],[103.59931,20.74609],[103.6082,20.73708],[103.60845,20.73128],[103.6152,20.73125],[103.63132,20.72109],[103.63642,20.72122],[103.63805,20.71373],[103.64757,20.70026],[103.65613,20.6958],[103.66653,20.70073],[103.6702,20.68615],[103.6738,20.68349],[103.67066,20.67779],[103.67583,20.67262],[103.67323,20.66976],[103.68427,20.66091],[103.71421,20.66866],[103.72494,20.66538],[103.73693,20.66846],[103.73758,20.67379],[103.74654,20.67986],[103.74168,20.68973],[103.7345,20.69459],[103.73693,20.70833],[103.72826,20.72225],[103.7318,20.72315],[103.72957,20.72891],[103.73152,20.73305],[103.73968,20.73526],[103.75283,20.7325],[103.76489,20.73871],[103.77086,20.73548],[103.79198,20.74932],[103.78481,20.76083],[103.78843,20.77849],[103.77761,20.79033],[103.77962,20.7963],[103.77495,20.80384],[103.79974,20.8238],[103.80462,20.83227],[103.79977,20.85007]]]}},{"type":"Feature","properties":{"id":"28","ma_tinh":"80","ten_tinh":"Tây Ninh","sap_nhap":"Tây Ninh, Long An","quy_mo":"96 đơn vị (14 phường, 82 xã)","tru_so":"Số 136 Trần Hưng Đạo, Tân Ninh, Tây Ninh","loai":"Tỉnh","cap":1,"stt":27,"dtich_km2":8536.41,"dan_so":3254170,"matdo_km2":381.21,"NAME_1":"Tây Ninh","GID_1":"80"},"geometry":{"type":"Polygon","coordinates":[[[106.10245,10.52284],[106.10124,10.57589],[106.20544,10.57926],[106.28618,10.58701],[106.31038,10.56545],[106.31844,10.5708],[106.32102,10.56935],[106.34005,10.54625],[106.34829,10.54457],[106.3476,10.52897],[106.35523,10.52268],[106.36122,10.52349],[106.3693,10.51766],[106.36654,10.51117],[106.37171,10.50633],[106.36863,10.49798],[106.37446,10.49418],[106.37057,10.48784],[106.37942,10.48034],[106.38886,10.47565],[106.3929,10.47723],[106.39625,10.48586],[106.40045,10.48463],[106.4037,10.49313],[106.417,10.48842],[106.41733,10.48204],[106.42396,10.47859],[106.42555,10.47405],[106.44185,10.46644],[106.44213,10.4583],[106.45402,10.45095],[106.44762,10.45148],[106.43534,10.43901],[106.42742,10.43655],[106.42729,10.43383],[106.41796,10.43491],[106.41478,10.42987],[106.42118,10.42772],[106.42037,10.42183],[106.42791,10.40979],[106.43154,10.41537],[106.43921,10.41171],[106.44034,10.41489],[106.44912,10.41119],[106.45185,10.41336],[106.45969,10.40487],[106.45447,10.40083],[106.44892,10.40438],[106.44788,10.39869],[106.45411,10.40036],[106.45566,10.39456],[106.46329,10.40051],[106.46775,10.39656],[106.47255,10.39877],[106.48014,10.39671],[106.48139,10.40483],[106.48625,10.40361],[106.48645,10.40876],[106.4972,10.4167],[106.49921,10.41523],[106.50459,10.42307],[106.5083,10.42277],[106.51011,10.42829],[106.51881,10.42442],[106.52911,10.43355],[106.53757,10.42037],[106.54531,10.42954],[106.54983,10.42498],[106.55827,10.42477],[106.55907,10.41296],[106.5675,10.41484],[106.57187,10.41226],[106.58885,10.41811],[106.58516,10.43556],[106.58831,10.4383],[106.59979,10.43688],[106.62777,10.45215],[106.63332,10.45975],[106.63756,10.47628],[106.64598,10.48353],[106.65478,10.48175],[106.65847,10.47752],[106.6625,10.44358],[106.67033,10.43874],[106.68234,10.43979],[106.70988,10.47672],[106.7306,10.49435],[106.7431,10.50002],[106.74817,10.52091],[106.74181,10.56375],[106.74569,10.5756],[106.74139,10.57908],[106.73503,10.57766],[106.73951,10.58287],[106.73701,10.58633],[106.73278,10.58022],[106.72864,10.57999],[106.72017,10.5963],[106.72198,10.59965],[106.71886,10.60609],[106.72394,10.61199],[106.72863,10.60873],[106.73279,10.60986],[106.72753,10.61614],[106.73203,10.62295],[106.72844,10.62435],[106.72911,10.62815],[106.73333,10.62889],[106.7226,10.64562],[106.70056,10.65398],[106.69144,10.6485],[106.68605,10.65646],[106.6846,10.65025],[106.66974,10.63933],[106.66027,10.63987],[106.66088,10.64206],[106.65636,10.64362],[106.65274,10.63223],[106.64619,10.63424],[106.64102,10.62666],[106.63474,10.62555],[106.62955,10.62705],[106.62967,10.64226],[106.62122,10.64095],[106.62501,10.64734],[106.60538,10.65875],[106.60065,10.65071],[106.59522,10.65377],[106.59571,10.6511],[106.59174,10.65008],[106.59042,10.65311],[106.57971,10.65612],[106.57911,10.6498],[106.57542,10.6491],[106.5735,10.65418],[106.56624,10.65645],[106.5653,10.6523],[106.55902,10.65188],[106.55787,10.64855],[106.55587,10.65695],[106.54892,10.65746],[106.55356,10.66852],[106.55041,10.68562],[106.53567,10.68553],[106.53386,10.68812],[106.5272,10.7091],[106.53021,10.71732],[106.52019,10.72366],[106.50938,10.71707],[106.50178,10.72643],[106.48696,10.72984],[106.46365,10.75654],[106.50454,10.7889],[106.53182,10.90244],[106.4537,10.94176],[106.41175,10.97365],[106.37302,10.96967],[106.35669,10.99157],[106.36695,10.99873],[106.39134,10.99968],[106.4128,11.00889],[106.40902,11.01481],[106.40893,11.0225],[106.4138,11.0326],[106.42006,11.03616],[106.42472,11.04734],[106.42033,11.05202],[106.42224,11.05914],[106.42017,11.06335],[106.42571,11.06656],[106.42735,11.07404],[106.42595,11.09162],[106.43082,11.09206],[106.43739,11.1116],[106.44249,11.1159],[106.44841,11.1308],[106.44776,11.136],[106.43672,11.14045],[106.42989,11.1487],[106.43685,11.15788],[106.43135,11.17357],[106.42555,11.17045],[106.41613,11.17436],[106.41059,11.17214],[106.41036,11.18324],[106.40504,11.18805],[106.40415,11.1834],[106.3995,11.18153],[106.38751,11.18585],[106.38361,11.1939],[106.38919,11.21239],[106.37981,11.21832],[106.38358,11.22836],[106.37861,11.22902],[106.37112,11.24473],[106.36133,11.23816],[106.35114,11.24876],[106.36425,11.26094],[106.35036,11.26299],[106.3551,11.28808],[106.35262,11.28562],[106.34682,11.28941],[106.34364,11.28282],[106.34078,11.28574],[106.34085,11.29339],[106.34411,11.29534],[106.33857,11.29718],[106.34008,11.2918],[106.33558,11.29501],[106.34581,11.32301],[106.34391,11.32818],[106.33992,11.32809],[106.33887,11.33301],[106.32643,11.34383],[106.33833,11.3599],[106.33394,11.36388],[106.34186,11.363],[106.34701,11.36593],[106.34575,11.37398],[106.34816,11.37706],[106.35098,11.37581],[106.35055,11.38688],[106.36037,11.39769],[106.3616,11.40999],[106.35905,11.41707],[106.36536,11.42326],[106.36465,11.42982],[106.36866,11.43845],[106.36594,11.43818],[106.36598,11.44247],[106.37317,11.44971],[106.37109,11.45211],[106.38261,11.45304],[106.38773,11.45941],[106.39249,11.45659],[106.39447,11.46107],[106.4058,11.46264],[106.40355,11.4676],[106.41009,11.46821],[106.41314,11.4714],[106.41099,11.47543],[106.41738,11.47684],[106.41363,11.47907],[106.41962,11.48404],[106.4188,11.48767],[106.4235,11.4944],[106.42357,11.50724],[106.42977,11.51353],[106.42808,11.53533],[106.44315,11.54693],[106.45359,11.54235],[106.46167,11.54519],[106.46515,11.54209],[106.47458,11.54896],[106.48042,11.54679],[106.4804,11.55586],[106.48233,11.55476],[106.48237,11.56012],[106.49033,11.57022],[106.48581,11.578],[106.49046,11.57991],[106.4825,11.59635],[106.48656,11.60357],[106.48183,11.60617],[106.48146,11.60999],[106.47577,11.61058],[106.47687,11.61357],[106.46895,11.61391],[106.4686,11.61904],[106.46338,11.62362],[106.46639,11.62688],[106.46591,11.63299],[106.4618,11.63383],[106.46463,11.63938],[106.45852,11.64485],[106.45934,11.65064],[106.45308,11.65377],[106.45539,11.65764],[106.44928,11.66449],[106.4512,11.67086],[106.43428,11.67089],[106.42631,11.67767],[106.41477,11.67738],[106.39878,11.69173],[106.37047,11.69655],[106.35408,11.69067],[106.33859,11.68077],[106.33382,11.68509],[106.32511,11.68432],[106.3164,11.67855],[106.30233,11.67922],[106.29851,11.68046],[106.29954,11.68467],[106.28927,11.69562],[106.27052,11.70398],[106.27011,11.70872],[106.26513,11.70969],[106.26553,11.71635],[106.2589,11.71901],[106.25616,11.72557],[106.23745,11.72676],[106.22709,11.73097],[106.21567,11.72788],[106.18573,11.75028],[106.18368,11.74604],[106.17084,11.74901],[106.15433,11.73572],[106.13384,11.74482],[106.10933,11.74413],[106.09942,11.75597],[106.09259,11.75721],[106.09124,11.76211],[106.08155,11.76662],[106.08019,11.77497],[106.06606,11.78249],[106.02506,11.77494],[106.01686,11.76896],[106.01008,11.75101],[106.016,11.73326],[106.01541,11.72584],[106.0101,11.72107],[106.00092,11.70171],[105.99501,11.69795],[105.99127,11.69915],[105.97702,11.68323],[105.98166,11.67796],[105.98036,11.66571],[105.97281,11.66179],[105.9531,11.6391],[105.92453,11.65021],[105.89017,11.67575],[105.88336,11.67712],[105.85364,11.66294],[105.84665,11.65038],[105.84321,11.64998],[105.83443,11.62559],[105.82871,11.61972],[105.82213,11.61992],[105.82053,11.61186],[105.80845,11.60027],[105.81192,11.59627],[105.81073,11.58778],[105.81773,11.5815],[105.81459,11.57628],[105.81865,11.57279],[105.81633,11.57082],[105.81839,11.5681],[105.82084,11.57108],[105.82711,11.56438],[105.84069,11.56542],[105.84049,11.56203],[105.84512,11.56491],[105.84535,11.56102],[105.84892,11.56381],[105.85003,11.56058],[105.86173,11.5665],[105.86924,11.55526],[105.874,11.55511],[105.87216,11.5517],[105.8807,11.54608],[105.87984,11.54299],[105.88448,11.53757],[105.88238,11.5344],[105.88587,11.53105],[105.88197,11.514],[105.88423,11.51117],[105.8798,11.51089],[105.88104,11.50313],[105.87848,11.50119],[105.88431,11.49267],[105.88464,11.48332],[105.8796,11.48239],[105.8768,11.47425],[105.87948,11.46937],[105.87688,11.46976],[105.87438,11.46101],[105.87692,11.45887],[105.87926,11.46225],[105.87988,11.45585],[105.88564,11.4543],[105.88706,11.45048],[105.90008,11.45182],[105.89992,11.44677],[105.90334,11.44674],[105.90085,11.42811],[105.89115,11.4249],[105.88559,11.41171],[105.87173,11.40459],[105.87981,11.38976],[105.87323,11.38174],[105.87214,11.37407],[105.88184,11.3727],[105.88371,11.3589],[105.87932,11.35296],[105.87412,11.32739],[105.8674,11.31758],[105.87078,11.30927],[105.86947,11.29897],[105.86339,11.29106],[105.86426,11.28398],[105.8673,11.28118],[105.87708,11.28767],[105.88833,11.28802],[105.90904,11.28425],[105.9078,11.27557],[105.91225,11.26702],[105.9075,11.25337],[105.91096,11.24047],[105.92713,11.21731],[105.94068,11.20677],[105.96642,11.19585],[105.97477,11.19946],[105.99598,11.19119],[106.01428,11.1909],[106.0175,11.15548],[106.02224,11.14313],[106.05842,11.12005],[106.07577,11.09833],[106.0889,11.10045],[106.10013,11.08672],[106.09938,11.07883],[106.10302,11.07216],[106.10881,11.07262],[106.12308,11.08883],[106.14406,11.10075],[106.15408,11.10218],[106.18791,11.05027],[106.19696,10.99222],[106.20567,10.97598],[106.19011,10.97278],[106.16885,10.98015],[106.15998,10.97988],[106.15466,10.98375],[106.1465,10.97951],[106.14438,10.97673],[106.14583,10.95366],[106.15175,10.94209],[106.13742,10.91591],[106.16191,10.88796],[106.18826,10.83797],[106.19009,10.79002],[106.16454,10.81166],[106.09601,10.8077],[106.07092,10.81175],[106.01096,10.85389],[105.9717,10.89452],[105.9446,10.91775],[105.94426,10.90979],[105.95183,10.89704],[105.95066,10.88902],[105.95647,10.88383],[105.94572,10.87297],[105.93056,10.86428],[105.9306,10.84979],[105.9362,10.84673],[105.93549,10.83851],[105.89889,10.84457],[105.84981,10.86271],[105.84879,10.86748],[105.86369,10.90106],[105.80836,10.97273],[105.77952,11.03218],[105.75328,11.02498],[105.74184,11.02728],[105.7231,11.02327],[105.70781,11.01463],[105.69411,11.00143],[105.66458,10.98654],[105.57409,10.96239],[105.55306,10.95953],[105.5375,10.95217],[105.50514,10.949],[105.50011,10.95264],[105.51419,10.92315],[105.58266,10.89212],[105.61232,10.83198],[105.59569,10.83081],[105.7806,10.65874],[105.80771,10.65365],[105.83464,10.6383],[105.90981,10.53858],[106.10245,10.52284]]]}},{"type":"Feature","properties":{"id":"29","ma_tinh":"19","ten_tinh":"Thái Nguyên","sap_nhap":"Bắc Kạn, Thái Nguyên","quy_mo":"92 đơn vị (15 phường, 77 xã)","tru_so":"Đang cập nhật","loai":"Tỉnh","cap":1,"stt":10,"dtich_km2":8375.27,"dan_so":1799489,"matdo_km2":214.86,"NAME_1":"Thái Nguyên","GID_1":"19"},"geometry":{"type":"Polygon","coordinates":[[[105.61792,21.49962],[105.63501,21.49311],[105.63109,21.47909],[105.64401,21.47035],[105.6519,21.45751],[105.66635,21.46026],[105.67485,21.45814],[105.68745,21.44228],[105.69828,21.43864],[105.70379,21.44089],[105.71334,21.43031],[105.72452,21.43301],[105.72535,21.42708],[105.72095,21.41615],[105.72918,21.40932],[105.74541,21.41619],[105.75559,21.41085],[105.76302,21.40136],[105.76591,21.3896],[105.75983,21.37814],[105.77313,21.37066],[105.77538,21.36111],[105.78467,21.35964],[105.78582,21.37045],[105.78967,21.3733],[105.78799,21.37585],[105.80101,21.38542],[105.81275,21.3806],[105.81648,21.38305],[105.83373,21.37297],[105.83957,21.37743],[105.85645,21.376],[105.85813,21.36863],[105.85167,21.35677],[105.85465,21.35245],[105.85245,21.34898],[105.85877,21.34565],[105.85564,21.34402],[105.85767,21.33918],[105.86295,21.3378],[105.86836,21.32699],[105.87139,21.32966],[105.89239,21.32608],[105.88123,21.33788],[105.88709,21.34603],[105.89635,21.34289],[105.90689,21.34799],[105.90751,21.35226],[105.89876,21.34956],[105.89553,21.35195],[105.90113,21.35705],[105.90932,21.37437],[105.9388,21.37227],[105.94349,21.37857],[105.94506,21.38819],[105.94134,21.40044],[105.94549,21.40029],[105.95346,21.40676],[105.95514,21.40116],[105.95884,21.40189],[105.95429,21.41313],[105.96121,21.43623],[105.9647,21.43579],[105.97252,21.41992],[105.98488,21.41095],[105.98644,21.4138],[105.99087,21.41177],[105.99721,21.40282],[106.00751,21.40627],[106.01959,21.40255],[106.01853,21.39789],[106.02286,21.39231],[106.02932,21.39411],[106.02742,21.39935],[106.03401,21.41068],[106.03134,21.42537],[106.02541,21.43134],[106.02659,21.4366],[106.0456,21.44149],[106.05153,21.45952],[106.04193,21.46693],[106.04099,21.4727],[106.04496,21.47389],[106.04763,21.48178],[106.03792,21.49034],[106.04578,21.50831],[106.04112,21.51656],[106.04452,21.51827],[106.0463,21.52874],[106.05309,21.53812],[106.05076,21.54538],[106.05461,21.55077],[106.05061,21.55221],[106.04789,21.5589],[106.03027,21.5624],[106.03349,21.56416],[106.03346,21.57238],[106.04903,21.58167],[106.05681,21.60323],[106.06792,21.60502],[106.07867,21.61861],[106.09705,21.62479],[106.11756,21.6163],[106.12634,21.61574],[106.1422,21.62327],[106.16,21.62648],[106.17414,21.60965],[106.18529,21.604],[106.18793,21.61142],[106.19212,21.61274],[106.19793,21.62141],[106.19459,21.62676],[106.19806,21.63273],[106.19298,21.63586],[106.19265,21.64775],[106.20396,21.65388],[106.20537,21.66257],[106.2216,21.67268],[106.22599,21.69049],[106.23273,21.69901],[106.23827,21.71788],[106.23544,21.72681],[106.23091,21.72745],[106.22927,21.73101],[106.22335,21.7315],[106.21812,21.72643],[106.20804,21.7334],[106.19665,21.73536],[106.19451,21.74243],[106.18242,21.74147],[106.17331,21.75051],[106.16842,21.74982],[106.16538,21.75541],[106.16015,21.75518],[106.15457,21.76163],[106.14951,21.76112],[106.13786,21.78469],[106.11136,21.78173],[106.1116,21.78705],[106.10609,21.79229],[106.10773,21.80321],[106.09812,21.81276],[106.09531,21.81997],[106.1012,21.82563],[106.10091,21.83018],[106.10786,21.83177],[106.10657,21.84068],[106.11467,21.84057],[106.11832,21.84356],[106.11153,21.8499],[106.11046,21.86101],[106.11526,21.86972],[106.11375,21.8755],[106.11629,21.88038],[106.11305,21.89083],[106.1151,21.89469],[106.12728,21.89882],[106.13167,21.90595],[106.12718,21.91037],[106.13217,21.91685],[106.12884,21.92441],[106.12216,21.924],[106.11268,21.92953],[106.1107,21.93404],[106.10714,21.93282],[106.09793,21.93825],[106.11203,21.94781],[106.11094,21.95189],[106.10364,21.95325],[106.09907,21.95076],[106.09799,21.95383],[106.09892,21.95942],[106.11285,21.9635],[106.11554,21.97796],[106.11267,21.98895],[106.11464,21.99298],[106.10755,21.99748],[106.1101,21.99802],[106.11177,22.01341],[106.10858,22.02135],[106.09692,22.03012],[106.09583,22.03408],[106.10292,22.04567],[106.09994,22.07131],[106.10755,22.07398],[106.10779,22.07654],[106.11437,22.07294],[106.12297,22.08572],[106.13986,22.08637],[106.14265,22.08201],[106.15721,22.08176],[106.1621,22.10151],[106.1681,22.10614],[106.16821,22.11064],[106.17201,22.11297],[106.1763,22.11034],[106.18024,22.11582],[106.18581,22.11743],[106.18481,22.12578],[106.18078,22.12869],[106.18794,22.13415],[106.19132,22.14381],[106.19697,22.14306],[106.21398,22.15974],[106.21712,22.16675],[106.22615,22.16959],[106.23377,22.17782],[106.22136,22.19687],[106.22328,22.20138],[106.22116,22.20683],[106.2251,22.214],[106.23764,22.22126],[106.24299,22.23809],[106.24198,22.2471],[106.24719,22.25598],[106.24538,22.26693],[106.23473,22.2791],[106.22386,22.2826],[106.22249,22.28884],[106.21088,22.29088],[106.19943,22.31264],[106.20096,22.32275],[106.20853,22.33761],[106.22005,22.34785],[106.21816,22.35596],[106.21023,22.36199],[106.20873,22.36841],[106.18942,22.37739],[106.18789,22.38436],[106.18353,22.38779],[106.17476,22.38758],[106.16116,22.3815],[106.15219,22.3906],[106.15466,22.39616],[106.14804,22.4012],[106.13954,22.39431],[106.13177,22.39925],[106.12239,22.39944],[106.12161,22.4022],[106.1123,22.39859],[106.10425,22.40191],[106.1056,22.40919],[106.0988,22.414],[106.10218,22.42268],[106.09942,22.42941],[106.10161,22.43574],[106.0942,22.44124],[106.09435,22.44559],[106.10433,22.45245],[106.10963,22.46316],[106.11972,22.47201],[106.11462,22.48268],[106.11952,22.50972],[106.10062,22.51746],[106.10159,22.52211],[106.0949,22.52795],[106.10076,22.53544],[106.09445,22.53348],[106.09199,22.53866],[106.09507,22.5472],[106.0866,22.55324],[106.07339,22.55463],[106.07554,22.56236],[106.08252,22.56756],[106.08048,22.57395],[106.07123,22.57285],[106.06571,22.56819],[106.04796,22.57821],[106.04249,22.56542],[106.0381,22.56214],[106.02633,22.55799],[106.01966,22.56023],[106.00728,22.55552],[106.00271,22.54816],[105.9912,22.54336],[105.98577,22.54442],[105.97721,22.53672],[105.97166,22.53712],[105.96586,22.52872],[105.9547,22.52292],[105.94697,22.52874],[105.93207,22.52782],[105.92432,22.52206],[105.92349,22.51317],[105.9111,22.49627],[105.90385,22.49556],[105.8982,22.50421],[105.89936,22.50705],[105.87562,22.51415],[105.86494,22.52053],[105.85055,22.52036],[105.84166,22.51511],[105.83405,22.51533],[105.83315,22.5266],[105.82126,22.52026],[105.80433,22.52341],[105.78714,22.55055],[105.77163,22.54994],[105.77398,22.55414],[105.76747,22.55625],[105.77322,22.55832],[105.77035,22.5647],[105.77867,22.57179],[105.77792,22.57676],[105.76595,22.5887],[105.76139,22.58584],[105.7509,22.58646],[105.75015,22.59185],[105.74544,22.59454],[105.74666,22.59902],[105.75296,22.60323],[105.75329,22.60852],[105.74056,22.6214],[105.7391,22.62821],[105.72802,22.63106],[105.72861,22.63894],[105.74015,22.64319],[105.74087,22.65003],[105.74962,22.6647],[105.75985,22.67055],[105.77356,22.68442],[105.77708,22.69207],[105.76237,22.69616],[105.75734,22.70093],[105.75178,22.71279],[105.75942,22.72042],[105.75863,22.72493],[105.74697,22.72939],[105.74027,22.74127],[105.73559,22.73906],[105.73291,22.7278],[105.72626,22.72407],[105.72019,22.72882],[105.71704,22.72179],[105.7081,22.72745],[105.70184,22.72045],[105.69673,22.72911],[105.69204,22.71805],[105.67332,22.72536],[105.66903,22.72266],[105.6653,22.72426],[105.65591,22.71524],[105.65624,22.71007],[105.64871,22.70403],[105.64795,22.69832],[105.6352,22.70105],[105.62314,22.69904],[105.61962,22.70253],[105.60798,22.68726],[105.60115,22.68323],[105.59968,22.67806],[105.60321,22.6674],[105.58839,22.6664],[105.5815,22.66935],[105.576,22.66434],[105.56757,22.66511],[105.55748,22.6574],[105.54904,22.65693],[105.54108,22.64954],[105.53958,22.63354],[105.53121,22.63329],[105.52903,22.61914],[105.54616,22.60118],[105.55204,22.5991],[105.54705,22.59405],[105.5464,22.58856],[105.55157,22.57582],[105.55883,22.57296],[105.56339,22.55998],[105.57418,22.5614],[105.59162,22.54356],[105.59493,22.52597],[105.59915,22.52231],[105.59067,22.50766],[105.59607,22.50381],[105.59399,22.49473],[105.59826,22.48905],[105.5796,22.48806],[105.58034,22.47902],[105.5595,22.46242],[105.55949,22.4513],[105.55558,22.44568],[105.55689,22.4395],[105.5484,22.43781],[105.55517,22.42843],[105.55026,22.42055],[105.55281,22.41187],[105.56006,22.40989],[105.57077,22.41924],[105.56217,22.40387],[105.55453,22.40221],[105.53509,22.40775],[105.53273,22.40404],[105.52207,22.40434],[105.51835,22.40083],[105.51961,22.38788],[105.51341,22.37699],[105.51724,22.36732],[105.51305,22.35629],[105.51416,22.34883],[105.49753,22.33853],[105.49782,22.3204],[105.48297,22.31723],[105.47872,22.3093],[105.47898,22.3035],[105.49145,22.29342],[105.46052,22.28423],[105.47321,22.27308],[105.464,22.2647],[105.45456,22.26892],[105.45054,22.26454],[105.43676,22.2605],[105.43862,22.24435],[105.43604,22.23962],[105.4398,22.23763],[105.44127,22.23166],[105.43576,22.2283],[105.4347,22.2171],[105.43083,22.21424],[105.45159,22.18956],[105.45574,22.18701],[105.46081,22.19],[105.46039,22.1854],[105.46424,22.18123],[105.46113,22.17754],[105.46224,22.16919],[105.47005,22.16017],[105.47829,22.1633],[105.49346,22.15771],[105.49377,22.15069],[105.48432,22.14766],[105.47374,22.13699],[105.47524,22.12653],[105.46907,22.12496],[105.46269,22.11513],[105.465,22.10381],[105.47021,22.10321],[105.47356,22.09626],[105.46819,22.08994],[105.46945,22.08126],[105.4627,22.07439],[105.47652,22.06537],[105.47322,22.06365],[105.47383,22.05986],[105.48901,22.04456],[105.48871,22.03176],[105.49318,22.02424],[105.4938,22.01185],[105.50532,22.00836],[105.50511,21.99226],[105.51116,21.99041],[105.5123,21.9844],[105.51641,21.98725],[105.52318,21.98304],[105.53345,21.9667],[105.55254,21.96277],[105.55567,21.95748],[105.54943,21.94778],[105.55235,21.94313],[105.55016,21.92368],[105.55424,21.91453],[105.5528,21.90841],[105.54489,21.9041],[105.54701,21.89569],[105.54204,21.89041],[105.52486,21.88799],[105.51825,21.8771],[105.52904,21.85272],[105.52812,21.83533],[105.51653,21.82669],[105.50651,21.83313],[105.49738,21.8326],[105.49343,21.82807],[105.49286,21.80458],[105.49751,21.79291],[105.49362,21.77538],[105.5007,21.7706],[105.51664,21.77425],[105.52576,21.7679],[105.518,21.75555],[105.50899,21.7503],[105.51624,21.73952],[105.51563,21.73572],[105.50365,21.72934],[105.49928,21.72313],[105.50044,21.71759],[105.49346,21.7153],[105.49026,21.70319],[105.47724,21.69785],[105.48792,21.68959],[105.48725,21.68102],[105.47934,21.67435],[105.49048,21.64342],[105.49777,21.6387],[105.50125,21.63061],[105.49648,21.61827],[105.51891,21.59691],[105.52665,21.58215],[105.53646,21.58177],[105.54245,21.57394],[105.55734,21.57084],[105.56319,21.55866],[105.58368,21.53998],[105.58341,21.53543],[105.59727,21.53369],[105.60394,21.52914],[105.60679,21.51718],[105.61154,21.51267],[105.6115,21.50601],[105.61792,21.49962]]]}},{"type":"Feature","properties":{"id":"30","ma_tinh":"38","ten_tinh":"Thanh Hóa","sap_nhap":"không sáp nhập","quy_mo":"166 đơn vị (19 phường, 147 xã)","tru_so":"Số 35 Đại lộ Lê Lợi, Hạc Thành, Thanh Hóa","loai":"Tỉnh","cap":1,"stt":16,"dtich_km2":11114.78,"dan_so":4320947,"matdo_km2":388.76,"NAME_1":"Thanh Hóa","GID_1":"38"},"geometry":{"type":"MultiPolygon","coordinates":[[[[105.52427,19.46397],[105.53826,19.45466],[105.53544,19.4517],[105.54379,19.43391],[105.56149,19.41446],[105.56706,19.40272],[105.58245,19.3907],[105.58142,19.38214],[105.59098,19.36994],[105.60033,19.37124],[105.60889,19.36822],[105.62035,19.38261],[105.62807,19.38021],[105.63285,19.3658],[105.63929,19.36625],[105.6427,19.35332],[105.65311,19.35316],[105.65541,19.34287],[105.6679,19.34014],[105.66448,19.31418],[105.67667,19.32279],[105.67559,19.31617],[105.68775,19.30082],[105.69205,19.30051],[105.69435,19.30438],[105.71494,19.30312],[105.72455,19.31365],[105.72922,19.3137],[105.74166,19.32348],[105.74121,19.31576],[105.74784,19.30256],[105.75113,19.30177],[105.75492,19.30699],[105.76612,19.29256],[105.77346,19.2918],[105.77809,19.29645],[105.80026,19.30141],[105.80477,19.28708],[105.8065,19.29595],[105.81441,19.30853],[105.8031,19.31216],[105.81161,19.31412],[105.81008,19.32135],[105.81406,19.3153],[105.8168,19.3163],[105.82218,19.30317],[105.82709,19.30275],[105.82798,19.31418],[105.82372,19.32358],[105.82498,19.34087],[105.82195,19.34126],[105.82361,19.33831],[105.81999,19.33548],[105.81598,19.33761],[105.81498,19.33044],[105.80066,19.33945],[105.78877,19.36669],[105.78397,19.39512],[105.78459,19.40068],[105.7922,19.40422],[105.79339,19.41767],[105.79744,19.42569],[105.80449,19.43021],[105.81219,19.42567],[105.81387,19.43006],[105.80829,19.44825],[105.80641,19.48429],[105.80693,19.52086],[105.81489,19.56656],[105.81158,19.57223],[105.81798,19.57891],[105.83437,19.65539],[105.84989,19.69494],[105.86421,19.71778],[105.87867,19.72974],[105.886,19.72707],[105.88832,19.72253],[105.89693,19.72162],[105.91137,19.75206],[105.9317,19.77795],[105.93178,19.79],[105.93883,19.79812],[105.93391,19.80295],[105.93114,19.81386],[105.93563,19.83998],[105.9458,19.86904],[105.96562,19.89008],[105.9488,19.8874],[105.95321,19.91917],[105.96865,19.93509],[105.98988,19.94189],[105.99853,19.94037],[106.00286,19.94432],[106.00303,19.9597],[106.00537,19.94981],[106.02465,19.96002],[106.02589,19.99037],[106.03337,19.99974],[106.05179,20.00372],[106.05976,20.01544],[106.07404,20.05298],[106.07595,20.06272],[106.072,20.06658],[106.02354,20.05864],[106.01807,20.05958],[106.01369,20.06516],[105.99362,20.06877],[105.95972,20.06544],[105.93013,20.09058],[105.92464,20.10143],[105.91588,20.10618],[105.9103,20.10489],[105.8943,20.11853],[105.87346,20.1218],[105.85473,20.13778],[105.83549,20.14228],[105.83162,20.1506],[105.80845,20.1579],[105.79382,20.17065],[105.77698,20.17229],[105.77379,20.17697],[105.73976,20.18522],[105.74235,20.18726],[105.73791,20.19414],[105.69268,20.22141],[105.69613,20.22515],[105.69382,20.23074],[105.682,20.23536],[105.67751,20.24762],[105.66987,20.24839],[105.66857,20.25639],[105.65085,20.27335],[105.62019,20.282],[105.60986,20.2928],[105.61119,20.29682],[105.59964,20.3118],[105.5935,20.31393],[105.57852,20.31176],[105.57064,20.3185],[105.56334,20.31649],[105.56317,20.32682],[105.5569,20.32942],[105.55442,20.32757],[105.54762,20.33486],[105.55054,20.34677],[105.54467,20.35197],[105.53998,20.36818],[105.5305,20.37188],[105.52545,20.36882],[105.52228,20.35985],[105.50823,20.35948],[105.50087,20.36085],[105.47639,20.37544],[105.46031,20.37496],[105.4336,20.38585],[105.428,20.38507],[105.42127,20.37746],[105.4065,20.37273],[105.38498,20.37859],[105.37687,20.38453],[105.37049,20.38431],[105.36557,20.38979],[105.34527,20.3907],[105.34202,20.39691],[105.32346,20.40414],[105.30302,20.42086],[105.30062,20.41756],[105.29268,20.41772],[105.28241,20.42341],[105.27669,20.43149],[105.27242,20.42875],[105.2582,20.43434],[105.26724,20.4552],[105.26226,20.45633],[105.2609,20.46644],[105.24041,20.47577],[105.24473,20.48795],[105.23994,20.49382],[105.23019,20.4976],[105.23162,20.50289],[105.22162,20.50534],[105.21133,20.51557],[105.20283,20.51855],[105.19071,20.51727],[105.18365,20.52151],[105.17805,20.51663],[105.17028,20.5153],[105.16124,20.523],[105.16184,20.53561],[105.1556,20.53823],[105.15248,20.54354],[105.14009,20.54438],[105.13118,20.55567],[105.11061,20.56437],[105.106,20.57309],[105.09896,20.57179],[105.0961,20.56635],[105.07907,20.57831],[105.05536,20.57048],[105.05267,20.561],[105.04585,20.55685],[105.04192,20.56065],[105.02194,20.55918],[105.00353,20.57317],[104.98945,20.57539],[104.98449,20.57099],[104.9602,20.57938],[104.96182,20.59565],[104.96936,20.59544],[104.96487,20.59902],[104.95682,20.61629],[104.96036,20.62066],[104.95981,20.62885],[104.94598,20.64359],[104.92808,20.64907],[104.91857,20.65915],[104.90005,20.66899],[104.88759,20.67009],[104.87929,20.66296],[104.86689,20.66036],[104.85359,20.66247],[104.84754,20.65154],[104.81709,20.63834],[104.81296,20.63145],[104.8096,20.63333],[104.80732,20.62542],[104.79678,20.6166],[104.80074,20.60449],[104.79837,20.59613],[104.80272,20.58668],[104.7931,20.58178],[104.78218,20.58387],[104.7792,20.57963],[104.78078,20.57594],[104.77726,20.57474],[104.77166,20.57514],[104.76604,20.585],[104.76077,20.58503],[104.75551,20.57757],[104.74027,20.5736],[104.72342,20.59175],[104.72263,20.60354],[104.71446,20.60549],[104.70678,20.60243],[104.69553,20.60404],[104.69327,20.59808],[104.68335,20.59619],[104.68365,20.61154],[104.671,20.62322],[104.66162,20.62396],[104.65233,20.63949],[104.64757,20.64081],[104.63699,20.65233],[104.62629,20.62551],[104.61176,20.62028],[104.60172,20.60565],[104.58571,20.61005],[104.57812,20.6066],[104.56428,20.60807],[104.54598,20.59803],[104.5421,20.59865],[104.53521,20.58748],[104.53437,20.57618],[104.52632,20.56965],[104.52339,20.56143],[104.528,20.55564],[104.5238,20.54788],[104.51367,20.54905],[104.50781,20.5436],[104.49723,20.54548],[104.48374,20.52873],[104.48283,20.52347],[104.47587,20.5178],[104.44514,20.50704],[104.43839,20.50941],[104.43404,20.50198],[104.42088,20.49164],[104.38727,20.48804],[104.39109,20.47847],[104.38019,20.47396],[104.3742,20.46576],[104.38003,20.45728],[104.3819,20.44777],[104.37676,20.44314],[104.38635,20.44297],[104.41027,20.42581],[104.41477,20.4266],[104.40599,20.41317],[104.40436,20.40214],[104.40739,20.38867],[104.42046,20.37643],[104.42719,20.37855],[104.4387,20.37558],[104.44735,20.3798],[104.45262,20.37841],[104.45564,20.37254],[104.46426,20.37054],[104.46634,20.37289],[104.46868,20.36852],[104.48266,20.37175],[104.49618,20.38313],[104.51346,20.38549],[104.51615,20.38993],[104.5223,20.39043],[104.52856,20.40166],[104.52716,20.41319],[104.54474,20.40784],[104.56119,20.41287],[104.56415,20.41648],[104.58215,20.41444],[104.59871,20.41655],[104.61404,20.42684],[104.61853,20.4415],[104.61303,20.4465],[104.62166,20.45149],[104.62545,20.46173],[104.63751,20.46491],[104.65176,20.47365],[104.66823,20.46973],[104.67036,20.46377],[104.66284,20.45951],[104.66488,20.45183],[104.68568,20.44229],[104.68838,20.43269],[104.6966,20.43001],[104.70829,20.41181],[104.71927,20.40709],[104.71214,20.39849],[104.70109,20.39838],[104.68367,20.40361],[104.68326,20.39629],[104.6774,20.39544],[104.66957,20.3877],[104.66488,20.38816],[104.65504,20.37972],[104.64652,20.37906],[104.64475,20.37301],[104.62222,20.36591],[104.61668,20.3603],[104.61545,20.34738],[104.62166,20.34104],[104.61776,20.33391],[104.62046,20.32053],[104.61504,20.31142],[104.61558,20.30509],[104.61789,20.29898],[104.62097,20.30024],[104.61851,20.2965],[104.62281,20.29398],[104.61731,20.29207],[104.61567,20.28068],[104.6122,20.27969],[104.61468,20.27522],[104.61045,20.27508],[104.61209,20.26409],[104.609,20.25623],[104.61232,20.25333],[104.6131,20.24391],[104.63328,20.22839],[104.64447,20.2348],[104.66147,20.23297],[104.66667,20.22756],[104.6682,20.21828],[104.67815,20.21589],[104.68558,20.21824],[104.70217,20.21233],[104.70666,20.2064],[104.7153,20.20597],[104.71928,20.20102],[104.73304,20.20253],[104.74071,20.19913],[104.75507,20.19852],[104.75796,20.20087],[104.77539,20.19835],[104.79542,20.18748],[104.79682,20.18292],[104.81434,20.17204],[104.82071,20.17047],[104.82412,20.15995],[104.83046,20.15595],[104.83584,20.15664],[104.84312,20.14831],[104.85545,20.1477],[104.86004,20.14264],[104.89751,20.14688],[104.91337,20.15583],[104.92755,20.15838],[104.92961,20.14949],[104.92127,20.14562],[104.92157,20.141],[104.93462,20.12608],[104.94873,20.12168],[104.95322,20.11477],[104.96128,20.11214],[104.96038,20.10515],[104.96494,20.09974],[104.99261,20.09452],[104.97626,20.07972],[104.97261,20.06209],[104.96553,20.05931],[104.96048,20.05055],[104.94889,20.04727],[104.94357,20.04084],[104.93666,20.03905],[104.9256,20.021],[104.91838,20.01633],[104.92024,20.00976],[104.91194,20.00213],[104.9148,19.99672],[104.92132,19.99791],[104.92427,19.99046],[104.92937,19.98912],[104.94567,19.98892],[104.95934,19.99323],[104.96286,19.98972],[104.9661,19.97519],[104.97799,19.97687],[105.00024,19.96228],[104.99953,19.95669],[105.00397,19.95203],[105.01668,19.95326],[105.02683,19.94532],[105.03563,19.94326],[105.03655,19.93935],[105.04281,19.94168],[105.04801,19.93656],[105.04653,19.93122],[105.0791,19.93519],[105.09285,19.93988],[105.10093,19.93598],[105.10528,19.93753],[105.11265,19.93227],[105.11893,19.9327],[105.12422,19.92579],[105.13483,19.92132],[105.1368,19.92362],[105.14703,19.92056],[105.15511,19.9234],[105.16816,19.91573],[105.17005,19.9011],[105.17732,19.89532],[105.17797,19.88209],[105.1831,19.87874],[105.18235,19.87406],[105.18809,19.8676],[105.18795,19.86244],[105.17974,19.85424],[105.14876,19.85523],[105.14548,19.83554],[105.13123,19.82711],[105.13289,19.82112],[105.12956,19.81697],[105.13229,19.80795],[105.12753,19.80136],[105.13234,19.78614],[105.13022,19.77823],[105.13508,19.7741],[105.1376,19.76546],[105.1324,19.76019],[105.13637,19.75653],[105.13311,19.74376],[105.15526,19.72334],[105.16209,19.72277],[105.16145,19.71619],[105.15311,19.70771],[105.16055,19.69934],[105.16492,19.69917],[105.16335,19.68617],[105.16611,19.68327],[105.17094,19.67982],[105.18179,19.6811],[105.21213,19.66205],[105.21456,19.65616],[105.2238,19.64857],[105.22851,19.64909],[105.23615,19.64436],[105.24176,19.65659],[105.24669,19.65698],[105.2581,19.63998],[105.26159,19.63923],[105.26147,19.62958],[105.26725,19.6246],[105.26643,19.61671],[105.27196,19.6109],[105.2689,19.60729],[105.27905,19.60534],[105.28165,19.60156],[105.28143,19.59533],[105.27291,19.58834],[105.27801,19.58499],[105.28306,19.56794],[105.27146,19.55633],[105.2742,19.54708],[105.26731,19.52947],[105.27449,19.51966],[105.27144,19.50774],[105.2799,19.50342],[105.27701,19.49247],[105.28918,19.49159],[105.29054,19.48242],[105.2956,19.47586],[105.29516,19.48009],[105.29885,19.48081],[105.29748,19.48567],[105.30082,19.48431],[105.30206,19.48838],[105.30787,19.48876],[105.31065,19.49461],[105.30879,19.49857],[105.32495,19.50965],[105.32435,19.51508],[105.32878,19.52312],[105.33271,19.52385],[105.33127,19.52679],[105.33495,19.5338],[105.33966,19.53094],[105.34135,19.53817],[105.35135,19.53883],[105.36923,19.51965],[105.37138,19.5101],[105.36854,19.50831],[105.37131,19.50315],[105.36641,19.49921],[105.3832,19.4845],[105.38369,19.47712],[105.39143,19.46692],[105.38868,19.46263],[105.38963,19.45613],[105.40215,19.44981],[105.4096,19.45741],[105.41754,19.45917],[105.41895,19.45591],[105.43502,19.45538],[105.44554,19.44092],[105.4682,19.45721],[105.48239,19.44791],[105.49228,19.45173],[105.49284,19.4565],[105.50003,19.46267],[105.52427,19.46397]]],[[[105.91006,19.31872],[105.90898,19.31981],[105.90886,19.31946],[105.91006,19.31872]]],[[[105.91088,19.32066],[105.91009,19.31995],[105.91301,19.31962],[105.91088,19.32066]]],[[[105.89815,19.32456],[105.89766,19.32486],[105.89762,19.3247],[105.89815,19.32456]]],[[[105.89842,19.32496],[105.89806,19.32498],[105.89856,19.32463],[105.89842,19.32496]]],[[[105.89906,19.32575],[105.89941,19.32561],[105.8987,19.32613],[105.89906,19.32575]]],[[[105.88935,19.33548],[105.88915,19.33534],[105.8897,19.3347],[105.88935,19.33548]]],[[[105.89061,19.33599],[105.89118,19.33619],[105.89071,19.33726],[105.89061,19.33599]]],[[[105.89876,19.34903],[105.89773,19.34565],[105.90502,19.34119],[105.9057,19.34235],[105.89876,19.34903]]],[[[105.92993,19.3562],[105.92943,19.35065],[105.93522,19.3461],[105.93617,19.35412],[105.92993,19.3562]]],[[[105.87797,19.35064],[105.8785,19.35282],[105.87757,19.35432],[105.87718,19.35288],[105.87797,19.35064]]],[[[105.87718,19.35665],[105.8767,19.3566],[105.87678,19.35631],[105.87718,19.35665]]],[[[105.87638,19.35666],[105.87604,19.35684],[105.87599,19.3566],[105.87638,19.35666]]],[[[105.87403,19.3582],[105.87155,19.35747],[105.87284,19.3566],[105.87403,19.3582]]],[[[105.91196,19.36595],[105.91217,19.36716],[105.91132,19.36687],[105.91196,19.36595]]],[[[105.90752,19.37153],[105.90679,19.37154],[105.90974,19.36683],[105.90752,19.37153]]],[[[105.92943,19.38342],[105.91879,19.37891],[105.9149,19.38343],[105.91323,19.3729],[105.9141,19.36868],[105.92984,19.35773],[105.93364,19.37123],[105.93814,19.37595],[105.93504,19.38132],[105.92943,19.38342]]],[[[106.00615,19.91407],[106.00483,19.91258],[106.0131,19.91305],[106.00615,19.91407]]]]}},{"type":"Feature","properties":{"id":"31","ma_tinh":"79","ten_tinh":"TP. Hồ Chí Minh","sap_nhap":"Thành phố Hồ Chí Minh, Bà Rịa - Vũng Tàu, Bình Dương","quy_mo":"168 đơn vị (113 phường, 54 xã và 1 đặc khu Côn Đảo)","tru_so":"Số 86 Lê Thánh Tôn, Sài Gòn, Hồ Chí Minh","loai":"Thành phố","cap":1,"stt":29,"dtich_km2":6780.43,"dan_so":14668098,"matdo_km2":2163.3,"NAME_1":"TP. Hồ Chí Minh","GID_1":"79"},"geometry":{"type":"MultiPolygon","coordinates":[[[[106.08886,8.5783],[106.08809,8.57773],[106.08855,8.57751],[106.08886,8.5783]]],[[[106.14472,8.60638],[106.14509,8.60934],[106.14188,8.6112],[106.1429,8.60893],[106.14472,8.60638]]],[[[106.55606,8.62899],[106.55684,8.6281],[106.55874,8.62878],[106.55606,8.62899]]],[[[106.62031,8.63689],[106.61866,8.63912],[106.61698,8.63541],[106.62031,8.63689]]],[[[106.57609,8.64592],[106.57117,8.64911],[106.55894,8.652],[106.55339,8.6644],[106.54078,8.66085],[106.54178,8.64762],[106.55182,8.64237],[106.55277,8.63621],[106.55939,8.63071],[106.56534,8.63993],[106.57609,8.64592]]],[[[106.55777,8.67517],[106.55768,8.6758],[106.55745,8.6757],[106.55777,8.67517]]],[[[106.5583,8.67594],[106.55862,8.67701],[106.5581,8.6771],[106.5583,8.67594]]],[[[106.55596,8.68843],[106.55539,8.68408],[106.55935,8.68339],[106.5588,8.68886],[106.55596,8.68843]]],[[[106.55579,8.69011],[106.55529,8.69043],[106.55543,8.68999],[106.55579,8.69011]]],[[[106.57937,8.64836],[106.57609,8.64592],[106.61361,8.63967],[106.61175,8.6522],[106.59823,8.66919],[106.6017,8.67614],[106.62217,8.69028],[106.62589,8.68706],[106.63321,8.70033],[106.64251,8.69809],[106.65094,8.69115],[106.66,8.69313],[106.65975,8.69623],[106.64462,8.70802],[106.64226,8.7234],[106.64549,8.73183],[106.66012,8.72997],[106.66645,8.73853],[106.65491,8.74858],[106.65702,8.75255],[106.6626,8.74684],[106.67042,8.75131],[106.66471,8.76098],[106.65591,8.76098],[106.65132,8.75503],[106.63718,8.75242],[106.63569,8.74833],[106.6239,8.74349],[106.62403,8.73605],[106.61919,8.73146],[106.61324,8.73543],[106.6012,8.72588],[106.59339,8.72538],[106.58967,8.70715],[106.58471,8.70343],[106.58012,8.70727],[106.57454,8.69251],[106.56734,8.69214],[106.56015,8.6811],[106.56747,8.66312],[106.56585,8.65915],[106.57937,8.64836]]],[[[106.55151,8.71067],[106.53799,8.71033],[106.53658,8.70619],[106.54626,8.70385],[106.55151,8.71067]]],[[[106.58528,8.73575],[106.58822,8.73504],[106.58999,8.73648],[106.58793,8.73785],[106.58528,8.73575]]],[[[106.58998,8.73793],[106.58997,8.73763],[106.59035,8.73751],[106.58998,8.73793]]],[[[106.58791,8.73887],[106.58829,8.73939],[106.5879,8.7395],[106.58791,8.73887]]],[[[106.6047,10.65799],[106.62501,10.64734],[106.62119,10.64099],[106.62967,10.64226],[106.62955,10.62705],[106.63474,10.62555],[106.64102,10.62666],[106.64619,10.63424],[106.65274,10.63223],[106.65636,10.64362],[106.66088,10.64206],[106.66027,10.63987],[106.66974,10.63933],[106.6846,10.65025],[106.68611,10.65647],[106.69144,10.6485],[106.70056,10.65398],[106.72241,10.64572],[106.73071,10.63541],[106.73334,10.62875],[106.72911,10.62815],[106.72844,10.62435],[106.73203,10.62295],[106.72754,10.61593],[106.73279,10.60986],[106.72863,10.60873],[106.72394,10.61199],[106.71886,10.60591],[106.72198,10.59965],[106.72027,10.59601],[106.72858,10.58005],[106.73278,10.58022],[106.73701,10.58633],[106.73951,10.58287],[106.73503,10.57766],[106.74139,10.57908],[106.74569,10.5756],[106.74181,10.56375],[106.74836,10.5252],[106.74325,10.48766],[106.76287,10.4511],[106.78075,10.42977],[106.80536,10.40781],[106.80781,10.39585],[106.83493,10.39607],[106.85087,10.40499],[106.87358,10.4085],[106.88141,10.38861],[106.87498,10.37799],[106.89825,10.3772],[106.91175,10.38263],[106.91683,10.38139],[106.93478,10.39423],[106.97099,10.40712],[106.97463,10.41587],[106.9649,10.4164],[106.93805,10.43604],[106.93237,10.44639],[106.93466,10.462],[106.93104,10.46673],[106.94538,10.47243],[106.96619,10.46365],[106.97183,10.48131],[106.9771,10.48579],[106.97499,10.48852],[106.97395,10.49147],[106.97465,10.49832],[106.98446,10.49891],[106.98489,10.49137],[106.99146,10.49898],[107.0017,10.49898],[107.00774,10.49326],[107.01761,10.49324],[107.02213,10.48288],[107.01944,10.47432],[107.0252,10.46939],[107.02471,10.46623],[107.02642,10.46848],[107.02598,10.47535],[107.04385,10.46724],[107.04218,10.46579],[107.05636,10.44641],[107.07337,10.44242],[107.0811,10.43364],[107.08398,10.43621],[107.0904,10.43372],[107.11373,10.4362],[107.11737,10.41144],[107.10868,10.40848],[107.10277,10.39399],[107.09245,10.38782],[107.0808,10.39198],[107.07885,10.38751],[107.07765,10.39248],[107.07226,10.38639],[107.07705,10.38304],[107.06822,10.38101],[107.06051,10.38718],[107.05542,10.38125],[107.05552,10.37386],[107.06257,10.3674],[107.06001,10.35711],[107.07348,10.3459],[107.07153,10.33468],[107.08073,10.32744],[107.08368,10.32029],[107.09418,10.34027],[107.11093,10.36077],[107.13254,10.37679],[107.15406,10.38697],[107.1658,10.40183],[107.17849,10.40003],[107.20006,10.40569],[107.21571,10.40479],[107.2166,10.40404],[107.216,10.40316],[107.24143,10.37792],[107.24801,10.38101],[107.25626,10.38014],[107.29671,10.42642],[107.33041,10.452],[107.33434,10.45274],[107.33414,10.44942],[107.37018,10.46794],[107.41336,10.46604],[107.4359,10.47033],[107.44222,10.46767],[107.46927,10.49776],[107.48409,10.49657],[107.49778,10.50097],[107.51251,10.50092],[107.54188,10.53967],[107.54762,10.54446],[107.54824,10.54256],[107.56327,10.56437],[107.57029,10.56808],[107.56772,10.58556],[107.57193,10.6002],[107.56593,10.60538],[107.56344,10.61522],[107.5676,10.61585],[107.56823,10.61902],[107.55059,10.65141],[107.54457,10.67201],[107.53823,10.67856],[107.54648,10.69466],[107.54338,10.69842],[107.54425,10.70602],[107.53505,10.72135],[107.52812,10.72392],[107.52589,10.73161],[107.51573,10.7351],[107.5121,10.74317],[107.50615,10.74592],[107.50786,10.75647],[107.50182,10.76122],[107.50487,10.7714],[107.49583,10.76744],[107.48505,10.76836],[107.47182,10.79375],[107.45754,10.7913],[107.45374,10.803],[107.44556,10.80491],[107.43822,10.80017],[107.43071,10.78821],[107.42624,10.78777],[107.41909,10.77104],[107.41055,10.77492],[107.40079,10.76903],[107.39734,10.76308],[107.39391,10.76275],[107.39155,10.75549],[107.38924,10.75667],[107.38306,10.75116],[107.37984,10.74116],[107.37095,10.73432],[107.37159,10.73159],[107.3683,10.73324],[107.36107,10.72819],[107.35635,10.71292],[107.34939,10.70652],[107.35285,10.69706],[107.35221,10.67853],[107.34416,10.67542],[107.33173,10.67739],[107.31789,10.66872],[107.2998,10.68383],[107.30775,10.69413],[107.29987,10.70396],[107.30542,10.7131],[107.30089,10.71902],[107.30298,10.72832],[107.30534,10.72848],[107.30174,10.7454],[107.30413,10.74932],[107.29949,10.75043],[107.30048,10.75498],[107.24406,10.7562],[107.24429,10.75972],[107.23128,10.76422],[107.22143,10.75704],[107.20653,10.75801],[107.20525,10.77483],[107.18229,10.76823],[107.16961,10.7538],[107.15431,10.74413],[107.13841,10.74496],[107.1391,10.73253],[107.14665,10.73023],[107.14363,10.72966],[107.14373,10.72416],[107.13904,10.7277],[107.13975,10.70959],[107.13384,10.68512],[107.12507,10.68245],[107.12133,10.67316],[107.10186,10.66327],[107.09652,10.65196],[107.04458,10.65743],[107.0134,10.64366],[107.01587,10.63213],[107.00683,10.63765],[106.99965,10.63462],[106.99665,10.6248],[107.00764,10.61329],[107.00682,10.61018],[106.99054,10.605],[106.99056,10.60035],[106.98589,10.59612],[106.98713,10.58872],[106.9837,10.57911],[106.97443,10.58246],[106.96058,10.59352],[106.94115,10.59681],[106.92767,10.60317],[106.92142,10.60964],[106.91149,10.60806],[106.90382,10.62398],[106.8853,10.63993],[106.88249,10.64773],[106.87266,10.64775],[106.86007,10.63665],[106.85138,10.63967],[106.84396,10.63838],[106.83628,10.6272],[106.82272,10.62997],[106.81456,10.63955],[106.80706,10.65715],[106.7732,10.67678],[106.75787,10.69288],[106.75284,10.70219],[106.75178,10.71667],[106.76996,10.74456],[106.80094,10.76014],[106.80615,10.77072],[106.81678,10.78002],[106.82207,10.78056],[106.82541,10.77718],[106.8247,10.75971],[106.8458,10.77492],[106.85449,10.77374],[106.86385,10.76491],[106.86916,10.76606],[106.87159,10.77571],[106.86531,10.78866],[106.87958,10.80231],[106.88169,10.81247],[106.8569,10.84209],[106.84918,10.85737],[106.84669,10.86554],[106.85121,10.87588],[106.84368,10.8844],[106.83891,10.90336],[106.83225,10.90683],[106.81639,10.90294],[106.80963,10.91978],[106.79442,10.92369],[106.78815,10.92215],[106.79139,10.9309],[106.78405,10.9326],[106.782,10.93826],[106.77912,10.93686],[106.77069,10.94287],[106.7711,10.95145],[106.76267,10.95327],[106.76515,10.95855],[106.76206,10.96326],[106.7713,10.96528],[106.77551,10.95933],[106.79628,10.97236],[106.78193,10.98699],[106.77458,11.00534],[106.78521,11.01804],[106.79555,11.0239],[106.80901,11.02629],[106.81248,11.03053],[106.8106,11.04332],[106.79903,11.05421],[106.80162,11.05929],[106.82765,11.06452],[106.83995,11.03978],[106.85819,11.03267],[106.87339,11.01986],[106.8951,11.02781],[106.90808,11.02232],[106.9127,11.04127],[106.92284,11.04714],[106.92253,11.05618],[106.93337,11.06484],[106.94156,11.05687],[106.94809,11.06016],[106.95252,11.07167],[106.94514,11.07752],[106.94697,11.08937],[106.95283,11.09755],[106.95937,11.1003],[106.9578,11.10712],[106.96581,11.10965],[106.95339,11.12893],[106.95707,11.13521],[106.95402,11.14061],[106.96532,11.14275],[106.96587,11.14777],[106.95576,11.15288],[106.95326,11.16378],[106.94115,11.16787],[106.94596,11.17621],[106.94007,11.17849],[106.93333,11.18902],[106.92353,11.18681],[106.92005,11.19283],[106.90616,11.19301],[106.90722,11.20273],[106.90125,11.20896],[106.9148,11.21415],[106.91804,11.21987],[106.91324,11.23146],[106.91838,11.23534],[106.9117,11.23577],[106.91063,11.24123],[106.91759,11.24273],[106.9186,11.24038],[106.91908,11.24267],[106.93149,11.24476],[106.92634,11.24743],[106.92711,11.26072],[106.92368,11.26414],[106.92792,11.26481],[106.92447,11.27093],[106.93307,11.27866],[106.93319,11.28746],[106.93617,11.28697],[106.9415,11.29332],[106.93735,11.29645],[106.93993,11.29745],[106.93768,11.31235],[106.94141,11.31241],[106.95266,11.32473],[106.95097,11.33811],[106.94405,11.34812],[106.945,11.35422],[106.94015,11.35637],[106.92046,11.35215],[106.91598,11.35611],[106.90806,11.35333],[106.90218,11.34137],[106.88435,11.33971],[106.87252,11.32739],[106.86987,11.32094],[106.87513,11.30736],[106.86508,11.3108],[106.86633,11.31475],[106.85713,11.31441],[106.85544,11.32925],[106.86331,11.34],[106.86148,11.3444],[106.85672,11.34593],[106.86052,11.34924],[106.85591,11.35281],[106.85439,11.36077],[106.85852,11.36139],[106.85674,11.37489],[106.84115,11.37505],[106.83428,11.38052],[106.82673,11.38062],[106.82503,11.3841],[106.81806,11.37719],[106.81171,11.37579],[106.80025,11.38257],[106.79362,11.37947],[106.79358,11.38294],[106.78937,11.3829],[106.78844,11.38591],[106.789,11.40117],[106.76946,11.40416],[106.77046,11.42656],[106.78444,11.42854],[106.78849,11.43213],[106.80496,11.45006],[106.8087,11.46105],[106.80045,11.48716],[106.79704,11.49114],[106.79088,11.49185],[106.77477,11.48264],[106.75383,11.47645],[106.74987,11.46758],[106.75587,11.4497],[106.74147,11.44046],[106.74133,11.43351],[106.7265,11.43188],[106.72615,11.42374],[106.72032,11.42298],[106.71867,11.41444],[106.70918,11.40589],[106.70921,11.3996],[106.70425,11.39621],[106.69701,11.40298],[106.68639,11.39548],[106.67332,11.40121],[106.67904,11.38503],[106.67569,11.38222],[106.67895,11.37545],[106.67384,11.35437],[106.66536,11.35407],[106.6517,11.35993],[106.63277,11.35879],[106.61724,11.36253],[106.61323,11.38742],[106.5991,11.38634],[106.59206,11.38074],[106.57607,11.37853],[106.56607,11.3709],[106.55757,11.37087],[106.53907,11.38786],[106.54459,11.39323],[106.54797,11.40329],[106.54784,11.41217],[106.54164,11.42657],[106.54874,11.43635],[106.55903,11.43958],[106.56546,11.44533],[106.57323,11.45636],[106.5602,11.47207],[106.55635,11.48484],[106.5482,11.47072],[106.53996,11.46787],[106.52457,11.48004],[106.51423,11.48242],[106.48906,11.49963],[106.47672,11.49562],[106.43455,11.50104],[106.42316,11.49564],[106.41962,11.48404],[106.41363,11.47907],[106.4171,11.4764],[106.41099,11.47543],[106.41314,11.4714],[106.41009,11.46821],[106.40355,11.4676],[106.4058,11.46264],[106.39447,11.46107],[106.39249,11.45659],[106.38773,11.45941],[106.38261,11.45304],[106.37109,11.45211],[106.37317,11.44971],[106.36598,11.44247],[106.36594,11.43818],[106.36866,11.43845],[106.36465,11.42982],[106.36536,11.42326],[106.35905,11.41707],[106.3616,11.40999],[106.36037,11.39769],[106.35055,11.38688],[106.35098,11.37581],[106.34816,11.37706],[106.34575,11.37398],[106.34701,11.36593],[106.34186,11.363],[106.33394,11.36388],[106.33833,11.3599],[106.32643,11.34383],[106.33887,11.33301],[106.33992,11.32809],[106.34391,11.32818],[106.34581,11.32301],[106.33558,11.29501],[106.34008,11.2918],[106.33857,11.29718],[106.34411,11.29534],[106.34085,11.29339],[106.34078,11.28574],[106.34364,11.28282],[106.34682,11.28941],[106.35262,11.28562],[106.3551,11.28808],[106.35036,11.26299],[106.36425,11.26094],[106.35114,11.24876],[106.36133,11.23816],[106.37112,11.24473],[106.37861,11.22902],[106.38358,11.22836],[106.37981,11.21832],[106.38919,11.21239],[106.38361,11.1939],[106.38751,11.18585],[106.3995,11.18153],[106.40415,11.1834],[106.40504,11.18805],[106.41036,11.18324],[106.41059,11.17214],[106.41613,11.17436],[106.42555,11.17045],[106.43135,11.17357],[106.43685,11.15788],[106.42989,11.1487],[106.43672,11.14045],[106.44776,11.136],[106.44841,11.1308],[106.44249,11.1159],[106.43739,11.1116],[106.43082,11.09206],[106.42595,11.09162],[106.42735,11.07404],[106.42571,11.06656],[106.42017,11.06335],[106.42224,11.05914],[106.42033,11.05202],[106.42472,11.04734],[106.42006,11.03616],[106.4138,11.0326],[106.40893,11.0225],[106.40902,11.01481],[106.4128,11.00889],[106.39134,10.99968],[106.36695,10.99873],[106.35669,10.99157],[106.37302,10.96967],[106.41175,10.97365],[106.4537,10.94176],[106.53187,10.90238],[106.50454,10.7889],[106.46365,10.75654],[106.48696,10.72984],[106.50178,10.72643],[106.50938,10.71707],[106.52019,10.72366],[106.53021,10.71732],[106.5272,10.7091],[106.53386,10.68812],[106.53567,10.68553],[106.55041,10.68562],[106.55356,10.66852],[106.54892,10.65746],[106.55587,10.65695],[106.55787,10.64855],[106.55902,10.65188],[106.5653,10.6523],[106.56624,10.65645],[106.5735,10.65418],[106.57542,10.6491],[106.57911,10.6498],[106.57971,10.65612],[106.59042,10.65311],[106.59174,10.65008],[106.59571,10.6511],[106.59522,10.65377],[106.60065,10.65071],[106.6047,10.65799]]],[[[106.63518,8.63696],[106.62984,8.63936],[106.627,8.63601],[106.62922,8.63279],[106.63518,8.63696]]],[[[106.63572,8.63711],[106.63618,8.63632],[106.63681,8.63667],[106.63572,8.63711]]],[[[106.62298,8.63903],[106.62239,8.63967],[106.6224,8.63828],[106.62298,8.63903]]],[[[106.67503,8.65174],[106.67382,8.65051],[106.6754,8.64971],[106.67503,8.65174]]],[[[106.67113,8.68152],[106.66412,8.68211],[106.66,8.6773],[106.6711,8.65929],[106.67696,8.65597],[106.68198,8.66763],[106.69547,8.6605],[106.71076,8.66729],[106.70428,8.66961],[106.70276,8.6769],[106.69675,8.67975],[106.69259,8.6702],[106.68614,8.67516],[106.6818,8.67048],[106.67113,8.68152]]],[[[106.73987,8.6988],[106.73332,8.68845],[106.73987,8.68617],[106.74045,8.68261],[106.74352,8.68829],[106.73987,8.6988]]],[[[106.96408,10.4189],[106.96496,10.4186],[106.96479,10.41915],[106.96408,10.4189]]],[[[106.97079,10.45383],[106.97136,10.45522],[106.97059,10.45458],[106.97079,10.45383]]],[[[107.02556,10.46329],[107.02549,10.46269],[107.0258,10.46276],[107.02556,10.46329]]],[[[107.02582,10.46405],[107.02534,10.46359],[107.02593,10.46376],[107.02582,10.46405]]],[[[106.97772,10.47399],[106.97336,10.47105],[106.97395,10.46808],[106.97323,10.47075],[106.97185,10.46914],[106.97379,10.45994],[106.97641,10.46105],[106.97772,10.47399]]],[[[107.02028,10.47761],[107.02018,10.47829],[107.01975,10.47827],[107.02028,10.47761]]],[[[107.0194,10.47913],[107.01963,10.47964],[107.01933,10.47954],[107.0194,10.47913]]],[[[106.98658,10.48304],[106.98487,10.48539],[106.98321,10.48011],[106.98658,10.48304]]],[[[107.01462,10.49251],[107.00558,10.48941],[107.01619,10.48299],[107.01462,10.49251]]],[[[106.9756,10.48975],[106.97534,10.49051],[106.97509,10.48982],[106.9756,10.48975]]],[[[107.08876,10.32375],[107.08891,10.32347],[107.08957,10.32393],[107.08876,10.32375]]],[[[107.09738,10.40235],[107.09494,10.39625],[107.09582,10.39456],[107.09838,10.39727],[107.09738,10.40235]]],[[[107.16932,10.39728],[107.1693,10.39939],[107.16849,10.39996],[107.16897,10.39927],[107.16932,10.39728]]],[[[107.0991,10.40605],[107.09853,10.40598],[107.09872,10.40483],[107.0991,10.40605]]],[[[107.10323,10.40954],[107.10407,10.41285],[107.0999,10.41024],[107.10323,10.40954]]],[[[107.08426,10.43214],[107.08544,10.43463],[107.08044,10.433],[107.08426,10.43214]]],[[[107.07666,10.43454],[107.07635,10.43449],[107.07657,10.43425],[107.07666,10.43454]]],[[[107.07094,10.4358],[107.07493,10.43278],[107.07978,10.43336],[107.07094,10.4358]]],[[[107.0678,10.44341],[107.06391,10.44186],[107.07728,10.43482],[107.0678,10.44341]]]]}},{"type":"Feature","properties":{"id":"32","ma_tinh":"08","ten_tinh":"Tuyên Quang","sap_nhap":"Tuyên Quang, Hà Giang","quy_mo":"124 đơn vị (7 phường, 117 xã)","tru_so":"Số 160 Trần Hưng Đạo, Minh Xuân, Tuyên Quang","loai":"Tỉnh","cap":1,"stt":8,"dtich_km2":13795.52,"dan_so":1858056,"matdo_km2":134.69,"NAME_1":"Tuyên Quang","GID_1":"08"},"geometry":{"type":"Polygon","coordinates":[[[104.84683,22.18509],[104.85228,22.17167],[104.85555,22.17026],[104.85405,22.15716],[104.86233,22.14761],[104.85936,22.12598],[104.86502,22.11217],[104.86476,22.09649],[104.87177,22.09137],[104.87392,22.07952],[104.88213,22.0721],[104.89464,22.07197],[104.90261,22.06381],[104.91251,22.06529],[104.91816,22.05879],[104.92802,22.06187],[104.93485,22.0587],[104.94158,22.05201],[104.94033,22.04451],[104.94614,22.03584],[104.95478,22.03574],[104.96232,22.02878],[104.9678,22.03131],[104.97254,22.04068],[104.99049,22.04539],[104.99801,22.04263],[104.9922,22.02049],[104.99634,22.01447],[104.98966,22.00196],[104.99065,21.99383],[104.99735,21.99226],[104.99961,21.98791],[104.99279,21.97202],[104.99517,21.96423],[104.99364,21.95234],[104.98744,21.94376],[104.98644,21.9363],[104.98928,21.93147],[104.99681,21.92867],[105.00938,21.93743],[105.01931,21.93548],[105.01804,21.92838],[105.02279,21.92444],[105.0221,21.91748],[105.01447,21.90763],[105.01432,21.89813],[105.02418,21.89197],[105.03708,21.89134],[105.04253,21.88296],[105.04093,21.87378],[105.04435,21.86527],[105.0519,21.8586],[105.0585,21.85813],[105.06259,21.84689],[105.07517,21.83208],[105.08903,21.82799],[105.10003,21.81317],[105.08862,21.80732],[105.08076,21.78733],[105.07171,21.78197],[105.07237,21.77807],[105.08157,21.77137],[105.07808,21.76165],[105.07389,21.75757],[105.06997,21.75955],[105.07207,21.75442],[105.06922,21.75142],[105.0565,21.74757],[105.07659,21.73541],[105.07383,21.72817],[105.07675,21.72236],[105.08298,21.72391],[105.08646,21.71844],[105.10186,21.71748],[105.109,21.70616],[105.12459,21.70433],[105.13399,21.69649],[105.15027,21.69969],[105.15102,21.69189],[105.15671,21.68739],[105.15604,21.68044],[105.16438,21.68864],[105.17762,21.68721],[105.18192,21.67958],[105.19281,21.6764],[105.19241,21.67113],[105.20833,21.66087],[105.21539,21.66246],[105.22195,21.65875],[105.23541,21.65879],[105.23768,21.64418],[105.22442,21.63099],[105.22496,21.62837],[105.23289,21.61752],[105.24705,21.61598],[105.25054,21.61057],[105.25147,21.60286],[105.24415,21.59778],[105.24853,21.58454],[105.26086,21.56995],[105.27411,21.56069],[105.2678,21.54588],[105.2872,21.5416],[105.29507,21.53637],[105.2974,21.53208],[105.29578,21.51656],[105.30154,21.5086],[105.31763,21.51336],[105.32894,21.50512],[105.33882,21.50415],[105.33688,21.50887],[105.34352,21.51901],[105.35862,21.51897],[105.37127,21.52517],[105.38674,21.51978],[105.39001,21.51171],[105.41228,21.51284],[105.41872,21.50777],[105.42327,21.49758],[105.42925,21.50557],[105.43955,21.51033],[105.45579,21.51123],[105.45835,21.51895],[105.46624,21.51655],[105.47357,21.52395],[105.48217,21.51805],[105.48783,21.5178],[105.49183,21.5203],[105.49282,21.52851],[105.49707,21.52509],[105.50507,21.52756],[105.51145,21.53678],[105.51789,21.53355],[105.52193,21.5352],[105.5298,21.55675],[105.5424,21.57398],[105.53656,21.58172],[105.52665,21.58215],[105.51891,21.59691],[105.49648,21.61827],[105.50125,21.63061],[105.49777,21.6387],[105.49048,21.64342],[105.47934,21.67435],[105.48725,21.68102],[105.48784,21.69001],[105.47722,21.69779],[105.49026,21.70319],[105.49346,21.7153],[105.50044,21.71759],[105.49928,21.72313],[105.50365,21.72934],[105.51563,21.73572],[105.51624,21.73952],[105.50899,21.7503],[105.51782,21.75538],[105.52491,21.76496],[105.52514,21.76898],[105.51664,21.77425],[105.5007,21.7706],[105.49362,21.77538],[105.49751,21.79291],[105.49286,21.80458],[105.49343,21.82807],[105.49738,21.8326],[105.50651,21.83313],[105.51653,21.82669],[105.52812,21.83533],[105.52904,21.85272],[105.51825,21.8771],[105.52486,21.88799],[105.54204,21.89041],[105.54701,21.89569],[105.54489,21.9041],[105.5528,21.90841],[105.55424,21.91453],[105.55016,21.92368],[105.55235,21.94313],[105.54943,21.94778],[105.55567,21.95748],[105.55254,21.96277],[105.53345,21.9667],[105.52318,21.98304],[105.51641,21.98725],[105.5123,21.9844],[105.51116,21.99041],[105.50511,21.99226],[105.50532,22.00836],[105.4938,22.01185],[105.49318,22.02424],[105.48871,22.03176],[105.48901,22.04456],[105.47383,22.05986],[105.47322,22.06365],[105.47652,22.06537],[105.4627,22.07439],[105.46945,22.08126],[105.46819,22.08994],[105.47356,22.09626],[105.47021,22.10321],[105.465,22.10381],[105.46269,22.11513],[105.46907,22.12496],[105.47524,22.12653],[105.47374,22.13699],[105.48432,22.14766],[105.49377,22.15069],[105.49346,22.15771],[105.47829,22.1633],[105.47005,22.16017],[105.46224,22.16919],[105.46113,22.17754],[105.46424,22.18123],[105.46039,22.1854],[105.46081,22.19],[105.45574,22.18701],[105.45159,22.18956],[105.43083,22.21424],[105.4347,22.2171],[105.43576,22.2283],[105.44127,22.23166],[105.4398,22.23763],[105.43604,22.23962],[105.43862,22.24435],[105.43676,22.2605],[105.45054,22.26454],[105.45456,22.26892],[105.464,22.2647],[105.47321,22.27308],[105.46052,22.28423],[105.49145,22.29342],[105.47898,22.3035],[105.47872,22.3093],[105.48297,22.31723],[105.49782,22.3204],[105.49753,22.33853],[105.51416,22.34883],[105.51305,22.35629],[105.51724,22.36732],[105.51341,22.37699],[105.51961,22.38788],[105.51835,22.40083],[105.52207,22.40434],[105.53273,22.40404],[105.53509,22.40775],[105.55453,22.40221],[105.5599,22.40234],[105.56508,22.40747],[105.57077,22.41924],[105.56006,22.40989],[105.55281,22.41187],[105.55026,22.42055],[105.55517,22.42843],[105.5484,22.43781],[105.55689,22.4395],[105.55558,22.44568],[105.55949,22.4513],[105.5595,22.46242],[105.58034,22.47902],[105.5796,22.48806],[105.59823,22.48894],[105.59399,22.49473],[105.59607,22.50381],[105.59067,22.50766],[105.59915,22.52231],[105.59499,22.5258],[105.59586,22.53171],[105.58568,22.55235],[105.57397,22.56149],[105.56339,22.55998],[105.55883,22.57296],[105.55157,22.57582],[105.5464,22.58856],[105.54705,22.59405],[105.55204,22.5991],[105.54616,22.60118],[105.52903,22.61914],[105.53121,22.63329],[105.51394,22.63656],[105.50275,22.6496],[105.50476,22.6514],[105.49761,22.65525],[105.49494,22.66558],[105.48998,22.66969],[105.49439,22.6908],[105.50374,22.69477],[105.49189,22.70714],[105.48194,22.70948],[105.47531,22.71888],[105.47865,22.73794],[105.46867,22.74955],[105.47044,22.75517],[105.44938,22.75951],[105.44462,22.77152],[105.4291,22.77735],[105.4246,22.77617],[105.42147,22.78067],[105.42351,22.78481],[105.41435,22.78629],[105.40863,22.79272],[105.39617,22.79677],[105.38726,22.80993],[105.36831,22.81281],[105.36476,22.82441],[105.357,22.82252],[105.34547,22.8253],[105.34199,22.82973],[105.32779,22.83282],[105.32493,22.84371],[105.31169,22.85105],[105.30811,22.84953],[105.30068,22.85575],[105.28046,22.85583],[105.27309,22.86423],[105.26572,22.86555],[105.26763,22.88138],[105.28188,22.87714],[105.30357,22.87643],[105.30743,22.91217],[105.32281,22.91603],[105.33263,22.9283],[105.33266,22.93422],[105.34577,22.9333],[105.36194,22.93961],[105.36443,22.952],[105.36164,22.96026],[105.36479,22.96693],[105.3602,22.9722],[105.36107,22.97956],[105.37459,22.99025],[105.41211,22.99507],[105.41854,23.00215],[105.42836,22.99917],[105.44159,23.0039],[105.44896,22.9991],[105.4691,23.00784],[105.48762,23.00899],[105.49741,23.03892],[105.50407,23.04272],[105.50856,23.05223],[105.50841,23.06068],[105.52062,23.07585],[105.51764,23.0837],[105.5286,23.10838],[105.53182,23.11144],[105.54043,23.109],[105.5513,23.11066],[105.55792,23.1181],[105.56466,23.11933],[105.55959,23.12859],[105.56544,23.13319],[105.56356,23.14345],[105.572,23.14889],[105.5741,23.16038],[105.56068,23.16862],[105.55322,23.18749],[105.5429,23.19405],[105.52671,23.18871],[105.51744,23.19638],[105.49851,23.20269],[105.49808,23.20976],[105.49147,23.22088],[105.49296,23.23223],[105.4871,23.23414],[105.48338,23.24303],[105.47273,23.25153],[105.46197,23.26886],[105.45076,23.27777],[105.44149,23.29952],[105.43013,23.30291],[105.42628,23.29641],[105.42875,23.29062],[105.42142,23.28506],[105.41648,23.28543],[105.40245,23.29536],[105.38622,23.31407],[105.383,23.31086],[105.37109,23.31887],[105.35134,23.34531],[105.34969,23.36689],[105.33048,23.38353],[105.32486,23.39229],[105.30787,23.38187],[105.30233,23.37115],[105.29278,23.36049],[105.28769,23.35896],[105.2831,23.34197],[105.27423,23.3394],[105.26662,23.3428],[105.25648,23.34254],[105.24901,23.33286],[105.25572,23.32551],[105.25794,23.31535],[105.24957,23.30955],[105.25078,23.30143],[105.24587,23.29249],[105.23407,23.28845],[105.23443,23.28271],[105.24225,23.27707],[105.23835,23.27643],[105.23728,23.26486],[105.23387,23.26137],[105.22672,23.26042],[105.22619,23.26686],[105.22098,23.27081],[105.21036,23.26708],[105.20785,23.27219],[105.19911,23.27365],[105.19926,23.27838],[105.19547,23.2814],[105.18257,23.27723],[105.18045,23.2867],[105.17174,23.28921],[105.17127,23.28364],[105.16756,23.28296],[105.16774,23.27908],[105.15761,23.27166],[105.15511,23.26599],[105.14114,23.26214],[105.13496,23.25613],[105.12482,23.25715],[105.12462,23.25327],[105.11134,23.24618],[105.09834,23.24799],[105.10186,23.25709],[105.09156,23.26403],[105.08024,23.2665],[105.07,23.25776],[105.05912,23.25451],[105.05698,23.24773],[105.05068,23.24755],[105.04127,23.23336],[105.03539,23.23227],[105.02463,23.21892],[105.00465,23.21719],[104.99956,23.21384],[104.99742,23.20302],[104.98711,23.20082],[104.97942,23.20562],[104.96249,23.20009],[104.95681,23.19233],[104.95568,23.17998],[104.94715,23.17045],[104.95148,23.16322],[104.94714,23.15113],[104.93251,23.15755],[104.92786,23.15676],[104.92415,23.16043],[104.92719,23.16514],[104.92243,23.16663],[104.9223,23.17027],[104.91598,23.16935],[104.91618,23.17679],[104.9084,23.18059],[104.89622,23.17942],[104.88102,23.16389],[104.88321,23.15631],[104.8796,23.15012],[104.88214,23.14473],[104.87775,23.13714],[104.87882,23.12858],[104.87561,23.1256],[104.86222,23.12398],[104.86029,23.1291],[104.85696,23.12882],[104.85433,23.12305],[104.84447,23.1177],[104.8394,23.1193],[104.83935,23.11136],[104.83569,23.11616],[104.8308,23.11559],[104.82573,23.10763],[104.82077,23.11793],[104.80165,23.11642],[104.80665,23.08405],[104.80899,23.08011],[104.81541,23.07961],[104.81715,23.07469],[104.81182,23.0705],[104.81551,23.06593],[104.81356,23.05821],[104.82051,23.05524],[104.81997,23.03764],[104.8281,23.02633],[104.83029,23.01605],[104.82923,22.99866],[104.83669,22.99744],[104.83915,22.99157],[104.83592,22.9869],[104.84458,22.98508],[104.8477,22.97875],[104.86069,22.97863],[104.86067,22.9683],[104.86573,22.96137],[104.86435,22.94541],[104.84973,22.93734],[104.83943,22.92114],[104.82958,22.92483],[104.81999,22.9235],[104.81028,22.91964],[104.80875,22.91497],[104.79573,22.91064],[104.79161,22.90543],[104.77738,22.90517],[104.77045,22.89499],[104.77045,22.88986],[104.76472,22.88525],[104.76413,22.87234],[104.7566,22.85897],[104.73556,22.8582],[104.7245,22.84978],[104.73296,22.84055],[104.7358,22.83039],[104.73229,22.82314],[104.72439,22.8201],[104.70284,22.82665],[104.67247,22.81783],[104.65653,22.83389],[104.63048,22.83596],[104.62325,22.84723],[104.61756,22.83536],[104.62422,22.83059],[104.62106,22.82221],[104.61666,22.82517],[104.61369,22.81644],[104.61042,22.81987],[104.59957,22.81637],[104.59797,22.82382],[104.60531,22.8287],[104.59852,22.84666],[104.59003,22.85262],[104.57741,22.85356],[104.57005,22.84417],[104.54685,22.84028],[104.54736,22.83644],[104.55464,22.83539],[104.54239,22.82603],[104.53772,22.82742],[104.52859,22.81874],[104.51368,22.78978],[104.49844,22.78636],[104.49688,22.77875],[104.49136,22.77786],[104.47032,22.75765],[104.42367,22.73802],[104.40835,22.72563],[104.40328,22.71371],[104.4056,22.71209],[104.40096,22.70868],[104.39926,22.70195],[104.38555,22.70348],[104.37732,22.69133],[104.36982,22.68855],[104.36465,22.69252],[104.35281,22.69242],[104.34175,22.71186],[104.3411,22.70366],[104.33531,22.69674],[104.33446,22.69014],[104.35961,22.67338],[104.40206,22.68113],[104.40638,22.65621],[104.41571,22.64426],[104.40722,22.6285],[104.41441,22.62762],[104.42248,22.63101],[104.42905,22.64431],[104.43483,22.64397],[104.43322,22.62928],[104.43601,22.62817],[104.43336,22.62546],[104.43294,22.61215],[104.43855,22.61101],[104.44273,22.60448],[104.45933,22.60551],[104.46379,22.59818],[104.46273,22.58523],[104.46661,22.57411],[104.45265,22.57172],[104.45045,22.57552],[104.4327,22.57585],[104.42425,22.57219],[104.42117,22.55723],[104.42345,22.54912],[104.41482,22.53069],[104.42206,22.52445],[104.43893,22.51979],[104.44475,22.5132],[104.44509,22.50387],[104.45253,22.49602],[104.47115,22.4882],[104.47244,22.48283],[104.44855,22.45891],[104.44924,22.44942],[104.46702,22.42415],[104.49052,22.41983],[104.49038,22.41316],[104.49739,22.40469],[104.50768,22.40543],[104.52505,22.39166],[104.55207,22.38153],[104.54968,22.3783],[104.55375,22.37193],[104.5467,22.36088],[104.55303,22.35388],[104.56801,22.35574],[104.57986,22.34976],[104.58114,22.34586],[104.57309,22.34246],[104.56427,22.33043],[104.57284,22.32571],[104.57348,22.31958],[104.57863,22.31568],[104.57892,22.30317],[104.56924,22.29712],[104.56054,22.28398],[104.55262,22.28383],[104.54435,22.27737],[104.5515,22.24192],[104.57282,22.24357],[104.57815,22.25155],[104.58592,22.25147],[104.58568,22.26395],[104.60922,22.29268],[104.61728,22.28656],[104.62875,22.28722],[104.64185,22.27635],[104.65023,22.28054],[104.66077,22.2731],[104.67005,22.27677],[104.67661,22.26457],[104.6842,22.26184],[104.70445,22.26406],[104.70613,22.261],[104.71455,22.26178],[104.72183,22.25782],[104.72329,22.24612],[104.72777,22.24557],[104.7289,22.23826],[104.73342,22.23318],[104.72896,22.23325],[104.72934,22.22488],[104.71991,22.21531],[104.72399,22.19868],[104.73413,22.1976],[104.74147,22.18532],[104.75508,22.18557],[104.75804,22.18045],[104.75404,22.17769],[104.76325,22.16767],[104.76507,22.17156],[104.77683,22.17555],[104.7797,22.17074],[104.78933,22.17455],[104.79981,22.17],[104.80644,22.17159],[104.81825,22.17877],[104.8171,22.18581],[104.83001,22.17753],[104.84683,22.18509]]]}},{"type":"Feature","properties":{"id":"33","ma_tinh":"86","ten_tinh":"Vĩnh Long","sap_nhap":"Vĩnh Long, Bến Tre, Trà Vinh","quy_mo":"124 đơn vị (19 phường, 105 xã)","tru_so":"Số 88 Võ Văn Kiệt, Long Châu, Vĩnh Long","loai":"Tỉnh","cap":1,"stt":30,"dtich_km2":6243.18,"dan_so":4257581,"matdo_km2":681.96,"NAME_1":"Vĩnh Long","GID_1":"86"},"geometry":{"type":"MultiPolygon","coordinates":[[[[106.04688,9.80691],[106.07138,9.77614],[106.11018,9.75199],[106.1713,9.68722],[106.24804,9.61615],[106.29817,9.58847],[106.3072,9.59641],[106.33886,9.57597],[106.36027,9.55421],[106.36699,9.5504],[106.36978,9.55398],[106.36805,9.53441],[106.3712,9.53308],[106.36751,9.53248],[106.36752,9.5284],[106.38082,9.5287],[106.40554,9.53608],[106.4101,9.53416],[106.40787,9.5294],[106.41253,9.5273],[106.42434,9.52808],[106.47639,9.54521],[106.51811,9.56964],[106.53296,9.58405],[106.56199,9.62399],[106.58107,9.67086],[106.57759,9.69385],[106.5694,9.69594],[106.56731,9.73811],[106.5539,9.75103],[106.54231,9.75093],[106.52103,9.76607],[106.51747,9.77689],[106.52322,9.79603],[106.52236,9.80599],[106.49907,9.82449],[106.52093,9.83334],[106.52752,9.82886],[106.53689,9.83056],[106.54333,9.83623],[106.54481,9.84896],[106.56001,9.85598],[106.57952,9.83682],[106.59874,9.81077],[106.60208,9.81022],[106.60222,9.80667],[106.60525,9.80698],[106.61103,9.79373],[106.62091,9.79466],[106.63407,9.80991],[106.64505,9.81669],[106.66472,9.84139],[106.68484,9.88202],[106.67702,9.89828],[106.67134,9.90223],[106.66218,9.92614],[106.62678,9.94874],[106.62678,9.97432],[106.63675,9.97189],[106.64221,9.97369],[106.65643,9.9839],[106.66164,9.99143],[106.67309,9.99702],[106.68854,10.01663],[106.68981,10.02434],[106.68675,10.03166],[106.72791,10.0399],[106.73739,10.04444],[106.74674,10.05388],[106.77557,10.08689],[106.79061,10.10971],[106.78994,10.11874],[106.78651,10.1198],[106.78361,10.1278],[106.78854,10.15123],[106.77374,10.17035],[106.75178,10.17943],[106.75178,10.19168],[106.70251,10.21672],[106.64316,10.23992],[106.599,10.24898],[106.53303,10.26777],[106.51863,10.28189],[106.50178,10.28907],[106.47546,10.30671],[106.44832,10.30651],[106.40541,10.33228],[106.38267,10.33964],[106.36368,10.33869],[106.30559,10.31919],[106.2991,10.31957],[106.28933,10.32622],[106.27722,10.32756],[106.24908,10.32038],[106.21361,10.31658],[106.13996,10.28252],[106.10401,10.28361],[106.08829,10.27634],[106.07879,10.27736],[106.03903,10.29668],[105.9933,10.32977],[105.98309,10.33097],[105.97449,10.3264],[105.92611,10.28337],[105.90144,10.27422],[105.89421,10.27585],[105.87741,10.26418],[105.88223,10.25676],[105.88461,10.25789],[105.88405,10.25365],[105.89023,10.24423],[105.90193,10.24495],[105.90119,10.23451],[105.91224,10.2266],[105.91952,10.21096],[105.91316,10.19239],[105.8994,10.19165],[105.89512,10.18557],[105.88912,10.18881],[105.87613,10.18914],[105.87733,10.18227],[105.87019,10.16869],[105.87427,10.16629],[105.87055,10.15443],[105.8516,10.16015],[105.84881,10.14996],[105.81872,10.14952],[105.81549,10.15276],[105.80121,10.15552],[105.77492,10.18889],[105.76563,10.17892],[105.75916,10.18258],[105.74784,10.19738],[105.72784,10.20507],[105.68164,10.13482],[105.70968,10.11747],[105.73446,10.09686],[105.74904,10.09203],[105.7651,10.07835],[105.78435,10.06746],[105.81349,10.03023],[105.82046,10.01202],[105.85348,9.97235],[105.89675,9.93804],[105.9059,9.93299],[105.91993,9.93088],[105.95954,9.90289],[105.99441,9.86802],[106.00543,9.84621],[106.02381,9.82504],[106.04688,9.80691]]],[[[106.53413,9.78394],[106.54505,9.78807],[106.5436,9.80071],[106.53982,9.80452],[106.52753,9.80727],[106.52777,9.7888],[106.53413,9.78394]]]]}}]}